timestamp,name,visitors,avgDuration,locationId,lat,lon,war_fehlend
2025-06-30 01:00:00+00:00,Alicestraße 2,3.5,10.19,415.0,50.36497,8.73816,False
2025-06-30 02:00:00+00:00,Alicestraße 2,3.0,14.51,415.0,50.36497,8.73816,False
2025-06-30 03:00:00+00:00,Alicestraße 2,1.0,1.33,415.0,50.36497,8.73816,False
2025-06-30 04:00:00+00:00,Alicestraße 2,11.0,12.66,415.0,50.36497,8.73816,False
2025-06-30 05:00:00+00:00,Alicestraße 2,44.0,8.57,415.0,50.36497,8.73816,False
2025-06-30 06:00:00+00:00,Alicestraße 2,59.0,14.56,415.0,50.36497,8.73816,False
2025-06-30 07:00:00+00:00,Alicestraße 2,85.0,9.370000000000001,415.0,50.36497,8.73816,False
2025-06-30 08:00:00+00:00,Alicestraße 2,79.0,12.530000000000001,415.0,50.36497,8.73816,True
2025-06-30 09:00:00+00:00,Alicestraße 2,73.0,15.69,415.0,50.36497,8.73816,False
2025-06-30 10:00:00+00:00,Alicestraße 2,84.5,9.684999999999999,415.0,50.36497,8.73816,False
2025-06-30 11:00:00+00:00,Alicestraße 2,77.0,11.67,415.0,50.36497,8.73816,False
2025-06-30 12:00:00+00:00,Alicestraße 2,70.0,9.9,415.0,50.36497,8.73816,False
2025-06-30 13:00:00+00:00,Alicestraße 2,66.0,12.56,415.0,50.36497,8.73816,False
2025-06-30 14:00:00+00:00,Alicestraße 2,93.5,12.185,415.0,50.36497,8.73816,False
2025-06-30 15:00:00+00:00,Alicestraße 2,83.0,9.059999999999999,415.0,50.36497,8.73816,False
2025-06-30 16:00:00+00:00,Alicestraße 2,41.5,7.9399999999999995,415.0,50.36497,8.73816,False
2025-06-30 17:00:00+00:00,Alicestraße 2,21.5,7.640000000000001,415.0,50.36497,8.73816,False
2025-06-30 18:00:00+00:00,Alicestraße 2,23.0,9.785,415.0,50.36497,8.73816,False
2025-06-30 19:00:00+00:00,Alicestraße 2,8.0,6.470000000000001,415.0,50.36497,8.73816,False
2025-06-30 20:00:00+00:00,Alicestraße 2,4.0,3.2350000000000003,415.0,50.36497,8.73816,True
2025-06-30 21:00:00+00:00,Alicestraße 2,0.0,0.0,415.0,50.36497,8.73816,False
2025-06-30 22:00:00+00:00,Alicestraße 2,11.0,16.7,415.0,50.36497,8.73816,False
2025-06-30 23:00:00+00:00,Alicestraße 2,2.0,1.2,415.0,50.36497,8.73816,False
2025-07-01 00:00:00+00:00,Alicestraße 2,1.0,0.5,415.0,50.36497,8.73816,False
2025-07-01 01:00:00+00:00,Alicestraße 2,2.0,0.58,415.0,50.36497,8.73816,False
2025-07-01 02:00:00+00:00,Alicestraße 2,4.0,11.565,415.0,50.36497,8.73816,False
2025-07-01 03:00:00+00:00,Alicestraße 2,9.0,6.39,415.0,50.36497,8.73816,False
2025-07-01 04:00:00+00:00,Alicestraße 2,11.0,6.33,415.0,50.36497,8.73816,False
2025-07-01 05:00:00+00:00,Alicestraße 2,35.0,9.23,415.0,50.36497,8.73816,False
2025-07-01 06:00:00+00:00,Alicestraße 2,82.0,12.445,415.0,50.36497,8.73816,False
2025-07-01 07:00:00+00:00,Alicestraße 2,107.0,15.364999999999998,415.0,50.36497,8.73816,False
2025-07-01 08:00:00+00:00,Alicestraße 2,93.0,15.33,415.0,50.36497,8.73816,False
2025-07-01 09:00:00+00:00,Alicestraße 2,26.0,8.3,415.0,50.36497,8.73816,False
2025-07-01 10:00:00+00:00,Alicestraße 2,61.0,6.22,415.0,50.36497,8.73816,False
2025-07-01 11:00:00+00:00,Alicestraße 2,46.5,20.240000000000002,415.0,50.36497,8.73816,False
2025-07-01 12:00:00+00:00,Alicestraße 2,46.5,8.995000000000001,415.0,50.36497,8.73816,False
2025-07-01 13:00:00+00:00,Alicestraße 2,47.5,13.895,415.0,50.36497,8.73816,False
2025-07-01 14:00:00+00:00,Alicestraße 2,36.0,12.31,415.0,50.36497,8.73816,False
2025-07-01 15:00:00+00:00,Alicestraße 2,74.0,13.365,415.0,50.36497,8.73816,False
2025-07-01 16:00:00+00:00,Alicestraße 2,47.0,12.21,415.0,50.36497,8.73816,False
2025-07-01 17:00:00+00:00,Alicestraße 2,23.0,13.09,415.0,50.36497,8.73816,False
2025-07-01 18:00:00+00:00,Alicestraße 2,20.0,8.97,415.0,50.36497,8.73816,False
2025-07-01 19:00:00+00:00,Alicestraße 2,4.5,11.155000000000001,415.0,50.36497,8.73816,False
2025-07-01 20:00:00+00:00,Alicestraße 2,2.5,15.3,415.0,50.36497,8.73816,False
2025-07-01 21:00:00+00:00,Alicestraße 2,1.0,3.67,415.0,50.36497,8.73816,False
2025-07-01 22:00:00+00:00,Alicestraße 2,11.0,26.79,415.0,50.36497,8.73816,False
2025-07-01 23:00:00+00:00,Alicestraße 2,3.0,7.1,415.0,50.36497,8.73816,False
2025-07-02 00:00:00+00:00,Alicestraße 2,1.0,1.72,415.0,50.36497,8.73816,False
2025-07-02 01:00:00+00:00,Alicestraße 2,2.0,3.98,415.0,50.36497,8.73816,False
2025-07-02 02:00:00+00:00,Alicestraße 2,4.0,16.08,415.0,50.36497,8.73816,False
2025-07-02 03:00:00+00:00,Alicestraße 2,2.5,10.525,415.0,50.36497,8.73816,False
2025-07-02 04:00:00+00:00,Alicestraße 2,19.0,5.295,415.0,50.36497,8.73816,False
2025-07-02 05:00:00+00:00,Alicestraße 2,29.0,6.86,415.0,50.36497,8.73816,False
2025-07-02 06:00:00+00:00,Alicestraße 2,62.0,12.545,415.0,50.36497,8.73816,False
2025-07-02 07:00:00+00:00,Alicestraße 2,14.0,14.385,415.0,50.36497,8.73816,False
2025-07-02 08:00:00+00:00,Alicestraße 2,40.0,11.3,415.0,50.36497,8.73816,False
2025-07-02 09:00:00+00:00,Alicestraße 2,25.0,9.399999999999999,415.0,50.36497,8.73816,False
2025-07-02 10:00:00+00:00,Alicestraße 2,15.5,10.055,415.0,50.36497,8.73816,False
2025-07-02 11:00:00+00:00,Alicestraße 2,18.5,12.82,415.0,50.36497,8.73816,False
2025-07-02 12:00:00+00:00,Alicestraße 2,13.0,5.395,415.0,50.36497,8.73816,False
2025-07-02 13:00:00+00:00,Alicestraße 2,12.0,10.600000000000001,415.0,50.36497,8.73816,False
2025-07-02 14:00:00+00:00,Alicestraße 2,16.0,7.49,415.0,50.36497,8.73816,False
2025-07-02 15:00:00+00:00,Alicestraße 2,55.0,9.99,415.0,50.36497,8.73816,False
2025-07-02 16:00:00+00:00,Alicestraße 2,29.0,11.03,415.0,50.36497,8.73816,False
2025-07-02 17:00:00+00:00,Alicestraße 2,25.5,6.92,415.0,50.36497,8.73816,False
2025-07-02 18:00:00+00:00,Alicestraße 2,21.5,8.28,415.0,50.36497,8.73816,False
2025-07-02 19:00:00+00:00,Alicestraße 2,10.5,5.74,415.0,50.36497,8.73816,False
2025-07-02 20:00:00+00:00,Alicestraße 2,8.0,29.86,415.0,50.36497,8.73816,True
2025-07-02 21:00:00+00:00,Alicestraße 2,5.5,53.980000000000004,415.0,50.36497,8.73816,True
2025-07-02 22:00:00+00:00,Alicestraße 2,3.0,78.1,415.0,50.36497,8.73816,False
2025-07-02 23:00:00+00:00,Alicestraße 2,1.5,39.05,415.0,50.36497,8.73816,True
2025-07-03 00:00:00+00:00,Alicestraße 2,0.0,0.0,415.0,50.36497,8.73816,False
2025-07-03 01:00:00+00:00,Alicestraße 2,4.0,4.11,415.0,50.36497,8.73816,False
2025-07-03 02:00:00+00:00,Alicestraße 2,5.0,39.144999999999996,415.0,50.36497,8.73816,False
2025-07-03 03:00:00+00:00,Alicestraße 2,7.0,2.42,415.0,50.36497,8.73816,False
2025-07-03 04:00:00+00:00,Alicestraße 2,15.0,5.640000000000001,415.0,50.36497,8.73816,False
2025-07-03 05:00:00+00:00,Alicestraße 2,37.0,12.655,415.0,50.36497,8.73816,False
2025-07-03 06:00:00+00:00,Alicestraße 2,64.0,18.560000000000002,415.0,50.36497,8.73816,False
2025-07-03 07:00:00+00:00,Alicestraße 2,69.5,9.385,415.0,50.36497,8.73816,False
2025-07-03 08:00:00+00:00,Alicestraße 2,102.0,8.395,415.0,50.36497,8.73816,False
2025-07-03 09:00:00+00:00,Alicestraße 2,98.0,14.07,415.0,50.36497,8.73816,False
2025-07-03 10:00:00+00:00,Alicestraße 2,96.5,16.44,415.0,50.36497,8.73816,False
2025-07-03 11:00:00+00:00,Alicestraße 2,98.5,14.235,415.0,50.36497,8.73816,False
2025-07-03 12:00:00+00:00,Alicestraße 2,88.0,13.145,415.0,50.36497,8.73816,False
2025-07-03 13:00:00+00:00,Alicestraße 2,106.0,16.04,415.0,50.36497,8.73816,False
2025-07-03 14:00:00+00:00,Alicestraße 2,111.5,14.18,415.0,50.36497,8.73816,False
2025-07-03 15:00:00+00:00,Alicestraße 2,101.0,9.67,415.0,50.36497,8.73816,False
2025-07-03 16:00:00+00:00,Alicestraße 2,70.0,11.34,415.0,50.36497,8.73816,False
2025-07-03 17:00:00+00:00,Alicestraße 2,30.0,6.59,415.0,50.36497,8.73816,False
2025-07-03 18:00:00+00:00,Alicestraße 2,21.0,3.79,415.0,50.36497,8.73816,False
2025-07-03 19:00:00+00:00,Alicestraße 2,20.0,5.95,415.0,50.36497,8.73816,False
2025-07-03 20:00:00+00:00,Alicestraße 2,4.0,1.46,415.0,50.36497,8.73816,False
2025-07-03 21:00:00+00:00,Alicestraße 2,2.0,0.39,415.0,50.36497,8.73816,False
2025-07-03 22:00:00+00:00,Alicestraße 2,10.0,16.6,415.0,50.36497,8.73816,False
2025-07-03 23:00:00+00:00,Alicestraße 2,3.0,19.009999999999998,415.0,50.36497,8.73816,False
2025-07-04 00:00:00+00:00,Alicestraße 2,2.0,64.08,415.0,50.36497,8.73816,False
2025-07-04 01:00:00+00:00,Alicestraße 2,1.0,25.6,415.0,50.36497,8.73816,False
2025-07-04 02:00:00+00:00,Alicestraße 2,4.0,12.81,415.0,50.36497,8.73816,False
2025-07-04 03:00:00+00:00,Alicestraße 2,4.0,1.78,415.0,50.36497,8.73816,False
2025-07-04 04:00:00+00:00,Alicestraße 2,19.0,24.104999999999997,415.0,50.36497,8.73816,False
2025-07-04 05:00:00+00:00,Alicestraße 2,41.5,13.239999999999998,415.0,50.36497,8.73816,False
2025-07-04 06:00:00+00:00,Alicestraße 2,68.5,17.54,415.0,50.36497,8.73816,False
2025-07-04 07:00:00+00:00,Alicestraße 2,87.0,11.5,415.0,50.36497,8.73816,False
2025-07-04 08:00:00+00:00,Alicestraße 2,142.5,11.98,415.0,50.36497,8.73816,False
2025-07-04 09:00:00+00:00,Alicestraße 2,150.5,13.75,415.0,50.36497,8.73816,False
2025-07-04 10:00:00+00:00,Alicestraße 2,125.0,12.315,415.0,50.36497,8.73816,False
2025-07-04 11:00:00+00:00,Alicestraße 2,143.5,14.58,415.0,50.36497,8.73816,False
2025-07-04 12:00:00+00:00,Alicestraße 2,116.0,9.79,415.0,50.36497,8.73816,False
2025-07-04 13:00:00+00:00,Alicestraße 2,90.0,5.47,415.0,50.36497,8.73816,False
2025-07-04 14:00:00+00:00,Alicestraße 2,58.0,14.165,415.0,50.36497,8.73816,False
2025-07-04 15:00:00+00:00,Alicestraße 2,161.0,13.17,415.0,50.36497,8.73816,False
2025-07-04 16:00:00+00:00,Alicestraße 2,111.0,14.98,415.0,50.36497,8.73816,False
2025-07-04 17:00:00+00:00,Alicestraße 2,71.5,9.870000000000001,415.0,50.36497,8.73816,False
2025-07-04 18:00:00+00:00,Alicestraße 2,23.0,10.33,415.0,50.36497,8.73816,False
2025-07-04 19:00:00+00:00,Alicestraße 2,17.0,12.87,415.0,50.36497,8.73816,False
2025-07-04 20:00:00+00:00,Alicestraße 2,18.0,9.06,415.0,50.36497,8.73816,False
2025-07-04 21:00:00+00:00,Alicestraße 2,4.0,2.42,415.0,50.36497,8.73816,False
2025-07-04 22:00:00+00:00,Alicestraße 2,12.0,35.94,415.0,50.36497,8.73816,False
2025-07-04 23:00:00+00:00,Alicestraße 2,3.0,1.71,415.0,50.36497,8.73816,False
2025-07-05 00:00:00+00:00,Alicestraße 2,2.0,4.27,415.0,50.36497,8.73816,False
2025-07-05 01:00:00+00:00,Alicestraße 2,4.0,2.02,415.0,50.36497,8.73816,False
2025-07-05 02:00:00+00:00,Alicestraße 2,2.0,1.01,415.0,50.36497,8.73816,True
2025-07-05 03:00:00+00:00,Alicestraße 2,0.0,0.0,415.0,50.36497,8.73816,False
2025-07-05 04:00:00+00:00,Alicestraße 2,8.0,18.265,415.0,50.36497,8.73816,False
2025-07-05 05:00:00+00:00,Alicestraße 2,16.0,8.515,415.0,50.36497,8.73816,False
2025-07-05 06:00:00+00:00,Alicestraße 2,44.0,7.7,415.0,50.36497,8.73816,False
2025-07-05 07:00:00+00:00,Alicestraße 2,22.0,3.85,415.0,50.36497,8.73816,True
2025-07-05 08:00:00+00:00,Alicestraße 2,0.0,0.0,415.0,50.36497,8.73816,False
2025-07-05 09:00:00+00:00,Alicestraße 2,136.5,12.77,415.0,50.36497,8.73816,False
2025-07-05 10:00:00+00:00,Alicestraße 2,271.5,15.434999999999999,415.0,50.36497,8.73816,False
2025-07-05 11:00:00+00:00,Alicestraße 2,230.0,16.105,415.0,50.36497,8.73816,False
2025-07-05 12:00:00+00:00,Alicestraße 2,239.0,14.785,415.0,50.36497,8.73816,False
2025-07-05 13:00:00+00:00,Alicestraße 2,132.0,10.19,415.0,50.36497,8.73816,False
2025-07-05 14:00:00+00:00,Alicestraße 2,106.33333333333333,9.626666666666667,415.0,50.36497,8.73816,True
2025-07-05 15:00:00+00:00,Alicestraße 2,80.66666666666666,9.063333333333333,415.0,50.36497,8.73816,True
2025-07-05 16:00:00+00:00,Alicestraße 2,55.0,8.5,415.0,50.36497,8.73816,False
2025-07-05 17:00:00+00:00,Alicestraße 2,40.0,8.03,415.0,50.36497,8.73816,False
2025-07-05 18:00:00+00:00,Alicestraße 2,15.0,14.57,415.0,50.36497,8.73816,False
2025-07-05 19:00:00+00:00,Alicestraße 2,10.5,12.145,415.0,50.36497,8.73816,True
2025-07-05 20:00:00+00:00,Alicestraße 2,6.0,9.72,415.0,50.36497,8.73816,False
2025-07-05 21:00:00+00:00,Alicestraße 2,2.0,11.22,415.0,50.36497,8.73816,False
2025-07-05 22:00:00+00:00,Alicestraße 2,3.5,7.525,415.0,50.36497,8.73816,True
2025-07-05 23:00:00+00:00,Alicestraße 2,5.0,3.83,415.0,50.36497,8.73816,False
2025-07-06 00:00:00+00:00,Alicestraße 2,3.0,4.08,415.0,50.36497,8.73816,False
2025-07-06 01:00:00+00:00,Alicestraße 2,3.0,2.67,415.0,50.36497,8.73816,False
2025-07-06 02:00:00+00:00,Alicestraße 2,1.5,1.335,415.0,50.36497,8.73816,True
2025-07-06 03:00:00+00:00,Alicestraße 2,0.0,0.0,415.0,50.36497,8.73816,False
2025-07-06 04:00:00+00:00,Alicestraße 2,5.0,6.82,415.0,50.36497,8.73816,False
2025-07-06 05:00:00+00:00,Alicestraße 2,12.0,21.41,415.0,50.36497,8.73816,False
2025-07-06 06:00:00+00:00,Alicestraße 2,33.5,11.885,415.0,50.36497,8.73816,False
2025-07-06 07:00:00+00:00,Alicestraße 2,33.0,19.1,415.0,50.36497,8.73816,False
2025-07-06 08:00:00+00:00,Alicestraße 2,82.0,16.64,415.0,50.36497,8.73816,False
2025-07-06 09:00:00+00:00,Alicestraße 2,190.5,11.535,415.0,50.36497,8.73816,False
2025-07-06 10:00:00+00:00,Alicestraße 2,146.5,14.585,415.0,50.36497,8.73816,False
2025-07-06 11:00:00+00:00,Alicestraße 2,163.0,10.84,415.0,50.36497,8.73816,False
2025-07-06 12:00:00+00:00,Alicestraße 2,200.0,18.13,415.0,50.36497,8.73816,False
2025-07-06 13:00:00+00:00,Alicestraße 2,202.0,14.87,415.0,50.36497,8.73816,False
2025-07-06 14:00:00+00:00,Alicestraße 2,135.0,12.03,415.0,50.36497,8.73816,False
2025-07-06 15:00:00+00:00,Alicestraße 2,60.5,7.465,415.0,50.36497,8.73816,False
2025-07-06 16:00:00+00:00,Alicestraße 2,36.0,6.39,415.0,50.36497,8.73816,False
2025-07-06 17:00:00+00:00,Alicestraße 2,19.0,7.27,415.0,50.36497,8.73816,False
2025-07-06 18:00:00+00:00,Alicestraße 2,11.0,3.13,415.0,50.36497,8.73816,False
2025-07-06 19:00:00+00:00,Alicestraße 2,4.0,3.17,415.0,50.36497,8.73816,False
2025-07-06 20:00:00+00:00,Alicestraße 2,4.0,0.7,415.0,50.36497,8.73816,False
2025-07-06 21:00:00+00:00,Alicestraße 2,0.0,0.0,415.0,50.36497,8.73816,False
2025-07-06 22:00:00+00:00,Alicestraße 2,,,415.0,50.36497,8.73816,True
2025-07-06 23:00:00+00:00,Alicestraße 2,,,415.0,50.36497,8.73816,True
2025-07-07 00:00:00+00:00,Alicestraße 2,,,415.0,50.36497,8.73816,True
2025-07-07 01:00:00+00:00,Alicestraße 2,1.0,32.33,415.0,50.36497,8.73816,False
2025-07-07 02:00:00+00:00,Alicestraße 2,4.0,4.67,415.0,50.36497,8.73816,False
2025-07-07 03:00:00+00:00,Alicestraße 2,4.0,31.71,415.0,50.36497,8.73816,False
2025-07-07 04:00:00+00:00,Alicestraße 2,16.0,5.26,415.0,50.36497,8.73816,False
2025-07-07 05:00:00+00:00,Alicestraße 2,29.0,9.25,415.0,50.36497,8.73816,False
2025-07-07 06:00:00+00:00,Alicestraße 2,57.5,11.615,415.0,50.36497,8.73816,False
2025-07-07 07:00:00+00:00,Alicestraße 2,48.0,11.53,415.0,50.36497,8.73816,False
2025-07-07 08:00:00+00:00,Alicestraße 2,81.0,12.57,415.0,50.36497,8.73816,False
2025-07-07 09:00:00+00:00,Alicestraße 2,54.5,10.185,415.0,50.36497,8.73816,False
2025-07-07 10:00:00+00:00,Alicestraße 2,64.5,7.779999999999999,415.0,50.36497,8.73816,False
2025-07-07 11:00:00+00:00,Alicestraße 2,49.25,9.23,415.0,50.36497,8.73816,True
2025-07-07 12:00:00+00:00,Alicestraße 2,34.0,10.68,415.0,50.36497,8.73816,False
2025-07-07 13:00:00+00:00,Alicestraße 2,51.0,7.96,415.0,50.36497,8.73816,False
2025-07-07 14:00:00+00:00,Alicestraße 2,60.0,11.870000000000001,415.0,50.36497,8.73816,False
2025-07-07 15:00:00+00:00,Alicestraße 2,83.0,8.44,415.0,50.36497,8.73816,False
2025-07-07 16:00:00+00:00,Alicestraße 2,55.0,3.84,415.0,50.36497,8.73816,False
2025-07-07 17:00:00+00:00,Alicestraße 2,15.0,8.11,415.0,50.36497,8.73816,False
2025-07-07 18:00:00+00:00,Alicestraße 2,11.0,2.1,415.0,50.36497,8.73816,False
2025-07-07 19:00:00+00:00,Alicestraße 2,4.0,7.04,415.0,50.36497,8.73816,False
2025-07-07 20:00:00+00:00,Alicestraße 2,3.0,0.67,415.0,50.36497,8.73816,False
2025-07-07 21:00:00+00:00,Alicestraße 2,1.0,0.25,415.0,50.36497,8.73816,False
2025-07-07 22:00:00+00:00,Alicestraße 2,6.0,32.78,415.0,50.36497,8.73816,False
2025-07-07 23:00:00+00:00,Alicestraße 2,3.5,14.225,415.0,50.36497,8.73816,False
2025-07-08 00:00:00+00:00,Alicestraße 2,2.0,10.345,415.0,50.36497,8.73816,False
2025-07-08 01:00:00+00:00,Alicestraße 2,2.0,0.55,415.0,50.36497,8.73816,False
2025-07-08 02:00:00+00:00,Alicestraße 2,6.0,6.16,415.0,50.36497,8.73816,False
2025-07-08 03:00:00+00:00,Alicestraße 2,6.0,8.16,415.0,50.36497,8.73816,False
2025-07-08 04:00:00+00:00,Alicestraße 2,18.5,10.41,415.0,50.36497,8.73816,True
2025-07-08 05:00:00+00:00,Alicestraße 2,31.0,12.66,415.0,50.36497,8.73816,False
2025-07-08 06:00:00+00:00,Alicestraße 2,58.0,18.16,415.0,50.36497,8.73816,False
2025-07-08 07:00:00+00:00,Alicestraße 2,48.5,8.18,415.0,50.36497,8.73816,False
2025-07-08 08:00:00+00:00,Alicestraße 2,52.25,10.535,415.0,50.36497,8.73816,True
2025-07-08 09:00:00+00:00,Alicestraße 2,56.0,12.89,415.0,50.36497,8.73816,False
2025-07-08 10:00:00+00:00,Alicestraße 2,132.0,15.969999999999999,415.0,50.36497,8.73816,False
2025-07-08 11:00:00+00:00,Alicestraße 2,152.5,16.32,415.0,50.36497,8.73816,False
2025-07-08 12:00:00+00:00,Alicestraße 2,151.0,15.69,415.0,50.36497,8.73816,False
2025-07-08 13:00:00+00:00,Alicestraße 2,208.0,12.12,415.0,50.36497,8.73816,False
2025-07-08 14:00:00+00:00,Alicestraße 2,,,415.0,50.36497,8.73816,True
2025-07-08 15:00:00+00:00,Alicestraße 2,,,415.0,50.36497,8.73816,True
2025-07-08 16:00:00+00:00,Alicestraße 2,,,415.0,50.36497,8.73816,True
2025-07-08 17:00:00+00:00,Alicestraße 2,,,415.0,50.36497,8.73816,True
2025-07-08 18:00:00+00:00,Alicestraße 2,,,415.0,50.36497,8.73816,True
2025-07-08 19:00:00+00:00,Alicestraße 2,,,415.0,50.36497,8.73816,True
2025-07-08 20:00:00+00:00,Alicestraße 2,,,415.0,50.36497,8.73816,True
2025-07-08 21:00:00+00:00,Alicestraße 2,,,415.0,50.36497,8.73816,True
2025-07-08 22:00:00+00:00,Alicestraße 2,,,415.0,50.36497,8.73816,True
2025-07-08 23:00:00+00:00,Alicestraße 2,,,415.0,50.36497,8.73816,True
2025-07-09 00:00:00+00:00,Alicestraße 2,,,415.0,50.36497,8.73816,True
2025-07-09 01:00:00+00:00,Alicestraße 2,,,415.0,50.36497,8.73816,True
2025-07-09 02:00:00+00:00,Alicestraße 2,,,415.0,50.36497,8.73816,True
2025-07-09 03:00:00+00:00,Alicestraße 2,,,415.0,50.36497,8.73816,True
2025-07-09 04:00:00+00:00,Alicestraße 2,,,415.0,50.36497,8.73816,True
2025-07-09 05:00:00+00:00,Alicestraße 2,,,415.0,50.36497,8.73816,True
2025-07-09 06:00:00+00:00,Alicestraße 2,,,415.0,50.36497,8.73816,True
2025-07-09 07:00:00+00:00,Alicestraße 2,68.5,14.8,415.0,50.36497,8.73816,False
2025-07-09 08:00:00+00:00,Alicestraße 2,94.0,13.18,415.0,50.36497,8.73816,False
2025-07-09 09:00:00+00:00,Alicestraße 2,131.0,13.6,415.0,50.36497,8.73816,False
2025-07-09 10:00:00+00:00,Alicestraße 2,136.5,14.15,415.0,50.36497,8.73816,False
2025-07-09 11:00:00+00:00,Alicestraße 2,136.0,14.35,415.0,50.36497,8.73816,True
2025-07-09 12:00:00+00:00,Alicestraße 2,135.5,14.55,415.0,50.36497,8.73816,True
2025-07-09 13:00:00+00:00,Alicestraße 2,135.0,14.75,415.0,50.36497,8.73816,False
2025-07-09 14:00:00+00:00,Alicestraße 2,127.0,15.5,415.0,50.36497,8.73816,False
2025-07-09 15:00:00+00:00,Alicestraße 2,117.0,11.07,415.0,50.36497,8.73816,False
2025-07-09 16:00:00+00:00,Alicestraße 2,70.5,11.045,415.0,50.36497,8.73816,False
2025-07-09 17:00:00+00:00,Alicestraße 2,27.0,8.44,415.0,50.36497,8.73816,False
2025-07-09 18:00:00+00:00,Alicestraße 2,19.0,5.7,415.0,50.36497,8.73816,False
2025-07-09 19:00:00+00:00,Alicestraße 2,11.0,3.33,415.0,50.36497,8.73816,False
2025-07-09 20:00:00+00:00,Alicestraße 2,6.5,6.09,415.0,50.36497,8.73816,False
2025-07-09 21:00:00+00:00,Alicestraße 2,1.0,2.675,415.0,50.36497,8.73816,False
2025-07-09 22:00:00+00:00,Alicestraße 2,,,415.0,50.36497,8.73816,True
2025-07-09 23:00:00+00:00,Alicestraße 2,,,415.0,50.36497,8.73816,True
2025-07-10 00:00:00+00:00,Alicestraße 2,,,415.0,50.36497,8.73816,True
2025-07-10 01:00:00+00:00,Alicestraße 2,,,415.0,50.36497,8.73816,True
2025-07-10 02:00:00+00:00,Alicestraße 2,,,415.0,50.36497,8.73816,True
2025-07-10 03:00:00+00:00,Alicestraße 2,,,415.0,50.36497,8.73816,True
2025-07-10 04:00:00+00:00,Alicestraße 2,,,415.0,50.36497,8.73816,True
2025-07-10 05:00:00+00:00,Alicestraße 2,,,415.0,50.36497,8.73816,True
2025-07-10 06:00:00+00:00,Alicestraße 2,,,415.0,50.36497,8.73816,True
2025-07-10 07:00:00+00:00,Alicestraße 2,87.5,13.975000000000001,415.0,50.36497,8.73816,False
2025-07-10 08:00:00+00:00,Alicestraße 2,106.0,14.059999999999999,415.0,50.36497,8.73816,False
2025-07-10 09:00:00+00:00,Alicestraße 2,95.5,12.5,415.0,50.36497,8.73816,False
2025-07-10 10:00:00+00:00,Alicestraße 2,135.0,12.65,415.0,50.36497,8.73816,False
2025-07-10 11:00:00+00:00,Alicestraße 2,112.0,11.684999999999999,415.0,50.36497,8.73816,False
2025-07-10 12:00:00+00:00,Alicestraße 2,95.5,9.145,415.0,50.36497,8.73816,False
2025-07-10 13:00:00+00:00,Alicestraße 2,135.0,13.96,415.0,50.36497,8.73816,False
2025-07-10 14:00:00+00:00,Alicestraße 2,131.5,15.3,415.0,50.36497,8.73816,False
2025-07-10 15:00:00+00:00,Alicestraße 2,130.0,15.86,415.0,50.36497,8.73816,False
2025-07-10 16:00:00+00:00,Alicestraße 2,61.0,12.45,415.0,50.36497,8.73816,False
2025-07-10 17:00:00+00:00,Alicestraße 2,22.0,5.63,415.0,50.36497,8.73816,False
2025-07-10 18:00:00+00:00,Alicestraße 2,16.0,10.67,415.0,50.36497,8.73816,False
2025-07-10 19:00:00+00:00,Alicestraße 2,14.0,2.52,415.0,50.36497,8.73816,False
2025-07-10 20:00:00+00:00,Alicestraße 2,10.0,10.83,415.0,50.36497,8.73816,False
2025-07-10 21:00:00+00:00,Alicestraße 2,3.0,3.23,415.0,50.36497,8.73816,False
2025-07-10 22:00:00+00:00,Alicestraße 2,3.5,5.07,415.0,50.36497,8.73816,True
2025-07-10 23:00:00+00:00,Alicestraße 2,4.0,6.91,415.0,50.36497,8.73816,False
2025-07-11 00:00:00+00:00,Alicestraße 2,3.0,16.98,415.0,50.36497,8.73816,False
2025-07-11 01:00:00+00:00,Alicestraße 2,1.0,0.97,415.0,50.36497,8.73816,False
2025-07-11 02:00:00+00:00,Alicestraße 2,5.0,2.78,415.0,50.36497,8.73816,False
2025-07-11 03:00:00+00:00,Alicestraße 2,4.0,3.63,415.0,50.36497,8.73816,False
2025-07-11 04:00:00+00:00,Alicestraße 2,27.0,23.045,415.0,50.36497,8.73816,False
2025-07-11 05:00:00+00:00,Alicestraße 2,16.5,19.299999999999997,415.0,50.36497,8.73816,False
2025-07-11 06:00:00+00:00,Alicestraße 2,88.0,13.1,415.0,50.36497,8.73816,False
2025-07-11 07:00:00+00:00,Alicestraße 2,,,415.0,50.36497,8.73816,True
2025-07-11 08:00:00+00:00,Alicestraße 2,,,415.0,50.36497,8.73816,True
2025-07-11 09:00:00+00:00,Alicestraße 2,,,415.0,50.36497,8.73816,True
2025-07-11 10:00:00+00:00,Alicestraße 2,,,415.0,50.36497,8.73816,True
2025-07-11 11:00:00+00:00,Alicestraße 2,,,415.0,50.36497,8.73816,True
2025-07-11 12:00:00+00:00,Alicestraße 2,,,415.0,50.36497,8.73816,True
2025-07-11 13:00:00+00:00,Alicestraße 2,,,415.0,50.36497,8.73816,True
2025-07-11 14:00:00+00:00,Alicestraße 2,,,415.0,50.36497,8.73816,True
2025-07-11 15:00:00+00:00,Alicestraße 2,,,415.0,50.36497,8.73816,True
2025-07-11 16:00:00+00:00,Alicestraße 2,,,415.0,50.36497,8.73816,True
2025-07-11 17:00:00+00:00,Alicestraße 2,54.0,7.42,415.0,50.36497,8.73816,False
2025-07-11 18:00:00+00:00,Alicestraße 2,44.666666666666664,6.475,415.0,50.36497,8.73816,True
2025-07-11 19:00:00+00:00,Alicestraße 2,35.33333333333333,5.53,415.0,50.36497,8.73816,True
2025-07-11 20:00:00+00:00,Alicestraße 2,26.0,4.585,415.0,50.36497,8.73816,False
2025-07-11 21:00:00+00:00,Alicestraße 2,18.333333333333332,3.723333333333333,415.0,50.36497,8.73816,True
2025-07-11 22:00:00+00:00,Alicestraße 2,10.666666666666666,2.8616666666666664,415.0,50.36497,8.73816,True
2025-07-11 23:00:00+00:00,Alicestraße 2,3.0,2.0,415.0,50.36497,8.73816,False
2025-07-12 00:00:00+00:00,Alicestraße 2,,,415.0,50.36497,8.73816,True
2025-07-12 01:00:00+00:00,Alicestraße 2,,,415.0,50.36497,8.73816,True
2025-07-12 02:00:00+00:00,Alicestraße 2,,,415.0,50.36497,8.73816,True
2025-07-12 03:00:00+00:00,Alicestraße 2,,,415.0,50.36497,8.73816,True
2025-07-12 04:00:00+00:00,Alicestraße 2,,,415.0,50.36497,8.73816,True
2025-07-12 05:00:00+00:00,Alicestraße 2,,,415.0,50.36497,8.73816,True
2025-07-12 06:00:00+00:00,Alicestraße 2,34.0,4.88,415.0,50.36497,8.73816,False
2025-07-12 07:00:00+00:00,Alicestraße 2,81.0,16.2,415.0,50.36497,8.73816,False
2025-07-12 08:00:00+00:00,Alicestraße 2,108.5,15.455,415.0,50.36497,8.73816,True
2025-07-12 09:00:00+00:00,Alicestraße 2,136.0,14.709999999999999,415.0,50.36497,8.73816,True
2025-07-12 10:00:00+00:00,Alicestraße 2,163.5,13.965,415.0,50.36497,8.73816,False
2025-07-12 11:00:00+00:00,Alicestraße 2,186.5,13.055,415.0,50.36497,8.73816,False
2025-07-12 12:00:00+00:00,Alicestraße 2,148.0,13.785,415.0,50.36497,8.73816,False
2025-07-12 13:00:00+00:00,Alicestraße 2,152.0,16.35,415.0,50.36497,8.73816,False
2025-07-12 14:00:00+00:00,Alicestraße 2,103.5,14.95,415.0,50.36497,8.73816,False
2025-07-12 15:00:00+00:00,Alicestraße 2,93.5,12.675,415.0,50.36497,8.73816,False
2025-07-12 16:00:00+00:00,Alicestraße 2,50.0,8.08,415.0,50.36497,8.73816,False
2025-07-12 17:00:00+00:00,Alicestraße 2,33.5,6.779999999999999,415.0,50.36497,8.73816,False
2025-07-12 18:00:00+00:00,Alicestraße 2,23.0,5.355,415.0,50.36497,8.73816,False
2025-07-12 19:00:00+00:00,Alicestraße 2,14.0,6.88,415.0,50.36497,8.73816,False
2025-07-12 20:00:00+00:00,Alicestraße 2,6.0,17.32,415.0,50.36497,8.73816,False
2025-07-12 21:00:00+00:00,Alicestraße 2,1.0,2.97,415.0,50.36497,8.73816,False
2025-07-12 22:00:00+00:00,Alicestraße 2,6.0,43.56,415.0,50.36497,8.73816,False
2025-07-12 23:00:00+00:00,Alicestraße 2,7.0,25.04,415.0,50.36497,8.73816,False
2025-07-13 00:00:00+00:00,Alicestraße 2,1.0,16.17,415.0,50.36497,8.73816,False
2025-07-13 01:00:00+00:00,Alicestraße 2,1.0,11.77,415.0,50.36497,8.73816,False
2025-07-13 02:00:00+00:00,Alicestraße 2,4.0,10.83,415.0,50.36497,8.73816,False
2025-07-13 03:00:00+00:00,Alicestraße 2,1.0,5.42,415.0,50.36497,8.73816,False
2025-07-13 04:00:00+00:00,Alicestraße 2,,,415.0,50.36497,8.73816,True
2025-07-13 05:00:00+00:00,Alicestraße 2,,,415.0,50.36497,8.73816,True
2025-07-13 06:00:00+00:00,Alicestraße 2,,,415.0,50.36497,8.73816,True
2025-07-13 07:00:00+00:00,Alicestraße 2,,,415.0,50.36497,8.73816,True
2025-07-13 08:00:00+00:00,Alicestraße 2,,,415.0,50.36497,8.73816,True
2025-07-13 09:00:00+00:00,Alicestraße 2,,,415.0,50.36497,8.73816,True
2025-07-13 10:00:00+00:00,Alicestraße 2,,,415.0,50.36497,8.73816,True
2025-07-13 11:00:00+00:00,Alicestraße 2,,,415.0,50.36497,8.73816,True
2025-07-13 12:00:00+00:00,Alicestraße 2,,,415.0,50.36497,8.73816,True
2025-07-13 13:00:00+00:00,Alicestraße 2,,,415.0,50.36497,8.73816,True
2025-07-13 14:00:00+00:00,Alicestraße 2,,,415.0,50.36497,8.73816,True
2025-07-13 15:00:00+00:00,Alicestraße 2,,,415.0,50.36497,8.73816,True
2025-07-13 16:00:00+00:00,Alicestraße 2,,,415.0,50.36497,8.73816,True
2025-07-13 17:00:00+00:00,Alicestraße 2,,,415.0,50.36497,8.73816,True
2025-07-13 18:00:00+00:00,Alicestraße 2,,,415.0,50.36497,8.73816,True
2025-07-13 19:00:00+00:00,Alicestraße 2,,,415.0,50.36497,8.73816,True
2025-07-13 20:00:00+00:00,Alicestraße 2,,,415.0,50.36497,8.73816,True
2025-07-13 21:00:00+00:00,Alicestraße 2,0.5,0.64,415.0,50.36497,8.73816,False
2025-07-13 22:00:00+00:00,Alicestraße 2,12.0,91.4,415.0,50.36497,8.73816,False
2025-07-13 23:00:00+00:00,Alicestraße 2,,,415.0,50.36497,8.73816,True
2025-06-30 01:00:00+00:00,Friedrichstraße 11,3.5,4.1850000000000005,415.0,50.36414,8.73575,False
2025-06-30 02:00:00+00:00,Friedrichstraße 11,4.0,8.43,415.0,50.36414,8.73575,False
2025-06-30 03:00:00+00:00,Friedrichstraße 11,10.0,6.77,415.0,50.36414,8.73575,False
2025-06-30 04:00:00+00:00,Friedrichstraße 11,22.0,11.27,415.0,50.36414,8.73575,False
2025-06-30 05:00:00+00:00,Friedrichstraße 11,30.0,10.455,415.0,50.36414,8.73575,False
2025-06-30 06:00:00+00:00,Friedrichstraße 11,21.5,5.265000000000001,415.0,50.36414,8.73575,False
2025-06-30 07:00:00+00:00,Friedrichstraße 11,29.5,6.675,415.0,50.36414,8.73575,False
2025-06-30 08:00:00+00:00,Friedrichstraße 11,43.25,8.315,415.0,50.36414,8.73575,True
2025-06-30 09:00:00+00:00,Friedrichstraße 11,57.0,9.955,415.0,50.36414,8.73575,False
2025-06-30 10:00:00+00:00,Friedrichstraße 11,58.0,6.47,415.0,50.36414,8.73575,False
2025-06-30 11:00:00+00:00,Friedrichstraße 11,35.5,14.015,415.0,50.36414,8.73575,False
2025-06-30 12:00:00+00:00,Friedrichstraße 11,53.0,6.970000000000001,415.0,50.36414,8.73575,False
2025-06-30 13:00:00+00:00,Friedrichstraße 11,32.0,7.52,415.0,50.36414,8.73575,False
2025-06-30 14:00:00+00:00,Friedrichstraße 11,31.0,4.41,415.0,50.36414,8.73575,False
2025-06-30 15:00:00+00:00,Friedrichstraße 11,33.0,4.685,415.0,50.36414,8.73575,False
2025-06-30 16:00:00+00:00,Friedrichstraße 11,31.5,7.640000000000001,415.0,50.36414,8.73575,False
2025-06-30 17:00:00+00:00,Friedrichstraße 11,52.0,8.43,415.0,50.36414,8.73575,False
2025-06-30 18:00:00+00:00,Friedrichstraße 11,20.0,11.07,415.0,50.36414,8.73575,False
2025-06-30 19:00:00+00:00,Friedrichstraße 11,15.5,6.404999999999999,415.0,50.36414,8.73575,False
2025-06-30 20:00:00+00:00,Friedrichstraße 11,14.5,5.12,415.0,50.36414,8.73575,False
2025-06-30 21:00:00+00:00,Friedrichstraße 11,4.0,2.38,415.0,50.36414,8.73575,False
2025-06-30 22:00:00+00:00,Friedrichstraße 11,25.0,34.945,415.0,50.36414,8.73575,False
2025-06-30 23:00:00+00:00,Friedrichstraße 11,12.5,17.4725,415.0,50.36414,8.73575,True
2025-07-01 00:00:00+00:00,Friedrichstraße 11,0.0,0.0,415.0,50.36414,8.73575,False
2025-07-01 01:00:00+00:00,Friedrichstraße 11,4.0,9.68,415.0,50.36414,8.73575,False
2025-07-01 02:00:00+00:00,Friedrichstraße 11,1.0,5.73,415.0,50.36414,8.73575,False
2025-07-01 03:00:00+00:00,Friedrichstraße 11,7.0,6.87,415.0,50.36414,8.73575,False
2025-07-01 04:00:00+00:00,Friedrichstraße 11,20.5,13.28,415.0,50.36414,8.73575,False
2025-07-01 05:00:00+00:00,Friedrichstraße 11,42.0,5.945,415.0,50.36414,8.73575,False
2025-07-01 06:00:00+00:00,Friedrichstraße 11,44.5,5.505,415.0,50.36414,8.73575,False
2025-07-01 07:00:00+00:00,Friedrichstraße 11,41.0,5.15,415.0,50.36414,8.73575,False
2025-07-01 08:00:00+00:00,Friedrichstraße 11,42.5,7.835,415.0,50.36414,8.73575,False
2025-07-01 09:00:00+00:00,Friedrichstraße 11,38.0,4.35,415.0,50.36414,8.73575,False
2025-07-01 10:00:00+00:00,Friedrichstraße 11,44.0,6.26,415.0,50.36414,8.73575,False
2025-07-01 11:00:00+00:00,Friedrichstraße 11,30.0,6.39,415.0,50.36414,8.73575,False
2025-07-01 12:00:00+00:00,Friedrichstraße 11,42.0,4.42,415.0,50.36414,8.73575,False
2025-07-01 13:00:00+00:00,Friedrichstraße 11,28.0,5.62,415.0,50.36414,8.73575,False
2025-07-01 14:00:00+00:00,Friedrichstraße 11,41.0,7.7,415.0,50.36414,8.73575,False
2025-07-01 15:00:00+00:00,Friedrichstraße 11,40.5,6.52,415.0,50.36414,8.73575,False
2025-07-01 16:00:00+00:00,Friedrichstraße 11,44.0,7.41,415.0,50.36414,8.73575,False
2025-07-01 17:00:00+00:00,Friedrichstraße 11,37.0,10.11,415.0,50.36414,8.73575,False
2025-07-01 18:00:00+00:00,Friedrichstraße 11,27.0,8.78,415.0,50.36414,8.73575,False
2025-07-01 19:00:00+00:00,Friedrichstraße 11,25.0,12.4,415.0,50.36414,8.73575,False
2025-07-01 20:00:00+00:00,Friedrichstraße 11,9.5,8.245000000000001,415.0,50.36414,8.73575,False
2025-07-01 21:00:00+00:00,Friedrichstraße 11,1.0,9.58,415.0,50.36414,8.73575,False
2025-07-01 22:00:00+00:00,Friedrichstraße 11,23.0,38.285,415.0,50.36414,8.73575,False
2025-07-01 23:00:00+00:00,Friedrichstraße 11,2.0,20.33,415.0,50.36414,8.73575,False
2025-07-02 00:00:00+00:00,Friedrichstraße 11,1.0,3.78,415.0,50.36414,8.73575,False
2025-07-02 01:00:00+00:00,Friedrichstraße 11,3.0,9.36,415.0,50.36414,8.73575,False
2025-07-02 02:00:00+00:00,Friedrichstraße 11,6.0,18.64,415.0,50.36414,8.73575,False
2025-07-02 03:00:00+00:00,Friedrichstraße 11,4.0,6.49,415.0,50.36414,8.73575,False
2025-07-02 04:00:00+00:00,Friedrichstraße 11,19.0,8.504999999999999,415.0,50.36414,8.73575,False
2025-07-02 05:00:00+00:00,Friedrichstraße 11,29.0,4.49,415.0,50.36414,8.73575,False
2025-07-02 06:00:00+00:00,Friedrichstraße 11,43.0,4.22,415.0,50.36414,8.73575,False
2025-07-02 07:00:00+00:00,Friedrichstraße 11,23.0,6.09,415.0,50.36414,8.73575,False
2025-07-02 08:00:00+00:00,Friedrichstraße 11,29.0,7.41,415.0,50.36414,8.73575,False
2025-07-02 09:00:00+00:00,Friedrichstraße 11,32.0,5.39,415.0,50.36414,8.73575,False
2025-07-02 10:00:00+00:00,Friedrichstraße 11,38.5,8.25,415.0,50.36414,8.73575,False
2025-07-02 11:00:00+00:00,Friedrichstraße 11,22.5,9.685,415.0,50.36414,8.73575,False
2025-07-02 12:00:00+00:00,Friedrichstraße 11,14.0,5.02,415.0,50.36414,8.73575,False
2025-07-02 13:00:00+00:00,Friedrichstraße 11,12.5,14.379999999999999,415.0,50.36414,8.73575,False
2025-07-02 14:00:00+00:00,Friedrichstraße 11,30.0,5.24,415.0,50.36414,8.73575,False
2025-07-02 15:00:00+00:00,Friedrichstraße 11,21.0,10.754999999999999,415.0,50.36414,8.73575,False
2025-07-02 16:00:00+00:00,Friedrichstraße 11,31.0,5.355,415.0,50.36414,8.73575,False
2025-07-02 17:00:00+00:00,Friedrichstraße 11,16.0,3.6,415.0,50.36414,8.73575,False
2025-07-02 18:00:00+00:00,Friedrichstraße 11,8.0,3.4299999999999997,415.0,50.36414,8.73575,False
2025-07-02 19:00:00+00:00,Friedrichstraße 11,18.5,6.5,415.0,50.36414,8.73575,False
2025-07-02 20:00:00+00:00,Friedrichstraße 11,9.0,9.04,415.0,50.36414,8.73575,False
2025-07-02 21:00:00+00:00,Friedrichstraße 11,7.333333333333333,13.063333333333333,415.0,50.36414,8.73575,True
2025-07-02 22:00:00+00:00,Friedrichstraße 11,5.666666666666666,17.086666666666666,415.0,50.36414,8.73575,True
2025-07-02 23:00:00+00:00,Friedrichstraße 11,4.0,21.11,415.0,50.36414,8.73575,False
2025-07-03 00:00:00+00:00,Friedrichstraße 11,1.0,2.07,415.0,50.36414,8.73575,False
2025-07-03 01:00:00+00:00,Friedrichstraße 11,2.0,40.38,415.0,50.36414,8.73575,False
2025-07-03 02:00:00+00:00,Friedrichstraße 11,1.0,8.32,415.0,50.36414,8.73575,False
2025-07-03 03:00:00+00:00,Friedrichstraße 11,5.5,9.7,415.0,50.36414,8.73575,False
2025-07-03 04:00:00+00:00,Friedrichstraße 11,14.0,8.33,415.0,50.36414,8.73575,False
2025-07-03 05:00:00+00:00,Friedrichstraße 11,37.0,3.24,415.0,50.36414,8.73575,False
2025-07-03 06:00:00+00:00,Friedrichstraße 11,25.0,4.18,415.0,50.36414,8.73575,False
2025-07-03 07:00:00+00:00,Friedrichstraße 11,33.5,11.085,415.0,50.36414,8.73575,False
2025-07-03 08:00:00+00:00,Friedrichstraße 11,22.5,6.275,415.0,50.36414,8.73575,False
2025-07-03 09:00:00+00:00,Friedrichstraße 11,47.0,9.485,415.0,50.36414,8.73575,False
2025-07-03 10:00:00+00:00,Friedrichstraße 11,41.0,7.01,415.0,50.36414,8.73575,False
2025-07-03 11:00:00+00:00,Friedrichstraße 11,39.0,11.58,415.0,50.36414,8.73575,False
2025-07-03 12:00:00+00:00,Friedrichstraße 11,29.0,6.49,415.0,50.36414,8.73575,False
2025-07-03 13:00:00+00:00,Friedrichstraße 11,31.0,7.77,415.0,50.36414,8.73575,False
2025-07-03 14:00:00+00:00,Friedrichstraße 11,39.0,9.21,415.0,50.36414,8.73575,False
2025-07-03 15:00:00+00:00,Friedrichstraße 11,51.0,13.885,415.0,50.36414,8.73575,False
2025-07-03 16:00:00+00:00,Friedrichstraße 11,38.0,10.68,415.0,50.36414,8.73575,False
2025-07-03 17:00:00+00:00,Friedrichstraße 11,21.0,6.72,415.0,50.36414,8.73575,False
2025-07-03 18:00:00+00:00,Friedrichstraße 11,13.0,7.0,415.0,50.36414,8.73575,False
2025-07-03 19:00:00+00:00,Friedrichstraße 11,10.0,6.56,415.0,50.36414,8.73575,False
2025-07-03 20:00:00+00:00,Friedrichstraße 11,7.0,6.08,415.0,50.36414,8.73575,False
2025-07-03 21:00:00+00:00,Friedrichstraße 11,3.0,3.02,415.0,50.36414,8.73575,False
2025-07-03 22:00:00+00:00,Friedrichstraße 11,6.0,12.74,415.0,50.36414,8.73575,False
2025-07-03 23:00:00+00:00,Friedrichstraße 11,7.0,23.59,415.0,50.36414,8.73575,False
2025-07-04 00:00:00+00:00,Friedrichstraße 11,3.0,9.97,415.0,50.36414,8.73575,False
2025-07-04 01:00:00+00:00,Friedrichstraße 11,1.0,15.02,415.0,50.36414,8.73575,False
2025-07-04 02:00:00+00:00,Friedrichstraße 11,2.0,37.425,415.0,50.36414,8.73575,False
2025-07-04 03:00:00+00:00,Friedrichstraße 11,12.0,8.48,415.0,50.36414,8.73575,False
2025-07-04 04:00:00+00:00,Friedrichstraße 11,17.0,5.445,415.0,50.36414,8.73575,False
2025-07-04 05:00:00+00:00,Friedrichstraße 11,41.0,8.83,415.0,50.36414,8.73575,False
2025-07-04 06:00:00+00:00,Friedrichstraße 11,33.5,5.15,415.0,50.36414,8.73575,False
2025-07-04 07:00:00+00:00,Friedrichstraße 11,31.0,9.5,415.0,50.36414,8.73575,False
2025-07-04 08:00:00+00:00,Friedrichstraße 11,53.0,11.285,415.0,50.36414,8.73575,False
2025-07-04 09:00:00+00:00,Friedrichstraße 11,71.0,8.61,415.0,50.36414,8.73575,False
2025-07-04 10:00:00+00:00,Friedrichstraße 11,54.5,7.075,415.0,50.36414,8.73575,False
2025-07-04 11:00:00+00:00,Friedrichstraße 11,48.5,5.215,415.0,50.36414,8.73575,False
2025-07-04 12:00:00+00:00,Friedrichstraße 11,53.0,7.75,415.0,50.36414,8.73575,False
2025-07-04 13:00:00+00:00,Friedrichstraße 11,24.0,5.12,415.0,50.36414,8.73575,False
2025-07-04 14:00:00+00:00,Friedrichstraße 11,20.0,3.75,415.0,50.36414,8.73575,False
2025-07-04 15:00:00+00:00,Friedrichstraße 11,58.5,6.74,415.0,50.36414,8.73575,False
2025-07-04 16:00:00+00:00,Friedrichstraße 11,64.5,9.49,415.0,50.36414,8.73575,False
2025-07-04 17:00:00+00:00,Friedrichstraße 11,43.5,12.135,415.0,50.36414,8.73575,False
2025-07-04 18:00:00+00:00,Friedrichstraße 11,38.0,22.55,415.0,50.36414,8.73575,False
2025-07-04 19:00:00+00:00,Friedrichstraße 11,34.0,9.01,415.0,50.36414,8.73575,False
2025-07-04 20:00:00+00:00,Friedrichstraße 11,21.0,7.18,415.0,50.36414,8.73575,False
2025-07-04 21:00:00+00:00,Friedrichstraße 11,7.0,0.76,415.0,50.36414,8.73575,False
2025-07-04 22:00:00+00:00,Friedrichstraße 11,30.0,26.22,415.0,50.36414,8.73575,False
2025-07-04 23:00:00+00:00,Friedrichstraße 11,9.0,12.79,415.0,50.36414,8.73575,False
2025-07-05 00:00:00+00:00,Friedrichstraße 11,6.0,13.79,415.0,50.36414,8.73575,False
2025-07-05 01:00:00+00:00,Friedrichstraße 11,4.0,19.54,415.0,50.36414,8.73575,False
2025-07-05 02:00:00+00:00,Friedrichstraße 11,3.0,22.0,415.0,50.36414,8.73575,False
2025-07-05 03:00:00+00:00,Friedrichstraße 11,6.0,14.99,415.0,50.36414,8.73575,False
2025-07-05 04:00:00+00:00,Friedrichstraße 11,12.0,21.02,415.0,50.36414,8.73575,False
2025-07-05 05:00:00+00:00,Friedrichstraße 11,16.5,11.21,415.0,50.36414,8.73575,False
2025-07-05 06:00:00+00:00,Friedrichstraße 11,24.0,6.7,415.0,50.36414,8.73575,False
2025-07-05 07:00:00+00:00,Friedrichstraße 11,12.0,3.35,415.0,50.36414,8.73575,True
2025-07-05 08:00:00+00:00,Friedrichstraße 11,0.0,0.0,415.0,50.36414,8.73575,False
2025-07-05 09:00:00+00:00,Friedrichstraße 11,41.0,6.225,415.0,50.36414,8.73575,False
2025-07-05 10:00:00+00:00,Friedrichstraße 11,66.5,7.87,415.0,50.36414,8.73575,False
2025-07-05 11:00:00+00:00,Friedrichstraße 11,42.0,9.399999999999999,415.0,50.36414,8.73575,False
2025-07-05 12:00:00+00:00,Friedrichstraße 11,70.0,7.18,415.0,50.36414,8.73575,False
2025-07-05 13:00:00+00:00,Friedrichstraße 11,51.0,6.47,415.0,50.36414,8.73575,False
2025-07-05 14:00:00+00:00,Friedrichstraße 11,46.5,7.435,415.0,50.36414,8.73575,True
2025-07-05 15:00:00+00:00,Friedrichstraße 11,42.0,8.4,415.0,50.36414,8.73575,True
2025-07-05 16:00:00+00:00,Friedrichstraße 11,37.5,9.365,415.0,50.36414,8.73575,False
2025-07-05 17:00:00+00:00,Friedrichstraße 11,35.5,8.87,415.0,50.36414,8.73575,False
2025-07-05 18:00:00+00:00,Friedrichstraße 11,31.0,12.03,415.0,50.36414,8.73575,False
2025-07-05 19:00:00+00:00,Friedrichstraße 11,20.0,7.68,415.0,50.36414,8.73575,True
2025-07-05 20:00:00+00:00,Friedrichstraße 11,9.0,3.33,415.0,50.36414,8.73575,False
2025-07-05 21:00:00+00:00,Friedrichstraße 11,4.0,3.37,415.0,50.36414,8.73575,False
2025-07-05 22:00:00+00:00,Friedrichstraße 11,36.0,20.685000000000002,415.0,50.36414,8.73575,False
2025-07-05 23:00:00+00:00,Friedrichstraße 11,18.0,10.342500000000001,415.0,50.36414,8.73575,True
2025-07-06 00:00:00+00:00,Friedrichstraße 11,0.0,0.0,415.0,50.36414,8.73575,False
2025-07-06 01:00:00+00:00,Friedrichstraße 11,1.0,0.83,415.0,50.36414,8.73575,False
2025-07-06 02:00:00+00:00,Friedrichstraße 11,3.0,8.94,415.0,50.36414,8.73575,False
2025-07-06 03:00:00+00:00,Friedrichstraße 11,1.0,35.52,415.0,50.36414,8.73575,False
2025-07-06 04:00:00+00:00,Friedrichstraße 11,8.0,11.98,415.0,50.36414,8.73575,False
2025-07-06 05:00:00+00:00,Friedrichstraße 11,2.0,20.81,415.0,50.36414,8.73575,False
2025-07-06 06:00:00+00:00,Friedrichstraße 11,7.0,5.96,415.0,50.36414,8.73575,False
2025-07-06 07:00:00+00:00,Friedrichstraße 11,23.5,4.07,415.0,50.36414,8.73575,False
2025-07-06 08:00:00+00:00,Friedrichstraße 11,22.0,10.4,415.0,50.36414,8.73575,False
2025-07-06 09:00:00+00:00,Friedrichstraße 11,35.5,6.945,415.0,50.36414,8.73575,False
2025-07-06 10:00:00+00:00,Friedrichstraße 11,41.5,8.155,415.0,50.36414,8.73575,False
2025-07-06 11:00:00+00:00,Friedrichstraße 11,40.0,5.75,415.0,50.36414,8.73575,False
2025-07-06 12:00:00+00:00,Friedrichstraße 11,48.0,7.97,415.0,50.36414,8.73575,False
2025-07-06 13:00:00+00:00,Friedrichstraße 11,53.0,9.76,415.0,50.36414,8.73575,False
2025-07-06 14:00:00+00:00,Friedrichstraße 11,25.0,6.03,415.0,50.36414,8.73575,False
2025-07-06 15:00:00+00:00,Friedrichstraße 11,24.0,5.4,415.0,50.36414,8.73575,False
2025-07-06 16:00:00+00:00,Friedrichstraße 11,26.0,8.27,415.0,50.36414,8.73575,False
2025-07-06 17:00:00+00:00,Friedrichstraße 11,12.0,14.07,415.0,50.36414,8.73575,False
2025-07-06 18:00:00+00:00,Friedrichstraße 11,13.0,18.04,415.0,50.36414,8.73575,False
2025-07-06 19:00:00+00:00,Friedrichstraße 11,15.0,13.95,415.0,50.36414,8.73575,False
2025-07-06 20:00:00+00:00,Friedrichstraße 11,4.0,7.58,415.0,50.36414,8.73575,False
2025-07-06 21:00:00+00:00,Friedrichstraße 11,2.0,2.09,415.0,50.36414,8.73575,False
2025-07-06 22:00:00+00:00,Friedrichstraße 11,,,415.0,50.36414,8.73575,True
2025-07-06 23:00:00+00:00,Friedrichstraße 11,,,415.0,50.36414,8.73575,True
2025-07-07 00:00:00+00:00,Friedrichstraße 11,,,415.0,50.36414,8.73575,True
2025-07-07 01:00:00+00:00,Friedrichstraße 11,0.0,0.0,415.0,50.36414,8.73575,False
2025-07-07 02:00:00+00:00,Friedrichstraße 11,4.0,0.86,415.0,50.36414,8.73575,False
2025-07-07 03:00:00+00:00,Friedrichstraße 11,4.0,19.42,415.0,50.36414,8.73575,False
2025-07-07 04:00:00+00:00,Friedrichstraße 11,16.0,3.915,415.0,50.36414,8.73575,False
2025-07-07 05:00:00+00:00,Friedrichstraße 11,21.0,9.0,415.0,50.36414,8.73575,False
2025-07-07 06:00:00+00:00,Friedrichstraße 11,24.5,3.67,415.0,50.36414,8.73575,False
2025-07-07 07:00:00+00:00,Friedrichstraße 11,35.0,6.98,415.0,50.36414,8.73575,False
2025-07-07 08:00:00+00:00,Friedrichstraße 11,41.0,10.11,415.0,50.36414,8.73575,False
2025-07-07 09:00:00+00:00,Friedrichstraße 11,24.5,9.415,415.0,50.36414,8.73575,False
2025-07-07 10:00:00+00:00,Friedrichstraße 11,42.0,8.26,415.0,50.36414,8.73575,False
2025-07-07 11:00:00+00:00,Friedrichstraße 11,39.5,7.74,415.0,50.36414,8.73575,True
2025-07-07 12:00:00+00:00,Friedrichstraße 11,37.0,7.22,415.0,50.36414,8.73575,False
2025-07-07 13:00:00+00:00,Friedrichstraße 11,34.0,3.13,415.0,50.36414,8.73575,False
2025-07-07 14:00:00+00:00,Friedrichstraße 11,23.0,6.970000000000001,415.0,50.36414,8.73575,False
2025-07-07 15:00:00+00:00,Friedrichstraße 11,40.0,8.75,415.0,50.36414,8.73575,False
2025-07-07 16:00:00+00:00,Friedrichstraße 11,33.5,4.555,415.0,50.36414,8.73575,False
2025-07-07 17:00:00+00:00,Friedrichstraße 11,11.5,8.44,415.0,50.36414,8.73575,False
2025-07-07 18:00:00+00:00,Friedrichstraße 11,4.0,5.21,415.0,50.36414,8.73575,False
2025-07-07 19:00:00+00:00,Friedrichstraße 11,8.0,3.07,415.0,50.36414,8.73575,False
2025-07-07 20:00:00+00:00,Friedrichstraße 11,7.0,1.11,415.0,50.36414,8.73575,False
2025-07-07 21:00:00+00:00,Friedrichstraße 11,2.0,4.33,415.0,50.36414,8.73575,False
2025-07-07 22:00:00+00:00,Friedrichstraße 11,12.0,22.22,415.0,50.36414,8.73575,False
2025-07-07 23:00:00+00:00,Friedrichstraße 11,3.0,17.47,415.0,50.36414,8.73575,False
2025-07-08 00:00:00+00:00,Friedrichstraße 11,1.5,45.019999999999996,415.0,50.36414,8.73575,False
2025-07-08 01:00:00+00:00,Friedrichstraße 11,3.0,35.21,415.0,50.36414,8.73575,False
2025-07-08 02:00:00+00:00,Friedrichstraße 11,6.0,11.34,415.0,50.36414,8.73575,False
2025-07-08 03:00:00+00:00,Friedrichstraße 11,7.0,2.97,415.0,50.36414,8.73575,False
2025-07-08 04:00:00+00:00,Friedrichstraße 11,11.75,7.0425,415.0,50.36414,8.73575,True
2025-07-08 05:00:00+00:00,Friedrichstraße 11,16.5,11.115,415.0,50.36414,8.73575,False
2025-07-08 06:00:00+00:00,Friedrichstraße 11,38.0,10.115,415.0,50.36414,8.73575,False
2025-07-08 07:00:00+00:00,Friedrichstraße 11,29.5,8.75,415.0,50.36414,8.73575,False
2025-07-08 08:00:00+00:00,Friedrichstraße 11,37.75,8.345,415.0,50.36414,8.73575,True
2025-07-08 09:00:00+00:00,Friedrichstraße 11,46.0,7.94,415.0,50.36414,8.73575,False
2025-07-08 10:00:00+00:00,Friedrichstraße 11,42.0,7.83,415.0,50.36414,8.73575,False
2025-07-08 11:00:00+00:00,Friedrichstraße 11,45.5,9.515,415.0,50.36414,8.73575,False
2025-07-08 12:00:00+00:00,Friedrichstraße 11,54.0,8.59,415.0,50.36414,8.73575,False
2025-07-08 13:00:00+00:00,Friedrichstraße 11,32.0,9.05,415.0,50.36414,8.73575,False
2025-07-08 14:00:00+00:00,Friedrichstraße 11,,,415.0,50.36414,8.73575,True
2025-07-08 15:00:00+00:00,Friedrichstraße 11,,,415.0,50.36414,8.73575,True
2025-07-08 16:00:00+00:00,Friedrichstraße 11,,,415.0,50.36414,8.73575,True
2025-07-08 17:00:00+00:00,Friedrichstraße 11,,,415.0,50.36414,8.73575,True
2025-07-08 18:00:00+00:00,Friedrichstraße 11,,,415.0,50.36414,8.73575,True
2025-07-08 19:00:00+00:00,Friedrichstraße 11,,,415.0,50.36414,8.73575,True
2025-07-08 20:00:00+00:00,Friedrichstraße 11,,,415.0,50.36414,8.73575,True
2025-07-08 21:00:00+00:00,Friedrichstraße 11,,,415.0,50.36414,8.73575,True
2025-07-08 22:00:00+00:00,Friedrichstraße 11,,,415.0,50.36414,8.73575,True
2025-07-08 23:00:00+00:00,Friedrichstraße 11,,,415.0,50.36414,8.73575,True
2025-07-09 00:00:00+00:00,Friedrichstraße 11,,,415.0,50.36414,8.73575,True
2025-07-09 01:00:00+00:00,Friedrichstraße 11,,,415.0,50.36414,8.73575,True
2025-07-09 02:00:00+00:00,Friedrichstraße 11,,,415.0,50.36414,8.73575,True
2025-07-09 03:00:00+00:00,Friedrichstraße 11,,,415.0,50.36414,8.73575,True
2025-07-09 04:00:00+00:00,Friedrichstraße 11,,,415.0,50.36414,8.73575,True
2025-07-09 05:00:00+00:00,Friedrichstraße 11,,,415.0,50.36414,8.73575,True
2025-07-09 06:00:00+00:00,Friedrichstraße 11,,,415.0,50.36414,8.73575,True
2025-07-09 07:00:00+00:00,Friedrichstraße 11,35.5,8.245,415.0,50.36414,8.73575,False
2025-07-09 08:00:00+00:00,Friedrichstraße 11,29.0,7.06,415.0,50.36414,8.73575,False
2025-07-09 09:00:00+00:00,Friedrichstraße 11,43.0,6.13,415.0,50.36414,8.73575,False
2025-07-09 10:00:00+00:00,Friedrichstraße 11,40.0,8.84,415.0,50.36414,8.73575,False
2025-07-09 11:00:00+00:00,Friedrichstraße 11,46.0,6.54,415.0,50.36414,8.73575,False
2025-07-09 12:00:00+00:00,Friedrichstraße 11,33.0,11.395,415.0,50.36414,8.73575,False
2025-07-09 13:00:00+00:00,Friedrichstraße 11,34.5,9.2875,415.0,50.36414,8.73575,True
2025-07-09 14:00:00+00:00,Friedrichstraße 11,36.0,7.18,415.0,50.36414,8.73575,False
2025-07-09 15:00:00+00:00,Friedrichstraße 11,40.0,4.86,415.0,50.36414,8.73575,False
2025-07-09 16:00:00+00:00,Friedrichstraße 11,35.0,11.69,415.0,50.36414,8.73575,False
2025-07-09 17:00:00+00:00,Friedrichstraße 11,22.0,10.9,415.0,50.36414,8.73575,False
2025-07-09 18:00:00+00:00,Friedrichstraße 11,25.0,6.555,415.0,50.36414,8.73575,False
2025-07-09 19:00:00+00:00,Friedrichstraße 11,8.0,8.0,415.0,50.36414,8.73575,False
2025-07-09 20:00:00+00:00,Friedrichstraße 11,9.5,5.1899999999999995,415.0,50.36414,8.73575,False
2025-07-09 21:00:00+00:00,Friedrichstraße 11,8.0,2.625,415.0,50.36414,8.73575,False
2025-07-09 22:00:00+00:00,Friedrichstraße 11,,,415.0,50.36414,8.73575,True
2025-07-09 23:00:00+00:00,Friedrichstraße 11,,,415.0,50.36414,8.73575,True
2025-07-10 00:00:00+00:00,Friedrichstraße 11,,,415.0,50.36414,8.73575,True
2025-07-10 01:00:00+00:00,Friedrichstraße 11,,,415.0,50.36414,8.73575,True
2025-07-10 02:00:00+00:00,Friedrichstraße 11,,,415.0,50.36414,8.73575,True
2025-07-10 03:00:00+00:00,Friedrichstraße 11,,,415.0,50.36414,8.73575,True
2025-07-10 04:00:00+00:00,Friedrichstraße 11,,,415.0,50.36414,8.73575,True
2025-07-10 05:00:00+00:00,Friedrichstraße 11,,,415.0,50.36414,8.73575,True
2025-07-10 06:00:00+00:00,Friedrichstraße 11,24.0,4.0,415.0,50.36414,8.73575,False
2025-07-10 07:00:00+00:00,Friedrichstraße 11,31.0,6.81,415.0,50.36414,8.73575,False
2025-07-10 08:00:00+00:00,Friedrichstraße 11,24.0,6.205,415.0,50.36414,8.73575,False
2025-07-10 09:00:00+00:00,Friedrichstraße 11,47.5,6.415,415.0,50.36414,8.73575,False
2025-07-10 10:00:00+00:00,Friedrichstraße 11,59.0,9.67,415.0,50.36414,8.73575,False
2025-07-10 11:00:00+00:00,Friedrichstraße 11,39.5,7.9,415.0,50.36414,8.73575,False
2025-07-10 12:00:00+00:00,Friedrichstraße 11,31.0,5.975,415.0,50.36414,8.73575,False
2025-07-10 13:00:00+00:00,Friedrichstraße 11,49.0,12.129999999999999,415.0,50.36414,8.73575,False
2025-07-10 14:00:00+00:00,Friedrichstraße 11,47.0,7.74,415.0,50.36414,8.73575,False
2025-07-10 15:00:00+00:00,Friedrichstraße 11,42.0,7.9,415.0,50.36414,8.73575,False
2025-07-10 16:00:00+00:00,Friedrichstraße 11,49.0,6.22,415.0,50.36414,8.73575,False
2025-07-10 17:00:00+00:00,Friedrichstraße 11,32.5,10.475,415.0,50.36414,8.73575,False
2025-07-10 18:00:00+00:00,Friedrichstraße 11,23.0,6.76,415.0,50.36414,8.73575,False
2025-07-10 19:00:00+00:00,Friedrichstraße 11,14.0,6.83,415.0,50.36414,8.73575,False
2025-07-10 20:00:00+00:00,Friedrichstraße 11,9.0,8.01,415.0,50.36414,8.73575,False
2025-07-10 21:00:00+00:00,Friedrichstraße 11,4.0,3.18,415.0,50.36414,8.73575,False
2025-07-10 22:00:00+00:00,Friedrichstraße 11,5.0,3.215,415.0,50.36414,8.73575,True
2025-07-10 23:00:00+00:00,Friedrichstraße 11,6.0,3.25,415.0,50.36414,8.73575,False
2025-07-11 00:00:00+00:00,Friedrichstraße 11,4.0,5.04,415.0,50.36414,8.73575,False
2025-07-11 01:00:00+00:00,Friedrichstraße 11,2.0,9.22,415.0,50.36414,8.73575,False
2025-07-11 02:00:00+00:00,Friedrichstraße 11,5.0,32.75,415.0,50.36414,8.73575,False
2025-07-11 03:00:00+00:00,Friedrichstraße 11,12.0,12.53,415.0,50.36414,8.73575,False
2025-07-11 04:00:00+00:00,Friedrichstraße 11,16.0,5.68,415.0,50.36414,8.73575,False
2025-07-11 05:00:00+00:00,Friedrichstraße 11,19.5,10.415,415.0,50.36414,8.73575,False
2025-07-11 06:00:00+00:00,Friedrichstraße 11,24.5,7.115,415.0,50.36414,8.73575,False
2025-07-11 07:00:00+00:00,Friedrichstraße 11,,,415.0,50.36414,8.73575,True
2025-07-11 08:00:00+00:00,Friedrichstraße 11,,,415.0,50.36414,8.73575,True
2025-07-11 09:00:00+00:00,Friedrichstraße 11,,,415.0,50.36414,8.73575,True
2025-07-11 10:00:00+00:00,Friedrichstraße 11,,,415.0,50.36414,8.73575,True
2025-07-11 11:00:00+00:00,Friedrichstraße 11,,,415.0,50.36414,8.73575,True
2025-07-11 12:00:00+00:00,Friedrichstraße 11,,,415.0,50.36414,8.73575,True
2025-07-11 13:00:00+00:00,Friedrichstraße 11,,,415.0,50.36414,8.73575,True
2025-07-11 14:00:00+00:00,Friedrichstraße 11,,,415.0,50.36414,8.73575,True
2025-07-11 15:00:00+00:00,Friedrichstraße 11,,,415.0,50.36414,8.73575,True
2025-07-11 16:00:00+00:00,Friedrichstraße 11,,,415.0,50.36414,8.73575,True
2025-07-11 17:00:00+00:00,Friedrichstraße 11,37.0,9.68,415.0,50.36414,8.73575,False
2025-07-11 18:00:00+00:00,Friedrichstraße 11,26.5,13.845,415.0,50.36414,8.73575,True
2025-07-11 19:00:00+00:00,Friedrichstraße 11,16.0,18.01,415.0,50.36414,8.73575,False
2025-07-11 20:00:00+00:00,Friedrichstraße 11,29.5,7.16,415.0,50.36414,8.73575,False
2025-07-11 21:00:00+00:00,Friedrichstraße 11,9.0,3.28,415.0,50.36414,8.73575,False
2025-07-11 22:00:00+00:00,Friedrichstraße 11,8.5,17.38,415.0,50.36414,8.73575,True
2025-07-11 23:00:00+00:00,Friedrichstraße 11,8.0,31.48,415.0,50.36414,8.73575,False
2025-07-12 00:00:00+00:00,Friedrichstraße 11,,,415.0,50.36414,8.73575,True
2025-07-12 01:00:00+00:00,Friedrichstraße 11,,,415.0,50.36414,8.73575,True
2025-07-12 02:00:00+00:00,Friedrichstraße 11,,,415.0,50.36414,8.73575,True
2025-07-12 03:00:00+00:00,Friedrichstraße 11,,,415.0,50.36414,8.73575,True
2025-07-12 04:00:00+00:00,Friedrichstraße 11,,,415.0,50.36414,8.73575,True
2025-07-12 05:00:00+00:00,Friedrichstraße 11,,,415.0,50.36414,8.73575,True
2025-07-12 06:00:00+00:00,Friedrichstraße 11,20.0,3.95,415.0,50.36414,8.73575,False
2025-07-12 07:00:00+00:00,Friedrichstraße 11,26.0,9.9,415.0,50.36414,8.73575,False
2025-07-12 08:00:00+00:00,Friedrichstraße 11,32.666666666666664,9.718333333333334,415.0,50.36414,8.73575,True
2025-07-12 09:00:00+00:00,Friedrichstraße 11,39.333333333333336,9.536666666666667,415.0,50.36414,8.73575,True
2025-07-12 10:00:00+00:00,Friedrichstraße 11,46.0,9.355,415.0,50.36414,8.73575,False
2025-07-12 11:00:00+00:00,Friedrichstraße 11,39.0,7.93,415.0,50.36414,8.73575,False
2025-07-12 12:00:00+00:00,Friedrichstraße 11,44.0,7.87,415.0,50.36414,8.73575,False
2025-07-12 13:00:00+00:00,Friedrichstraße 11,53.0,12.09,415.0,50.36414,8.73575,False
2025-07-12 14:00:00+00:00,Friedrichstraße 11,49.5,6.96,415.0,50.36414,8.73575,False
2025-07-12 15:00:00+00:00,Friedrichstraße 11,41.0,16.54,415.0,50.36414,8.73575,False
2025-07-12 16:00:00+00:00,Friedrichstraße 11,41.0,9.905000000000001,415.0,50.36414,8.73575,False
2025-07-12 17:00:00+00:00,Friedrichstraße 11,34.0,13.93,415.0,50.36414,8.73575,False
2025-07-12 18:00:00+00:00,Friedrichstraße 11,12.0,16.24,415.0,50.36414,8.73575,False
2025-07-12 19:00:00+00:00,Friedrichstraße 11,41.0,11.185,415.0,50.36414,8.73575,False
2025-07-12 20:00:00+00:00,Friedrichstraße 11,17.5,10.905000000000001,415.0,50.36414,8.73575,False
2025-07-12 21:00:00+00:00,Friedrichstraße 11,5.5,3.11,415.0,50.36414,8.73575,False
2025-07-12 22:00:00+00:00,Friedrichstraße 11,37.0,14.17,415.0,50.36414,8.73575,False
2025-07-12 23:00:00+00:00,Friedrichstraße 11,11.5,12.89,415.0,50.36414,8.73575,False
2025-07-13 00:00:00+00:00,Friedrichstraße 11,2.0,10.45,415.0,50.36414,8.73575,False
2025-07-13 01:00:00+00:00,Friedrichstraße 11,1.0,51.08,415.0,50.36414,8.73575,False
2025-07-13 02:00:00+00:00,Friedrichstraße 11,3.0,13.3,415.0,50.36414,8.73575,False
2025-07-13 03:00:00+00:00,Friedrichstraße 11,2.0,1.6,415.0,50.36414,8.73575,False
2025-07-13 04:00:00+00:00,Friedrichstraße 11,6.0,9.23,415.0,50.36414,8.73575,False
2025-07-13 05:00:00+00:00,Friedrichstraße 11,,,415.0,50.36414,8.73575,True
2025-07-13 06:00:00+00:00,Friedrichstraße 11,,,415.0,50.36414,8.73575,True
2025-07-13 07:00:00+00:00,Friedrichstraße 11,,,415.0,50.36414,8.73575,True
2025-07-13 08:00:00+00:00,Friedrichstraße 11,,,415.0,50.36414,8.73575,True
2025-07-13 09:00:00+00:00,Friedrichstraße 11,,,415.0,50.36414,8.73575,True
2025-07-13 10:00:00+00:00,Friedrichstraße 11,,,415.0,50.36414,8.73575,True
2025-07-13 11:00:00+00:00,Friedrichstraße 11,,,415.0,50.36414,8.73575,True
2025-07-13 12:00:00+00:00,Friedrichstraße 11,,,415.0,50.36414,8.73575,True
2025-07-13 13:00:00+00:00,Friedrichstraße 11,,,415.0,50.36414,8.73575,True
2025-07-13 14:00:00+00:00,Friedrichstraße 11,,,415.0,50.36414,8.73575,True
2025-07-13 15:00:00+00:00,Friedrichstraße 11,,,415.0,50.36414,8.73575,True
2025-07-13 16:00:00+00:00,Friedrichstraße 11,,,415.0,50.36414,8.73575,True
2025-07-13 17:00:00+00:00,Friedrichstraße 11,,,415.0,50.36414,8.73575,True
2025-07-13 18:00:00+00:00,Friedrichstraße 11,,,415.0,50.36414,8.73575,True
2025-07-13 19:00:00+00:00,Friedrichstraße 11,,,415.0,50.36414,8.73575,True
2025-07-13 20:00:00+00:00,Friedrichstraße 11,,,415.0,50.36414,8.73575,True
2025-07-13 21:00:00+00:00,Friedrichstraße 11,0.5,1.5,415.0,50.36414,8.73575,False
2025-07-13 22:00:00+00:00,Friedrichstraße 11,4.75,23.23,415.0,50.36414,8.73575,True
2025-07-13 23:00:00+00:00,Friedrichstraße 11,9.0,44.96,415.0,50.36414,8.73575,False
2025-06-30 01:00:00+00:00,Hauptstraße 36,8.0,14.855,415.0,50.36368,8.73724,False
2025-06-30 02:00:00+00:00,Hauptstraße 36,10.0,6.865,415.0,50.36368,8.73724,False
2025-06-30 03:00:00+00:00,Hauptstraße 36,13.0,11.05,415.0,50.36368,8.73724,False
2025-06-30 04:00:00+00:00,Hauptstraße 36,25.5,10.135,415.0,50.36368,8.73724,False
2025-06-30 05:00:00+00:00,Hauptstraße 36,33.5,5.305,415.0,50.36368,8.73724,False
2025-06-30 06:00:00+00:00,Hauptstraße 36,53.0,5.3,415.0,50.36368,8.73724,False
2025-06-30 07:00:00+00:00,Hauptstraße 36,57.0,9.940000000000001,415.0,50.36368,8.73724,False
2025-06-30 08:00:00+00:00,Hauptstraße 36,40.0,7.9750000000000005,415.0,50.36368,8.73724,True
2025-06-30 09:00:00+00:00,Hauptstraße 36,23.0,6.01,415.0,50.36368,8.73724,False
2025-06-30 10:00:00+00:00,Hauptstraße 36,40.0,9.715,415.0,50.36368,8.73724,False
2025-06-30 11:00:00+00:00,Hauptstraße 36,45.0,6.53,415.0,50.36368,8.73724,False
2025-06-30 12:00:00+00:00,Hauptstraße 36,44.0,4.25,415.0,50.36368,8.73724,False
2025-06-30 13:00:00+00:00,Hauptstraße 36,32.5,9.43,415.0,50.36368,8.73724,False
2025-06-30 14:00:00+00:00,Hauptstraße 36,32.0,7.79,415.0,50.36368,8.73724,False
2025-06-30 15:00:00+00:00,Hauptstraße 36,25.0,9.32,415.0,50.36368,8.73724,False
2025-06-30 16:00:00+00:00,Hauptstraße 36,29.0,7.385,415.0,50.36368,8.73724,False
2025-06-30 17:00:00+00:00,Hauptstraße 36,25.5,9.905,415.0,50.36368,8.73724,False
2025-06-30 18:00:00+00:00,Hauptstraße 36,21.5,3.325,415.0,50.36368,8.73724,False
2025-06-30 19:00:00+00:00,Hauptstraße 36,11.0,6.445,415.0,50.36368,8.73724,False
2025-06-30 20:00:00+00:00,Hauptstraße 36,13.0,11.6,415.0,50.36368,8.73724,False
2025-06-30 21:00:00+00:00,Hauptstraße 36,0.0,0.0,415.0,50.36368,8.73724,False
2025-06-30 22:00:00+00:00,Hauptstraße 36,18.0,18.009999999999998,415.0,50.36368,8.73724,False
2025-06-30 23:00:00+00:00,Hauptstraße 36,7.0,4.6899999999999995,415.0,50.36368,8.73724,False
2025-07-01 00:00:00+00:00,Hauptstraße 36,8.0,46.23,415.0,50.36368,8.73724,False
2025-07-01 01:00:00+00:00,Hauptstraße 36,1.0,17.73,415.0,50.36368,8.73724,False
2025-07-01 02:00:00+00:00,Hauptstraße 36,1.5,3.085,415.0,50.36368,8.73724,False
2025-07-01 03:00:00+00:00,Hauptstraße 36,7.0,10.77,415.0,50.36368,8.73724,False
2025-07-01 04:00:00+00:00,Hauptstraße 36,12.0,6.96,415.0,50.36368,8.73724,False
2025-07-01 05:00:00+00:00,Hauptstraße 36,58.0,5.73,415.0,50.36368,8.73724,False
2025-07-01 06:00:00+00:00,Hauptstraße 36,56.0,6.41,415.0,50.36368,8.73724,False
2025-07-01 07:00:00+00:00,Hauptstraße 36,51.5,9.995000000000001,415.0,50.36368,8.73724,False
2025-07-01 08:00:00+00:00,Hauptstraße 36,58.0,8.36,415.0,50.36368,8.73724,False
2025-07-01 09:00:00+00:00,Hauptstraße 36,42.0,3.9699999999999998,415.0,50.36368,8.73724,False
2025-07-01 10:00:00+00:00,Hauptstraße 36,71.0,6.94,415.0,50.36368,8.73724,False
2025-07-01 11:00:00+00:00,Hauptstraße 36,42.0,5.385,415.0,50.36368,8.73724,False
2025-07-01 12:00:00+00:00,Hauptstraße 36,42.0,9.055,415.0,50.36368,8.73724,False
2025-07-01 13:00:00+00:00,Hauptstraße 36,32.5,6.425,415.0,50.36368,8.73724,False
2025-07-01 14:00:00+00:00,Hauptstraße 36,39.0,8.17,415.0,50.36368,8.73724,False
2025-07-01 15:00:00+00:00,Hauptstraße 36,50.0,5.725,415.0,50.36368,8.73724,False
2025-07-01 16:00:00+00:00,Hauptstraße 36,56.0,6.08,415.0,50.36368,8.73724,False
2025-07-01 17:00:00+00:00,Hauptstraße 36,17.0,8.98,415.0,50.36368,8.73724,False
2025-07-01 18:00:00+00:00,Hauptstraße 36,11.5,12.504999999999999,415.0,50.36368,8.73724,False
2025-07-01 19:00:00+00:00,Hauptstraße 36,10.0,6.065,415.0,50.36368,8.73724,False
2025-07-01 20:00:00+00:00,Hauptstraße 36,2.5,9.58,415.0,50.36368,8.73724,False
2025-07-01 21:00:00+00:00,Hauptstraße 36,2.0,2.73,415.0,50.36368,8.73724,False
2025-07-01 22:00:00+00:00,Hauptstraße 36,17.0,14.86,415.0,50.36368,8.73724,False
2025-07-01 23:00:00+00:00,Hauptstraße 36,5.0,17.98,415.0,50.36368,8.73724,False
2025-07-02 00:00:00+00:00,Hauptstraße 36,4.0,35.05,415.0,50.36368,8.73724,False
2025-07-02 01:00:00+00:00,Hauptstraße 36,4.0,9.72,415.0,50.36368,8.73724,False
2025-07-02 02:00:00+00:00,Hauptstraße 36,8.0,18.22,415.0,50.36368,8.73724,False
2025-07-02 03:00:00+00:00,Hauptstraße 36,9.0,5.32,415.0,50.36368,8.73724,False
2025-07-02 04:00:00+00:00,Hauptstraße 36,21.0,7.53,415.0,50.36368,8.73724,False
2025-07-02 05:00:00+00:00,Hauptstraße 36,54.5,6.055,415.0,50.36368,8.73724,False
2025-07-02 06:00:00+00:00,Hauptstraße 36,46.5,5.385,415.0,50.36368,8.73724,False
2025-07-02 07:00:00+00:00,Hauptstraße 36,39.5,8.94,415.0,50.36368,8.73724,False
2025-07-02 08:00:00+00:00,Hauptstraße 36,48.5,10.59,415.0,50.36368,8.73724,False
2025-07-02 09:00:00+00:00,Hauptstraße 36,48.0,7.33,415.0,50.36368,8.73724,False
2025-07-02 10:00:00+00:00,Hauptstraße 36,48.0,6.74,415.0,50.36368,8.73724,False
2025-07-02 11:00:00+00:00,Hauptstraße 36,49.0,5.65,415.0,50.36368,8.73724,False
2025-07-02 12:00:00+00:00,Hauptstraße 36,33.5,4.755,415.0,50.36368,8.73724,False
2025-07-02 13:00:00+00:00,Hauptstraße 36,64.0,7.93,415.0,50.36368,8.73724,False
2025-07-02 14:00:00+00:00,Hauptstraße 36,46.0,8.2,415.0,50.36368,8.73724,False
2025-07-02 15:00:00+00:00,Hauptstraße 36,50.5,6.545,415.0,50.36368,8.73724,False
2025-07-02 16:00:00+00:00,Hauptstraße 36,46.0,10.26,415.0,50.36368,8.73724,False
2025-07-02 17:00:00+00:00,Hauptstraße 36,35.0,8.085,415.0,50.36368,8.73724,False
2025-07-02 18:00:00+00:00,Hauptstraße 36,23.0,8.27,415.0,50.36368,8.73724,False
2025-07-02 19:00:00+00:00,Hauptstraße 36,16.5,8.73,415.0,50.36368,8.73724,False
2025-07-02 20:00:00+00:00,Hauptstraße 36,14.5,3.3899999999999997,415.0,50.36368,8.73724,False
2025-07-02 21:00:00+00:00,Hauptstraße 36,13.666666666666666,7.539999999999999,415.0,50.36368,8.73724,True
2025-07-02 22:00:00+00:00,Hauptstraße 36,12.833333333333334,11.689999999999998,415.0,50.36368,8.73724,True
2025-07-02 23:00:00+00:00,Hauptstraße 36,12.0,15.84,415.0,50.36368,8.73724,False
2025-07-03 00:00:00+00:00,Hauptstraße 36,10.0,6.64,415.0,50.36368,8.73724,False
2025-07-03 01:00:00+00:00,Hauptstraße 36,4.0,6.71,415.0,50.36368,8.73724,False
2025-07-03 02:00:00+00:00,Hauptstraße 36,3.0,4.9350000000000005,415.0,50.36368,8.73724,False
2025-07-03 03:00:00+00:00,Hauptstraße 36,8.0,1.46,415.0,50.36368,8.73724,False
2025-07-03 04:00:00+00:00,Hauptstraße 36,21.5,9.135,415.0,50.36368,8.73724,False
2025-07-03 05:00:00+00:00,Hauptstraße 36,38.0,7.035,415.0,50.36368,8.73724,False
2025-07-03 06:00:00+00:00,Hauptstraße 36,32.0,4.04,415.0,50.36368,8.73724,False
2025-07-03 07:00:00+00:00,Hauptstraße 36,34.0,5.715,415.0,50.36368,8.73724,False
2025-07-03 08:00:00+00:00,Hauptstraße 36,55.5,11.035,415.0,50.36368,8.73724,False
2025-07-03 09:00:00+00:00,Hauptstraße 36,52.0,10.695,415.0,50.36368,8.73724,False
2025-07-03 10:00:00+00:00,Hauptstraße 36,68.0,8.36,415.0,50.36368,8.73724,False
2025-07-03 11:00:00+00:00,Hauptstraße 36,54.0,7.21,415.0,50.36368,8.73724,False
2025-07-03 12:00:00+00:00,Hauptstraße 36,58.0,8.935,415.0,50.36368,8.73724,False
2025-07-03 13:00:00+00:00,Hauptstraße 36,50.5,5.295,415.0,50.36368,8.73724,False
2025-07-03 14:00:00+00:00,Hauptstraße 36,68.0,5.17,415.0,50.36368,8.73724,False
2025-07-03 15:00:00+00:00,Hauptstraße 36,54.5,6.295,415.0,50.36368,8.73724,False
2025-07-03 16:00:00+00:00,Hauptstraße 36,73.0,7.2,415.0,50.36368,8.73724,False
2025-07-03 17:00:00+00:00,Hauptstraße 36,36.5,7.880000000000001,415.0,50.36368,8.73724,False
2025-07-03 18:00:00+00:00,Hauptstraße 36,22.0,9.23,415.0,50.36368,8.73724,False
2025-07-03 19:00:00+00:00,Hauptstraße 36,13.5,7.845000000000001,415.0,50.36368,8.73724,False
2025-07-03 20:00:00+00:00,Hauptstraße 36,12.0,12.21,415.0,50.36368,8.73724,False
2025-07-03 21:00:00+00:00,Hauptstraße 36,2.0,0.2,415.0,50.36368,8.73724,False
2025-07-03 22:00:00+00:00,Hauptstraße 36,10.0,4.62,415.0,50.36368,8.73724,False
2025-07-03 23:00:00+00:00,Hauptstraße 36,18.0,12.565000000000001,415.0,50.36368,8.73724,False
2025-07-04 00:00:00+00:00,Hauptstraße 36,7.0,7.4,415.0,50.36368,8.73724,False
2025-07-04 01:00:00+00:00,Hauptstraße 36,5.0,17.1,415.0,50.36368,8.73724,False
2025-07-04 02:00:00+00:00,Hauptstraße 36,5.0,5.57,415.0,50.36368,8.73724,False
2025-07-04 03:00:00+00:00,Hauptstraße 36,11.5,5.99,415.0,50.36368,8.73724,False
2025-07-04 04:00:00+00:00,Hauptstraße 36,19.0,7.324999999999999,415.0,50.36368,8.73724,False
2025-07-04 05:00:00+00:00,Hauptstraße 36,41.0,5.17,415.0,50.36368,8.73724,False
2025-07-04 06:00:00+00:00,Hauptstraße 36,44.5,9.8,415.0,50.36368,8.73724,False
2025-07-04 07:00:00+00:00,Hauptstraße 36,38.0,12.875,415.0,50.36368,8.73724,False
2025-07-04 08:00:00+00:00,Hauptstraße 36,85.0,8.5,415.0,50.36368,8.73724,False
2025-07-04 09:00:00+00:00,Hauptstraße 36,75.0,7.67,415.0,50.36368,8.73724,False
2025-07-04 10:00:00+00:00,Hauptstraße 36,66.5,9.035,415.0,50.36368,8.73724,False
2025-07-04 11:00:00+00:00,Hauptstraße 36,57.0,9.585,415.0,50.36368,8.73724,False
2025-07-04 12:00:00+00:00,Hauptstraße 36,70.0,8.88,415.0,50.36368,8.73724,False
2025-07-04 13:00:00+00:00,Hauptstraße 36,23.0,3.39,415.0,50.36368,8.73724,False
2025-07-04 14:00:00+00:00,Hauptstraße 36,16.0,2.59,415.0,50.36368,8.73724,False
2025-07-04 15:00:00+00:00,Hauptstraße 36,92.0,8.855,415.0,50.36368,8.73724,False
2025-07-04 16:00:00+00:00,Hauptstraße 36,65.5,7.965,415.0,50.36368,8.73724,False
2025-07-04 17:00:00+00:00,Hauptstraße 36,35.0,7.99,415.0,50.36368,8.73724,False
2025-07-04 18:00:00+00:00,Hauptstraße 36,33.0,9.92,415.0,50.36368,8.73724,False
2025-07-04 19:00:00+00:00,Hauptstraße 36,18.0,7.865,415.0,50.36368,8.73724,False
2025-07-04 20:00:00+00:00,Hauptstraße 36,7.0,11.37,415.0,50.36368,8.73724,False
2025-07-04 21:00:00+00:00,Hauptstraße 36,12.0,2.56,415.0,50.36368,8.73724,False
2025-07-04 22:00:00+00:00,Hauptstraße 36,11.5,6.109999999999999,415.0,50.36368,8.73724,True
2025-07-04 23:00:00+00:00,Hauptstraße 36,11.0,9.66,415.0,50.36368,8.73724,False
2025-07-05 00:00:00+00:00,Hauptstraße 36,6.5,9.225,415.0,50.36368,8.73724,False
2025-07-05 01:00:00+00:00,Hauptstraße 36,17.0,9.22,415.0,50.36368,8.73724,False
2025-07-05 02:00:00+00:00,Hauptstraße 36,1.0,19.585,415.0,50.36368,8.73724,False
2025-07-05 03:00:00+00:00,Hauptstraße 36,6.0,14.61,415.0,50.36368,8.73724,False
2025-07-05 04:00:00+00:00,Hauptstraße 36,6.0,3.55,415.0,50.36368,8.73724,False
2025-07-05 05:00:00+00:00,Hauptstraße 36,11.0,2.7649999999999997,415.0,50.36368,8.73724,False
2025-07-05 06:00:00+00:00,Hauptstraße 36,18.0,11.85,415.0,50.36368,8.73724,False
2025-07-05 07:00:00+00:00,Hauptstraße 36,9.0,5.925,415.0,50.36368,8.73724,True
2025-07-05 08:00:00+00:00,Hauptstraße 36,0.0,0.0,415.0,50.36368,8.73724,False
2025-07-05 09:00:00+00:00,Hauptstraße 36,44.5,6.029999999999999,415.0,50.36368,8.73724,False
2025-07-05 10:00:00+00:00,Hauptstraße 36,99.5,7.96,415.0,50.36368,8.73724,False
2025-07-05 11:00:00+00:00,Hauptstraße 36,70.0,8.465,415.0,50.36368,8.73724,False
2025-07-05 12:00:00+00:00,Hauptstraße 36,72.5,8.365,415.0,50.36368,8.73724,False
2025-07-05 13:00:00+00:00,Hauptstraße 36,72.0,7.96,415.0,50.36368,8.73724,False
2025-07-05 14:00:00+00:00,Hauptstraße 36,63.0,7.723333333333334,415.0,50.36368,8.73724,True
2025-07-05 15:00:00+00:00,Hauptstraße 36,54.0,7.486666666666666,415.0,50.36368,8.73724,True
2025-07-05 16:00:00+00:00,Hauptstraße 36,45.0,7.25,415.0,50.36368,8.73724,False
2025-07-05 17:00:00+00:00,Hauptstraße 36,42.0,9.43,415.0,50.36368,8.73724,False
2025-07-05 18:00:00+00:00,Hauptstraße 36,32.0,7.54,415.0,50.36368,8.73724,False
2025-07-05 19:00:00+00:00,Hauptstraße 36,24.5,5.77,415.0,50.36368,8.73724,True
2025-07-05 20:00:00+00:00,Hauptstraße 36,17.0,4.0,415.0,50.36368,8.73724,False
2025-07-05 21:00:00+00:00,Hauptstraße 36,4.0,6.32,415.0,50.36368,8.73724,False
2025-07-05 22:00:00+00:00,Hauptstraße 36,11.0,8.245000000000001,415.0,50.36368,8.73724,True
2025-07-05 23:00:00+00:00,Hauptstraße 36,18.0,10.17,415.0,50.36368,8.73724,False
2025-07-06 00:00:00+00:00,Hauptstraße 36,9.0,17.42,415.0,50.36368,8.73724,False
2025-07-06 01:00:00+00:00,Hauptstraße 36,2.0,26.784999999999997,415.0,50.36368,8.73724,False
2025-07-06 02:00:00+00:00,Hauptstraße 36,3.0,6.42,415.0,50.36368,8.73724,False
2025-07-06 03:00:00+00:00,Hauptstraße 36,4.0,28.88,415.0,50.36368,8.73724,False
2025-07-06 04:00:00+00:00,Hauptstraße 36,2.0,4.53,415.0,50.36368,8.73724,False
2025-07-06 05:00:00+00:00,Hauptstraße 36,7.0,16.81,415.0,50.36368,8.73724,False
2025-07-06 06:00:00+00:00,Hauptstraße 36,7.0,2.29,415.0,50.36368,8.73724,False
2025-07-06 07:00:00+00:00,Hauptstraße 36,24.5,4.885,415.0,50.36368,8.73724,False
2025-07-06 08:00:00+00:00,Hauptstraße 36,19.0,9.73,415.0,50.36368,8.73724,False
2025-07-06 09:00:00+00:00,Hauptstraße 36,25.0,10.96,415.0,50.36368,8.73724,False
2025-07-06 10:00:00+00:00,Hauptstraße 36,33.0,10.76,415.0,50.36368,8.73724,False
2025-07-06 11:00:00+00:00,Hauptstraße 36,33.0,5.12,415.0,50.36368,8.73724,False
2025-07-06 12:00:00+00:00,Hauptstraße 36,40.0,12.36,415.0,50.36368,8.73724,False
2025-07-06 13:00:00+00:00,Hauptstraße 36,43.5,4.765000000000001,415.0,50.36368,8.73724,False
2025-07-06 14:00:00+00:00,Hauptstraße 36,10.0,13.785,415.0,50.36368,8.73724,False
2025-07-06 15:00:00+00:00,Hauptstraße 36,15.0,6.85,415.0,50.36368,8.73724,False
2025-07-06 16:00:00+00:00,Hauptstraße 36,12.0,9.195,415.0,50.36368,8.73724,False
2025-07-06 17:00:00+00:00,Hauptstraße 36,21.0,8.495,415.0,50.36368,8.73724,False
2025-07-06 18:00:00+00:00,Hauptstraße 36,6.0,6.27,415.0,50.36368,8.73724,False
2025-07-06 19:00:00+00:00,Hauptstraße 36,8.0,4.965,415.0,50.36368,8.73724,True
2025-07-06 20:00:00+00:00,Hauptstraße 36,10.0,3.66,415.0,50.36368,8.73724,False
2025-07-06 21:00:00+00:00,Hauptstraße 36,3.0,2.37,415.0,50.36368,8.73724,False
2025-07-06 22:00:00+00:00,Hauptstraße 36,,,415.0,50.36368,8.73724,True
2025-07-06 23:00:00+00:00,Hauptstraße 36,,,415.0,50.36368,8.73724,True
2025-07-07 00:00:00+00:00,Hauptstraße 36,,,415.0,50.36368,8.73724,True
2025-07-07 01:00:00+00:00,Hauptstraße 36,4.0,28.07,415.0,50.36368,8.73724,False
2025-07-07 02:00:00+00:00,Hauptstraße 36,4.0,10.07,415.0,50.36368,8.73724,False
2025-07-07 03:00:00+00:00,Hauptstraße 36,14.0,12.219999999999999,415.0,50.36368,8.73724,False
2025-07-07 04:00:00+00:00,Hauptstraße 36,19.0,4.625,415.0,50.36368,8.73724,False
2025-07-07 05:00:00+00:00,Hauptstraße 36,30.0,4.35,415.0,50.36368,8.73724,False
2025-07-07 06:00:00+00:00,Hauptstraße 36,47.0,6.9399999999999995,415.0,50.36368,8.73724,False
2025-07-07 07:00:00+00:00,Hauptstraße 36,57.0,7.13,415.0,50.36368,8.73724,False
2025-07-07 08:00:00+00:00,Hauptstraße 36,43.0,8.31,415.0,50.36368,8.73724,False
2025-07-07 09:00:00+00:00,Hauptstraße 36,48.5,5.58,415.0,50.36368,8.73724,False
2025-07-07 10:00:00+00:00,Hauptstraße 36,58.0,5.609999999999999,415.0,50.36368,8.73724,False
2025-07-07 11:00:00+00:00,Hauptstraße 36,63.0,5.199999999999999,415.0,50.36368,8.73724,True
2025-07-07 12:00:00+00:00,Hauptstraße 36,68.0,4.79,415.0,50.36368,8.73724,False
2025-07-07 13:00:00+00:00,Hauptstraße 36,77.0,6.85,415.0,50.36368,8.73724,False
2025-07-07 14:00:00+00:00,Hauptstraße 36,67.5,12.225,415.0,50.36368,8.73724,False
2025-07-07 15:00:00+00:00,Hauptstraße 36,45.0,10.04,415.0,50.36368,8.73724,False
2025-07-07 16:00:00+00:00,Hauptstraße 36,51.0,6.03,415.0,50.36368,8.73724,False
2025-07-07 17:00:00+00:00,Hauptstraße 36,22.0,8.19,415.0,50.36368,8.73724,False
2025-07-07 18:00:00+00:00,Hauptstraße 36,27.0,7.6,415.0,50.36368,8.73724,False
2025-07-07 19:00:00+00:00,Hauptstraße 36,12.5,5.39,415.0,50.36368,8.73724,False
2025-07-07 20:00:00+00:00,Hauptstraße 36,10.0,18.91,415.0,50.36368,8.73724,False
2025-07-07 21:00:00+00:00,Hauptstraße 36,5.0,2.22,415.0,50.36368,8.73724,False
2025-07-07 22:00:00+00:00,Hauptstraße 36,5.0,3.0175,415.0,50.36368,8.73724,True
2025-07-07 23:00:00+00:00,Hauptstraße 36,5.0,3.815,415.0,50.36368,8.73724,False
2025-07-08 00:00:00+00:00,Hauptstraße 36,5.0,8.74,415.0,50.36368,8.73724,False
2025-07-08 01:00:00+00:00,Hauptstraße 36,8.0,3.85,415.0,50.36368,8.73724,False
2025-07-08 02:00:00+00:00,Hauptstraße 36,2.0,0.47,415.0,50.36368,8.73724,False
2025-07-08 03:00:00+00:00,Hauptstraße 36,4.0,0.99,415.0,50.36368,8.73724,False
2025-07-08 04:00:00+00:00,Hauptstraße 36,23.0,4.135,415.0,50.36368,8.73724,True
2025-07-08 05:00:00+00:00,Hauptstraße 36,42.0,7.279999999999999,415.0,50.36368,8.73724,False
2025-07-08 06:00:00+00:00,Hauptstraße 36,38.0,7.299999999999999,415.0,50.36368,8.73724,False
2025-07-08 07:00:00+00:00,Hauptstraße 36,56.0,10.190000000000001,415.0,50.36368,8.73724,False
2025-07-08 08:00:00+00:00,Hauptstraße 36,53.0,11.91,415.0,50.36368,8.73724,True
2025-07-08 09:00:00+00:00,Hauptstraße 36,50.0,13.63,415.0,50.36368,8.73724,False
2025-07-08 10:00:00+00:00,Hauptstraße 36,56.5,9.85,415.0,50.36368,8.73724,False
2025-07-08 11:00:00+00:00,Hauptstraße 36,72.0,9.29,415.0,50.36368,8.73724,False
2025-07-08 12:00:00+00:00,Hauptstraße 36,44.0,9.98,415.0,50.36368,8.73724,False
2025-07-08 13:00:00+00:00,Hauptstraße 36,45.0,8.87,415.0,50.36368,8.73724,False
2025-07-08 14:00:00+00:00,Hauptstraße 36,,,415.0,50.36368,8.73724,True
2025-07-08 15:00:00+00:00,Hauptstraße 36,,,415.0,50.36368,8.73724,True
2025-07-08 16:00:00+00:00,Hauptstraße 36,,,415.0,50.36368,8.73724,True
2025-07-08 17:00:00+00:00,Hauptstraße 36,,,415.0,50.36368,8.73724,True
2025-07-08 18:00:00+00:00,Hauptstraße 36,,,415.0,50.36368,8.73724,True
2025-07-08 19:00:00+00:00,Hauptstraße 36,,,415.0,50.36368,8.73724,True
2025-07-08 20:00:00+00:00,Hauptstraße 36,,,415.0,50.36368,8.73724,True
2025-07-08 21:00:00+00:00,Hauptstraße 36,,,415.0,50.36368,8.73724,True
2025-07-08 22:00:00+00:00,Hauptstraße 36,,,415.0,50.36368,8.73724,True
2025-07-08 23:00:00+00:00,Hauptstraße 36,,,415.0,50.36368,8.73724,True
2025-07-09 00:00:00+00:00,Hauptstraße 36,,,415.0,50.36368,8.73724,True
2025-07-09 01:00:00+00:00,Hauptstraße 36,,,415.0,50.36368,8.73724,True
2025-07-09 02:00:00+00:00,Hauptstraße 36,,,415.0,50.36368,8.73724,True
2025-07-09 03:00:00+00:00,Hauptstraße 36,,,415.0,50.36368,8.73724,True
2025-07-09 04:00:00+00:00,Hauptstraße 36,,,415.0,50.36368,8.73724,True
2025-07-09 05:00:00+00:00,Hauptstraße 36,,,415.0,50.36368,8.73724,True
2025-07-09 06:00:00+00:00,Hauptstraße 36,,,415.0,50.36368,8.73724,True
2025-07-09 07:00:00+00:00,Hauptstraße 36,45.0,12.27,415.0,50.36368,8.73724,False
2025-07-09 08:00:00+00:00,Hauptstraße 36,35.0,5.53,415.0,50.36368,8.73724,False
2025-07-09 09:00:00+00:00,Hauptstraße 36,55.0,5.39,415.0,50.36368,8.73724,False
2025-07-09 10:00:00+00:00,Hauptstraße 36,52.0,8.35,415.0,50.36368,8.73724,False
2025-07-09 11:00:00+00:00,Hauptstraße 36,55.0,6.94,415.0,50.36368,8.73724,False
2025-07-09 12:00:00+00:00,Hauptstraße 36,54.0,8.355,415.0,50.36368,8.73724,False
2025-07-09 13:00:00+00:00,Hauptstraße 36,54.0,9.0625,415.0,50.36368,8.73724,True
2025-07-09 14:00:00+00:00,Hauptstraße 36,54.0,9.77,415.0,50.36368,8.73724,False
2025-07-09 15:00:00+00:00,Hauptstraße 36,52.0,7.35,415.0,50.36368,8.73724,False
2025-07-09 16:00:00+00:00,Hauptstraße 36,35.5,10.32,415.0,50.36368,8.73724,False
2025-07-09 17:00:00+00:00,Hauptstraße 36,37.0,8.76,415.0,50.36368,8.73724,False
2025-07-09 18:00:00+00:00,Hauptstraße 36,28.0,8.405000000000001,415.0,50.36368,8.73724,False
2025-07-09 19:00:00+00:00,Hauptstraße 36,19.0,4.38,415.0,50.36368,8.73724,False
2025-07-09 20:00:00+00:00,Hauptstraße 36,9.5,2.19,415.0,50.36368,8.73724,True
2025-07-09 21:00:00+00:00,Hauptstraße 36,0.0,0.0,415.0,50.36368,8.73724,False
2025-07-09 22:00:00+00:00,Hauptstraße 36,,,415.0,50.36368,8.73724,True
2025-07-09 23:00:00+00:00,Hauptstraße 36,,,415.0,50.36368,8.73724,True
2025-07-10 00:00:00+00:00,Hauptstraße 36,,,415.0,50.36368,8.73724,True
2025-07-10 01:00:00+00:00,Hauptstraße 36,,,415.0,50.36368,8.73724,True
2025-07-10 02:00:00+00:00,Hauptstraße 36,,,415.0,50.36368,8.73724,True
2025-07-10 03:00:00+00:00,Hauptstraße 36,,,415.0,50.36368,8.73724,True
2025-07-10 04:00:00+00:00,Hauptstraße 36,,,415.0,50.36368,8.73724,True
2025-07-10 05:00:00+00:00,Hauptstraße 36,,,415.0,50.36368,8.73724,True
2025-07-10 06:00:00+00:00,Hauptstraße 36,,,415.0,50.36368,8.73724,True
2025-07-10 07:00:00+00:00,Hauptstraße 36,31.5,11.025,415.0,50.36368,8.73724,False
2025-07-10 08:00:00+00:00,Hauptstraße 36,39.0,8.925,415.0,50.36368,8.73724,False
2025-07-10 09:00:00+00:00,Hauptstraße 36,51.0,8.42,415.0,50.36368,8.73724,False
2025-07-10 10:00:00+00:00,Hauptstraße 36,67.5,6.59,415.0,50.36368,8.73724,False
2025-07-10 11:00:00+00:00,Hauptstraße 36,60.0,6.25,415.0,50.36368,8.73724,False
2025-07-10 12:00:00+00:00,Hauptstraße 36,48.0,5.205,415.0,50.36368,8.73724,False
2025-07-10 13:00:00+00:00,Hauptstraße 36,53.0,7.13,415.0,50.36368,8.73724,False
2025-07-10 14:00:00+00:00,Hauptstraße 36,56.0,11.36,415.0,50.36368,8.73724,False
2025-07-10 15:00:00+00:00,Hauptstraße 36,53.0,10.02,415.0,50.36368,8.73724,False
2025-07-10 16:00:00+00:00,Hauptstraße 36,46.5,6.02,415.0,50.36368,8.73724,False
2025-07-10 17:00:00+00:00,Hauptstraße 36,43.0,5.04,415.0,50.36368,8.73724,False
2025-07-10 18:00:00+00:00,Hauptstraße 36,23.0,6.42,415.0,50.36368,8.73724,False
2025-07-10 19:00:00+00:00,Hauptstraße 36,17.0,7.2,415.0,50.36368,8.73724,False
2025-07-10 20:00:00+00:00,Hauptstraße 36,9.0,5.45,415.0,50.36368,8.73724,False
2025-07-10 21:00:00+00:00,Hauptstraße 36,6.0,2.38,415.0,50.36368,8.73724,False
2025-07-10 22:00:00+00:00,Hauptstraße 36,7.0,7.3549999999999995,415.0,50.36368,8.73724,True
2025-07-10 23:00:00+00:00,Hauptstraße 36,8.0,12.33,415.0,50.36368,8.73724,False
2025-07-11 00:00:00+00:00,Hauptstraße 36,6.0,3.96,415.0,50.36368,8.73724,False
2025-07-11 01:00:00+00:00,Hauptstraße 36,6.0,8.08,415.0,50.36368,8.73724,False
2025-07-11 02:00:00+00:00,Hauptstraße 36,5.0,6.2,415.0,50.36368,8.73724,False
2025-07-11 03:00:00+00:00,Hauptstraße 36,14.5,7.495,415.0,50.36368,8.73724,False
2025-07-11 04:00:00+00:00,Hauptstraße 36,17.0,4.734999999999999,415.0,50.36368,8.73724,False
2025-07-11 05:00:00+00:00,Hauptstraße 36,26.5,9.8,415.0,50.36368,8.73724,False
2025-07-11 06:00:00+00:00,Hauptstraße 36,30.0,4.41,415.0,50.36368,8.73724,False
2025-07-11 07:00:00+00:00,Hauptstraße 36,,,415.0,50.36368,8.73724,True
2025-07-11 08:00:00+00:00,Hauptstraße 36,,,415.0,50.36368,8.73724,True
2025-07-11 09:00:00+00:00,Hauptstraße 36,,,415.0,50.36368,8.73724,True
2025-07-11 10:00:00+00:00,Hauptstraße 36,,,415.0,50.36368,8.73724,True
2025-07-11 11:00:00+00:00,Hauptstraße 36,,,415.0,50.36368,8.73724,True
2025-07-11 12:00:00+00:00,Hauptstraße 36,,,415.0,50.36368,8.73724,True
2025-07-11 13:00:00+00:00,Hauptstraße 36,,,415.0,50.36368,8.73724,True
2025-07-11 14:00:00+00:00,Hauptstraße 36,,,415.0,50.36368,8.73724,True
2025-07-11 15:00:00+00:00,Hauptstraße 36,,,415.0,50.36368,8.73724,True
2025-07-11 16:00:00+00:00,Hauptstraße 36,,,415.0,50.36368,8.73724,True
2025-07-11 17:00:00+00:00,Hauptstraße 36,51.0,9.93,415.0,50.36368,8.73724,False
2025-07-11 18:00:00+00:00,Hauptstraße 36,30.5,10.605,415.0,50.36368,8.73724,True
2025-07-11 19:00:00+00:00,Hauptstraße 36,10.0,11.28,415.0,50.36368,8.73724,False
2025-07-11 20:00:00+00:00,Hauptstraße 36,12.5,4.325,415.0,50.36368,8.73724,False
2025-07-11 21:00:00+00:00,Hauptstraße 36,5.0,1.09,415.0,50.36368,8.73724,False
2025-07-11 22:00:00+00:00,Hauptstraße 36,10.5,10.545,415.0,50.36368,8.73724,True
2025-07-11 23:00:00+00:00,Hauptstraße 36,16.0,20.0,415.0,50.36368,8.73724,False
2025-07-12 00:00:00+00:00,Hauptstraße 36,,,415.0,50.36368,8.73724,True
2025-07-12 01:00:00+00:00,Hauptstraße 36,,,415.0,50.36368,8.73724,True
2025-07-12 02:00:00+00:00,Hauptstraße 36,,,415.0,50.36368,8.73724,True
2025-07-12 03:00:00+00:00,Hauptstraße 36,,,415.0,50.36368,8.73724,True
2025-07-12 04:00:00+00:00,Hauptstraße 36,,,415.0,50.36368,8.73724,True
2025-07-12 05:00:00+00:00,Hauptstraße 36,,,415.0,50.36368,8.73724,True
2025-07-12 06:00:00+00:00,Hauptstraße 36,22.0,6.85,415.0,50.36368,8.73724,False
2025-07-12 07:00:00+00:00,Hauptstraße 36,29.0,11.2,415.0,50.36368,8.73724,False
2025-07-12 08:00:00+00:00,Hauptstraße 36,36.0,9.555,415.0,50.36368,8.73724,True
2025-07-12 09:00:00+00:00,Hauptstraße 36,43.0,7.91,415.0,50.36368,8.73724,True
2025-07-12 10:00:00+00:00,Hauptstraße 36,50.0,6.265,415.0,50.36368,8.73724,False
2025-07-12 11:00:00+00:00,Hauptstraße 36,62.5,9.11,415.0,50.36368,8.73724,False
2025-07-12 12:00:00+00:00,Hauptstraße 36,57.5,9.25,415.0,50.36368,8.73724,False
2025-07-12 13:00:00+00:00,Hauptstraße 36,61.5,11.625,415.0,50.36368,8.73724,False
2025-07-12 14:00:00+00:00,Hauptstraße 36,72.0,8.07,415.0,50.36368,8.73724,False
2025-07-12 15:00:00+00:00,Hauptstraße 36,64.0,6.34,415.0,50.36368,8.73724,False
2025-07-12 16:00:00+00:00,Hauptstraße 36,53.5,5.470000000000001,415.0,50.36368,8.73724,False
2025-07-12 17:00:00+00:00,Hauptstraße 36,39.0,8.24,415.0,50.36368,8.73724,False
2025-07-12 18:00:00+00:00,Hauptstraße 36,29.0,4.815,415.0,50.36368,8.73724,False
2025-07-12 19:00:00+00:00,Hauptstraße 36,26.0,10.78,415.0,50.36368,8.73724,False
2025-07-12 20:00:00+00:00,Hauptstraße 36,19.5,4.795,415.0,50.36368,8.73724,False
2025-07-12 21:00:00+00:00,Hauptstraße 36,4.0,1.725,415.0,50.36368,8.73724,False
2025-07-12 22:00:00+00:00,Hauptstraße 36,42.0,16.59,415.0,50.36368,8.73724,False
2025-07-12 23:00:00+00:00,Hauptstraße 36,18.5,14.375,415.0,50.36368,8.73724,False
2025-07-13 00:00:00+00:00,Hauptstraße 36,9.0,8.09,415.0,50.36368,8.73724,False
2025-07-13 01:00:00+00:00,Hauptstraße 36,4.0,7.72,415.0,50.36368,8.73724,False
2025-07-13 02:00:00+00:00,Hauptstraße 36,7.0,7.765000000000001,415.0,50.36368,8.73724,False
2025-07-13 03:00:00+00:00,Hauptstraße 36,3.0,12.415,415.0,50.36368,8.73724,False
2025-07-13 04:00:00+00:00,Hauptstraße 36,3.0,12.83,415.0,50.36368,8.73724,False
2025-07-13 05:00:00+00:00,Hauptstraße 36,,,415.0,50.36368,8.73724,True
2025-07-13 06:00:00+00:00,Hauptstraße 36,,,415.0,50.36368,8.73724,True
2025-07-13 07:00:00+00:00,Hauptstraße 36,,,415.0,50.36368,8.73724,True
2025-07-13 08:00:00+00:00,Hauptstraße 36,,,415.0,50.36368,8.73724,True
2025-07-13 09:00:00+00:00,Hauptstraße 36,,,415.0,50.36368,8.73724,True
2025-07-13 10:00:00+00:00,Hauptstraße 36,,,415.0,50.36368,8.73724,True
2025-07-13 11:00:00+00:00,Hauptstraße 36,,,415.0,50.36368,8.73724,True
2025-07-13 12:00:00+00:00,Hauptstraße 36,,,415.0,50.36368,8.73724,True
2025-07-13 13:00:00+00:00,Hauptstraße 36,,,415.0,50.36368,8.73724,True
2025-07-13 14:00:00+00:00,Hauptstraße 36,,,415.0,50.36368,8.73724,True
2025-07-13 15:00:00+00:00,Hauptstraße 36,,,415.0,50.36368,8.73724,True
2025-07-13 16:00:00+00:00,Hauptstraße 36,,,415.0,50.36368,8.73724,True
2025-07-13 17:00:00+00:00,Hauptstraße 36,,,415.0,50.36368,8.73724,True
2025-07-13 18:00:00+00:00,Hauptstraße 36,,,415.0,50.36368,8.73724,True
2025-07-13 19:00:00+00:00,Hauptstraße 36,,,415.0,50.36368,8.73724,True
2025-07-13 20:00:00+00:00,Hauptstraße 36,,,415.0,50.36368,8.73724,True
2025-07-13 21:00:00+00:00,Hauptstraße 36,1.5,0.26,415.0,50.36368,8.73724,False
2025-07-13 22:00:00+00:00,Hauptstraße 36,3.75,18.565000000000005,415.0,50.36368,8.73724,True
2025-07-13 23:00:00+00:00,Hauptstraße 36,6.0,36.870000000000005,415.0,50.36368,8.73724,False
2025-06-30 01:00:00+00:00,Hauptstraße 52 Marktplatz,2.0,7.9,415.0,50.3634,8.73534,False
2025-06-30 02:00:00+00:00,Hauptstraße 52 Marktplatz,5.0,7.01,415.0,50.3634,8.73534,False
2025-06-30 03:00:00+00:00,Hauptstraße 52 Marktplatz,3.0,1.76,415.0,50.3634,8.73534,False
2025-06-30 04:00:00+00:00,Hauptstraße 52 Marktplatz,16.0,9.17,415.0,50.3634,8.73534,False
2025-06-30 05:00:00+00:00,Hauptstraße 52 Marktplatz,25.0,3.4000000000000004,415.0,50.3634,8.73534,False
2025-06-30 06:00:00+00:00,Hauptstraße 52 Marktplatz,17.5,4.734999999999999,415.0,50.3634,8.73534,False
2025-06-30 07:00:00+00:00,Hauptstraße 52 Marktplatz,17.5,12.94,415.0,50.3634,8.73534,False
2025-06-30 08:00:00+00:00,Hauptstraße 52 Marktplatz,27.5,10.575,415.0,50.3634,8.73534,True
2025-06-30 09:00:00+00:00,Hauptstraße 52 Marktplatz,37.5,8.21,415.0,50.3634,8.73534,False
2025-06-30 10:00:00+00:00,Hauptstraße 52 Marktplatz,39.5,14.36,415.0,50.3634,8.73534,False
2025-06-30 11:00:00+00:00,Hauptstraße 52 Marktplatz,27.0,10.2,415.0,50.3634,8.73534,False
2025-06-30 12:00:00+00:00,Hauptstraße 52 Marktplatz,44.5,7.5649999999999995,415.0,50.3634,8.73534,False
2025-06-30 13:00:00+00:00,Hauptstraße 52 Marktplatz,23.0,10.68,415.0,50.3634,8.73534,False
2025-06-30 14:00:00+00:00,Hauptstraße 52 Marktplatz,40.0,10.51,415.0,50.3634,8.73534,False
2025-06-30 15:00:00+00:00,Hauptstraße 52 Marktplatz,32.0,9.85,415.0,50.3634,8.73534,False
2025-06-30 16:00:00+00:00,Hauptstraße 52 Marktplatz,49.5,12.015,415.0,50.3634,8.73534,False
2025-06-30 17:00:00+00:00,Hauptstraße 52 Marktplatz,39.0,14.16,415.0,50.3634,8.73534,False
2025-06-30 18:00:00+00:00,Hauptstraße 52 Marktplatz,49.0,16.814999999999998,415.0,50.3634,8.73534,False
2025-06-30 19:00:00+00:00,Hauptstraße 52 Marktplatz,28.0,17.2,415.0,50.3634,8.73534,False
2025-06-30 20:00:00+00:00,Hauptstraße 52 Marktplatz,11.0,6.97,415.0,50.3634,8.73534,False
2025-06-30 21:00:00+00:00,Hauptstraße 52 Marktplatz,2.0,1.7,415.0,50.3634,8.73534,False
2025-06-30 22:00:00+00:00,Hauptstraße 52 Marktplatz,11.0,5.32,415.0,50.3634,8.73534,False
2025-06-30 23:00:00+00:00,Hauptstraße 52 Marktplatz,7.0,1.58,415.0,50.3634,8.73534,False
2025-07-01 00:00:00+00:00,Hauptstraße 52 Marktplatz,1.0,29.0,415.0,50.3634,8.73534,False
2025-07-01 01:00:00+00:00,Hauptstraße 52 Marktplatz,3.0,16.51,415.0,50.3634,8.73534,False
2025-07-01 02:00:00+00:00,Hauptstraße 52 Marktplatz,3.0,3.67,415.0,50.3634,8.73534,False
2025-07-01 03:00:00+00:00,Hauptstraße 52 Marktplatz,3.0,2.05,415.0,50.3634,8.73534,False
2025-07-01 04:00:00+00:00,Hauptstraße 52 Marktplatz,16.0,5.300000000000001,415.0,50.3634,8.73534,False
2025-07-01 05:00:00+00:00,Hauptstraße 52 Marktplatz,32.0,4.98,415.0,50.3634,8.73534,False
2025-07-01 06:00:00+00:00,Hauptstraße 52 Marktplatz,23.0,8.805,415.0,50.3634,8.73534,False
2025-07-01 07:00:00+00:00,Hauptstraße 52 Marktplatz,23.0,7.52,415.0,50.3634,8.73534,False
2025-07-01 08:00:00+00:00,Hauptstraße 52 Marktplatz,21.0,15.5,415.0,50.3634,8.73534,False
2025-07-01 09:00:00+00:00,Hauptstraße 52 Marktplatz,27.0,6.71,415.0,50.3634,8.73534,False
2025-07-01 10:00:00+00:00,Hauptstraße 52 Marktplatz,24.0,7.44,415.0,50.3634,8.73534,False
2025-07-01 11:00:00+00:00,Hauptstraße 52 Marktplatz,24.5,3.775,415.0,50.3634,8.73534,False
2025-07-01 12:00:00+00:00,Hauptstraße 52 Marktplatz,19.0,9.47,415.0,50.3634,8.73534,False
2025-07-01 13:00:00+00:00,Hauptstraße 52 Marktplatz,19.0,12.17,415.0,50.3634,8.73534,False
2025-07-01 14:00:00+00:00,Hauptstraße 52 Marktplatz,26.0,10.47,415.0,50.3634,8.73534,False
2025-07-01 15:00:00+00:00,Hauptstraße 52 Marktplatz,23.5,5.34,415.0,50.3634,8.73534,False
2025-07-01 16:00:00+00:00,Hauptstraße 52 Marktplatz,34.5,6.6899999999999995,415.0,50.3634,8.73534,False
2025-07-01 17:00:00+00:00,Hauptstraße 52 Marktplatz,40.0,15.065,415.0,50.3634,8.73534,False
2025-07-01 18:00:00+00:00,Hauptstraße 52 Marktplatz,29.0,17.4,415.0,50.3634,8.73534,False
2025-07-01 19:00:00+00:00,Hauptstraße 52 Marktplatz,25.0,12.8,415.0,50.3634,8.73534,False
2025-07-01 20:00:00+00:00,Hauptstraße 52 Marktplatz,9.0,7.43,415.0,50.3634,8.73534,False
2025-07-01 21:00:00+00:00,Hauptstraße 52 Marktplatz,1.0,0.13,415.0,50.3634,8.73534,False
2025-07-01 22:00:00+00:00,Hauptstraße 52 Marktplatz,13.0,28.21,415.0,50.3634,8.73534,False
2025-07-01 23:00:00+00:00,Hauptstraße 52 Marktplatz,4.0,26.66,415.0,50.3634,8.73534,False
2025-07-02 00:00:00+00:00,Hauptstraße 52 Marktplatz,2.0,13.33,415.0,50.3634,8.73534,True
2025-07-02 01:00:00+00:00,Hauptstraße 52 Marktplatz,0.0,0.0,415.0,50.3634,8.73534,False
2025-07-02 02:00:00+00:00,Hauptstraße 52 Marktplatz,3.0,14.62,415.0,50.3634,8.73534,False
2025-07-02 03:00:00+00:00,Hauptstraße 52 Marktplatz,4.0,7.62,415.0,50.3634,8.73534,False
2025-07-02 04:00:00+00:00,Hauptstraße 52 Marktplatz,7.0,8.2,415.0,50.3634,8.73534,False
2025-07-02 05:00:00+00:00,Hauptstraße 52 Marktplatz,33.0,6.93,415.0,50.3634,8.73534,False
2025-07-02 06:00:00+00:00,Hauptstraße 52 Marktplatz,26.0,7.17,415.0,50.3634,8.73534,False
2025-07-02 07:00:00+00:00,Hauptstraße 52 Marktplatz,20.0,8.615,415.0,50.3634,8.73534,False
2025-07-02 08:00:00+00:00,Hauptstraße 52 Marktplatz,21.0,11.65,415.0,50.3634,8.73534,False
2025-07-02 09:00:00+00:00,Hauptstraße 52 Marktplatz,31.0,9.955,415.0,50.3634,8.73534,False
2025-07-02 10:00:00+00:00,Hauptstraße 52 Marktplatz,29.5,9.975000000000001,415.0,50.3634,8.73534,False
2025-07-02 11:00:00+00:00,Hauptstraße 52 Marktplatz,25.0,10.235,415.0,50.3634,8.73534,False
2025-07-02 12:00:00+00:00,Hauptstraße 52 Marktplatz,22.0,5.22,415.0,50.3634,8.73534,False
2025-07-02 13:00:00+00:00,Hauptstraße 52 Marktplatz,23.0,8.16,415.0,50.3634,8.73534,False
2025-07-02 14:00:00+00:00,Hauptstraße 52 Marktplatz,37.5,9.344999999999999,415.0,50.3634,8.73534,False
2025-07-02 15:00:00+00:00,Hauptstraße 52 Marktplatz,33.5,15.190000000000001,415.0,50.3634,8.73534,False
2025-07-02 16:00:00+00:00,Hauptstraße 52 Marktplatz,36.5,11.825,415.0,50.3634,8.73534,False
2025-07-02 17:00:00+00:00,Hauptstraße 52 Marktplatz,29.5,17.945,415.0,50.3634,8.73534,False
2025-07-02 18:00:00+00:00,Hauptstraße 52 Marktplatz,37.0,22.25,415.0,50.3634,8.73534,False
2025-07-02 19:00:00+00:00,Hauptstraße 52 Marktplatz,23.0,9.395,415.0,50.3634,8.73534,False
2025-07-02 20:00:00+00:00,Hauptstraße 52 Marktplatz,6.0,8.02,415.0,50.3634,8.73534,False
2025-07-02 21:00:00+00:00,Hauptstraße 52 Marktplatz,5.333333333333333,21.229999999999997,415.0,50.3634,8.73534,True
2025-07-02 22:00:00+00:00,Hauptstraße 52 Marktplatz,4.666666666666667,34.44,415.0,50.3634,8.73534,True
2025-07-02 23:00:00+00:00,Hauptstraße 52 Marktplatz,4.0,47.65,415.0,50.3634,8.73534,False
2025-07-03 00:00:00+00:00,Hauptstraße 52 Marktplatz,3.0,56.915,415.0,50.3634,8.73534,False
2025-07-03 01:00:00+00:00,Hauptstraße 52 Marktplatz,1.0,2.43,415.0,50.3634,8.73534,False
2025-07-03 02:00:00+00:00,Hauptstraße 52 Marktplatz,1.0,45.5,415.0,50.3634,8.73534,False
2025-07-03 03:00:00+00:00,Hauptstraße 52 Marktplatz,3.0,9.665,415.0,50.3634,8.73534,False
2025-07-03 04:00:00+00:00,Hauptstraße 52 Marktplatz,16.0,7.35,415.0,50.3634,8.73534,False
2025-07-03 05:00:00+00:00,Hauptstraße 52 Marktplatz,24.0,6.795,415.0,50.3634,8.73534,False
2025-07-03 06:00:00+00:00,Hauptstraße 52 Marktplatz,24.0,8.195,415.0,50.3634,8.73534,False
2025-07-03 07:00:00+00:00,Hauptstraße 52 Marktplatz,19.0,12.425,415.0,50.3634,8.73534,False
2025-07-03 08:00:00+00:00,Hauptstraße 52 Marktplatz,28.5,11.035,415.0,50.3634,8.73534,False
2025-07-03 09:00:00+00:00,Hauptstraße 52 Marktplatz,37.5,14.14,415.0,50.3634,8.73534,False
2025-07-03 10:00:00+00:00,Hauptstraße 52 Marktplatz,28.0,11.21,415.0,50.3634,8.73534,False
2025-07-03 11:00:00+00:00,Hauptstraße 52 Marktplatz,37.0,9.36,415.0,50.3634,8.73534,False
2025-07-03 12:00:00+00:00,Hauptstraße 52 Marktplatz,36.0,8.55,415.0,50.3634,8.73534,False
2025-07-03 13:00:00+00:00,Hauptstraße 52 Marktplatz,32.0,14.015,415.0,50.3634,8.73534,False
2025-07-03 14:00:00+00:00,Hauptstraße 52 Marktplatz,31.5,11.605,415.0,50.3634,8.73534,False
2025-07-03 15:00:00+00:00,Hauptstraße 52 Marktplatz,50.0,10.870000000000001,415.0,50.3634,8.73534,False
2025-07-03 16:00:00+00:00,Hauptstraße 52 Marktplatz,34.0,13.27,415.0,50.3634,8.73534,False
2025-07-03 17:00:00+00:00,Hauptstraße 52 Marktplatz,33.0,10.030000000000001,415.0,50.3634,8.73534,False
2025-07-03 18:00:00+00:00,Hauptstraße 52 Marktplatz,18.0,15.145,415.0,50.3634,8.73534,False
2025-07-03 19:00:00+00:00,Hauptstraße 52 Marktplatz,19.0,13.46,415.0,50.3634,8.73534,False
2025-07-03 20:00:00+00:00,Hauptstraße 52 Marktplatz,13.0,15.64,415.0,50.3634,8.73534,False
2025-07-03 21:00:00+00:00,Hauptstraße 52 Marktplatz,1.0,0.08,415.0,50.3634,8.73534,False
2025-07-03 22:00:00+00:00,Hauptstraße 52 Marktplatz,8.0,13.35,415.0,50.3634,8.73534,False
2025-07-03 23:00:00+00:00,Hauptstraße 52 Marktplatz,11.0,12.94,415.0,50.3634,8.73534,False
2025-07-04 00:00:00+00:00,Hauptstraße 52 Marktplatz,6.0,9.73,415.0,50.3634,8.73534,True
2025-07-04 01:00:00+00:00,Hauptstraße 52 Marktplatz,1.0,6.52,415.0,50.3634,8.73534,False
2025-07-04 02:00:00+00:00,Hauptstraße 52 Marktplatz,4.0,1.29,415.0,50.3634,8.73534,False
2025-07-04 03:00:00+00:00,Hauptstraße 52 Marktplatz,8.0,13.25,415.0,50.3634,8.73534,False
2025-07-04 04:00:00+00:00,Hauptstraße 52 Marktplatz,18.0,13.05,415.0,50.3634,8.73534,False
2025-07-04 05:00:00+00:00,Hauptstraße 52 Marktplatz,34.5,5.74,415.0,50.3634,8.73534,False
2025-07-04 06:00:00+00:00,Hauptstraße 52 Marktplatz,12.0,6.99,415.0,50.3634,8.73534,False
2025-07-04 07:00:00+00:00,Hauptstraße 52 Marktplatz,21.0,8.355,415.0,50.3634,8.73534,False
2025-07-04 08:00:00+00:00,Hauptstraße 52 Marktplatz,57.0,14.315000000000001,415.0,50.3634,8.73534,False
2025-07-04 09:00:00+00:00,Hauptstraße 52 Marktplatz,72.0,10.94,415.0,50.3634,8.73534,False
2025-07-04 10:00:00+00:00,Hauptstraße 52 Marktplatz,63.0,13.395,415.0,50.3634,8.73534,False
2025-07-04 11:00:00+00:00,Hauptstraße 52 Marktplatz,58.0,11.965,415.0,50.3634,8.73534,False
2025-07-04 12:00:00+00:00,Hauptstraße 52 Marktplatz,50.0,7.36,415.0,50.3634,8.73534,False
2025-07-04 13:00:00+00:00,Hauptstraße 52 Marktplatz,17.0,4.06,415.0,50.3634,8.73534,False
2025-07-04 14:00:00+00:00,Hauptstraße 52 Marktplatz,17.0,4.535,415.0,50.3634,8.73534,False
2025-07-04 15:00:00+00:00,Hauptstraße 52 Marktplatz,60.5,8.685,415.0,50.3634,8.73534,False
2025-07-04 16:00:00+00:00,Hauptstraße 52 Marktplatz,68.0,17.1,415.0,50.3634,8.73534,False
2025-07-04 17:00:00+00:00,Hauptstraße 52 Marktplatz,44.0,10.82,415.0,50.3634,8.73534,False
2025-07-04 18:00:00+00:00,Hauptstraße 52 Marktplatz,46.5,11.89,415.0,50.3634,8.73534,False
2025-07-04 19:00:00+00:00,Hauptstraße 52 Marktplatz,30.0,8.149999999999999,415.0,50.3634,8.73534,False
2025-07-04 20:00:00+00:00,Hauptstraße 52 Marktplatz,21.0,4.97,415.0,50.3634,8.73534,False
2025-07-04 21:00:00+00:00,Hauptstraße 52 Marktplatz,6.0,2.38,415.0,50.3634,8.73534,False
2025-07-04 22:00:00+00:00,Hauptstraße 52 Marktplatz,5.0,2.49,415.0,50.3634,8.73534,True
2025-07-04 23:00:00+00:00,Hauptstraße 52 Marktplatz,4.0,2.6,415.0,50.3634,8.73534,False
2025-07-05 00:00:00+00:00,Hauptstraße 52 Marktplatz,6.0,18.73,415.0,50.3634,8.73534,False
2025-07-05 01:00:00+00:00,Hauptstraße 52 Marktplatz,3.0,14.27,415.0,50.3634,8.73534,False
2025-07-05 02:00:00+00:00,Hauptstraße 52 Marktplatz,2.5,27.15,415.0,50.3634,8.73534,False
2025-07-05 03:00:00+00:00,Hauptstraße 52 Marktplatz,4.0,3.87,415.0,50.3634,8.73534,False
2025-07-05 04:00:00+00:00,Hauptstraße 52 Marktplatz,5.0,18.77,415.0,50.3634,8.73534,False
2025-07-05 05:00:00+00:00,Hauptstraße 52 Marktplatz,8.0,12.305,415.0,50.3634,8.73534,False
2025-07-05 06:00:00+00:00,Hauptstraße 52 Marktplatz,15.0,2.75,415.0,50.3634,8.73534,False
2025-07-05 07:00:00+00:00,Hauptstraße 52 Marktplatz,7.5,1.375,415.0,50.3634,8.73534,True
2025-07-05 08:00:00+00:00,Hauptstraße 52 Marktplatz,0.0,0.0,415.0,50.3634,8.73534,False
2025-07-05 09:00:00+00:00,Hauptstraße 52 Marktplatz,25.0,1.75,415.0,50.3634,8.73534,False
2025-07-05 10:00:00+00:00,Hauptstraße 52 Marktplatz,69.0,10.925,415.0,50.3634,8.73534,False
2025-07-05 11:00:00+00:00,Hauptstraße 52 Marktplatz,72.0,11.489999999999998,415.0,50.3634,8.73534,False
2025-07-05 12:00:00+00:00,Hauptstraße 52 Marktplatz,50.0,10.77,415.0,50.3634,8.73534,False
2025-07-05 13:00:00+00:00,Hauptstraße 52 Marktplatz,38.0,8.3,415.0,50.3634,8.73534,False
2025-07-05 14:00:00+00:00,Hauptstraße 52 Marktplatz,41.333333333333336,8.496666666666668,415.0,50.3634,8.73534,True
2025-07-05 15:00:00+00:00,Hauptstraße 52 Marktplatz,44.666666666666664,8.693333333333333,415.0,50.3634,8.73534,True
2025-07-05 16:00:00+00:00,Hauptstraße 52 Marktplatz,48.0,8.89,415.0,50.3634,8.73534,False
2025-07-05 17:00:00+00:00,Hauptstraße 52 Marktplatz,62.0,11.95,415.0,50.3634,8.73534,False
2025-07-05 18:00:00+00:00,Hauptstraße 52 Marktplatz,32.0,14.05,415.0,50.3634,8.73534,False
2025-07-05 19:00:00+00:00,Hauptstraße 52 Marktplatz,23.0,18.240000000000002,415.0,50.3634,8.73534,True
2025-07-05 20:00:00+00:00,Hauptstraße 52 Marktplatz,14.0,22.43,415.0,50.3634,8.73534,False
2025-07-05 21:00:00+00:00,Hauptstraße 52 Marktplatz,8.0,4.73,415.0,50.3634,8.73534,False
2025-07-05 22:00:00+00:00,Hauptstraße 52 Marktplatz,9.5,6.1,415.0,50.3634,8.73534,True
2025-07-05 23:00:00+00:00,Hauptstraße 52 Marktplatz,11.0,7.47,415.0,50.3634,8.73534,False
2025-07-06 00:00:00+00:00,Hauptstraße 52 Marktplatz,4.0,6.98,415.0,50.3634,8.73534,False
2025-07-06 01:00:00+00:00,Hauptstraße 52 Marktplatz,3.0,5.49,415.0,50.3634,8.73534,False
2025-07-06 02:00:00+00:00,Hauptstraße 52 Marktplatz,1.5,2.745,415.0,50.3634,8.73534,True
2025-07-06 03:00:00+00:00,Hauptstraße 52 Marktplatz,0.0,0.0,415.0,50.3634,8.73534,False
2025-07-06 04:00:00+00:00,Hauptstraße 52 Marktplatz,3.25,2.1225,415.0,50.3634,8.73534,True
2025-07-06 05:00:00+00:00,Hauptstraße 52 Marktplatz,6.5,4.245,415.0,50.3634,8.73534,False
2025-07-06 06:00:00+00:00,Hauptstraße 52 Marktplatz,11.0,6.11,415.0,50.3634,8.73534,False
2025-07-06 07:00:00+00:00,Hauptstraße 52 Marktplatz,11.0,7.0600000000000005,415.0,50.3634,8.73534,False
2025-07-06 08:00:00+00:00,Hauptstraße 52 Marktplatz,15.0,6.93,415.0,50.3634,8.73534,False
2025-07-06 09:00:00+00:00,Hauptstraße 52 Marktplatz,21.0,6.825,415.0,50.3634,8.73534,False
2025-07-06 10:00:00+00:00,Hauptstraße 52 Marktplatz,24.0,11.57,415.0,50.3634,8.73534,False
2025-07-06 11:00:00+00:00,Hauptstraße 52 Marktplatz,25.0,10.84,415.0,50.3634,8.73534,True
2025-07-06 12:00:00+00:00,Hauptstraße 52 Marktplatz,26.0,10.11,415.0,50.3634,8.73534,False
2025-07-06 13:00:00+00:00,Hauptstraße 52 Marktplatz,39.0,10.72,415.0,50.3634,8.73534,False
2025-07-06 14:00:00+00:00,Hauptstraße 52 Marktplatz,20.0,16.02,415.0,50.3634,8.73534,False
2025-07-06 15:00:00+00:00,Hauptstraße 52 Marktplatz,12.0,7.17,415.0,50.3634,8.73534,False
2025-07-06 16:00:00+00:00,Hauptstraße 52 Marktplatz,18.0,11.3,415.0,50.3634,8.73534,False
2025-07-06 17:00:00+00:00,Hauptstraße 52 Marktplatz,10.5,9.379999999999999,415.0,50.3634,8.73534,False
2025-07-06 18:00:00+00:00,Hauptstraße 52 Marktplatz,17.0,11.16,415.0,50.3634,8.73534,False
2025-07-06 19:00:00+00:00,Hauptstraße 52 Marktplatz,8.0,9.44,415.0,50.3634,8.73534,False
2025-07-06 20:00:00+00:00,Hauptstraße 52 Marktplatz,7.0,16.065,415.0,50.3634,8.73534,False
2025-07-06 21:00:00+00:00,Hauptstraße 52 Marktplatz,1.0,19.67,415.0,50.3634,8.73534,False
2025-07-06 22:00:00+00:00,Hauptstraße 52 Marktplatz,,,415.0,50.3634,8.73534,True
2025-07-06 23:00:00+00:00,Hauptstraße 52 Marktplatz,,,415.0,50.3634,8.73534,True
2025-07-07 00:00:00+00:00,Hauptstraße 52 Marktplatz,,,415.0,50.3634,8.73534,True
2025-07-07 01:00:00+00:00,Hauptstraße 52 Marktplatz,2.0,7.555,415.0,50.3634,8.73534,False
2025-07-07 02:00:00+00:00,Hauptstraße 52 Marktplatz,3.0,1.89,415.0,50.3634,8.73534,False
2025-07-07 03:00:00+00:00,Hauptstraße 52 Marktplatz,1.0,0.18,415.0,50.3634,8.73534,False
2025-07-07 04:00:00+00:00,Hauptstraße 52 Marktplatz,17.0,4.875,415.0,50.3634,8.73534,False
2025-07-07 05:00:00+00:00,Hauptstraße 52 Marktplatz,23.0,3.92,415.0,50.3634,8.73534,False
2025-07-07 06:00:00+00:00,Hauptstraße 52 Marktplatz,29.5,6.18,415.0,50.3634,8.73534,False
2025-07-07 07:00:00+00:00,Hauptstraße 52 Marktplatz,24.0,5.135,415.0,50.3634,8.73534,False
2025-07-07 08:00:00+00:00,Hauptstraße 52 Marktplatz,24.0,5.58,415.0,50.3634,8.73534,False
2025-07-07 09:00:00+00:00,Hauptstraße 52 Marktplatz,19.0,5.305,415.0,50.3634,8.73534,False
2025-07-07 10:00:00+00:00,Hauptstraße 52 Marktplatz,17.0,5.475,415.0,50.3634,8.73534,False
2025-07-07 11:00:00+00:00,Hauptstraße 52 Marktplatz,16.5,5.297499999999999,415.0,50.3634,8.73534,True
2025-07-07 12:00:00+00:00,Hauptstraße 52 Marktplatz,16.0,5.12,415.0,50.3634,8.73534,False
2025-07-07 13:00:00+00:00,Hauptstraße 52 Marktplatz,32.0,9.13,415.0,50.3634,8.73534,False
2025-07-07 14:00:00+00:00,Hauptstraße 52 Marktplatz,17.0,10.004999999999999,415.0,50.3634,8.73534,False
2025-07-07 15:00:00+00:00,Hauptstraße 52 Marktplatz,20.0,15.11,415.0,50.3634,8.73534,False
2025-07-07 16:00:00+00:00,Hauptstraße 52 Marktplatz,34.0,10.09,415.0,50.3634,8.73534,False
2025-07-07 17:00:00+00:00,Hauptstraße 52 Marktplatz,9.5,33.46,415.0,50.3634,8.73534,False
2025-07-07 18:00:00+00:00,Hauptstraße 52 Marktplatz,18.0,9.24,415.0,50.3634,8.73534,False
2025-07-07 19:00:00+00:00,Hauptstraße 52 Marktplatz,6.5,17.445,415.0,50.3634,8.73534,False
2025-07-07 20:00:00+00:00,Hauptstraße 52 Marktplatz,10.0,13.28,415.0,50.3634,8.73534,False
2025-07-07 21:00:00+00:00,Hauptstraße 52 Marktplatz,2.0,9.52,415.0,50.3634,8.73534,False
2025-07-07 22:00:00+00:00,Hauptstraße 52 Marktplatz,9.0,4.65,415.0,50.3634,8.73534,False
2025-07-07 23:00:00+00:00,Hauptstraße 52 Marktplatz,6.0,11.74,415.0,50.3634,8.73534,False
2025-07-08 00:00:00+00:00,Hauptstraße 52 Marktplatz,2.0,4.83,415.0,50.3634,8.73534,False
2025-07-08 01:00:00+00:00,Hauptstraße 52 Marktplatz,3.0,28.52,415.0,50.3634,8.73534,False
2025-07-08 02:00:00+00:00,Hauptstraße 52 Marktplatz,3.5,16.015,415.0,50.3634,8.73534,False
2025-07-08 03:00:00+00:00,Hauptstraße 52 Marktplatz,7.5,12.790000000000001,415.0,50.3634,8.73534,True
2025-07-08 04:00:00+00:00,Hauptstraße 52 Marktplatz,11.5,9.565000000000001,415.0,50.3634,8.73534,True
2025-07-08 05:00:00+00:00,Hauptstraße 52 Marktplatz,15.5,6.34,415.0,50.3634,8.73534,False
2025-07-08 06:00:00+00:00,Hauptstraße 52 Marktplatz,22.0,4.085,415.0,50.3634,8.73534,False
2025-07-08 07:00:00+00:00,Hauptstraße 52 Marktplatz,18.0,8.46,415.0,50.3634,8.73534,False
2025-07-08 08:00:00+00:00,Hauptstraße 52 Marktplatz,21.0,7.53,415.0,50.3634,8.73534,True
2025-07-08 09:00:00+00:00,Hauptstraße 52 Marktplatz,24.0,6.6,415.0,50.3634,8.73534,False
2025-07-08 10:00:00+00:00,Hauptstraße 52 Marktplatz,33.5,9.920000000000002,415.0,50.3634,8.73534,False
2025-07-08 11:00:00+00:00,Hauptstraße 52 Marktplatz,35.5,8.745000000000001,415.0,50.3634,8.73534,False
2025-07-08 12:00:00+00:00,Hauptstraße 52 Marktplatz,31.0,6.49,415.0,50.3634,8.73534,False
2025-07-08 13:00:00+00:00,Hauptstraße 52 Marktplatz,17.0,14.03,415.0,50.3634,8.73534,False
2025-07-08 14:00:00+00:00,Hauptstraße 52 Marktplatz,,,415.0,50.3634,8.73534,True
2025-07-08 15:00:00+00:00,Hauptstraße 52 Marktplatz,,,415.0,50.3634,8.73534,True
2025-07-08 16:00:00+00:00,Hauptstraße 52 Marktplatz,,,415.0,50.3634,8.73534,True
2025-07-08 17:00:00+00:00,Hauptstraße 52 Marktplatz,,,415.0,50.3634,8.73534,True
2025-07-08 18:00:00+00:00,Hauptstraße 52 Marktplatz,,,415.0,50.3634,8.73534,True
2025-07-08 19:00:00+00:00,Hauptstraße 52 Marktplatz,,,415.0,50.3634,8.73534,True
2025-07-08 20:00:00+00:00,Hauptstraße 52 Marktplatz,,,415.0,50.3634,8.73534,True
2025-07-08 21:00:00+00:00,Hauptstraße 52 Marktplatz,,,415.0,50.3634,8.73534,True
2025-07-08 22:00:00+00:00,Hauptstraße 52 Marktplatz,,,415.0,50.3634,8.73534,True
2025-07-08 23:00:00+00:00,Hauptstraße 52 Marktplatz,,,415.0,50.3634,8.73534,True
2025-07-09 00:00:00+00:00,Hauptstraße 52 Marktplatz,,,415.0,50.3634,8.73534,True
2025-07-09 01:00:00+00:00,Hauptstraße 52 Marktplatz,,,415.0,50.3634,8.73534,True
2025-07-09 02:00:00+00:00,Hauptstraße 52 Marktplatz,,,415.0,50.3634,8.73534,True
2025-07-09 03:00:00+00:00,Hauptstraße 52 Marktplatz,,,415.0,50.3634,8.73534,True
2025-07-09 04:00:00+00:00,Hauptstraße 52 Marktplatz,,,415.0,50.3634,8.73534,True
2025-07-09 05:00:00+00:00,Hauptstraße 52 Marktplatz,,,415.0,50.3634,8.73534,True
2025-07-09 06:00:00+00:00,Hauptstraße 52 Marktplatz,,,415.0,50.3634,8.73534,True
2025-07-09 07:00:00+00:00,Hauptstraße 52 Marktplatz,15.5,10.465,415.0,50.3634,8.73534,False
2025-07-09 08:00:00+00:00,Hauptstraße 52 Marktplatz,19.0,6.79,415.0,50.3634,8.73534,False
2025-07-09 09:00:00+00:00,Hauptstraße 52 Marktplatz,24.0,5.0,415.0,50.3634,8.73534,False
2025-07-09 10:00:00+00:00,Hauptstraße 52 Marktplatz,43.0,13.45,415.0,50.3634,8.73534,False
2025-07-09 11:00:00+00:00,Hauptstraße 52 Marktplatz,40.0,10.51,415.0,50.3634,8.73534,False
2025-07-09 12:00:00+00:00,Hauptstraße 52 Marktplatz,25.0,11.105,415.0,50.3634,8.73534,False
2025-07-09 13:00:00+00:00,Hauptstraße 52 Marktplatz,25.5,10.877500000000001,415.0,50.3634,8.73534,True
2025-07-09 14:00:00+00:00,Hauptstraße 52 Marktplatz,26.0,10.65,415.0,50.3634,8.73534,False
2025-07-09 15:00:00+00:00,Hauptstraße 52 Marktplatz,43.5,11.945,415.0,50.3634,8.73534,False
2025-07-09 16:00:00+00:00,Hauptstraße 52 Marktplatz,50.0,12.935,415.0,50.3634,8.73534,False
2025-07-09 17:00:00+00:00,Hauptstraße 52 Marktplatz,58.0,14.46,415.0,50.3634,8.73534,False
2025-07-09 18:00:00+00:00,Hauptstraße 52 Marktplatz,44.5,10.105,415.0,50.3634,8.73534,False
2025-07-09 19:00:00+00:00,Hauptstraße 52 Marktplatz,16.0,18.8,415.0,50.3634,8.73534,False
2025-07-09 20:00:00+00:00,Hauptstraße 52 Marktplatz,7.0,8.13,415.0,50.3634,8.73534,False
2025-07-09 21:00:00+00:00,Hauptstraße 52 Marktplatz,3.0,5.46,415.0,50.3634,8.73534,False
2025-07-09 22:00:00+00:00,Hauptstraße 52 Marktplatz,,,415.0,50.3634,8.73534,True
2025-07-09 23:00:00+00:00,Hauptstraße 52 Marktplatz,,,415.0,50.3634,8.73534,True
2025-07-10 00:00:00+00:00,Hauptstraße 52 Marktplatz,,,415.0,50.3634,8.73534,True
2025-07-10 01:00:00+00:00,Hauptstraße 52 Marktplatz,,,415.0,50.3634,8.73534,True
2025-07-10 02:00:00+00:00,Hauptstraße 52 Marktplatz,,,415.0,50.3634,8.73534,True
2025-07-10 03:00:00+00:00,Hauptstraße 52 Marktplatz,,,415.0,50.3634,8.73534,True
2025-07-10 04:00:00+00:00,Hauptstraße 52 Marktplatz,,,415.0,50.3634,8.73534,True
2025-07-10 05:00:00+00:00,Hauptstraße 52 Marktplatz,,,415.0,50.3634,8.73534,True
2025-07-10 06:00:00+00:00,Hauptstraße 52 Marktplatz,,,415.0,50.3634,8.73534,True
2025-07-10 07:00:00+00:00,Hauptstraße 52 Marktplatz,13.0,8.415,415.0,50.3634,8.73534,False
2025-07-10 08:00:00+00:00,Hauptstraße 52 Marktplatz,32.5,7.859999999999999,415.0,50.3634,8.73534,False
2025-07-10 09:00:00+00:00,Hauptstraße 52 Marktplatz,40.0,8.559999999999999,415.0,50.3634,8.73534,False
2025-07-10 10:00:00+00:00,Hauptstraße 52 Marktplatz,38.0,9.04,415.0,50.3634,8.73534,False
2025-07-10 11:00:00+00:00,Hauptstraße 52 Marktplatz,38.5,11.64,415.0,50.3634,8.73534,False
2025-07-10 12:00:00+00:00,Hauptstraße 52 Marktplatz,34.5,6.025,415.0,50.3634,8.73534,False
2025-07-10 13:00:00+00:00,Hauptstraße 52 Marktplatz,30.0,10.415,415.0,50.3634,8.73534,False
2025-07-10 14:00:00+00:00,Hauptstraße 52 Marktplatz,18.5,13.07,415.0,50.3634,8.73534,False
2025-07-10 15:00:00+00:00,Hauptstraße 52 Marktplatz,45.0,16.27,415.0,50.3634,8.73534,False
2025-07-10 16:00:00+00:00,Hauptstraße 52 Marktplatz,74.0,15.620000000000001,415.0,50.3634,8.73534,False
2025-07-10 17:00:00+00:00,Hauptstraße 52 Marktplatz,61.0,13.805,415.0,50.3634,8.73534,False
2025-07-10 18:00:00+00:00,Hauptstraße 52 Marktplatz,49.0,9.665,415.0,50.3634,8.73534,False
2025-07-10 19:00:00+00:00,Hauptstraße 52 Marktplatz,29.0,18.05,415.0,50.3634,8.73534,False
2025-07-10 20:00:00+00:00,Hauptstraße 52 Marktplatz,10.0,9.575,415.0,50.3634,8.73534,False
2025-07-10 21:00:00+00:00,Hauptstraße 52 Marktplatz,3.0,2.95,415.0,50.3634,8.73534,False
2025-07-10 22:00:00+00:00,Hauptstraße 52 Marktplatz,4.5,9.27,415.0,50.3634,8.73534,True
2025-07-10 23:00:00+00:00,Hauptstraße 52 Marktplatz,6.0,15.59,415.0,50.3634,8.73534,False
2025-07-11 00:00:00+00:00,Hauptstraße 52 Marktplatz,3.0,17.12,415.0,50.3634,8.73534,False
2025-07-11 01:00:00+00:00,Hauptstraße 52 Marktplatz,2.0,3.98,415.0,50.3634,8.73534,False
2025-07-11 02:00:00+00:00,Hauptstraße 52 Marktplatz,1.0,0.32,415.0,50.3634,8.73534,False
2025-07-11 03:00:00+00:00,Hauptstraße 52 Marktplatz,7.0,6.955,415.0,50.3634,8.73534,False
2025-07-11 04:00:00+00:00,Hauptstraße 52 Marktplatz,11.0,6.4350000000000005,415.0,50.3634,8.73534,False
2025-07-11 05:00:00+00:00,Hauptstraße 52 Marktplatz,16.0,4.825,415.0,50.3634,8.73534,False
2025-07-11 06:00:00+00:00,Hauptstraße 52 Marktplatz,15.0,3.4,415.0,50.3634,8.73534,False
2025-07-11 07:00:00+00:00,Hauptstraße 52 Marktplatz,,,415.0,50.3634,8.73534,True
2025-07-11 08:00:00+00:00,Hauptstraße 52 Marktplatz,,,415.0,50.3634,8.73534,True
2025-07-11 09:00:00+00:00,Hauptstraße 52 Marktplatz,,,415.0,50.3634,8.73534,True
2025-07-11 10:00:00+00:00,Hauptstraße 52 Marktplatz,,,415.0,50.3634,8.73534,True
2025-07-11 11:00:00+00:00,Hauptstraße 52 Marktplatz,,,415.0,50.3634,8.73534,True
2025-07-11 12:00:00+00:00,Hauptstraße 52 Marktplatz,,,415.0,50.3634,8.73534,True
2025-07-11 13:00:00+00:00,Hauptstraße 52 Marktplatz,,,415.0,50.3634,8.73534,True
2025-07-11 14:00:00+00:00,Hauptstraße 52 Marktplatz,,,415.0,50.3634,8.73534,True
2025-07-11 15:00:00+00:00,Hauptstraße 52 Marktplatz,,,415.0,50.3634,8.73534,True
2025-07-11 16:00:00+00:00,Hauptstraße 52 Marktplatz,,,415.0,50.3634,8.73534,True
2025-07-11 17:00:00+00:00,Hauptstraße 52 Marktplatz,59.0,10.78,415.0,50.3634,8.73534,False
2025-07-11 18:00:00+00:00,Hauptstraße 52 Marktplatz,49.166666666666664,11.535,415.0,50.3634,8.73534,True
2025-07-11 19:00:00+00:00,Hauptstraße 52 Marktplatz,39.33333333333333,12.29,415.0,50.3634,8.73534,True
2025-07-11 20:00:00+00:00,Hauptstraße 52 Marktplatz,29.5,13.045,415.0,50.3634,8.73534,False
2025-07-11 21:00:00+00:00,Hauptstraße 52 Marktplatz,10.0,2.81,415.0,50.3634,8.73534,False
2025-07-11 22:00:00+00:00,Hauptstraße 52 Marktplatz,34.0,33.79,415.0,50.3634,8.73534,False
2025-07-11 23:00:00+00:00,Hauptstraße 52 Marktplatz,,,415.0,50.3634,8.73534,True
2025-07-12 00:00:00+00:00,Hauptstraße 52 Marktplatz,,,415.0,50.3634,8.73534,True
2025-07-12 01:00:00+00:00,Hauptstraße 52 Marktplatz,,,415.0,50.3634,8.73534,True
2025-07-12 02:00:00+00:00,Hauptstraße 52 Marktplatz,,,415.0,50.3634,8.73534,True
2025-07-12 03:00:00+00:00,Hauptstraße 52 Marktplatz,,,415.0,50.3634,8.73534,True
2025-07-12 04:00:00+00:00,Hauptstraße 52 Marktplatz,,,415.0,50.3634,8.73534,True
2025-07-12 05:00:00+00:00,Hauptstraße 52 Marktplatz,,,415.0,50.3634,8.73534,True
2025-07-12 06:00:00+00:00,Hauptstraße 52 Marktplatz,9.0,3.88,415.0,50.3634,8.73534,False
2025-07-12 07:00:00+00:00,Hauptstraße 52 Marktplatz,26.0,10.93,415.0,50.3634,8.73534,False
2025-07-12 08:00:00+00:00,Hauptstraße 52 Marktplatz,29.333333333333332,11.506666666666666,415.0,50.3634,8.73534,True
2025-07-12 09:00:00+00:00,Hauptstraße 52 Marktplatz,32.666666666666664,12.083333333333334,415.0,50.3634,8.73534,True
2025-07-12 10:00:00+00:00,Hauptstraße 52 Marktplatz,36.0,12.66,415.0,50.3634,8.73534,False
2025-07-12 11:00:00+00:00,Hauptstraße 52 Marktplatz,28.0,15.594999999999999,415.0,50.3634,8.73534,False
2025-07-12 12:00:00+00:00,Hauptstraße 52 Marktplatz,43.0,18.45,415.0,50.3634,8.73534,False
2025-07-12 13:00:00+00:00,Hauptstraße 52 Marktplatz,45.0,12.68,415.0,50.3634,8.73534,False
2025-07-12 14:00:00+00:00,Hauptstraße 52 Marktplatz,47.0,14.64,415.0,50.3634,8.73534,False
2025-07-12 15:00:00+00:00,Hauptstraße 52 Marktplatz,64.5,11.21,415.0,50.3634,8.73534,False
2025-07-12 16:00:00+00:00,Hauptstraße 52 Marktplatz,61.0,11.89,415.0,50.3634,8.73534,False
2025-07-12 17:00:00+00:00,Hauptstraße 52 Marktplatz,52.0,18.33,415.0,50.3634,8.73534,False
2025-07-12 18:00:00+00:00,Hauptstraße 52 Marktplatz,27.0,15.67,415.0,50.3634,8.73534,False
2025-07-12 19:00:00+00:00,Hauptstraße 52 Marktplatz,33.5,12.934999999999999,415.0,50.3634,8.73534,False
2025-07-12 20:00:00+00:00,Hauptstraße 52 Marktplatz,20.0,8.76,415.0,50.3634,8.73534,False
2025-07-12 21:00:00+00:00,Hauptstraße 52 Marktplatz,5.0,3.98,415.0,50.3634,8.73534,False
2025-07-12 22:00:00+00:00,Hauptstraße 52 Marktplatz,31.0,14.3,415.0,50.3634,8.73534,False
2025-07-12 23:00:00+00:00,Hauptstraße 52 Marktplatz,13.0,14.29,415.0,50.3634,8.73534,False
2025-07-13 00:00:00+00:00,Hauptstraße 52 Marktplatz,9.0,7.355,415.0,50.3634,8.73534,False
2025-07-13 01:00:00+00:00,Hauptstraße 52 Marktplatz,3.0,21.92,415.0,50.3634,8.73534,False
2025-07-13 02:00:00+00:00,Hauptstraße 52 Marktplatz,5.0,30.65,415.0,50.3634,8.73534,False
2025-07-13 03:00:00+00:00,Hauptstraße 52 Marktplatz,1.0,0.02,415.0,50.3634,8.73534,False
2025-07-13 04:00:00+00:00,Hauptstraße 52 Marktplatz,,,415.0,50.3634,8.73534,True
2025-07-13 05:00:00+00:00,Hauptstraße 52 Marktplatz,,,415.0,50.3634,8.73534,True
2025-07-13 06:00:00+00:00,Hauptstraße 52 Marktplatz,,,415.0,50.3634,8.73534,True
2025-07-13 07:00:00+00:00,Hauptstraße 52 Marktplatz,,,415.0,50.3634,8.73534,True
2025-07-13 08:00:00+00:00,Hauptstraße 52 Marktplatz,,,415.0,50.3634,8.73534,True
2025-07-13 09:00:00+00:00,Hauptstraße 52 Marktplatz,,,415.0,50.3634,8.73534,True
2025-07-13 10:00:00+00:00,Hauptstraße 52 Marktplatz,,,415.0,50.3634,8.73534,True
2025-07-13 11:00:00+00:00,Hauptstraße 52 Marktplatz,,,415.0,50.3634,8.73534,True
2025-07-13 12:00:00+00:00,Hauptstraße 52 Marktplatz,,,415.0,50.3634,8.73534,True
2025-07-13 13:00:00+00:00,Hauptstraße 52 Marktplatz,,,415.0,50.3634,8.73534,True
2025-07-13 14:00:00+00:00,Hauptstraße 52 Marktplatz,,,415.0,50.3634,8.73534,True
2025-07-13 15:00:00+00:00,Hauptstraße 52 Marktplatz,,,415.0,50.3634,8.73534,True
2025-07-13 16:00:00+00:00,Hauptstraße 52 Marktplatz,,,415.0,50.3634,8.73534,True
2025-07-13 17:00:00+00:00,Hauptstraße 52 Marktplatz,,,415.0,50.3634,8.73534,True
2025-07-13 18:00:00+00:00,Hauptstraße 52 Marktplatz,,,415.0,50.3634,8.73534,True
2025-07-13 19:00:00+00:00,Hauptstraße 52 Marktplatz,,,415.0,50.3634,8.73534,True
2025-07-13 20:00:00+00:00,Hauptstraße 52 Marktplatz,,,415.0,50.3634,8.73534,True
2025-07-13 21:00:00+00:00,Hauptstraße 52 Marktplatz,1.5,5.96,415.0,50.3634,8.73534,False
2025-07-13 22:00:00+00:00,Hauptstraße 52 Marktplatz,6.75,19.435,415.0,50.3634,8.73534,True
2025-07-13 23:00:00+00:00,Hauptstraße 52 Marktplatz,12.0,32.91,415.0,50.3634,8.73534,False
2025-06-30 01:00:00+00:00,Hauptstraße 8,2.0,10.03,415.0,50.36376,8.73917,False
2025-06-30 02:00:00+00:00,Hauptstraße 8,3.0,1.2850000000000001,415.0,50.36376,8.73917,False
2025-06-30 03:00:00+00:00,Hauptstraße 8,6.0,9.34,415.0,50.36376,8.73917,False
2025-06-30 04:00:00+00:00,Hauptstraße 8,21.0,5.56,415.0,50.36376,8.73917,False
2025-06-30 05:00:00+00:00,Hauptstraße 8,30.0,4.09,415.0,50.36376,8.73917,False
2025-06-30 06:00:00+00:00,Hauptstraße 8,38.0,4.02,415.0,50.36376,8.73917,False
2025-06-30 07:00:00+00:00,Hauptstraße 8,50.0,7.3100000000000005,415.0,50.36376,8.73917,False
2025-06-30 08:00:00+00:00,Hauptstraße 8,65.5,8.725000000000001,415.0,50.36376,8.73917,True
2025-06-30 09:00:00+00:00,Hauptstraße 8,81.0,10.14,415.0,50.36376,8.73917,False
2025-06-30 10:00:00+00:00,Hauptstraße 8,46.5,7.800000000000001,415.0,50.36376,8.73917,False
2025-06-30 11:00:00+00:00,Hauptstraße 8,45.0,8.025,415.0,50.36376,8.73917,False
2025-06-30 12:00:00+00:00,Hauptstraße 8,80.0,6.68,415.0,50.36376,8.73917,False
2025-06-30 13:00:00+00:00,Hauptstraße 8,57.5,11.95,415.0,50.36376,8.73917,False
2025-06-30 14:00:00+00:00,Hauptstraße 8,66.0,7.7,415.0,50.36376,8.73917,False
2025-06-30 15:00:00+00:00,Hauptstraße 8,50.0,7.27,415.0,50.36376,8.73917,False
2025-06-30 16:00:00+00:00,Hauptstraße 8,54.0,9.095,415.0,50.36376,8.73917,False
2025-06-30 17:00:00+00:00,Hauptstraße 8,43.5,5.6850000000000005,415.0,50.36376,8.73917,False
2025-06-30 18:00:00+00:00,Hauptstraße 8,34.5,5.975,415.0,50.36376,8.73917,False
2025-06-30 19:00:00+00:00,Hauptstraße 8,23.0,6.18,415.0,50.36376,8.73917,False
2025-06-30 20:00:00+00:00,Hauptstraße 8,9.5,3.8,415.0,50.36376,8.73917,False
2025-06-30 21:00:00+00:00,Hauptstraße 8,1.0,1.0,415.0,50.36376,8.73917,False
2025-06-30 22:00:00+00:00,Hauptstraße 8,20.0,11.33,415.0,50.36376,8.73917,False
2025-06-30 23:00:00+00:00,Hauptstraße 8,18.0,11.175,415.0,50.36376,8.73917,False
2025-07-01 00:00:00+00:00,Hauptstraße 8,3.0,18.925,415.0,50.36376,8.73917,False
2025-07-01 01:00:00+00:00,Hauptstraße 8,3.0,19.005000000000003,415.0,50.36376,8.73917,False
2025-07-01 02:00:00+00:00,Hauptstraße 8,3.0,1.16,415.0,50.36376,8.73917,False
2025-07-01 03:00:00+00:00,Hauptstraße 8,9.0,7.15,415.0,50.36376,8.73917,False
2025-07-01 04:00:00+00:00,Hauptstraße 8,11.0,12.645,415.0,50.36376,8.73917,False
2025-07-01 05:00:00+00:00,Hauptstraße 8,50.0,6.28,415.0,50.36376,8.73917,False
2025-07-01 06:00:00+00:00,Hauptstraße 8,42.0,5.21,415.0,50.36376,8.73917,False
2025-07-01 07:00:00+00:00,Hauptstraße 8,52.0,9.015,415.0,50.36376,8.73917,False
2025-07-01 08:00:00+00:00,Hauptstraße 8,97.0,7.87,415.0,50.36376,8.73917,False
2025-07-01 09:00:00+00:00,Hauptstraße 8,56.0,11.27,415.0,50.36376,8.73917,False
2025-07-01 10:00:00+00:00,Hauptstraße 8,81.0,8.504999999999999,415.0,50.36376,8.73917,False
2025-07-01 11:00:00+00:00,Hauptstraße 8,65.5,7.48,415.0,50.36376,8.73917,False
2025-07-01 12:00:00+00:00,Hauptstraße 8,43.5,10.45,415.0,50.36376,8.73917,False
2025-07-01 13:00:00+00:00,Hauptstraße 8,35.5,6.605,415.0,50.36376,8.73917,False
2025-07-01 14:00:00+00:00,Hauptstraße 8,29.0,5.64,415.0,50.36376,8.73917,False
2025-07-01 15:00:00+00:00,Hauptstraße 8,37.0,7.1850000000000005,415.0,50.36376,8.73917,False
2025-07-01 16:00:00+00:00,Hauptstraße 8,26.0,6.39,415.0,50.36376,8.73917,False
2025-07-01 17:00:00+00:00,Hauptstraße 8,17.0,4.67,415.0,50.36376,8.73917,False
2025-07-01 18:00:00+00:00,Hauptstraße 8,9.0,3.47,415.0,50.36376,8.73917,False
2025-07-01 19:00:00+00:00,Hauptstraße 8,6.0,8.03,415.0,50.36376,8.73917,False
2025-07-01 20:00:00+00:00,Hauptstraße 8,3.0,29.07,415.0,50.36376,8.73917,False
2025-07-01 21:00:00+00:00,Hauptstraße 8,4.0,9.71,415.0,50.36376,8.73917,False
2025-07-01 22:00:00+00:00,Hauptstraße 8,22.0,11.745000000000001,415.0,50.36376,8.73917,False
2025-07-01 23:00:00+00:00,Hauptstraße 8,7.5,17.41,415.0,50.36376,8.73917,False
2025-07-02 00:00:00+00:00,Hauptstraße 8,8.0,25.03,415.0,50.36376,8.73917,False
2025-07-02 01:00:00+00:00,Hauptstraße 8,5.0,5.44,415.0,50.36376,8.73917,False
2025-07-02 02:00:00+00:00,Hauptstraße 8,9.0,18.105,415.0,50.36376,8.73917,False
2025-07-02 03:00:00+00:00,Hauptstraße 8,15.0,9.625,415.0,50.36376,8.73917,False
2025-07-02 04:00:00+00:00,Hauptstraße 8,25.5,7.9350000000000005,415.0,50.36376,8.73917,False
2025-07-02 05:00:00+00:00,Hauptstraße 8,35.0,6.890000000000001,415.0,50.36376,8.73917,False
2025-07-02 06:00:00+00:00,Hauptstraße 8,51.5,4.0,415.0,50.36376,8.73917,False
2025-07-02 07:00:00+00:00,Hauptstraße 8,43.0,6.3100000000000005,415.0,50.36376,8.73917,False
2025-07-02 08:00:00+00:00,Hauptstraße 8,66.0,6.82,415.0,50.36376,8.73917,False
2025-07-02 09:00:00+00:00,Hauptstraße 8,52.0,7.5600000000000005,415.0,50.36376,8.73917,False
2025-07-02 10:00:00+00:00,Hauptstraße 8,52.5,6.545,415.0,50.36376,8.73917,False
2025-07-02 11:00:00+00:00,Hauptstraße 8,58.0,7.15,415.0,50.36376,8.73917,False
2025-07-02 12:00:00+00:00,Hauptstraße 8,21.5,4.615,415.0,50.36376,8.73917,False
2025-07-02 13:00:00+00:00,Hauptstraße 8,31.0,4.12,415.0,50.36376,8.73917,False
2025-07-02 14:00:00+00:00,Hauptstraße 8,19.0,6.825,415.0,50.36376,8.73917,False
2025-07-02 15:00:00+00:00,Hauptstraße 8,18.0,6.08,415.0,50.36376,8.73917,False
2025-07-02 16:00:00+00:00,Hauptstraße 8,23.0,7.525,415.0,50.36376,8.73917,False
2025-07-02 17:00:00+00:00,Hauptstraße 8,10.5,10.075,415.0,50.36376,8.73917,False
2025-07-02 18:00:00+00:00,Hauptstraße 8,12.0,16.22,415.0,50.36376,8.73917,False
2025-07-02 19:00:00+00:00,Hauptstraße 8,22.0,9.12,415.0,50.36376,8.73917,False
2025-07-02 20:00:00+00:00,Hauptstraße 8,11.0,3.63,415.0,50.36376,8.73917,False
2025-07-02 21:00:00+00:00,Hauptstraße 8,9.333333333333334,11.003333333333334,415.0,50.36376,8.73917,True
2025-07-02 22:00:00+00:00,Hauptstraße 8,7.666666666666666,18.37666666666667,415.0,50.36376,8.73917,True
2025-07-02 23:00:00+00:00,Hauptstraße 8,6.0,25.75,415.0,50.36376,8.73917,False
2025-07-03 00:00:00+00:00,Hauptstraße 8,11.0,21.46,415.0,50.36376,8.73917,False
2025-07-03 01:00:00+00:00,Hauptstraße 8,3.0,31.84,415.0,50.36376,8.73917,False
2025-07-03 02:00:00+00:00,Hauptstraße 8,5.0,8.405000000000001,415.0,50.36376,8.73917,False
2025-07-03 03:00:00+00:00,Hauptstraße 8,9.5,10.41,415.0,50.36376,8.73917,False
2025-07-03 04:00:00+00:00,Hauptstraße 8,17.0,5.855,415.0,50.36376,8.73917,False
2025-07-03 05:00:00+00:00,Hauptstraße 8,30.0,2.355,415.0,50.36376,8.73917,False
2025-07-03 06:00:00+00:00,Hauptstraße 8,38.0,6.7,415.0,50.36376,8.73917,False
2025-07-03 07:00:00+00:00,Hauptstraße 8,33.5,5.1850000000000005,415.0,50.36376,8.73917,False
2025-07-03 08:00:00+00:00,Hauptstraße 8,58.5,8.84,415.0,50.36376,8.73917,False
2025-07-03 09:00:00+00:00,Hauptstraße 8,35.5,12.485,415.0,50.36376,8.73917,False
2025-07-03 10:00:00+00:00,Hauptstraße 8,63.0,8.085,415.0,50.36376,8.73917,False
2025-07-03 11:00:00+00:00,Hauptstraße 8,42.0,6.22,415.0,50.36376,8.73917,False
2025-07-03 12:00:00+00:00,Hauptstraße 8,30.0,9.305,415.0,50.36376,8.73917,False
2025-07-03 13:00:00+00:00,Hauptstraße 8,52.0,8.725,415.0,50.36376,8.73917,False
2025-07-03 14:00:00+00:00,Hauptstraße 8,52.0,10.32,415.0,50.36376,8.73917,False
2025-07-03 15:00:00+00:00,Hauptstraße 8,48.0,6.154999999999999,415.0,50.36376,8.73917,False
2025-07-03 16:00:00+00:00,Hauptstraße 8,43.0,5.51,415.0,50.36376,8.73917,False
2025-07-03 17:00:00+00:00,Hauptstraße 8,17.5,6.885,415.0,50.36376,8.73917,False
2025-07-03 18:00:00+00:00,Hauptstraße 8,13.0,5.25,415.0,50.36376,8.73917,False
2025-07-03 19:00:00+00:00,Hauptstraße 8,9.0,14.43,415.0,50.36376,8.73917,False
2025-07-03 20:00:00+00:00,Hauptstraße 8,9.0,7.92,415.0,50.36376,8.73917,False
2025-07-03 21:00:00+00:00,Hauptstraße 8,0.0,0.0,415.0,50.36376,8.73917,False
2025-07-03 22:00:00+00:00,Hauptstraße 8,4.0,2.19,415.0,50.36376,8.73917,False
2025-07-03 23:00:00+00:00,Hauptstraße 8,6.0,26.174999999999997,415.0,50.36376,8.73917,False
2025-07-04 00:00:00+00:00,Hauptstraße 8,11.0,15.184999999999999,415.0,50.36376,8.73917,False
2025-07-04 01:00:00+00:00,Hauptstraße 8,3.0,19.15,415.0,50.36376,8.73917,False
2025-07-04 02:00:00+00:00,Hauptstraße 8,3.0,0.72,415.0,50.36376,8.73917,False
2025-07-04 03:00:00+00:00,Hauptstraße 8,10.0,9.84,415.0,50.36376,8.73917,False
2025-07-04 04:00:00+00:00,Hauptstraße 8,20.0,3.395,415.0,50.36376,8.73917,False
2025-07-04 05:00:00+00:00,Hauptstraße 8,31.0,5.05,415.0,50.36376,8.73917,False
2025-07-04 06:00:00+00:00,Hauptstraße 8,20.0,5.895,415.0,50.36376,8.73917,False
2025-07-04 07:00:00+00:00,Hauptstraße 8,41.5,9.09,415.0,50.36376,8.73917,False
2025-07-04 08:00:00+00:00,Hauptstraße 8,89.0,8.205,415.0,50.36376,8.73917,False
2025-07-04 09:00:00+00:00,Hauptstraße 8,91.0,7.5,415.0,50.36376,8.73917,False
2025-07-04 10:00:00+00:00,Hauptstraße 8,59.0,7.27,415.0,50.36376,8.73917,False
2025-07-04 11:00:00+00:00,Hauptstraße 8,34.0,9.19,415.0,50.36376,8.73917,False
2025-07-04 12:00:00+00:00,Hauptstraße 8,28.0,8.7,415.0,50.36376,8.73917,False
2025-07-04 13:00:00+00:00,Hauptstraße 8,20.0,4.43,415.0,50.36376,8.73917,False
2025-07-04 14:00:00+00:00,Hauptstraße 8,20.0,3.375,415.0,50.36376,8.73917,False
2025-07-04 15:00:00+00:00,Hauptstraße 8,73.5,8.155,415.0,50.36376,8.73917,False
2025-07-04 16:00:00+00:00,Hauptstraße 8,49.5,10.530000000000001,415.0,50.36376,8.73917,False
2025-07-04 17:00:00+00:00,Hauptstraße 8,38.0,8.39,415.0,50.36376,8.73917,False
2025-07-04 18:00:00+00:00,Hauptstraße 8,14.0,5.76,415.0,50.36376,8.73917,False
2025-07-04 19:00:00+00:00,Hauptstraße 8,23.0,5.735,415.0,50.36376,8.73917,False
2025-07-04 20:00:00+00:00,Hauptstraße 8,3.0,13.15,415.0,50.36376,8.73917,False
2025-07-04 21:00:00+00:00,Hauptstraße 8,6.0,3.87,415.0,50.36376,8.73917,False
2025-07-04 22:00:00+00:00,Hauptstraße 8,11.0,6.467500000000001,415.0,50.36376,8.73917,True
2025-07-04 23:00:00+00:00,Hauptstraße 8,16.0,9.065000000000001,415.0,50.36376,8.73917,False
2025-07-05 00:00:00+00:00,Hauptstraße 8,11.0,12.43,415.0,50.36376,8.73917,False
2025-07-05 01:00:00+00:00,Hauptstraße 8,4.5,8.565000000000001,415.0,50.36376,8.73917,False
2025-07-05 02:00:00+00:00,Hauptstraße 8,2.0,5.03,415.0,50.36376,8.73917,False
2025-07-05 03:00:00+00:00,Hauptstraße 8,7.0,3.82,415.0,50.36376,8.73917,False
2025-07-05 04:00:00+00:00,Hauptstraße 8,8.5,13.16,415.0,50.36376,8.73917,False
2025-07-05 05:00:00+00:00,Hauptstraße 8,13.0,5.775,415.0,50.36376,8.73917,False
2025-07-05 06:00:00+00:00,Hauptstraße 8,17.0,5.34,415.0,50.36376,8.73917,False
2025-07-05 07:00:00+00:00,Hauptstraße 8,8.5,2.67,415.0,50.36376,8.73917,True
2025-07-05 08:00:00+00:00,Hauptstraße 8,0.0,0.0,415.0,50.36376,8.73917,False
2025-07-05 09:00:00+00:00,Hauptstraße 8,27.5,5.785,415.0,50.36376,8.73917,False
2025-07-05 10:00:00+00:00,Hauptstraße 8,69.0,6.465,415.0,50.36376,8.73917,False
2025-07-05 11:00:00+00:00,Hauptstraße 8,52.0,10.79,415.0,50.36376,8.73917,False
2025-07-05 12:00:00+00:00,Hauptstraße 8,58.0,8.754999999999999,415.0,50.36376,8.73917,False
2025-07-05 13:00:00+00:00,Hauptstraße 8,49.0,6.9,415.0,50.36376,8.73917,False
2025-07-05 14:00:00+00:00,Hauptstraße 8,51.666666666666664,6.823333333333333,415.0,50.36376,8.73917,True
2025-07-05 15:00:00+00:00,Hauptstraße 8,54.333333333333336,6.746666666666667,415.0,50.36376,8.73917,True
2025-07-05 16:00:00+00:00,Hauptstraße 8,57.0,6.67,415.0,50.36376,8.73917,False
2025-07-05 17:00:00+00:00,Hauptstraße 8,50.0,7.21,415.0,50.36376,8.73917,False
2025-07-05 18:00:00+00:00,Hauptstraße 8,36.0,5.93,415.0,50.36376,8.73917,False
2025-07-05 19:00:00+00:00,Hauptstraße 8,26.0,5.98,415.0,50.36376,8.73917,True
2025-07-05 20:00:00+00:00,Hauptstraße 8,16.0,6.03,415.0,50.36376,8.73917,False
2025-07-05 21:00:00+00:00,Hauptstraße 8,3.0,2.71,415.0,50.36376,8.73917,False
2025-07-05 22:00:00+00:00,Hauptstraße 8,13.0,6.415000000000001,415.0,50.36376,8.73917,True
2025-07-05 23:00:00+00:00,Hauptstraße 8,23.0,10.120000000000001,415.0,50.36376,8.73917,False
2025-07-06 00:00:00+00:00,Hauptstraße 8,9.0,17.32,415.0,50.36376,8.73917,False
2025-07-06 01:00:00+00:00,Hauptstraße 8,6.0,10.0,415.0,50.36376,8.73917,True
2025-07-06 02:00:00+00:00,Hauptstraße 8,3.0,2.68,415.0,50.36376,8.73917,False
2025-07-06 03:00:00+00:00,Hauptstraße 8,3.0,13.2,415.0,50.36376,8.73917,False
2025-07-06 04:00:00+00:00,Hauptstraße 8,5.25,12.844999999999999,415.0,50.36376,8.73917,True
2025-07-06 05:00:00+00:00,Hauptstraße 8,7.5,12.49,415.0,50.36376,8.73917,False
2025-07-06 06:00:00+00:00,Hauptstraße 8,18.0,11.095,415.0,50.36376,8.73917,False
2025-07-06 07:00:00+00:00,Hauptstraße 8,34.0,7.015000000000001,415.0,50.36376,8.73917,False
2025-07-06 08:00:00+00:00,Hauptstraße 8,25.0,20.45,415.0,50.36376,8.73917,False
2025-07-06 09:00:00+00:00,Hauptstraße 8,47.0,7.425,415.0,50.36376,8.73917,False
2025-07-06 10:00:00+00:00,Hauptstraße 8,54.5,7.6,415.0,50.36376,8.73917,False
2025-07-06 11:00:00+00:00,Hauptstraße 8,45.0,4.89,415.0,50.36376,8.73917,False
2025-07-06 12:00:00+00:00,Hauptstraße 8,33.0,12.72,415.0,50.36376,8.73917,False
2025-07-06 13:00:00+00:00,Hauptstraße 8,57.0,10.65,415.0,50.36376,8.73917,False
2025-07-06 14:00:00+00:00,Hauptstraße 8,35.0,13.42,415.0,50.36376,8.73917,False
2025-07-06 15:00:00+00:00,Hauptstraße 8,39.5,9.25,415.0,50.36376,8.73917,False
2025-07-06 16:00:00+00:00,Hauptstraße 8,33.0,8.31,415.0,50.36376,8.73917,False
2025-07-06 17:00:00+00:00,Hauptstraße 8,43.0,7.72,415.0,50.36376,8.73917,False
2025-07-06 18:00:00+00:00,Hauptstraße 8,23.0,3.41,415.0,50.36376,8.73917,False
2025-07-06 19:00:00+00:00,Hauptstraße 8,15.0,6.96,415.0,50.36376,8.73917,False
2025-07-06 20:00:00+00:00,Hauptstraße 8,15.5,8.16,415.0,50.36376,8.73917,False
2025-07-06 21:00:00+00:00,Hauptstraße 8,1.0,0.7,415.0,50.36376,8.73917,False
2025-07-06 22:00:00+00:00,Hauptstraße 8,3.0,9.243333333333332,415.0,50.36376,8.73917,True
2025-07-06 23:00:00+00:00,Hauptstraße 8,5.0,17.786666666666665,415.0,50.36376,8.73917,True
2025-07-07 00:00:00+00:00,Hauptstraße 8,7.0,26.33,415.0,50.36376,8.73917,False
2025-07-07 01:00:00+00:00,Hauptstraße 8,3.5,13.165,415.0,50.36376,8.73917,True
2025-07-07 02:00:00+00:00,Hauptstraße 8,0.0,0.0,415.0,50.36376,8.73917,False
2025-07-07 03:00:00+00:00,Hauptstraße 8,12.5,10.2,415.0,50.36376,8.73917,False
2025-07-07 04:00:00+00:00,Hauptstraße 8,19.5,7.58,415.0,50.36376,8.73917,False
2025-07-07 05:00:00+00:00,Hauptstraße 8,34.0,5.52,415.0,50.36376,8.73917,False
2025-07-07 06:00:00+00:00,Hauptstraße 8,27.0,4.3500000000000005,415.0,50.36376,8.73917,False
2025-07-07 07:00:00+00:00,Hauptstraße 8,61.0,7.81,415.0,50.36376,8.73917,False
2025-07-07 08:00:00+00:00,Hauptstraße 8,80.0,12.17,415.0,50.36376,8.73917,False
2025-07-07 09:00:00+00:00,Hauptstraße 8,70.0,8.025,415.0,50.36376,8.73917,False
2025-07-07 10:00:00+00:00,Hauptstraße 8,64.5,9.425,415.0,50.36376,8.73917,False
2025-07-07 11:00:00+00:00,Hauptstraße 8,65.25,10.072500000000002,415.0,50.36376,8.73917,True
2025-07-07 12:00:00+00:00,Hauptstraße 8,66.0,10.72,415.0,50.36376,8.73917,False
2025-07-07 13:00:00+00:00,Hauptstraße 8,72.0,5.08,415.0,50.36376,8.73917,False
2025-07-07 14:00:00+00:00,Hauptstraße 8,59.0,8.35,415.0,50.36376,8.73917,False
2025-07-07 15:00:00+00:00,Hauptstraße 8,61.0,5.89,415.0,50.36376,8.73917,False
2025-07-07 16:00:00+00:00,Hauptstraße 8,72.0,7.97,415.0,50.36376,8.73917,False
2025-07-07 17:00:00+00:00,Hauptstraße 8,38.0,7.75,415.0,50.36376,8.73917,False
2025-07-07 18:00:00+00:00,Hauptstraße 8,34.0,5.555,415.0,50.36376,8.73917,False
2025-07-07 19:00:00+00:00,Hauptstraße 8,12.0,2.7,415.0,50.36376,8.73917,False
2025-07-07 20:00:00+00:00,Hauptstraße 8,19.0,9.24,415.0,50.36376,8.73917,False
2025-07-07 21:00:00+00:00,Hauptstraße 8,2.0,0.33,415.0,50.36376,8.73917,False
2025-07-07 22:00:00+00:00,Hauptstraße 8,8.0,10.425,415.0,50.36376,8.73917,True
2025-07-07 23:00:00+00:00,Hauptstraße 8,14.0,20.52,415.0,50.36376,8.73917,False
2025-07-08 00:00:00+00:00,Hauptstraße 8,11.0,13.84,415.0,50.36376,8.73917,False
2025-07-08 01:00:00+00:00,Hauptstraße 8,7.0,14.12,415.0,50.36376,8.73917,False
2025-07-08 02:00:00+00:00,Hauptstraße 8,4.0,1.13,415.0,50.36376,8.73917,False
2025-07-08 03:00:00+00:00,Hauptstraße 8,7.0,3.71,415.0,50.36376,8.73917,False
2025-07-08 04:00:00+00:00,Hauptstraße 8,17.25,3.5625,415.0,50.36376,8.73917,True
2025-07-08 05:00:00+00:00,Hauptstraße 8,27.5,3.415,415.0,50.36376,8.73917,False
2025-07-08 06:00:00+00:00,Hauptstraße 8,33.0,3.5900000000000003,415.0,50.36376,8.73917,False
2025-07-08 07:00:00+00:00,Hauptstraße 8,56.0,6.465,415.0,50.36376,8.73917,False
2025-07-08 08:00:00+00:00,Hauptstraße 8,72.5,8.1775,415.0,50.36376,8.73917,True
2025-07-08 09:00:00+00:00,Hauptstraße 8,89.0,9.89,415.0,50.36376,8.73917,False
2025-07-08 10:00:00+00:00,Hauptstraße 8,83.5,9.24,415.0,50.36376,8.73917,False
2025-07-08 11:00:00+00:00,Hauptstraße 8,97.5,6.91,415.0,50.36376,8.73917,False
2025-07-08 12:00:00+00:00,Hauptstraße 8,48.0,8.63,415.0,50.36376,8.73917,False
2025-07-08 13:00:00+00:00,Hauptstraße 8,62.0,7.88,415.0,50.36376,8.73917,False
2025-07-08 14:00:00+00:00,Hauptstraße 8,,,415.0,50.36376,8.73917,True
2025-07-08 15:00:00+00:00,Hauptstraße 8,,,415.0,50.36376,8.73917,True
2025-07-08 16:00:00+00:00,Hauptstraße 8,,,415.0,50.36376,8.73917,True
2025-07-08 17:00:00+00:00,Hauptstraße 8,,,415.0,50.36376,8.73917,True
2025-07-08 18:00:00+00:00,Hauptstraße 8,,,415.0,50.36376,8.73917,True
2025-07-08 19:00:00+00:00,Hauptstraße 8,,,415.0,50.36376,8.73917,True
2025-07-08 20:00:00+00:00,Hauptstraße 8,,,415.0,50.36376,8.73917,True
2025-07-08 21:00:00+00:00,Hauptstraße 8,,,415.0,50.36376,8.73917,True
2025-07-08 22:00:00+00:00,Hauptstraße 8,,,415.0,50.36376,8.73917,True
2025-07-08 23:00:00+00:00,Hauptstraße 8,,,415.0,50.36376,8.73917,True
2025-07-09 00:00:00+00:00,Hauptstraße 8,,,415.0,50.36376,8.73917,True
2025-07-09 01:00:00+00:00,Hauptstraße 8,,,415.0,50.36376,8.73917,True
2025-07-09 02:00:00+00:00,Hauptstraße 8,,,415.0,50.36376,8.73917,True
2025-07-09 03:00:00+00:00,Hauptstraße 8,,,415.0,50.36376,8.73917,True
2025-07-09 04:00:00+00:00,Hauptstraße 8,,,415.0,50.36376,8.73917,True
2025-07-09 05:00:00+00:00,Hauptstraße 8,,,415.0,50.36376,8.73917,True
2025-07-09 06:00:00+00:00,Hauptstraße 8,,,415.0,50.36376,8.73917,True
2025-07-09 07:00:00+00:00,Hauptstraße 8,49.0,9.61,415.0,50.36376,8.73917,False
2025-07-09 08:00:00+00:00,Hauptstraße 8,53.0,9.99,415.0,50.36376,8.73917,False
2025-07-09 09:00:00+00:00,Hauptstraße 8,93.0,9.26,415.0,50.36376,8.73917,False
2025-07-09 10:00:00+00:00,Hauptstraße 8,71.0,9.455,415.0,50.36376,8.73917,False
2025-07-09 11:00:00+00:00,Hauptstraße 8,63.666666666666664,8.27,415.0,50.36376,8.73917,True
2025-07-09 12:00:00+00:00,Hauptstraße 8,56.333333333333336,7.085000000000001,415.0,50.36376,8.73917,True
2025-07-09 13:00:00+00:00,Hauptstraße 8,49.0,5.9,415.0,50.36376,8.73917,False
2025-07-09 14:00:00+00:00,Hauptstraße 8,66.0,7.59,415.0,50.36376,8.73917,False
2025-07-09 15:00:00+00:00,Hauptstraße 8,48.5,6.83,415.0,50.36376,8.73917,False
2025-07-09 16:00:00+00:00,Hauptstraße 8,35.0,7.15,415.0,50.36376,8.73917,False
2025-07-09 17:00:00+00:00,Hauptstraße 8,33.0,8.55,415.0,50.36376,8.73917,False
2025-07-09 18:00:00+00:00,Hauptstraße 8,22.0,6.96,415.0,50.36376,8.73917,False
2025-07-09 19:00:00+00:00,Hauptstraße 8,19.0,4.6,415.0,50.36376,8.73917,False
2025-07-09 20:00:00+00:00,Hauptstraße 8,14.0,2.78,415.0,50.36376,8.73917,False
2025-07-09 21:00:00+00:00,Hauptstraße 8,6.5,1.1400000000000001,415.0,50.36376,8.73917,False
2025-07-09 22:00:00+00:00,Hauptstraße 8,,,415.0,50.36376,8.73917,True
2025-07-09 23:00:00+00:00,Hauptstraße 8,,,415.0,50.36376,8.73917,True
2025-07-10 00:00:00+00:00,Hauptstraße 8,,,415.0,50.36376,8.73917,True
2025-07-10 01:00:00+00:00,Hauptstraße 8,,,415.0,50.36376,8.73917,True
2025-07-10 02:00:00+00:00,Hauptstraße 8,,,415.0,50.36376,8.73917,True
2025-07-10 03:00:00+00:00,Hauptstraße 8,,,415.0,50.36376,8.73917,True
2025-07-10 04:00:00+00:00,Hauptstraße 8,,,415.0,50.36376,8.73917,True
2025-07-10 05:00:00+00:00,Hauptstraße 8,,,415.0,50.36376,8.73917,True
2025-07-10 06:00:00+00:00,Hauptstraße 8,,,415.0,50.36376,8.73917,True
2025-07-10 07:00:00+00:00,Hauptstraße 8,42.5,8.105,415.0,50.36376,8.73917,False
2025-07-10 08:00:00+00:00,Hauptstraße 8,57.0,9.59,415.0,50.36376,8.73917,False
2025-07-10 09:00:00+00:00,Hauptstraße 8,91.0,11.295,415.0,50.36376,8.73917,False
2025-07-10 10:00:00+00:00,Hauptstraße 8,92.5,9.235,415.0,50.36376,8.73917,False
2025-07-10 11:00:00+00:00,Hauptstraße 8,74.0,9.205,415.0,50.36376,8.73917,False
2025-07-10 12:00:00+00:00,Hauptstraße 8,36.0,4.99,415.0,50.36376,8.73917,False
2025-07-10 13:00:00+00:00,Hauptstraße 8,42.5,9.02,415.0,50.36376,8.73917,False
2025-07-10 14:00:00+00:00,Hauptstraße 8,36.0,11.415,415.0,50.36376,8.73917,False
2025-07-10 15:00:00+00:00,Hauptstraße 8,44.0,6.31,415.0,50.36376,8.73917,False
2025-07-10 16:00:00+00:00,Hauptstraße 8,53.5,4.84,415.0,50.36376,8.73917,False
2025-07-10 17:00:00+00:00,Hauptstraße 8,39.0,4.9,415.0,50.36376,8.73917,False
2025-07-10 18:00:00+00:00,Hauptstraße 8,40.0,6.77,415.0,50.36376,8.73917,False
2025-07-10 19:00:00+00:00,Hauptstraße 8,32.0,6.46,415.0,50.36376,8.73917,False
2025-07-10 20:00:00+00:00,Hauptstraße 8,11.0,15.33,415.0,50.36376,8.73917,False
2025-07-10 21:00:00+00:00,Hauptstraße 8,2.0,0.31,415.0,50.36376,8.73917,False
2025-07-10 22:00:00+00:00,Hauptstraße 8,5.0,5.534999999999999,415.0,50.36376,8.73917,True
2025-07-10 23:00:00+00:00,Hauptstraße 8,8.0,10.76,415.0,50.36376,8.73917,False
2025-07-11 00:00:00+00:00,Hauptstraße 8,7.5,34.71,415.0,50.36376,8.73917,False
2025-07-11 01:00:00+00:00,Hauptstraße 8,8.0,19.555,415.0,50.36376,8.73917,False
2025-07-11 02:00:00+00:00,Hauptstraße 8,4.0,1.63,415.0,50.36376,8.73917,False
2025-07-11 03:00:00+00:00,Hauptstraße 8,11.0,7.390000000000001,415.0,50.36376,8.73917,False
2025-07-11 04:00:00+00:00,Hauptstraße 8,18.0,6.775,415.0,50.36376,8.73917,False
2025-07-11 05:00:00+00:00,Hauptstraße 8,32.5,3.9749999999999996,415.0,50.36376,8.73917,False
2025-07-11 06:00:00+00:00,Hauptstraße 8,53.0,9.52,415.0,50.36376,8.73917,False
2025-07-11 07:00:00+00:00,Hauptstraße 8,,,415.0,50.36376,8.73917,True
2025-07-11 08:00:00+00:00,Hauptstraße 8,,,415.0,50.36376,8.73917,True
2025-07-11 09:00:00+00:00,Hauptstraße 8,,,415.0,50.36376,8.73917,True
2025-07-11 10:00:00+00:00,Hauptstraße 8,,,415.0,50.36376,8.73917,True
2025-07-11 11:00:00+00:00,Hauptstraße 8,,,415.0,50.36376,8.73917,True
2025-07-11 12:00:00+00:00,Hauptstraße 8,,,415.0,50.36376,8.73917,True
2025-07-11 13:00:00+00:00,Hauptstraße 8,,,415.0,50.36376,8.73917,True
2025-07-11 14:00:00+00:00,Hauptstraße 8,,,415.0,50.36376,8.73917,True
2025-07-11 15:00:00+00:00,Hauptstraße 8,,,415.0,50.36376,8.73917,True
2025-07-11 16:00:00+00:00,Hauptstraße 8,,,415.0,50.36376,8.73917,True
2025-07-11 17:00:00+00:00,Hauptstraße 8,57.0,12.25,415.0,50.36376,8.73917,False
2025-07-11 18:00:00+00:00,Hauptstraße 8,36.5,14.555,415.0,50.36376,8.73917,True
2025-07-11 19:00:00+00:00,Hauptstraße 8,16.0,16.86,415.0,50.36376,8.73917,False
2025-07-11 20:00:00+00:00,Hauptstraße 8,21.0,5.285,415.0,50.36376,8.73917,False
2025-07-11 21:00:00+00:00,Hauptstraße 8,2.0,0.6,415.0,50.36376,8.73917,False
2025-07-11 22:00:00+00:00,Hauptstraße 8,8.0,7.49,415.0,50.36376,8.73917,True
2025-07-11 23:00:00+00:00,Hauptstraße 8,14.0,14.38,415.0,50.36376,8.73917,False
2025-07-12 00:00:00+00:00,Hauptstraße 8,,,415.0,50.36376,8.73917,True
2025-07-12 01:00:00+00:00,Hauptstraße 8,,,415.0,50.36376,8.73917,True
2025-07-12 02:00:00+00:00,Hauptstraße 8,,,415.0,50.36376,8.73917,True
2025-07-12 03:00:00+00:00,Hauptstraße 8,,,415.0,50.36376,8.73917,True
2025-07-12 04:00:00+00:00,Hauptstraße 8,,,415.0,50.36376,8.73917,True
2025-07-12 05:00:00+00:00,Hauptstraße 8,,,415.0,50.36376,8.73917,True
2025-07-12 06:00:00+00:00,Hauptstraße 8,24.0,3.75,415.0,50.36376,8.73917,False
2025-07-12 07:00:00+00:00,Hauptstraße 8,47.0,7.72,415.0,50.36376,8.73917,False
2025-07-12 08:00:00+00:00,Hauptstraße 8,56.5,8.226666666666667,415.0,50.36376,8.73917,True
2025-07-12 09:00:00+00:00,Hauptstraße 8,66.0,8.733333333333333,415.0,50.36376,8.73917,True
2025-07-12 10:00:00+00:00,Hauptstraße 8,75.5,9.239999999999998,415.0,50.36376,8.73917,False
2025-07-12 11:00:00+00:00,Hauptstraße 8,87.0,8.96,415.0,50.36376,8.73917,False
2025-07-12 12:00:00+00:00,Hauptstraße 8,83.0,9.71,415.0,50.36376,8.73917,False
2025-07-12 13:00:00+00:00,Hauptstraße 8,79.0,7.3100000000000005,415.0,50.36376,8.73917,False
2025-07-12 14:00:00+00:00,Hauptstraße 8,83.0,6.3100000000000005,415.0,50.36376,8.73917,False
2025-07-12 15:00:00+00:00,Hauptstraße 8,75.0,6.02,415.0,50.36376,8.73917,False
2025-07-12 16:00:00+00:00,Hauptstraße 8,58.0,8.225,415.0,50.36376,8.73917,False
2025-07-12 17:00:00+00:00,Hauptstraße 8,33.5,5.755,415.0,50.36376,8.73917,False
2025-07-12 18:00:00+00:00,Hauptstraße 8,24.0,9.43,415.0,50.36376,8.73917,False
2025-07-12 19:00:00+00:00,Hauptstraße 8,29.0,6.84,415.0,50.36376,8.73917,False
2025-07-12 20:00:00+00:00,Hauptstraße 8,22.0,3.67,415.0,50.36376,8.73917,False
2025-07-12 21:00:00+00:00,Hauptstraße 8,3.5,1.895,415.0,50.36376,8.73917,False
2025-07-12 22:00:00+00:00,Hauptstraße 8,36.0,9.18,415.0,50.36376,8.73917,False
2025-07-12 23:00:00+00:00,Hauptstraße 8,10.0,25.9,415.0,50.36376,8.73917,False
2025-07-13 00:00:00+00:00,Hauptstraße 8,7.0,10.455,415.0,50.36376,8.73917,False
2025-07-13 01:00:00+00:00,Hauptstraße 8,6.0,7.41,415.0,50.36376,8.73917,False
2025-07-13 02:00:00+00:00,Hauptstraße 8,4.0,45.08,415.0,50.36376,8.73917,False
2025-07-13 03:00:00+00:00,Hauptstraße 8,1.0,0.18,415.0,50.36376,8.73917,False
2025-07-13 04:00:00+00:00,Hauptstraße 8,2.0,21.02,415.0,50.36376,8.73917,False
2025-07-13 05:00:00+00:00,Hauptstraße 8,,,415.0,50.36376,8.73917,True
2025-07-13 06:00:00+00:00,Hauptstraße 8,,,415.0,50.36376,8.73917,True
2025-07-13 07:00:00+00:00,Hauptstraße 8,,,415.0,50.36376,8.73917,True
2025-07-13 08:00:00+00:00,Hauptstraße 8,,,415.0,50.36376,8.73917,True
2025-07-13 09:00:00+00:00,Hauptstraße 8,,,415.0,50.36376,8.73917,True
2025-07-13 10:00:00+00:00,Hauptstraße 8,,,415.0,50.36376,8.73917,True
2025-07-13 11:00:00+00:00,Hauptstraße 8,,,415.0,50.36376,8.73917,True
2025-07-13 12:00:00+00:00,Hauptstraße 8,,,415.0,50.36376,8.73917,True
2025-07-13 13:00:00+00:00,Hauptstraße 8,,,415.0,50.36376,8.73917,True
2025-07-13 14:00:00+00:00,Hauptstraße 8,,,415.0,50.36376,8.73917,True
2025-07-13 15:00:00+00:00,Hauptstraße 8,,,415.0,50.36376,8.73917,True
2025-07-13 16:00:00+00:00,Hauptstraße 8,,,415.0,50.36376,8.73917,True
2025-07-13 17:00:00+00:00,Hauptstraße 8,,,415.0,50.36376,8.73917,True
2025-07-13 18:00:00+00:00,Hauptstraße 8,,,415.0,50.36376,8.73917,True
2025-07-13 19:00:00+00:00,Hauptstraße 8,,,415.0,50.36376,8.73917,True
2025-07-13 20:00:00+00:00,Hauptstraße 8,,,415.0,50.36376,8.73917,True
2025-07-13 21:00:00+00:00,Hauptstraße 8,2.5,0.38,415.0,50.36376,8.73917,False
2025-07-13 22:00:00+00:00,Hauptstraße 8,3.25,7.975,415.0,50.36376,8.73917,True
2025-07-13 23:00:00+00:00,Hauptstraße 8,4.0,15.57,415.0,50.36376,8.73917,False
2025-06-30 01:00:00+00:00,Innenstadt,21.0,14.16,415.0,,,False
2025-06-30 02:00:00+00:00,Innenstadt,28.0,22.98,415.0,,,False
2025-06-30 03:00:00+00:00,Innenstadt,47.5,20.265,415.0,,,False
2025-06-30 04:00:00+00:00,Innenstadt,115.0,22.39,415.0,,,False
2025-06-30 05:00:00+00:00,Innenstadt,239.5,17.73,415.0,,,False
2025-06-30 06:00:00+00:00,Innenstadt,345.0,19.3,415.0,,,False
2025-06-30 07:00:00+00:00,Innenstadt,428.5,21.205,415.0,,,False
2025-06-30 08:00:00+00:00,Innenstadt,466.75,19.502499999999998,415.0,,,True
2025-06-30 09:00:00+00:00,Innenstadt,505.0,17.8,415.0,,,False
2025-06-30 10:00:00+00:00,Innenstadt,485.0,18.4,415.0,,,False
2025-06-30 11:00:00+00:00,Innenstadt,435.0,17.13,415.0,,,False
2025-06-30 12:00:00+00:00,Innenstadt,426.5,16.939999999999998,415.0,,,False
2025-06-30 13:00:00+00:00,Innenstadt,351.0,17.91,415.0,,,False
2025-06-30 14:00:00+00:00,Innenstadt,475.0,19.655,415.0,,,False
2025-06-30 15:00:00+00:00,Innenstadt,390.0,18.215,415.0,,,False
2025-06-30 16:00:00+00:00,Innenstadt,371.0,17.009999999999998,415.0,,,False
2025-06-30 17:00:00+00:00,Innenstadt,293.0,16.91,415.0,,,False
2025-06-30 18:00:00+00:00,Innenstadt,224.5,17.29,415.0,,,False
2025-06-30 19:00:00+00:00,Innenstadt,164.0,17.055,415.0,,,False
2025-06-30 20:00:00+00:00,Innenstadt,79.5,11.585,415.0,,,False
2025-06-30 21:00:00+00:00,Innenstadt,19.0,5.44,415.0,,,False
2025-06-30 22:00:00+00:00,Innenstadt,100.0,46.98,415.0,,,False
2025-06-30 23:00:00+00:00,Innenstadt,26.5,22.490000000000002,415.0,,,False
2025-07-01 00:00:00+00:00,Innenstadt,17.5,27.435000000000002,415.0,,,False
2025-07-01 01:00:00+00:00,Innenstadt,11.5,21.33,415.0,,,False
2025-07-01 02:00:00+00:00,Innenstadt,22.0,13.22,415.0,,,False
2025-07-01 03:00:00+00:00,Innenstadt,62.0,24.05,415.0,,,False
2025-07-01 04:00:00+00:00,Innenstadt,123.0,19.26,415.0,,,False
2025-07-01 05:00:00+00:00,Innenstadt,256.0,14.99,415.0,,,False
2025-07-01 06:00:00+00:00,Innenstadt,366.0,17.38,415.0,,,False
2025-07-01 07:00:00+00:00,Innenstadt,464.5,17.415,415.0,,,False
2025-07-01 08:00:00+00:00,Innenstadt,497.5,16.265,415.0,,,False
2025-07-01 09:00:00+00:00,Innenstadt,442.0,18.18,415.0,,,False
2025-07-01 10:00:00+00:00,Innenstadt,517.5,19.165,415.0,,,False
2025-07-01 11:00:00+00:00,Innenstadt,429.0,17.455,415.0,,,False
2025-07-01 12:00:00+00:00,Innenstadt,361.0,17.4,415.0,,,False
2025-07-01 13:00:00+00:00,Innenstadt,312.5,13.965,415.0,,,False
2025-07-01 14:00:00+00:00,Innenstadt,375.5,18.409999999999997,415.0,,,False
2025-07-01 15:00:00+00:00,Innenstadt,405.5,18.270000000000003,415.0,,,False
2025-07-01 16:00:00+00:00,Innenstadt,313.5,15.94,415.0,,,False
2025-07-01 17:00:00+00:00,Innenstadt,234.0,16.02,415.0,,,False
2025-07-01 18:00:00+00:00,Innenstadt,168.0,16.509999999999998,415.0,,,False
2025-07-01 19:00:00+00:00,Innenstadt,107.0,15.32,415.0,,,False
2025-07-01 20:00:00+00:00,Innenstadt,59.5,11.44,415.0,,,False
2025-07-01 21:00:00+00:00,Innenstadt,17.0,3.83,415.0,,,False
2025-07-01 22:00:00+00:00,Innenstadt,92.5,55.269999999999996,415.0,,,False
2025-07-01 23:00:00+00:00,Innenstadt,20.0,33.739999999999995,415.0,,,False
2025-07-02 00:00:00+00:00,Innenstadt,8.0,17.53,415.0,,,False
2025-07-02 01:00:00+00:00,Innenstadt,20.5,19.225,415.0,,,False
2025-07-02 02:00:00+00:00,Innenstadt,30.0,30.08,415.0,,,False
2025-07-02 03:00:00+00:00,Innenstadt,48.5,13.98,415.0,,,False
2025-07-02 04:00:00+00:00,Innenstadt,109.0,18.43,415.0,,,False
2025-07-02 05:00:00+00:00,Innenstadt,230.0,17.545,415.0,,,False
2025-07-02 06:00:00+00:00,Innenstadt,353.5,18.16,415.0,,,False
2025-07-02 07:00:00+00:00,Innenstadt,391.5,21.665,415.0,,,False
2025-07-02 08:00:00+00:00,Innenstadt,405.5,21.595,415.0,,,False
2025-07-02 09:00:00+00:00,Innenstadt,445.0,19.355,415.0,,,False
2025-07-02 10:00:00+00:00,Innenstadt,390.5,18.425,415.0,,,False
2025-07-02 11:00:00+00:00,Innenstadt,310.0,18.064999999999998,415.0,,,False
2025-07-02 12:00:00+00:00,Innenstadt,227.0,13.129999999999999,415.0,,,False
2025-07-02 13:00:00+00:00,Innenstadt,307.0,18.71,415.0,,,False
2025-07-02 14:00:00+00:00,Innenstadt,268.5,18.259999999999998,415.0,,,False
2025-07-02 15:00:00+00:00,Innenstadt,347.5,17.55,415.0,,,False
2025-07-02 16:00:00+00:00,Innenstadt,296.5,16.6,415.0,,,False
2025-07-02 17:00:00+00:00,Innenstadt,255.5,18.560000000000002,415.0,,,False
2025-07-02 18:00:00+00:00,Innenstadt,187.5,19.04,415.0,,,False
2025-07-02 19:00:00+00:00,Innenstadt,148.0,18.55,415.0,,,False
2025-07-02 20:00:00+00:00,Innenstadt,64.0,11.19,415.0,,,False
2025-07-02 21:00:00+00:00,Innenstadt,49.333333333333336,19.78,415.0,,,True
2025-07-02 22:00:00+00:00,Innenstadt,34.66666666666667,28.370000000000005,415.0,,,True
2025-07-02 23:00:00+00:00,Innenstadt,20.0,36.96,415.0,,,False
2025-07-03 00:00:00+00:00,Innenstadt,19.0,29.61,415.0,,,False
2025-07-03 01:00:00+00:00,Innenstadt,14.0,23.6,415.0,,,False
2025-07-03 02:00:00+00:00,Innenstadt,16.5,26.995,415.0,,,False
2025-07-03 03:00:00+00:00,Innenstadt,48.5,21.28,415.0,,,False
2025-07-03 04:00:00+00:00,Innenstadt,101.0,21.13,415.0,,,False
2025-07-03 05:00:00+00:00,Innenstadt,206.0,16.815,415.0,,,False
2025-07-03 06:00:00+00:00,Innenstadt,279.0,19.005000000000003,415.0,,,False
2025-07-03 07:00:00+00:00,Innenstadt,339.0,19.185000000000002,415.0,,,False
2025-07-03 08:00:00+00:00,Innenstadt,459.0,21.33,415.0,,,False
2025-07-03 09:00:00+00:00,Innenstadt,476.0,22.03,415.0,,,False
2025-07-03 10:00:00+00:00,Innenstadt,542.0,18.36,415.0,,,False
2025-07-03 11:00:00+00:00,Innenstadt,464.0,19.46,415.0,,,False
2025-07-03 12:00:00+00:00,Innenstadt,438.5,20.075,415.0,,,False
2025-07-03 13:00:00+00:00,Innenstadt,503.5,21.68,415.0,,,False
2025-07-03 14:00:00+00:00,Innenstadt,573.0,18.630000000000003,415.0,,,False
2025-07-03 15:00:00+00:00,Innenstadt,495.0,19.14,415.0,,,False
2025-07-03 16:00:00+00:00,Innenstadt,462.5,16.785,415.0,,,False
2025-07-03 17:00:00+00:00,Innenstadt,266.5,16.759999999999998,415.0,,,False
2025-07-03 18:00:00+00:00,Innenstadt,226.5,16.86,415.0,,,False
2025-07-03 19:00:00+00:00,Innenstadt,132.0,15.884999999999998,415.0,,,False
2025-07-03 20:00:00+00:00,Innenstadt,85.0,14.95,415.0,,,False
2025-07-03 21:00:00+00:00,Innenstadt,18.0,5.42,415.0,,,False
2025-07-03 22:00:00+00:00,Innenstadt,41.0,24.21,415.0,,,False
2025-07-03 23:00:00+00:00,Innenstadt,47.0,33.1,415.0,,,False
2025-07-04 00:00:00+00:00,Innenstadt,25.0,28.424999999999997,415.0,,,False
2025-07-04 01:00:00+00:00,Innenstadt,8.0,20.63,415.0,,,False
2025-07-04 02:00:00+00:00,Innenstadt,28.0,23.104999999999997,415.0,,,False
2025-07-04 03:00:00+00:00,Innenstadt,58.5,21.0,415.0,,,False
2025-07-04 04:00:00+00:00,Innenstadt,99.0,23.615000000000002,415.0,,,False
2025-07-04 05:00:00+00:00,Innenstadt,259.0,19.490000000000002,415.0,,,False
2025-07-04 06:00:00+00:00,Innenstadt,318.5,22.884999999999998,415.0,,,False
2025-07-04 07:00:00+00:00,Innenstadt,492.0,21.275,415.0,,,False
2025-07-04 08:00:00+00:00,Innenstadt,741.5,22.43,415.0,,,False
2025-07-04 09:00:00+00:00,Innenstadt,644.5,22.205,415.0,,,False
2025-07-04 10:00:00+00:00,Innenstadt,609.5,19.095,415.0,,,False
2025-07-04 11:00:00+00:00,Innenstadt,613.5,20.955,415.0,,,False
2025-07-04 12:00:00+00:00,Innenstadt,581.0,18.52,415.0,,,False
2025-07-04 13:00:00+00:00,Innenstadt,272.0,6.68,415.0,,,False
2025-07-04 14:00:00+00:00,Innenstadt,224.0,20.905,415.0,,,False
2025-07-04 15:00:00+00:00,Innenstadt,606.5,20.745,415.0,,,False
2025-07-04 16:00:00+00:00,Innenstadt,591.0,19.869999999999997,415.0,,,False
2025-07-04 17:00:00+00:00,Innenstadt,420.0,19.755,415.0,,,False
2025-07-04 18:00:00+00:00,Innenstadt,281.5,19.705,415.0,,,False
2025-07-04 19:00:00+00:00,Innenstadt,231.0,18.509999999999998,415.0,,,False
2025-07-04 20:00:00+00:00,Innenstadt,151.0,12.08,415.0,,,False
2025-07-04 21:00:00+00:00,Innenstadt,32.0,5.04,415.0,,,False
2025-07-04 22:00:00+00:00,Innenstadt,37.0,13.2625,415.0,,,True
2025-07-04 23:00:00+00:00,Innenstadt,42.0,21.485,415.0,,,False
2025-07-05 00:00:00+00:00,Innenstadt,32.0,23.525,415.0,,,False
2025-07-05 01:00:00+00:00,Innenstadt,33.0,15.02,415.0,,,False
2025-07-05 02:00:00+00:00,Innenstadt,19.5,28.89,415.0,,,False
2025-07-05 03:00:00+00:00,Innenstadt,40.0,28.979999999999997,415.0,,,False
2025-07-05 04:00:00+00:00,Innenstadt,67.0,20.15,415.0,,,False
2025-07-05 05:00:00+00:00,Innenstadt,101.5,20.23,415.0,,,False
2025-07-05 06:00:00+00:00,Innenstadt,231.0,21.08,415.0,,,False
2025-07-05 07:00:00+00:00,Innenstadt,115.5,10.54,415.0,,,True
2025-07-05 08:00:00+00:00,Innenstadt,0.0,0.0,415.0,,,False
2025-07-05 09:00:00+00:00,Innenstadt,525.5,26.075,415.0,,,False
2025-07-05 10:00:00+00:00,Innenstadt,986.5,23.439999999999998,415.0,,,False
2025-07-05 11:00:00+00:00,Innenstadt,771.0,22.345,415.0,,,False
2025-07-05 12:00:00+00:00,Innenstadt,791.0,20.915,415.0,,,False
2025-07-05 13:00:00+00:00,Innenstadt,533.0,15.48,415.0,,,False
2025-07-05 14:00:00+00:00,Innenstadt,493.6666666666667,16.603333333333335,415.0,,,True
2025-07-05 15:00:00+00:00,Innenstadt,454.3333333333333,17.726666666666667,415.0,,,True
2025-07-05 16:00:00+00:00,Innenstadt,415.0,18.85,415.0,,,False
2025-07-05 17:00:00+00:00,Innenstadt,356.0,17.36,415.0,,,False
2025-07-05 18:00:00+00:00,Innenstadt,303.5,15.825,415.0,,,False
2025-07-05 19:00:00+00:00,Innenstadt,206.75,14.9225,415.0,,,True
2025-07-05 20:00:00+00:00,Innenstadt,110.0,14.02,415.0,,,False
2025-07-05 21:00:00+00:00,Innenstadt,18.0,7.37,415.0,,,False
2025-07-05 22:00:00+00:00,Innenstadt,34.0,13.087499999999999,415.0,,,True
2025-07-05 23:00:00+00:00,Innenstadt,50.0,18.805,415.0,,,False
2025-07-06 00:00:00+00:00,Innenstadt,22.0,32.76,415.0,,,False
2025-07-06 01:00:00+00:00,Innenstadt,14.5,18.95,415.0,,,False
2025-07-06 02:00:00+00:00,Innenstadt,20.0,18.19,415.0,,,False
2025-07-06 03:00:00+00:00,Innenstadt,17.0,25.14,415.0,,,False
2025-07-06 04:00:00+00:00,Innenstadt,29.0,15.28,415.0,,,False
2025-07-06 05:00:00+00:00,Innenstadt,41.0,23.5,415.0,,,False
2025-07-06 06:00:00+00:00,Innenstadt,122.0,20.7,415.0,,,False
2025-07-06 07:00:00+00:00,Innenstadt,209.0,18.76,415.0,,,False
2025-07-06 08:00:00+00:00,Innenstadt,437.0,27.98,415.0,,,False
2025-07-06 09:00:00+00:00,Innenstadt,675.0,19.605,415.0,,,False
2025-07-06 10:00:00+00:00,Innenstadt,587.0,14.1,415.0,,,False
2025-07-06 11:00:00+00:00,Innenstadt,542.0,13.26,415.0,,,False
2025-07-06 12:00:00+00:00,Innenstadt,558.5,19.39,415.0,,,False
2025-07-06 13:00:00+00:00,Innenstadt,624.0,19.23,415.0,,,False
2025-07-06 14:00:00+00:00,Innenstadt,399.0,18.75,415.0,,,False
2025-07-06 15:00:00+00:00,Innenstadt,313.0,16.49,415.0,,,False
2025-07-06 16:00:00+00:00,Innenstadt,161.0,12.19,415.0,,,False
2025-07-06 17:00:00+00:00,Innenstadt,175.0,15.23,415.0,,,False
2025-07-06 18:00:00+00:00,Innenstadt,118.0,11.4,415.0,,,False
2025-07-06 19:00:00+00:00,Innenstadt,59.5,12.865,415.0,,,False
2025-07-06 20:00:00+00:00,Innenstadt,55.0,12.39,415.0,,,False
2025-07-06 21:00:00+00:00,Innenstadt,10.0,4.38,415.0,,,False
2025-07-06 22:00:00+00:00,Innenstadt,,,415.0,,,True
2025-07-06 23:00:00+00:00,Innenstadt,,,415.0,,,True
2025-07-07 00:00:00+00:00,Innenstadt,,,415.0,,,True
2025-07-07 01:00:00+00:00,Innenstadt,10.0,48.42,415.0,,,False
2025-07-07 02:00:00+00:00,Innenstadt,19.0,13.32,415.0,,,False
2025-07-07 03:00:00+00:00,Innenstadt,49.0,24.65,415.0,,,False
2025-07-07 04:00:00+00:00,Innenstadt,95.0,16.07,415.0,,,False
2025-07-07 05:00:00+00:00,Innenstadt,160.0,17.45,415.0,,,False
2025-07-07 06:00:00+00:00,Innenstadt,257.0,18.7,415.0,,,False
2025-07-07 07:00:00+00:00,Innenstadt,356.0,20.71,415.0,,,False
2025-07-07 08:00:00+00:00,Innenstadt,375.5,16.37,415.0,,,True
2025-07-07 09:00:00+00:00,Innenstadt,395.0,12.03,415.0,,,False
2025-07-07 10:00:00+00:00,Innenstadt,379.0,19.55,415.0,,,False
2025-07-07 11:00:00+00:00,Innenstadt,366.5,18.7375,415.0,,,True
2025-07-07 12:00:00+00:00,Innenstadt,354.0,17.925,415.0,,,False
2025-07-07 13:00:00+00:00,Innenstadt,367.0,18.04,415.0,,,False
2025-07-07 14:00:00+00:00,Innenstadt,419.0,21.31,415.0,,,False
2025-07-07 15:00:00+00:00,Innenstadt,399.0,17.68,415.0,,,False
2025-07-07 16:00:00+00:00,Innenstadt,333.0,13.25,415.0,,,False
2025-07-07 17:00:00+00:00,Innenstadt,180.0,16.4,415.0,,,False
2025-07-07 18:00:00+00:00,Innenstadt,132.0,12.055,415.0,,,False
2025-07-07 19:00:00+00:00,Innenstadt,63.0,16.425,415.0,,,False
2025-07-07 20:00:00+00:00,Innenstadt,63.5,15.760000000000002,415.0,,,False
2025-07-07 21:00:00+00:00,Innenstadt,13.0,5.86,415.0,,,False
2025-07-07 22:00:00+00:00,Innenstadt,22.5,16.73,415.0,,,True
2025-07-07 23:00:00+00:00,Innenstadt,32.0,27.6,415.0,,,False
2025-07-08 00:00:00+00:00,Innenstadt,12.0,30.02,415.0,,,False
2025-07-08 01:00:00+00:00,Innenstadt,16.0,23.955000000000002,415.0,,,False
2025-07-08 02:00:00+00:00,Innenstadt,22.0,24.51,415.0,,,False
2025-07-08 03:00:00+00:00,Innenstadt,79.33333333333334,21.781666666666666,415.0,,,True
2025-07-08 04:00:00+00:00,Innenstadt,136.66666666666669,19.053333333333335,415.0,,,True
2025-07-08 05:00:00+00:00,Innenstadt,194.0,16.325,415.0,,,False
2025-07-08 06:00:00+00:00,Innenstadt,232.0,19.425,415.0,,,False
2025-07-08 07:00:00+00:00,Innenstadt,377.0,18.3,415.0,,,False
2025-07-08 08:00:00+00:00,Innenstadt,406.0,22.08,415.0,,,False
2025-07-08 09:00:00+00:00,Innenstadt,432.0,17.64,415.0,,,False
2025-07-08 10:00:00+00:00,Innenstadt,492.0,19.82,415.0,,,False
2025-07-08 11:00:00+00:00,Innenstadt,540.0,20.23,415.0,,,False
2025-07-08 12:00:00+00:00,Innenstadt,556.0,18.655,415.0,,,True
2025-07-08 13:00:00+00:00,Innenstadt,572.0,17.08,415.0,,,False
2025-07-08 14:00:00+00:00,Innenstadt,,,415.0,,,True
2025-07-08 15:00:00+00:00,Innenstadt,,,415.0,,,True
2025-07-08 16:00:00+00:00,Innenstadt,,,415.0,,,True
2025-07-08 17:00:00+00:00,Innenstadt,,,415.0,,,True
2025-07-08 18:00:00+00:00,Innenstadt,,,415.0,,,True
2025-07-08 19:00:00+00:00,Innenstadt,,,415.0,,,True
2025-07-08 20:00:00+00:00,Innenstadt,,,415.0,,,True
2025-07-08 21:00:00+00:00,Innenstadt,,,415.0,,,True
2025-07-08 22:00:00+00:00,Innenstadt,,,415.0,,,True
2025-07-08 23:00:00+00:00,Innenstadt,,,415.0,,,True
2025-07-09 00:00:00+00:00,Innenstadt,,,415.0,,,True
2025-07-09 01:00:00+00:00,Innenstadt,,,415.0,,,True
2025-07-09 02:00:00+00:00,Innenstadt,,,415.0,,,True
2025-07-09 03:00:00+00:00,Innenstadt,,,415.0,,,True
2025-07-09 04:00:00+00:00,Innenstadt,,,415.0,,,True
2025-07-09 05:00:00+00:00,Innenstadt,,,415.0,,,True
2025-07-09 06:00:00+00:00,Innenstadt,,,415.0,,,True
2025-07-09 07:00:00+00:00,Innenstadt,,,415.0,,,True
2025-07-09 08:00:00+00:00,Innenstadt,433.0,16.995,415.0,,,False
2025-07-09 09:00:00+00:00,Innenstadt,479.0,19.52,415.0,,,False
2025-07-09 10:00:00+00:00,Innenstadt,467.0,23.76,415.0,,,False
2025-07-09 11:00:00+00:00,Innenstadt,437.0,14.45,415.0,,,False
2025-07-09 12:00:00+00:00,Innenstadt,470.0,18.35,415.0,,,False
2025-07-09 13:00:00+00:00,Innenstadt,492.5,17.9,415.0,,,False
2025-07-09 14:00:00+00:00,Innenstadt,505.5,19.979999999999997,415.0,,,False
2025-07-09 15:00:00+00:00,Innenstadt,433.5,17.785,415.0,,,False
2025-07-09 16:00:00+00:00,Innenstadt,393.0,17.675,415.0,,,False
2025-07-09 17:00:00+00:00,Innenstadt,257.5,15.665000000000001,415.0,,,False
2025-07-09 18:00:00+00:00,Innenstadt,215.0,16.55,415.0,,,False
2025-07-09 19:00:00+00:00,Innenstadt,116.0,17.2,415.0,,,False
2025-07-09 20:00:00+00:00,Innenstadt,73.0,12.57,415.0,,,False
2025-07-09 21:00:00+00:00,Innenstadt,13.0,4.125,415.0,,,False
2025-07-09 22:00:00+00:00,Innenstadt,,,415.0,,,True
2025-07-09 23:00:00+00:00,Innenstadt,,,415.0,,,True
2025-07-10 00:00:00+00:00,Innenstadt,,,415.0,,,True
2025-07-10 01:00:00+00:00,Innenstadt,,,415.0,,,True
2025-07-10 02:00:00+00:00,Innenstadt,,,415.0,,,True
2025-07-10 03:00:00+00:00,Innenstadt,,,415.0,,,True
2025-07-10 04:00:00+00:00,Innenstadt,,,415.0,,,True
2025-07-10 05:00:00+00:00,Innenstadt,,,415.0,,,True
2025-07-10 06:00:00+00:00,Innenstadt,,,415.0,,,True
2025-07-10 07:00:00+00:00,Innenstadt,346.0,20.47,415.0,,,False
2025-07-10 08:00:00+00:00,Innenstadt,406.0,20.634999999999998,415.0,,,False
2025-07-10 09:00:00+00:00,Innenstadt,535.5,20.86,415.0,,,False
2025-07-10 10:00:00+00:00,Innenstadt,620.5,18.45,415.0,,,False
2025-07-10 11:00:00+00:00,Innenstadt,565.0,16.98,415.0,,,False
2025-07-10 12:00:00+00:00,Innenstadt,430.5,13.075,415.0,,,False
2025-07-10 13:00:00+00:00,Innenstadt,648.5,21.465,415.0,,,False
2025-07-10 14:00:00+00:00,Innenstadt,504.5,20.48,415.0,,,False
2025-07-10 15:00:00+00:00,Innenstadt,565.5,19.94,415.0,,,False
2025-07-10 16:00:00+00:00,Innenstadt,548.0,19.7,415.0,,,False
2025-07-10 17:00:00+00:00,Innenstadt,481.0,18.009999999999998,415.0,,,False
2025-07-10 18:00:00+00:00,Innenstadt,287.0,18.275,415.0,,,False
2025-07-10 19:00:00+00:00,Innenstadt,248.0,16.07,415.0,,,False
2025-07-10 20:00:00+00:00,Innenstadt,119.0,11.94,415.0,,,False
2025-07-10 21:00:00+00:00,Innenstadt,23.0,6.2,415.0,,,False
2025-07-10 22:00:00+00:00,Innenstadt,28.0,19.815,415.0,,,True
2025-07-10 23:00:00+00:00,Innenstadt,33.0,33.43,415.0,,,False
2025-07-11 00:00:00+00:00,Innenstadt,22.0,21.7,415.0,,,False
2025-07-11 01:00:00+00:00,Innenstadt,17.0,13.27,415.0,,,False
2025-07-11 02:00:00+00:00,Innenstadt,28.5,28.995,415.0,,,False
2025-07-11 03:00:00+00:00,Innenstadt,45.0,23.47,415.0,,,False
2025-07-11 04:00:00+00:00,Innenstadt,114.5,20.085,415.0,,,False
2025-07-11 05:00:00+00:00,Innenstadt,152.0,21.345,415.0,,,False
2025-07-11 06:00:00+00:00,Innenstadt,269.0,17.939999999999998,415.0,,,False
2025-07-11 07:00:00+00:00,Innenstadt,,,415.0,,,True
2025-07-11 08:00:00+00:00,Innenstadt,,,415.0,,,True
2025-07-11 09:00:00+00:00,Innenstadt,,,415.0,,,True
2025-07-11 10:00:00+00:00,Innenstadt,,,415.0,,,True
2025-07-11 11:00:00+00:00,Innenstadt,,,415.0,,,True
2025-07-11 12:00:00+00:00,Innenstadt,,,415.0,,,True
2025-07-11 13:00:00+00:00,Innenstadt,,,415.0,,,True
2025-07-11 14:00:00+00:00,Innenstadt,,,415.0,,,True
2025-07-11 15:00:00+00:00,Innenstadt,,,415.0,,,True
2025-07-11 16:00:00+00:00,Innenstadt,,,415.0,,,True
2025-07-11 17:00:00+00:00,Innenstadt,448.0,21.02,415.0,,,False
2025-07-11 18:00:00+00:00,Innenstadt,360.6666666666667,17.923333333333332,415.0,,,True
2025-07-11 19:00:00+00:00,Innenstadt,273.33333333333337,14.826666666666668,415.0,,,True
2025-07-11 20:00:00+00:00,Innenstadt,186.0,11.73,415.0,,,False
2025-07-11 21:00:00+00:00,Innenstadt,39.0,4.69,415.0,,,False
2025-07-11 22:00:00+00:00,Innenstadt,39.5,13.375,415.0,,,True
2025-07-11 23:00:00+00:00,Innenstadt,40.0,22.06,415.0,,,False
2025-07-12 00:00:00+00:00,Innenstadt,,,415.0,,,True
2025-07-12 01:00:00+00:00,Innenstadt,,,415.0,,,True
2025-07-12 02:00:00+00:00,Innenstadt,,,415.0,,,True
2025-07-12 03:00:00+00:00,Innenstadt,,,415.0,,,True
2025-07-12 04:00:00+00:00,Innenstadt,,,415.0,,,True
2025-07-12 05:00:00+00:00,Innenstadt,,,415.0,,,True
2025-07-12 06:00:00+00:00,Innenstadt,149.0,12.73,415.0,,,False
2025-07-12 07:00:00+00:00,Innenstadt,343.0,26.3,415.0,,,False
2025-07-12 08:00:00+00:00,Innenstadt,432.3333333333333,22.82,415.0,,,True
2025-07-12 09:00:00+00:00,Innenstadt,521.6666666666666,19.34,415.0,,,True
2025-07-12 10:00:00+00:00,Innenstadt,611.0,15.86,415.0,,,False
2025-07-12 11:00:00+00:00,Innenstadt,677.5,21.354999999999997,415.0,,,False
2025-07-12 12:00:00+00:00,Innenstadt,648.5,21.685000000000002,415.0,,,False
2025-07-12 13:00:00+00:00,Innenstadt,710.0,20.53,415.0,,,False
2025-07-12 14:00:00+00:00,Innenstadt,648.5,19.285,415.0,,,False
2025-07-12 15:00:00+00:00,Innenstadt,502.0,17.645,415.0,,,False
2025-07-12 16:00:00+00:00,Innenstadt,426.0,16.494999999999997,415.0,,,False
2025-07-12 17:00:00+00:00,Innenstadt,324.0,17.04,415.0,,,False
2025-07-12 18:00:00+00:00,Innenstadt,206.5,18.095,415.0,,,False
2025-07-12 19:00:00+00:00,Innenstadt,172.5,15.235,415.0,,,False
2025-07-12 20:00:00+00:00,Innenstadt,94.0,17.32,415.0,,,False
2025-07-12 21:00:00+00:00,Innenstadt,27.0,4.59,415.0,,,False
2025-07-12 22:00:00+00:00,Innenstadt,37.75,13.2525,415.0,,,True
2025-07-12 23:00:00+00:00,Innenstadt,48.5,21.915,415.0,,,False
2025-07-13 00:00:00+00:00,Innenstadt,26.5,12.48,415.0,,,False
2025-07-13 01:00:00+00:00,Innenstadt,16.5,28.814999999999998,415.0,,,False
2025-07-13 02:00:00+00:00,Innenstadt,15.5,19.875,415.0,,,False
2025-07-13 03:00:00+00:00,Innenstadt,14.0,27.075,415.0,,,False
2025-07-13 04:00:00+00:00,Innenstadt,29.0,13.754999999999999,415.0,,,False
2025-07-13 05:00:00+00:00,Innenstadt,,,415.0,,,True
2025-07-13 06:00:00+00:00,Innenstadt,,,415.0,,,True
2025-07-13 07:00:00+00:00,Innenstadt,,,415.0,,,True
2025-07-13 08:00:00+00:00,Innenstadt,,,415.0,,,True
2025-07-13 09:00:00+00:00,Innenstadt,,,415.0,,,True
2025-07-13 10:00:00+00:00,Innenstadt,,,415.0,,,True
2025-07-13 11:00:00+00:00,Innenstadt,,,415.0,,,True
2025-07-13 12:00:00+00:00,Innenstadt,,,415.0,,,True
2025-07-13 13:00:00+00:00,Innenstadt,,,415.0,,,True
2025-07-13 14:00:00+00:00,Innenstadt,,,415.0,,,True
2025-07-13 15:00:00+00:00,Innenstadt,,,415.0,,,True
2025-07-13 16:00:00+00:00,Innenstadt,,,415.0,,,True
2025-07-13 17:00:00+00:00,Innenstadt,,,415.0,,,True
2025-07-13 18:00:00+00:00,Innenstadt,,,415.0,,,True
2025-07-13 19:00:00+00:00,Innenstadt,,,415.0,,,True
2025-07-13 20:00:00+00:00,Innenstadt,,,415.0,,,True
2025-07-13 21:00:00+00:00,Innenstadt,0.0,0.0,415.0,,,False
2025-07-13 22:00:00+00:00,Innenstadt,16.75,17.5275,415.0,,,True
2025-07-13 23:00:00+00:00,Innenstadt,33.5,35.055,415.0,,,False
2025-06-30 01:00:00+00:00,Karlstraße 15,7.0,10.265,415.0,50.36408,8.73932,False
2025-06-30 02:00:00+00:00,Karlstraße 15,6.0,5.07,415.0,50.36408,8.73932,False
2025-06-30 03:00:00+00:00,Karlstraße 15,8.0,5.46,415.0,50.36408,8.73932,False
2025-06-30 04:00:00+00:00,Karlstraße 15,31.0,11.0,415.0,50.36408,8.73932,False
2025-06-30 05:00:00+00:00,Karlstraße 15,38.0,9.74,415.0,50.36408,8.73932,False
2025-06-30 06:00:00+00:00,Karlstraße 15,75.0,10.83,415.0,50.36408,8.73932,False
2025-06-30 07:00:00+00:00,Karlstraße 15,108.0,10.754999999999999,415.0,50.36408,8.73932,False
2025-06-30 08:00:00+00:00,Karlstraße 15,114.5,9.29,415.0,50.36408,8.73932,True
2025-06-30 09:00:00+00:00,Karlstraße 15,121.0,7.825,415.0,50.36408,8.73932,False
2025-06-30 10:00:00+00:00,Karlstraße 15,91.0,10.49,415.0,50.36408,8.73932,False
2025-06-30 11:00:00+00:00,Karlstraße 15,101.5,10.07,415.0,50.36408,8.73932,False
2025-06-30 12:00:00+00:00,Karlstraße 15,112.0,7.7250000000000005,415.0,50.36408,8.73932,False
2025-06-30 13:00:00+00:00,Karlstraße 15,73.5,7.73,415.0,50.36408,8.73932,False
2025-06-30 14:00:00+00:00,Karlstraße 15,125.0,7.71,415.0,50.36408,8.73932,False
2025-06-30 15:00:00+00:00,Karlstraße 15,88.0,9.48,415.0,50.36408,8.73932,False
2025-06-30 16:00:00+00:00,Karlstraße 15,103.0,11.535,415.0,50.36408,8.73932,False
2025-06-30 17:00:00+00:00,Karlstraße 15,77.0,10.370000000000001,415.0,50.36408,8.73932,False
2025-06-30 18:00:00+00:00,Karlstraße 15,64.5,13.785,415.0,50.36408,8.73932,False
2025-06-30 19:00:00+00:00,Karlstraße 15,40.5,7.59,415.0,50.36408,8.73932,False
2025-06-30 20:00:00+00:00,Karlstraße 15,13.0,2.6950000000000003,415.0,50.36408,8.73932,False
2025-06-30 21:00:00+00:00,Karlstraße 15,8.0,2.42,415.0,50.36408,8.73932,False
2025-06-30 22:00:00+00:00,Karlstraße 15,31.0,24.695,415.0,50.36408,8.73932,False
2025-06-30 23:00:00+00:00,Karlstraße 15,14.0,18.1,415.0,50.36408,8.73932,False
2025-07-01 00:00:00+00:00,Karlstraße 15,5.0,16.68,415.0,50.36408,8.73932,False
2025-07-01 01:00:00+00:00,Karlstraße 15,3.0,23.939999999999998,415.0,50.36408,8.73932,False
2025-07-01 02:00:00+00:00,Karlstraße 15,3.0,31.12,415.0,50.36408,8.73932,False
2025-07-01 03:00:00+00:00,Karlstraße 15,11.0,7.85,415.0,50.36408,8.73932,False
2025-07-01 04:00:00+00:00,Karlstraße 15,34.0,11.91,415.0,50.36408,8.73932,False
2025-07-01 05:00:00+00:00,Karlstraße 15,62.0,4.1,415.0,50.36408,8.73932,False
2025-07-01 06:00:00+00:00,Karlstraße 15,67.0,8.85,415.0,50.36408,8.73932,False
2025-07-01 07:00:00+00:00,Karlstraße 15,98.0,8.03,415.0,50.36408,8.73932,False
2025-07-01 08:00:00+00:00,Karlstraße 15,131.0,9.12,415.0,50.36408,8.73932,False
2025-07-01 09:00:00+00:00,Karlstraße 15,115.0,8.835,415.0,50.36408,8.73932,False
2025-07-01 10:00:00+00:00,Karlstraße 15,138.5,11.0,415.0,50.36408,8.73932,False
2025-07-01 11:00:00+00:00,Karlstraße 15,115.0,10.665,415.0,50.36408,8.73932,False
2025-07-01 12:00:00+00:00,Karlstraße 15,76.0,10.45,415.0,50.36408,8.73932,False
2025-07-01 13:00:00+00:00,Karlstraße 15,71.0,7.35,415.0,50.36408,8.73932,False
2025-07-01 14:00:00+00:00,Karlstraße 15,72.0,13.35,415.0,50.36408,8.73932,False
2025-07-01 15:00:00+00:00,Karlstraße 15,102.5,7.475,415.0,50.36408,8.73932,False
2025-07-01 16:00:00+00:00,Karlstraße 15,70.0,7.125,415.0,50.36408,8.73932,False
2025-07-01 17:00:00+00:00,Karlstraße 15,63.5,6.805,415.0,50.36408,8.73932,False
2025-07-01 18:00:00+00:00,Karlstraße 15,30.0,11.66,415.0,50.36408,8.73932,False
2025-07-01 19:00:00+00:00,Karlstraße 15,17.0,14.62,415.0,50.36408,8.73932,False
2025-07-01 20:00:00+00:00,Karlstraße 15,10.0,6.18,415.0,50.36408,8.73932,False
2025-07-01 21:00:00+00:00,Karlstraße 15,1.0,0.73,415.0,50.36408,8.73932,False
2025-07-01 22:00:00+00:00,Karlstraße 15,32.0,25.68,415.0,50.36408,8.73932,False
2025-07-01 23:00:00+00:00,Karlstraße 15,10.0,12.71,415.0,50.36408,8.73932,False
2025-07-02 00:00:00+00:00,Karlstraße 15,5.5,2.965,415.0,50.36408,8.73932,False
2025-07-02 01:00:00+00:00,Karlstraße 15,4.0,13.125,415.0,50.36408,8.73932,False
2025-07-02 02:00:00+00:00,Karlstraße 15,6.0,19.62,415.0,50.36408,8.73932,False
2025-07-02 03:00:00+00:00,Karlstraße 15,16.0,12.04,415.0,50.36408,8.73932,False
2025-07-02 04:00:00+00:00,Karlstraße 15,31.5,8.105,415.0,50.36408,8.73932,False
2025-07-02 05:00:00+00:00,Karlstraße 15,47.5,10.745000000000001,415.0,50.36408,8.73932,False
2025-07-02 06:00:00+00:00,Karlstraße 15,80.0,6.675,415.0,50.36408,8.73932,False
2025-07-02 07:00:00+00:00,Karlstraße 15,76.5,8.215,415.0,50.36408,8.73932,False
2025-07-02 08:00:00+00:00,Karlstraße 15,81.5,8.375,415.0,50.36408,8.73932,False
2025-07-02 09:00:00+00:00,Karlstraße 15,85.0,8.885000000000002,415.0,50.36408,8.73932,False
2025-07-02 10:00:00+00:00,Karlstraße 15,98.0,11.32,415.0,50.36408,8.73932,False
2025-07-02 11:00:00+00:00,Karlstraße 15,98.5,9.469999999999999,415.0,50.36408,8.73932,False
2025-07-02 12:00:00+00:00,Karlstraße 15,44.0,6.7,415.0,50.36408,8.73932,False
2025-07-02 13:00:00+00:00,Karlstraße 15,69.5,9.61,415.0,50.36408,8.73932,False
2025-07-02 14:00:00+00:00,Karlstraße 15,64.5,6.880000000000001,415.0,50.36408,8.73932,False
2025-07-02 15:00:00+00:00,Karlstraße 15,59.0,8.97,415.0,50.36408,8.73932,False
2025-07-02 16:00:00+00:00,Karlstraße 15,66.0,6.875,415.0,50.36408,8.73932,False
2025-07-02 17:00:00+00:00,Karlstraße 15,47.0,10.34,415.0,50.36408,8.73932,False
2025-07-02 18:00:00+00:00,Karlstraße 15,48.0,10.46,415.0,50.36408,8.73932,False
2025-07-02 19:00:00+00:00,Karlstraße 15,37.0,5.23,415.0,50.36408,8.73932,False
2025-07-02 20:00:00+00:00,Karlstraße 15,18.0,7.55,415.0,50.36408,8.73932,False
2025-07-02 21:00:00+00:00,Karlstraße 15,16.0,10.74,415.0,50.36408,8.73932,True
2025-07-02 22:00:00+00:00,Karlstraße 15,14.0,13.93,415.0,50.36408,8.73932,True
2025-07-02 23:00:00+00:00,Karlstraße 15,12.0,17.12,415.0,50.36408,8.73932,False
2025-07-03 00:00:00+00:00,Karlstraße 15,9.0,13.760000000000002,415.0,50.36408,8.73932,False
2025-07-03 01:00:00+00:00,Karlstraße 15,5.0,27.1,415.0,50.36408,8.73932,False
2025-07-03 02:00:00+00:00,Karlstraße 15,1.5,10.945,415.0,50.36408,8.73932,False
2025-07-03 03:00:00+00:00,Karlstraße 15,17.0,8.035,415.0,50.36408,8.73932,False
2025-07-03 04:00:00+00:00,Karlstraße 15,28.5,4.53,415.0,50.36408,8.73932,False
2025-07-03 05:00:00+00:00,Karlstraße 15,55.0,7.0600000000000005,415.0,50.36408,8.73932,False
2025-07-03 06:00:00+00:00,Karlstraße 15,62.0,9.66,415.0,50.36408,8.73932,False
2025-07-03 07:00:00+00:00,Karlstraße 15,69.0,11.16,415.0,50.36408,8.73932,False
2025-07-03 08:00:00+00:00,Karlstraße 15,119.0,9.675,415.0,50.36408,8.73932,False
2025-07-03 09:00:00+00:00,Karlstraße 15,102.5,11.190000000000001,415.0,50.36408,8.73932,False
2025-07-03 10:00:00+00:00,Karlstraße 15,132.0,9.844999999999999,415.0,50.36408,8.73932,False
2025-07-03 11:00:00+00:00,Karlstraße 15,120.5,11.815000000000001,415.0,50.36408,8.73932,False
2025-07-03 12:00:00+00:00,Karlstraße 15,102.0,10.765,415.0,50.36408,8.73932,False
2025-07-03 13:00:00+00:00,Karlstraße 15,94.5,9.835,415.0,50.36408,8.73932,False
2025-07-03 14:00:00+00:00,Karlstraße 15,96.5,9.91,415.0,50.36408,8.73932,False
2025-07-03 15:00:00+00:00,Karlstraße 15,102.5,9.035,415.0,50.36408,8.73932,False
2025-07-03 16:00:00+00:00,Karlstraße 15,110.0,8.545,415.0,50.36408,8.73932,False
2025-07-03 17:00:00+00:00,Karlstraße 15,39.5,12.190000000000001,415.0,50.36408,8.73932,False
2025-07-03 18:00:00+00:00,Karlstraße 15,44.0,11.36,415.0,50.36408,8.73932,False
2025-07-03 19:00:00+00:00,Karlstraße 15,24.0,8.01,415.0,50.36408,8.73932,False
2025-07-03 20:00:00+00:00,Karlstraße 15,14.0,4.85,415.0,50.36408,8.73932,False
2025-07-03 21:00:00+00:00,Karlstraße 15,3.0,4.42,415.0,50.36408,8.73932,False
2025-07-03 22:00:00+00:00,Karlstraße 15,4.0,8.91,415.0,50.36408,8.73932,False
2025-07-03 23:00:00+00:00,Karlstraße 15,10.0,35.9,415.0,50.36408,8.73932,False
2025-07-04 00:00:00+00:00,Karlstraße 15,10.0,23.88,415.0,50.36408,8.73932,False
2025-07-04 01:00:00+00:00,Karlstraße 15,2.0,15.215,415.0,50.36408,8.73932,False
2025-07-04 02:00:00+00:00,Karlstraße 15,9.0,7.17,415.0,50.36408,8.73932,False
2025-07-04 03:00:00+00:00,Karlstraße 15,19.0,11.76,415.0,50.36408,8.73932,False
2025-07-04 04:00:00+00:00,Karlstraße 15,25.0,14.65,415.0,50.36408,8.73932,False
2025-07-04 05:00:00+00:00,Karlstraße 15,59.5,4.79,415.0,50.36408,8.73932,False
2025-07-04 06:00:00+00:00,Karlstraße 15,53.5,13.09,415.0,50.36408,8.73932,False
2025-07-04 07:00:00+00:00,Karlstraße 15,84.0,11.27,415.0,50.36408,8.73932,False
2025-07-04 08:00:00+00:00,Karlstraße 15,155.0,10.035,415.0,50.36408,8.73932,False
2025-07-04 09:00:00+00:00,Karlstraße 15,170.5,12.09,415.0,50.36408,8.73932,False
2025-07-04 10:00:00+00:00,Karlstraße 15,160.5,8.99,415.0,50.36408,8.73932,False
2025-07-04 11:00:00+00:00,Karlstraße 15,144.5,13.774999999999999,415.0,50.36408,8.73932,False
2025-07-04 12:00:00+00:00,Karlstraße 15,119.0,7.86,415.0,50.36408,8.73932,False
2025-07-04 13:00:00+00:00,Karlstraße 15,57.0,4.56,415.0,50.36408,8.73932,False
2025-07-04 14:00:00+00:00,Karlstraße 15,53.0,6.15,415.0,50.36408,8.73932,False
2025-07-04 15:00:00+00:00,Karlstraße 15,144.0,8.175,415.0,50.36408,8.73932,False
2025-07-04 16:00:00+00:00,Karlstraße 15,137.0,10.629999999999999,415.0,50.36408,8.73932,False
2025-07-04 17:00:00+00:00,Karlstraße 15,112.0,11.940000000000001,415.0,50.36408,8.73932,False
2025-07-04 18:00:00+00:00,Karlstraße 15,56.0,13.73,415.0,50.36408,8.73932,False
2025-07-04 19:00:00+00:00,Karlstraße 15,55.0,13.71,415.0,50.36408,8.73932,False
2025-07-04 20:00:00+00:00,Karlstraße 15,16.0,4.69,415.0,50.36408,8.73932,False
2025-07-04 21:00:00+00:00,Karlstraße 15,7.0,4.2,415.0,50.36408,8.73932,False
2025-07-04 22:00:00+00:00,Karlstraße 15,11.5,14.190000000000001,415.0,50.36408,8.73932,True
2025-07-04 23:00:00+00:00,Karlstraße 15,16.0,24.18,415.0,50.36408,8.73932,False
2025-07-05 00:00:00+00:00,Karlstraße 15,13.0,8.32,415.0,50.36408,8.73932,False
2025-07-05 01:00:00+00:00,Karlstraße 15,3.0,1.24,415.0,50.36408,8.73932,False
2025-07-05 02:00:00+00:00,Karlstraße 15,7.0,15.79,415.0,50.36408,8.73932,False
2025-07-05 03:00:00+00:00,Karlstraße 15,19.0,8.615,415.0,50.36408,8.73932,False
2025-07-05 04:00:00+00:00,Karlstraße 15,13.0,10.79,415.0,50.36408,8.73932,False
2025-07-05 05:00:00+00:00,Karlstraße 15,29.0,10.83,415.0,50.36408,8.73932,False
2025-07-05 06:00:00+00:00,Karlstraße 15,44.0,8.52,415.0,50.36408,8.73932,False
2025-07-05 07:00:00+00:00,Karlstraße 15,22.0,4.26,415.0,50.36408,8.73932,True
2025-07-05 08:00:00+00:00,Karlstraße 15,0.0,0.0,415.0,50.36408,8.73932,False
2025-07-05 09:00:00+00:00,Karlstraße 15,72.0,8.379999999999999,415.0,50.36408,8.73932,False
2025-07-05 10:00:00+00:00,Karlstraße 15,200.5,12.65,415.0,50.36408,8.73932,False
2025-07-05 11:00:00+00:00,Karlstraße 15,148.0,10.905000000000001,415.0,50.36408,8.73932,False
2025-07-05 12:00:00+00:00,Karlstraße 15,120.0,9.98,415.0,50.36408,8.73932,False
2025-07-05 13:00:00+00:00,Karlstraße 15,103.0,8.07,415.0,50.36408,8.73932,False
2025-07-05 14:00:00+00:00,Karlstraße 15,104.66666666666667,7.866666666666667,415.0,50.36408,8.73932,True
2025-07-05 15:00:00+00:00,Karlstraße 15,106.33333333333333,7.663333333333333,415.0,50.36408,8.73932,True
2025-07-05 16:00:00+00:00,Karlstraße 15,108.0,7.46,415.0,50.36408,8.73932,False
2025-07-05 17:00:00+00:00,Karlstraße 15,81.0,10.34,415.0,50.36408,8.73932,False
2025-07-05 18:00:00+00:00,Karlstraße 15,80.0,10.25,415.0,50.36408,8.73932,False
2025-07-05 19:00:00+00:00,Karlstraße 15,50.5,8.08,415.0,50.36408,8.73932,True
2025-07-05 20:00:00+00:00,Karlstraße 15,21.0,5.91,415.0,50.36408,8.73932,False
2025-07-05 21:00:00+00:00,Karlstraße 15,1.0,2.03,415.0,50.36408,8.73932,False
2025-07-05 22:00:00+00:00,Karlstraße 15,11.0,7.3825,415.0,50.36408,8.73932,True
2025-07-05 23:00:00+00:00,Karlstraße 15,21.0,12.735,415.0,50.36408,8.73932,False
2025-07-06 00:00:00+00:00,Karlstraße 15,6.0,16.24,415.0,50.36408,8.73932,False
2025-07-06 01:00:00+00:00,Karlstraße 15,5.0,12.45,415.0,50.36408,8.73932,False
2025-07-06 02:00:00+00:00,Karlstraße 15,6.0,18.15,415.0,50.36408,8.73932,False
2025-07-06 03:00:00+00:00,Karlstraße 15,3.0,12.14,415.0,50.36408,8.73932,False
2025-07-06 04:00:00+00:00,Karlstraße 15,5.25,13.8975,415.0,50.36408,8.73932,True
2025-07-06 05:00:00+00:00,Karlstraße 15,7.5,15.655000000000001,415.0,50.36408,8.73932,False
2025-07-06 06:00:00+00:00,Karlstraße 15,15.5,3.515,415.0,50.36408,8.73932,False
2025-07-06 07:00:00+00:00,Karlstraße 15,51.5,8.475,415.0,50.36408,8.73932,False
2025-07-06 08:00:00+00:00,Karlstraße 15,57.0,9.8,415.0,50.36408,8.73932,False
2025-07-06 09:00:00+00:00,Karlstraße 15,95.5,9.96,415.0,50.36408,8.73932,False
2025-07-06 10:00:00+00:00,Karlstraße 15,107.0,12.77,415.0,50.36408,8.73932,False
2025-07-06 11:00:00+00:00,Karlstraße 15,90.0,6.23,415.0,50.36408,8.73932,False
2025-07-06 12:00:00+00:00,Karlstraße 15,73.0,13.27,415.0,50.36408,8.73932,False
2025-07-06 13:00:00+00:00,Karlstraße 15,111.0,9.59,415.0,50.36408,8.73932,False
2025-07-06 14:00:00+00:00,Karlstraße 15,77.0,8.75,415.0,50.36408,8.73932,False
2025-07-06 15:00:00+00:00,Karlstraße 15,74.0,9.65,415.0,50.36408,8.73932,False
2025-07-06 16:00:00+00:00,Karlstraße 15,54.0,6.28,415.0,50.36408,8.73932,False
2025-07-06 17:00:00+00:00,Karlstraße 15,71.0,7.92,415.0,50.36408,8.73932,False
2025-07-06 18:00:00+00:00,Karlstraße 15,40.0,5.12,415.0,50.36408,8.73932,False
2025-07-06 19:00:00+00:00,Karlstraße 15,15.0,15.15,415.0,50.36408,8.73932,False
2025-07-06 20:00:00+00:00,Karlstraße 15,19.0,9.620000000000001,415.0,50.36408,8.73932,False
2025-07-06 21:00:00+00:00,Karlstraße 15,1.0,0.72,415.0,50.36408,8.73932,False
2025-07-06 22:00:00+00:00,Karlstraße 15,,,415.0,50.36408,8.73932,True
2025-07-06 23:00:00+00:00,Karlstraße 15,,,415.0,50.36408,8.73932,True
2025-07-07 00:00:00+00:00,Karlstraße 15,,,415.0,50.36408,8.73932,True
2025-07-07 01:00:00+00:00,Karlstraße 15,4.0,27.725,415.0,50.36408,8.73932,False
2025-07-07 02:00:00+00:00,Karlstraße 15,4.0,2.02,415.0,50.36408,8.73932,False
2025-07-07 03:00:00+00:00,Karlstraße 15,14.5,4.48,415.0,50.36408,8.73932,False
2025-07-07 04:00:00+00:00,Karlstraße 15,30.0,5.125,415.0,50.36408,8.73932,False
2025-07-07 05:00:00+00:00,Karlstraße 15,28.0,5.46,415.0,50.36408,8.73932,False
2025-07-07 06:00:00+00:00,Karlstraße 15,49.0,6.625,415.0,50.36408,8.73932,False
2025-07-07 07:00:00+00:00,Karlstraße 15,93.0,7.41,415.0,50.36408,8.73932,False
2025-07-07 08:00:00+00:00,Karlstraße 15,100.0,11.81,415.0,50.36408,8.73932,False
2025-07-07 09:00:00+00:00,Karlstraße 15,109.0,8.04,415.0,50.36408,8.73932,False
2025-07-07 10:00:00+00:00,Karlstraße 15,120.0,13.780000000000001,415.0,50.36408,8.73932,False
2025-07-07 11:00:00+00:00,Karlstraße 15,104.0,10.415000000000001,415.0,50.36408,8.73932,True
2025-07-07 12:00:00+00:00,Karlstraße 15,88.0,7.05,415.0,50.36408,8.73932,False
2025-07-07 13:00:00+00:00,Karlstraße 15,78.0,7.03,415.0,50.36408,8.73932,False
2025-07-07 14:00:00+00:00,Karlstraße 15,94.0,10.125,415.0,50.36408,8.73932,False
2025-07-07 15:00:00+00:00,Karlstraße 15,99.0,12.03,415.0,50.36408,8.73932,False
2025-07-07 16:00:00+00:00,Karlstraße 15,102.0,11.84,415.0,50.36408,8.73932,False
2025-07-07 17:00:00+00:00,Karlstraße 15,53.0,8.18,415.0,50.36408,8.73932,False
2025-07-07 18:00:00+00:00,Karlstraße 15,55.5,6.494999999999999,415.0,50.36408,8.73932,False
2025-07-07 19:00:00+00:00,Karlstraße 15,16.0,2.48,415.0,50.36408,8.73932,False
2025-07-07 20:00:00+00:00,Karlstraße 15,23.0,4.65,415.0,50.36408,8.73932,False
2025-07-07 21:00:00+00:00,Karlstraße 15,3.0,3.03,415.0,50.36408,8.73932,False
2025-07-07 22:00:00+00:00,Karlstraße 15,11.0,10.725000000000001,415.0,50.36408,8.73932,True
2025-07-07 23:00:00+00:00,Karlstraße 15,19.0,18.42,415.0,50.36408,8.73932,False
2025-07-08 00:00:00+00:00,Karlstraße 15,5.0,25.215,415.0,50.36408,8.73932,False
2025-07-08 01:00:00+00:00,Karlstraße 15,6.0,3.64,415.0,50.36408,8.73932,False
2025-07-08 02:00:00+00:00,Karlstraße 15,3.0,3.27,415.0,50.36408,8.73932,False
2025-07-08 03:00:00+00:00,Karlstraße 15,13.0,6.37,415.0,50.36408,8.73932,False
2025-07-08 04:00:00+00:00,Karlstraße 15,26.75,6.282500000000001,415.0,50.36408,8.73932,True
2025-07-08 05:00:00+00:00,Karlstraße 15,40.5,6.195,415.0,50.36408,8.73932,False
2025-07-08 06:00:00+00:00,Karlstraße 15,53.0,4.4399999999999995,415.0,50.36408,8.73932,False
2025-07-08 07:00:00+00:00,Karlstraße 15,88.5,11.39,415.0,50.36408,8.73932,False
2025-07-08 08:00:00+00:00,Karlstraße 15,107.75,9.735,415.0,50.36408,8.73932,True
2025-07-08 09:00:00+00:00,Karlstraße 15,127.0,8.08,415.0,50.36408,8.73932,False
2025-07-08 10:00:00+00:00,Karlstraße 15,121.0,11.600000000000001,415.0,50.36408,8.73932,False
2025-07-08 11:00:00+00:00,Karlstraße 15,148.0,7.48,415.0,50.36408,8.73932,False
2025-07-08 12:00:00+00:00,Karlstraße 15,118.0,10.93,415.0,50.36408,8.73932,False
2025-07-08 13:00:00+00:00,Karlstraße 15,117.0,7.28,415.0,50.36408,8.73932,False
2025-07-08 14:00:00+00:00,Karlstraße 15,,,415.0,50.36408,8.73932,True
2025-07-08 15:00:00+00:00,Karlstraße 15,,,415.0,50.36408,8.73932,True
2025-07-08 16:00:00+00:00,Karlstraße 15,,,415.0,50.36408,8.73932,True
2025-07-08 17:00:00+00:00,Karlstraße 15,,,415.0,50.36408,8.73932,True
2025-07-08 18:00:00+00:00,Karlstraße 15,,,415.0,50.36408,8.73932,True
2025-07-08 19:00:00+00:00,Karlstraße 15,,,415.0,50.36408,8.73932,True
2025-07-08 20:00:00+00:00,Karlstraße 15,,,415.0,50.36408,8.73932,True
2025-07-08 21:00:00+00:00,Karlstraße 15,,,415.0,50.36408,8.73932,True
2025-07-08 22:00:00+00:00,Karlstraße 15,,,415.0,50.36408,8.73932,True
2025-07-08 23:00:00+00:00,Karlstraße 15,,,415.0,50.36408,8.73932,True
2025-07-09 00:00:00+00:00,Karlstraße 15,,,415.0,50.36408,8.73932,True
2025-07-09 01:00:00+00:00,Karlstraße 15,,,415.0,50.36408,8.73932,True
2025-07-09 02:00:00+00:00,Karlstraße 15,,,415.0,50.36408,8.73932,True
2025-07-09 03:00:00+00:00,Karlstraße 15,,,415.0,50.36408,8.73932,True
2025-07-09 04:00:00+00:00,Karlstraße 15,,,415.0,50.36408,8.73932,True
2025-07-09 05:00:00+00:00,Karlstraße 15,,,415.0,50.36408,8.73932,True
2025-07-09 06:00:00+00:00,Karlstraße 15,,,415.0,50.36408,8.73932,True
2025-07-09 07:00:00+00:00,Karlstraße 15,93.0,9.73,415.0,50.36408,8.73932,False
2025-07-09 08:00:00+00:00,Karlstraße 15,85.0,7.07,415.0,50.36408,8.73932,False
2025-07-09 09:00:00+00:00,Karlstraße 15,122.0,8.84,415.0,50.36408,8.73932,False
2025-07-09 10:00:00+00:00,Karlstraße 15,100.0,6.63,415.0,50.36408,8.73932,False
2025-07-09 11:00:00+00:00,Karlstraße 15,98.0,7.97,415.0,50.36408,8.73932,False
2025-07-09 12:00:00+00:00,Karlstraße 15,104.0,7.25,415.0,50.36408,8.73932,False
2025-07-09 13:00:00+00:00,Karlstraße 15,113.5,7.91,415.0,50.36408,8.73932,True
2025-07-09 14:00:00+00:00,Karlstraße 15,123.0,8.57,415.0,50.36408,8.73932,False
2025-07-09 15:00:00+00:00,Karlstraße 15,85.0,7.66,415.0,50.36408,8.73932,False
2025-07-09 16:00:00+00:00,Karlstraße 15,94.0,10.75,415.0,50.36408,8.73932,False
2025-07-09 17:00:00+00:00,Karlstraße 15,57.5,8.435,415.0,50.36408,8.73932,False
2025-07-09 18:00:00+00:00,Karlstraße 15,48.0,8.375,415.0,50.36408,8.73932,False
2025-07-09 19:00:00+00:00,Karlstraße 15,26.0,7.5,415.0,50.36408,8.73932,False
2025-07-09 20:00:00+00:00,Karlstraße 15,13.5,6.565,415.0,50.36408,8.73932,False
2025-07-09 21:00:00+00:00,Karlstraße 15,2.0,2.125,415.0,50.36408,8.73932,False
2025-07-09 22:00:00+00:00,Karlstraße 15,,,415.0,50.36408,8.73932,True
2025-07-09 23:00:00+00:00,Karlstraße 15,,,415.0,50.36408,8.73932,True
2025-07-10 00:00:00+00:00,Karlstraße 15,,,415.0,50.36408,8.73932,True
2025-07-10 01:00:00+00:00,Karlstraße 15,,,415.0,50.36408,8.73932,True
2025-07-10 02:00:00+00:00,Karlstraße 15,,,415.0,50.36408,8.73932,True
2025-07-10 03:00:00+00:00,Karlstraße 15,,,415.0,50.36408,8.73932,True
2025-07-10 04:00:00+00:00,Karlstraße 15,,,415.0,50.36408,8.73932,True
2025-07-10 05:00:00+00:00,Karlstraße 15,,,415.0,50.36408,8.73932,True
2025-07-10 06:00:00+00:00,Karlstraße 15,,,415.0,50.36408,8.73932,True
2025-07-10 07:00:00+00:00,Karlstraße 15,81.0,8.59,415.0,50.36408,8.73932,False
2025-07-10 08:00:00+00:00,Karlstraße 15,98.5,10.34,415.0,50.36408,8.73932,False
2025-07-10 09:00:00+00:00,Karlstraße 15,120.0,8.405,415.0,50.36408,8.73932,False
2025-07-10 10:00:00+00:00,Karlstraße 15,116.0,9.605,415.0,50.36408,8.73932,False
2025-07-10 11:00:00+00:00,Karlstraße 15,104.0,8.23,415.0,50.36408,8.73932,False
2025-07-10 12:00:00+00:00,Karlstraße 15,71.0,7.779999999999999,415.0,50.36408,8.73932,False
2025-07-10 13:00:00+00:00,Karlstraße 15,104.5,10.715,415.0,50.36408,8.73932,False
2025-07-10 14:00:00+00:00,Karlstraße 15,117.0,8.42,415.0,50.36408,8.73932,False
2025-07-10 15:00:00+00:00,Karlstraße 15,112.0,12.43,415.0,50.36408,8.73932,False
2025-07-10 16:00:00+00:00,Karlstraße 15,123.5,9.879999999999999,415.0,50.36408,8.73932,False
2025-07-10 17:00:00+00:00,Karlstraße 15,76.0,8.68,415.0,50.36408,8.73932,False
2025-07-10 18:00:00+00:00,Karlstraße 15,57.0,8.16,415.0,50.36408,8.73932,False
2025-07-10 19:00:00+00:00,Karlstraße 15,42.0,8.11,415.0,50.36408,8.73932,False
2025-07-10 20:00:00+00:00,Karlstraße 15,21.0,6.43,415.0,50.36408,8.73932,False
2025-07-10 21:00:00+00:00,Karlstraße 15,6.0,2.33,415.0,50.36408,8.73932,False
2025-07-10 22:00:00+00:00,Karlstraße 15,9.0,10.285,415.0,50.36408,8.73932,True
2025-07-10 23:00:00+00:00,Karlstraße 15,12.0,18.24,415.0,50.36408,8.73932,False
2025-07-11 00:00:00+00:00,Karlstraße 15,8.0,14.12,415.0,50.36408,8.73932,False
2025-07-11 01:00:00+00:00,Karlstraße 15,5.5,5.0,415.0,50.36408,8.73932,False
2025-07-11 02:00:00+00:00,Karlstraße 15,2.0,2.24,415.0,50.36408,8.73932,False
2025-07-11 03:00:00+00:00,Karlstraße 15,13.0,7.885,415.0,50.36408,8.73932,False
2025-07-11 04:00:00+00:00,Karlstraße 15,26.0,7.41,415.0,50.36408,8.73932,False
2025-07-11 05:00:00+00:00,Karlstraße 15,33.0,7.915,415.0,50.36408,8.73932,False
2025-07-11 06:00:00+00:00,Karlstraße 15,70.5,9.575,415.0,50.36408,8.73932,False
2025-07-11 07:00:00+00:00,Karlstraße 15,,,415.0,50.36408,8.73932,True
2025-07-11 08:00:00+00:00,Karlstraße 15,,,415.0,50.36408,8.73932,True
2025-07-11 09:00:00+00:00,Karlstraße 15,,,415.0,50.36408,8.73932,True
2025-07-11 10:00:00+00:00,Karlstraße 15,,,415.0,50.36408,8.73932,True
2025-07-11 11:00:00+00:00,Karlstraße 15,,,415.0,50.36408,8.73932,True
2025-07-11 12:00:00+00:00,Karlstraße 15,,,415.0,50.36408,8.73932,True
2025-07-11 13:00:00+00:00,Karlstraße 15,,,415.0,50.36408,8.73932,True
2025-07-11 14:00:00+00:00,Karlstraße 15,,,415.0,50.36408,8.73932,True
2025-07-11 15:00:00+00:00,Karlstraße 15,,,415.0,50.36408,8.73932,True
2025-07-11 16:00:00+00:00,Karlstraße 15,,,415.0,50.36408,8.73932,True
2025-07-11 17:00:00+00:00,Karlstraße 15,111.0,11.24,415.0,50.36408,8.73932,False
2025-07-11 18:00:00+00:00,Karlstraße 15,77.0,9.47,415.0,50.36408,8.73932,True
2025-07-11 19:00:00+00:00,Karlstraße 15,43.0,7.7,415.0,50.36408,8.73932,False
2025-07-11 20:00:00+00:00,Karlstraße 15,27.5,7.359999999999999,415.0,50.36408,8.73932,False
2025-07-11 21:00:00+00:00,Karlstraße 15,4.0,1.91,415.0,50.36408,8.73932,False
2025-07-11 22:00:00+00:00,Karlstraße 15,7.0,9.305,415.0,50.36408,8.73932,True
2025-07-11 23:00:00+00:00,Karlstraße 15,10.0,16.7,415.0,50.36408,8.73932,False
2025-07-12 00:00:00+00:00,Karlstraße 15,,,415.0,50.36408,8.73932,True
2025-07-12 01:00:00+00:00,Karlstraße 15,,,415.0,50.36408,8.73932,True
2025-07-12 02:00:00+00:00,Karlstraße 15,,,415.0,50.36408,8.73932,True
2025-07-12 03:00:00+00:00,Karlstraße 15,,,415.0,50.36408,8.73932,True
2025-07-12 04:00:00+00:00,Karlstraße 15,,,415.0,50.36408,8.73932,True
2025-07-12 05:00:00+00:00,Karlstraße 15,,,415.0,50.36408,8.73932,True
2025-07-12 06:00:00+00:00,Karlstraße 15,46.0,6.47,415.0,50.36408,8.73932,False
2025-07-12 07:00:00+00:00,Karlstraße 15,80.0,9.54,415.0,50.36408,8.73932,False
2025-07-12 08:00:00+00:00,Karlstraße 15,98.66666666666667,10.683333333333332,415.0,50.36408,8.73932,True
2025-07-12 09:00:00+00:00,Karlstraße 15,117.33333333333334,11.826666666666666,415.0,50.36408,8.73932,True
2025-07-12 10:00:00+00:00,Karlstraße 15,136.0,12.969999999999999,415.0,50.36408,8.73932,False
2025-07-12 11:00:00+00:00,Karlstraße 15,168.0,13.29,415.0,50.36408,8.73932,False
2025-07-12 12:00:00+00:00,Karlstraße 15,129.5,9.55,415.0,50.36408,8.73932,False
2025-07-12 13:00:00+00:00,Karlstraße 15,154.0,8.665,415.0,50.36408,8.73932,False
2025-07-12 14:00:00+00:00,Karlstraße 15,139.5,9.370000000000001,415.0,50.36408,8.73932,False
2025-07-12 15:00:00+00:00,Karlstraße 15,151.0,9.05,415.0,50.36408,8.73932,False
2025-07-12 16:00:00+00:00,Karlstraße 15,94.0,7.734999999999999,415.0,50.36408,8.73932,False
2025-07-12 17:00:00+00:00,Karlstraße 15,71.5,11.465,415.0,50.36408,8.73932,False
2025-07-12 18:00:00+00:00,Karlstraße 15,40.0,13.49,415.0,50.36408,8.73932,False
2025-07-12 19:00:00+00:00,Karlstraße 15,29.0,5.92,415.0,50.36408,8.73932,False
2025-07-12 20:00:00+00:00,Karlstraße 15,24.0,7.02,415.0,50.36408,8.73932,False
2025-07-12 21:00:00+00:00,Karlstraße 15,7.5,3.025,415.0,50.36408,8.73932,False
2025-07-12 22:00:00+00:00,Karlstraße 15,44.0,15.48,415.0,50.36408,8.73932,False
2025-07-12 23:00:00+00:00,Karlstraße 15,15.0,11.8,415.0,50.36408,8.73932,False
2025-07-13 00:00:00+00:00,Karlstraße 15,3.0,4.52,415.0,50.36408,8.73932,False
2025-07-13 01:00:00+00:00,Karlstraße 15,4.0,0.62,415.0,50.36408,8.73932,False
2025-07-13 02:00:00+00:00,Karlstraße 15,3.0,14.7,415.0,50.36408,8.73932,False
2025-07-13 03:00:00+00:00,Karlstraße 15,3.0,41.49,415.0,50.36408,8.73932,False
2025-07-13 04:00:00+00:00,Karlstraße 15,,,415.0,50.36408,8.73932,True
2025-07-13 05:00:00+00:00,Karlstraße 15,,,415.0,50.36408,8.73932,True
2025-07-13 06:00:00+00:00,Karlstraße 15,,,415.0,50.36408,8.73932,True
2025-07-13 07:00:00+00:00,Karlstraße 15,,,415.0,50.36408,8.73932,True
2025-07-13 08:00:00+00:00,Karlstraße 15,,,415.0,50.36408,8.73932,True
2025-07-13 09:00:00+00:00,Karlstraße 15,,,415.0,50.36408,8.73932,True
2025-07-13 10:00:00+00:00,Karlstraße 15,,,415.0,50.36408,8.73932,True
2025-07-13 11:00:00+00:00,Karlstraße 15,,,415.0,50.36408,8.73932,True
2025-07-13 12:00:00+00:00,Karlstraße 15,,,415.0,50.36408,8.73932,True
2025-07-13 13:00:00+00:00,Karlstraße 15,,,415.0,50.36408,8.73932,True
2025-07-13 14:00:00+00:00,Karlstraße 15,,,415.0,50.36408,8.73932,True
2025-07-13 15:00:00+00:00,Karlstraße 15,,,415.0,50.36408,8.73932,True
2025-07-13 16:00:00+00:00,Karlstraße 15,,,415.0,50.36408,8.73932,True
2025-07-13 17:00:00+00:00,Karlstraße 15,,,415.0,50.36408,8.73932,True
2025-07-13 18:00:00+00:00,Karlstraße 15,,,415.0,50.36408,8.73932,True
2025-07-13 19:00:00+00:00,Karlstraße 15,,,415.0,50.36408,8.73932,True
2025-07-13 20:00:00+00:00,Karlstraße 15,,,415.0,50.36408,8.73932,True
2025-07-13 21:00:00+00:00,Karlstraße 15,4.5,0.34,415.0,50.36408,8.73932,False
2025-07-13 22:00:00+00:00,Karlstraße 15,7.25,17.794999999999998,415.0,50.36408,8.73932,True
2025-07-13 23:00:00+00:00,Karlstraße 15,10.0,35.25,415.0,50.36408,8.73932,False
2025-06-30 01:00:00+00:00,Karlstraße 6,2.0,11.53,415.0,50.36498,8.73939,False
2025-06-30 02:00:00+00:00,Karlstraße 6,2.0,5.37,415.0,50.36498,8.73939,False
2025-06-30 03:00:00+00:00,Karlstraße 6,10.0,4.895,415.0,50.36498,8.73939,False
2025-06-30 04:00:00+00:00,Karlstraße 6,11.0,3.84,415.0,50.36498,8.73939,False
2025-06-30 05:00:00+00:00,Karlstraße 6,13.0,8.465,415.0,50.36498,8.73939,False
2025-06-30 06:00:00+00:00,Karlstraße 6,46.0,10.42,415.0,50.36498,8.73939,False
2025-06-30 07:00:00+00:00,Karlstraße 6,69.0,13.125,415.0,50.36498,8.73939,False
2025-06-30 08:00:00+00:00,Karlstraße 6,70.25,12.5425,415.0,50.36498,8.73939,True
2025-06-30 09:00:00+00:00,Karlstraße 6,71.5,11.96,415.0,50.36498,8.73939,False
2025-06-30 10:00:00+00:00,Karlstraße 6,41.0,13.24,415.0,50.36498,8.73939,False
2025-06-30 11:00:00+00:00,Karlstraße 6,49.0,8.93,415.0,50.36498,8.73939,False
2025-06-30 12:00:00+00:00,Karlstraße 6,41.0,14.365,415.0,50.36498,8.73939,False
2025-06-30 13:00:00+00:00,Karlstraße 6,50.5,16.07,415.0,50.36498,8.73939,False
2025-06-30 14:00:00+00:00,Karlstraße 6,110.0,13.215,415.0,50.36498,8.73939,False
2025-06-30 15:00:00+00:00,Karlstraße 6,74.0,8.79,415.0,50.36498,8.73939,False
2025-06-30 16:00:00+00:00,Karlstraße 6,35.5,6.055,415.0,50.36498,8.73939,False
2025-06-30 17:00:00+00:00,Karlstraße 6,38.0,3.94,415.0,50.36498,8.73939,False
2025-06-30 18:00:00+00:00,Karlstraße 6,21.5,6.535,415.0,50.36498,8.73939,False
2025-06-30 19:00:00+00:00,Karlstraße 6,16.0,7.37,415.0,50.36498,8.73939,False
2025-06-30 20:00:00+00:00,Karlstraße 6,1.5,2.3600000000000003,415.0,50.36498,8.73939,False
2025-06-30 21:00:00+00:00,Karlstraße 6,6.0,5.835000000000001,415.0,50.36498,8.73939,True
2025-06-30 22:00:00+00:00,Karlstraße 6,10.5,9.31,415.0,50.36498,8.73939,False
2025-06-30 23:00:00+00:00,Karlstraße 6,2.0,9.83,415.0,50.36498,8.73939,False
2025-07-01 00:00:00+00:00,Karlstraße 6,3.0,11.56,415.0,50.36498,8.73939,False
2025-07-01 01:00:00+00:00,Karlstraße 6,2.5,23.240000000000002,415.0,50.36498,8.73939,False
2025-07-01 02:00:00+00:00,Karlstraße 6,4.0,19.009999999999998,415.0,50.36498,8.73939,False
2025-07-01 03:00:00+00:00,Karlstraße 6,5.5,29.17,415.0,50.36498,8.73939,False
2025-07-01 04:00:00+00:00,Karlstraße 6,14.0,8.965,415.0,50.36498,8.73939,False
2025-07-01 05:00:00+00:00,Karlstraße 6,36.0,5.11,415.0,50.36498,8.73939,False
2025-07-01 06:00:00+00:00,Karlstraße 6,31.5,9.135,415.0,50.36498,8.73939,False
2025-07-01 07:00:00+00:00,Karlstraße 6,75.0,8.46,415.0,50.36498,8.73939,False
2025-07-01 08:00:00+00:00,Karlstraße 6,81.0,7.55,415.0,50.36498,8.73939,False
2025-07-01 09:00:00+00:00,Karlstraße 6,79.0,7.015000000000001,415.0,50.36498,8.73939,False
2025-07-01 10:00:00+00:00,Karlstraße 6,73.0,7.4,415.0,50.36498,8.73939,False
2025-07-01 11:00:00+00:00,Karlstraße 6,77.0,6.73,415.0,50.36498,8.73939,False
2025-07-01 12:00:00+00:00,Karlstraße 6,57.0,7.949999999999999,415.0,50.36498,8.73939,False
2025-07-01 13:00:00+00:00,Karlstraße 6,71.0,7.37,415.0,50.36498,8.73939,False
2025-07-01 14:00:00+00:00,Karlstraße 6,63.0,11.5,415.0,50.36498,8.73939,False
2025-07-01 15:00:00+00:00,Karlstraße 6,66.5,5.03,415.0,50.36498,8.73939,False
2025-07-01 16:00:00+00:00,Karlstraße 6,49.5,7.26,415.0,50.36498,8.73939,False
2025-07-01 17:00:00+00:00,Karlstraße 6,14.0,3.02,415.0,50.36498,8.73939,False
2025-07-01 18:00:00+00:00,Karlstraße 6,29.0,6.6,415.0,50.36498,8.73939,False
2025-07-01 19:00:00+00:00,Karlstraße 6,7.0,4.01,415.0,50.36498,8.73939,False
2025-07-01 20:00:00+00:00,Karlstraße 6,7.0,1.295,415.0,50.36498,8.73939,False
2025-07-01 21:00:00+00:00,Karlstraße 6,2.0,1.08,415.0,50.36498,8.73939,False
2025-07-01 22:00:00+00:00,Karlstraße 6,17.0,16.35,415.0,50.36498,8.73939,False
2025-07-01 23:00:00+00:00,Karlstraße 6,4.0,31.44,415.0,50.36498,8.73939,False
2025-07-02 00:00:00+00:00,Karlstraße 6,0.0,0.0,415.0,50.36498,8.73939,False
2025-07-02 01:00:00+00:00,Karlstraße 6,2.0,29.08,415.0,50.36498,8.73939,False
2025-07-02 02:00:00+00:00,Karlstraße 6,1.0,15.015,415.0,50.36498,8.73939,False
2025-07-02 03:00:00+00:00,Karlstraße 6,6.5,4.855,415.0,50.36498,8.73939,False
2025-07-02 04:00:00+00:00,Karlstraße 6,7.0,11.68,415.0,50.36498,8.73939,False
2025-07-02 05:00:00+00:00,Karlstraße 6,38.0,5.96,415.0,50.36498,8.73939,False
2025-07-02 06:00:00+00:00,Karlstraße 6,44.0,13.685,415.0,50.36498,8.73939,False
2025-07-02 07:00:00+00:00,Karlstraße 6,71.5,16.415,415.0,50.36498,8.73939,False
2025-07-02 08:00:00+00:00,Karlstraße 6,75.0,11.565,415.0,50.36498,8.73939,False
2025-07-02 09:00:00+00:00,Karlstraße 6,62.0,6.53,415.0,50.36498,8.73939,False
2025-07-02 10:00:00+00:00,Karlstraße 6,37.0,9.08,415.0,50.36498,8.73939,False
2025-07-02 11:00:00+00:00,Karlstraße 6,33.0,7.02,415.0,50.36498,8.73939,False
2025-07-02 12:00:00+00:00,Karlstraße 6,32.0,7.395,415.0,50.36498,8.73939,False
2025-07-02 13:00:00+00:00,Karlstraße 6,39.0,8.3,415.0,50.36498,8.73939,False
2025-07-02 14:00:00+00:00,Karlstraße 6,42.0,5.01,415.0,50.36498,8.73939,False
2025-07-02 15:00:00+00:00,Karlstraße 6,49.5,9.1,415.0,50.36498,8.73939,False
2025-07-02 16:00:00+00:00,Karlstraße 6,32.0,5.03,415.0,50.36498,8.73939,False
2025-07-02 17:00:00+00:00,Karlstraße 6,17.0,3.78,415.0,50.36498,8.73939,False
2025-07-02 18:00:00+00:00,Karlstraße 6,20.0,4.5649999999999995,415.0,50.36498,8.73939,False
2025-07-02 19:00:00+00:00,Karlstraße 6,8.0,20.14,415.0,50.36498,8.73939,False
2025-07-02 20:00:00+00:00,Karlstraße 6,9.5,1.855,415.0,50.36498,8.73939,False
2025-07-02 21:00:00+00:00,Karlstraße 6,7.0,4.906666666666666,415.0,50.36498,8.73939,True
2025-07-02 22:00:00+00:00,Karlstraße 6,4.5,7.958333333333332,415.0,50.36498,8.73939,True
2025-07-02 23:00:00+00:00,Karlstraße 6,2.0,11.01,415.0,50.36498,8.73939,False
2025-07-03 00:00:00+00:00,Karlstraße 6,2.0,19.41,415.0,50.36498,8.73939,False
2025-07-03 01:00:00+00:00,Karlstraße 6,1.0,9.705,415.0,50.36498,8.73939,True
2025-07-03 02:00:00+00:00,Karlstraße 6,0.0,0.0,415.0,50.36498,8.73939,False
2025-07-03 03:00:00+00:00,Karlstraße 6,7.0,8.23,415.0,50.36498,8.73939,False
2025-07-03 04:00:00+00:00,Karlstraße 6,11.0,3.2249999999999996,415.0,50.36498,8.73939,False
2025-07-03 05:00:00+00:00,Karlstraße 6,33.5,5.005,415.0,50.36498,8.73939,False
2025-07-03 06:00:00+00:00,Karlstraße 6,29.5,9.3,415.0,50.36498,8.73939,False
2025-07-03 07:00:00+00:00,Karlstraße 6,39.0,7.26,415.0,50.36498,8.73939,False
2025-07-03 08:00:00+00:00,Karlstraße 6,82.0,5.75,415.0,50.36498,8.73939,False
2025-07-03 09:00:00+00:00,Karlstraße 6,66.0,8.745000000000001,415.0,50.36498,8.73939,False
2025-07-03 10:00:00+00:00,Karlstraße 6,85.0,6.65,415.0,50.36498,8.73939,False
2025-07-03 11:00:00+00:00,Karlstraße 6,52.0,8.385,415.0,50.36498,8.73939,False
2025-07-03 12:00:00+00:00,Karlstraße 6,55.0,9.344999999999999,415.0,50.36498,8.73939,False
2025-07-03 13:00:00+00:00,Karlstraße 6,54.0,8.530000000000001,415.0,50.36498,8.73939,False
2025-07-03 14:00:00+00:00,Karlstraße 6,50.5,12.315,415.0,50.36498,8.73939,False
2025-07-03 15:00:00+00:00,Karlstraße 6,49.0,6.84,415.0,50.36498,8.73939,False
2025-07-03 16:00:00+00:00,Karlstraße 6,52.0,3.67,415.0,50.36498,8.73939,False
2025-07-03 17:00:00+00:00,Karlstraße 6,30.0,5.76,415.0,50.36498,8.73939,False
2025-07-03 18:00:00+00:00,Karlstraße 6,27.0,7.28,415.0,50.36498,8.73939,False
2025-07-03 19:00:00+00:00,Karlstraße 6,16.5,7.185,415.0,50.36498,8.73939,False
2025-07-03 20:00:00+00:00,Karlstraße 6,6.5,4.824999999999999,415.0,50.36498,8.73939,False
2025-07-03 21:00:00+00:00,Karlstraße 6,3.75,4.72,415.0,50.36498,8.73939,True
2025-07-03 22:00:00+00:00,Karlstraße 6,1.0,4.615,415.0,50.36498,8.73939,False
2025-07-03 23:00:00+00:00,Karlstraße 6,5.0,17.79,415.0,50.36498,8.73939,False
2025-07-04 00:00:00+00:00,Karlstraße 6,5.0,48.29,415.0,50.36498,8.73939,False
2025-07-04 01:00:00+00:00,Karlstraße 6,1.0,12.7,415.0,50.36498,8.73939,False
2025-07-04 02:00:00+00:00,Karlstraße 6,1.0,0.35,415.0,50.36498,8.73939,False
2025-07-04 03:00:00+00:00,Karlstraße 6,5.0,16.4,415.0,50.36498,8.73939,False
2025-07-04 04:00:00+00:00,Karlstraße 6,15.5,10.07,415.0,50.36498,8.73939,False
2025-07-04 05:00:00+00:00,Karlstraße 6,27.0,4.08,415.0,50.36498,8.73939,False
2025-07-04 06:00:00+00:00,Karlstraße 6,42.0,8.06,415.0,50.36498,8.73939,False
2025-07-04 07:00:00+00:00,Karlstraße 6,104.5,8.09,415.0,50.36498,8.73939,False
2025-07-04 08:00:00+00:00,Karlstraße 6,100.0,15.325000000000001,415.0,50.36498,8.73939,False
2025-07-04 09:00:00+00:00,Karlstraße 6,150.5,14.675,415.0,50.36498,8.73939,False
2025-07-04 10:00:00+00:00,Karlstraße 6,115.0,9.815,415.0,50.36498,8.73939,False
2025-07-04 11:00:00+00:00,Karlstraße 6,116.0,9.51,415.0,50.36498,8.73939,False
2025-07-04 12:00:00+00:00,Karlstraße 6,68.0,7.35,415.0,50.36498,8.73939,False
2025-07-04 13:00:00+00:00,Karlstraße 6,36.0,3.68,415.0,50.36498,8.73939,False
2025-07-04 14:00:00+00:00,Karlstraße 6,8.0,3.7150000000000003,415.0,50.36498,8.73939,False
2025-07-04 15:00:00+00:00,Karlstraße 6,80.0,6.885,415.0,50.36498,8.73939,False
2025-07-04 16:00:00+00:00,Karlstraße 6,81.5,6.105,415.0,50.36498,8.73939,False
2025-07-04 17:00:00+00:00,Karlstraße 6,47.5,10.2,415.0,50.36498,8.73939,False
2025-07-04 18:00:00+00:00,Karlstraße 6,31.0,6.5600000000000005,415.0,50.36498,8.73939,False
2025-07-04 19:00:00+00:00,Karlstraße 6,16.5,4.33,415.0,50.36498,8.73939,False
2025-07-04 20:00:00+00:00,Karlstraße 6,15.0,4.81,415.0,50.36498,8.73939,False
2025-07-04 21:00:00+00:00,Karlstraße 6,4.0,4.31,415.0,50.36498,8.73939,False
2025-07-04 22:00:00+00:00,Karlstraße 6,17.0,21.71,415.0,50.36498,8.73939,False
2025-07-04 23:00:00+00:00,Karlstraße 6,5.0,12.95,415.0,50.36498,8.73939,False
2025-07-05 00:00:00+00:00,Karlstraße 6,2.5,13.75,415.0,50.36498,8.73939,False
2025-07-05 01:00:00+00:00,Karlstraße 6,2.0,23.41,415.0,50.36498,8.73939,False
2025-07-05 02:00:00+00:00,Karlstraße 6,5.0,18.22,415.0,50.36498,8.73939,False
2025-07-05 03:00:00+00:00,Karlstraße 6,3.0,0.62,415.0,50.36498,8.73939,False
2025-07-05 04:00:00+00:00,Karlstraße 6,6.0,4.92,415.0,50.36498,8.73939,False
2025-07-05 05:00:00+00:00,Karlstraße 6,14.0,6.05,415.0,50.36498,8.73939,False
2025-07-05 06:00:00+00:00,Karlstraße 6,42.0,9.39,415.0,50.36498,8.73939,False
2025-07-05 07:00:00+00:00,Karlstraße 6,21.0,4.695,415.0,50.36498,8.73939,True
2025-07-05 08:00:00+00:00,Karlstraße 6,0.0,0.0,415.0,50.36498,8.73939,False
2025-07-05 09:00:00+00:00,Karlstraße 6,64.0,8.29,415.0,50.36498,8.73939,False
2025-07-05 10:00:00+00:00,Karlstraße 6,137.0,10.54,415.0,50.36498,8.73939,False
2025-07-05 11:00:00+00:00,Karlstraße 6,124.0,12.55,415.0,50.36498,8.73939,False
2025-07-05 12:00:00+00:00,Karlstraße 6,125.0,10.285,415.0,50.36498,8.73939,False
2025-07-05 13:00:00+00:00,Karlstraße 6,89.0,11.11,415.0,50.36498,8.73939,False
2025-07-05 14:00:00+00:00,Karlstraße 6,76.0,9.273333333333333,415.0,50.36498,8.73939,True
2025-07-05 15:00:00+00:00,Karlstraße 6,63.0,7.436666666666666,415.0,50.36498,8.73939,True
2025-07-05 16:00:00+00:00,Karlstraße 6,50.0,5.6,415.0,50.36498,8.73939,False
2025-07-05 17:00:00+00:00,Karlstraße 6,25.0,4.385,415.0,50.36498,8.73939,False
2025-07-05 18:00:00+00:00,Karlstraße 6,13.0,3.22,415.0,50.36498,8.73939,False
2025-07-05 19:00:00+00:00,Karlstraße 6,17.0,11.19,415.0,50.36498,8.73939,False
2025-07-05 20:00:00+00:00,Karlstraße 6,8.5,5.595,415.0,50.36498,8.73939,True
2025-07-05 21:00:00+00:00,Karlstraße 6,0.0,0.0,415.0,50.36498,8.73939,False
2025-07-05 22:00:00+00:00,Karlstraße 6,1.25,13.52,415.0,50.36498,8.73939,True
2025-07-05 23:00:00+00:00,Karlstraße 6,2.5,27.04,415.0,50.36498,8.73939,False
2025-07-06 00:00:00+00:00,Karlstraße 6,4.0,8.02,415.0,50.36498,8.73939,False
2025-07-06 01:00:00+00:00,Karlstraße 6,6.0,18.34,415.0,50.36498,8.73939,False
2025-07-06 02:00:00+00:00,Karlstraße 6,1.0,1.23,415.0,50.36498,8.73939,False
2025-07-06 03:00:00+00:00,Karlstraße 6,2.0,44.165,415.0,50.36498,8.73939,False
2025-07-06 04:00:00+00:00,Karlstraße 6,3.0,4.29,415.0,50.36498,8.73939,False
2025-07-06 05:00:00+00:00,Karlstraße 6,5.0,8.12,415.0,50.36498,8.73939,False
2025-07-06 06:00:00+00:00,Karlstraße 6,11.0,13.685,415.0,50.36498,8.73939,False
2025-07-06 07:00:00+00:00,Karlstraße 6,30.0,10.35,415.0,50.36498,8.73939,False
2025-07-06 08:00:00+00:00,Karlstraße 6,48.0,7.5,415.0,50.36498,8.73939,False
2025-07-06 09:00:00+00:00,Karlstraße 6,87.0,9.15,415.0,50.36498,8.73939,False
2025-07-06 10:00:00+00:00,Karlstraße 6,92.0,6.25,415.0,50.36498,8.73939,False
2025-07-06 11:00:00+00:00,Karlstraße 6,77.0,6.49,415.0,50.36498,8.73939,False
2025-07-06 12:00:00+00:00,Karlstraße 6,106.0,15.81,415.0,50.36498,8.73939,False
2025-07-06 13:00:00+00:00,Karlstraße 6,135.0,11.96,415.0,50.36498,8.73939,False
2025-07-06 14:00:00+00:00,Karlstraße 6,64.0,9.57,415.0,50.36498,8.73939,False
2025-07-06 15:00:00+00:00,Karlstraße 6,40.0,10.469999999999999,415.0,50.36498,8.73939,False
2025-07-06 16:00:00+00:00,Karlstraße 6,12.0,5.01,415.0,50.36498,8.73939,False
2025-07-06 17:00:00+00:00,Karlstraße 6,16.5,4.16,415.0,50.36498,8.73939,False
2025-07-06 18:00:00+00:00,Karlstraße 6,18.0,5.96,415.0,50.36498,8.73939,False
2025-07-06 19:00:00+00:00,Karlstraße 6,7.0,10.025,415.0,50.36498,8.73939,False
2025-07-06 20:00:00+00:00,Karlstraße 6,3.5,5.0125,415.0,50.36498,8.73939,True
2025-07-06 21:00:00+00:00,Karlstraße 6,0.0,0.0,415.0,50.36498,8.73939,False
2025-07-06 22:00:00+00:00,Karlstraße 6,,,415.0,50.36498,8.73939,True
2025-07-06 23:00:00+00:00,Karlstraße 6,,,415.0,50.36498,8.73939,True
2025-07-07 00:00:00+00:00,Karlstraße 6,,,415.0,50.36498,8.73939,True
2025-07-07 01:00:00+00:00,Karlstraße 6,1.0,18.77,415.0,50.36498,8.73939,False
2025-07-07 02:00:00+00:00,Karlstraße 6,1.0,13.33,415.0,50.36498,8.73939,False
2025-07-07 03:00:00+00:00,Karlstraße 6,5.0,6.74,415.0,50.36498,8.73939,False
2025-07-07 04:00:00+00:00,Karlstraße 6,10.0,2.105,415.0,50.36498,8.73939,False
2025-07-07 05:00:00+00:00,Karlstraße 6,16.0,9.23,415.0,50.36498,8.73939,False
2025-07-07 06:00:00+00:00,Karlstraße 6,40.0,5.91,415.0,50.36498,8.73939,False
2025-07-07 07:00:00+00:00,Karlstraße 6,63.0,12.51,415.0,50.36498,8.73939,False
2025-07-07 08:00:00+00:00,Karlstraße 6,84.0,10.75,415.0,50.36498,8.73939,False
2025-07-07 09:00:00+00:00,Karlstraße 6,67.5,8.685,415.0,50.36498,8.73939,False
2025-07-07 10:00:00+00:00,Karlstraße 6,67.0,9.7,415.0,50.36498,8.73939,False
2025-07-07 11:00:00+00:00,Karlstraße 6,63.5,8.77,415.0,50.36498,8.73939,True
2025-07-07 12:00:00+00:00,Karlstraße 6,60.0,7.84,415.0,50.36498,8.73939,False
2025-07-07 13:00:00+00:00,Karlstraße 6,67.0,10.81,415.0,50.36498,8.73939,False
2025-07-07 14:00:00+00:00,Karlstraße 6,60.5,9.585,415.0,50.36498,8.73939,False
2025-07-07 15:00:00+00:00,Karlstraße 6,55.0,10.61,415.0,50.36498,8.73939,False
2025-07-07 16:00:00+00:00,Karlstraße 6,41.0,4.34,415.0,50.36498,8.73939,False
2025-07-07 17:00:00+00:00,Karlstraße 6,13.0,7.19,415.0,50.36498,8.73939,False
2025-07-07 18:00:00+00:00,Karlstraße 6,8.0,6.1,415.0,50.36498,8.73939,False
2025-07-07 19:00:00+00:00,Karlstraße 6,3.0,1.93,415.0,50.36498,8.73939,False
2025-07-07 20:00:00+00:00,Karlstraße 6,1.5,0.965,415.0,50.36498,8.73939,True
2025-07-07 21:00:00+00:00,Karlstraße 6,0.0,0.0,415.0,50.36498,8.73939,False
2025-07-07 22:00:00+00:00,Karlstraße 6,2.5,2.725,415.0,50.36498,8.73939,True
2025-07-07 23:00:00+00:00,Karlstraße 6,5.0,5.45,415.0,50.36498,8.73939,False
2025-07-08 00:00:00+00:00,Karlstraße 6,4.0,4.185,415.0,50.36498,8.73939,False
2025-07-08 01:00:00+00:00,Karlstraße 6,1.0,2.0,415.0,50.36498,8.73939,False
2025-07-08 02:00:00+00:00,Karlstraße 6,1.0,4.3,415.0,50.36498,8.73939,False
2025-07-08 03:00:00+00:00,Karlstraße 6,6.0,2.29,415.0,50.36498,8.73939,False
2025-07-08 04:00:00+00:00,Karlstraße 6,12.0,2.665,415.0,50.36498,8.73939,True
2025-07-08 05:00:00+00:00,Karlstraße 6,18.0,3.04,415.0,50.36498,8.73939,False
2025-07-08 06:00:00+00:00,Karlstraße 6,25.5,10.225000000000001,415.0,50.36498,8.73939,False
2025-07-08 07:00:00+00:00,Karlstraße 6,65.5,9.49,415.0,50.36498,8.73939,False
2025-07-08 08:00:00+00:00,Karlstraße 6,61.25,10.635,415.0,50.36498,8.73939,True
2025-07-08 09:00:00+00:00,Karlstraße 6,57.0,11.78,415.0,50.36498,8.73939,False
2025-07-08 10:00:00+00:00,Karlstraße 6,38.0,11.07,415.0,50.36498,8.73939,False
2025-07-08 11:00:00+00:00,Karlstraße 6,83.5,8.184999999999999,415.0,50.36498,8.73939,False
2025-07-08 12:00:00+00:00,Karlstraße 6,82.0,10.44,415.0,50.36498,8.73939,False
2025-07-08 13:00:00+00:00,Karlstraße 6,89.0,6.4,415.0,50.36498,8.73939,False
2025-07-08 14:00:00+00:00,Karlstraße 6,,,415.0,50.36498,8.73939,True
2025-07-08 15:00:00+00:00,Karlstraße 6,,,415.0,50.36498,8.73939,True
2025-07-08 16:00:00+00:00,Karlstraße 6,,,415.0,50.36498,8.73939,True
2025-07-08 17:00:00+00:00,Karlstraße 6,,,415.0,50.36498,8.73939,True
2025-07-08 18:00:00+00:00,Karlstraße 6,,,415.0,50.36498,8.73939,True
2025-07-08 19:00:00+00:00,Karlstraße 6,,,415.0,50.36498,8.73939,True
2025-07-08 20:00:00+00:00,Karlstraße 6,,,415.0,50.36498,8.73939,True
2025-07-08 21:00:00+00:00,Karlstraße 6,,,415.0,50.36498,8.73939,True
2025-07-08 22:00:00+00:00,Karlstraße 6,,,415.0,50.36498,8.73939,True
2025-07-08 23:00:00+00:00,Karlstraße 6,,,415.0,50.36498,8.73939,True
2025-07-09 00:00:00+00:00,Karlstraße 6,,,415.0,50.36498,8.73939,True
2025-07-09 01:00:00+00:00,Karlstraße 6,,,415.0,50.36498,8.73939,True
2025-07-09 02:00:00+00:00,Karlstraße 6,,,415.0,50.36498,8.73939,True
2025-07-09 03:00:00+00:00,Karlstraße 6,,,415.0,50.36498,8.73939,True
2025-07-09 04:00:00+00:00,Karlstraße 6,,,415.0,50.36498,8.73939,True
2025-07-09 05:00:00+00:00,Karlstraße 6,,,415.0,50.36498,8.73939,True
2025-07-09 06:00:00+00:00,Karlstraße 6,,,415.0,50.36498,8.73939,True
2025-07-09 07:00:00+00:00,Karlstraße 6,52.0,10.9,415.0,50.36498,8.73939,False
2025-07-09 08:00:00+00:00,Karlstraße 6,68.0,9.14,415.0,50.36498,8.73939,False
2025-07-09 09:00:00+00:00,Karlstraße 6,57.0,9.21,415.0,50.36498,8.73939,False
2025-07-09 10:00:00+00:00,Karlstraße 6,93.0,12.21,415.0,50.36498,8.73939,False
2025-07-09 11:00:00+00:00,Karlstraße 6,51.0,8.41,415.0,50.36498,8.73939,False
2025-07-09 12:00:00+00:00,Karlstraße 6,72.0,12.025,415.0,50.36498,8.73939,False
2025-07-09 13:00:00+00:00,Karlstraße 6,72.0,11.4475,415.0,50.36498,8.73939,True
2025-07-09 14:00:00+00:00,Karlstraße 6,72.0,10.87,415.0,50.36498,8.73939,False
2025-07-09 15:00:00+00:00,Karlstraße 6,65.5,8.08,415.0,50.36498,8.73939,False
2025-07-09 16:00:00+00:00,Karlstraße 6,62.5,5.29,415.0,50.36498,8.73939,False
2025-07-09 17:00:00+00:00,Karlstraße 6,31.0,6.824999999999999,415.0,50.36498,8.73939,False
2025-07-09 18:00:00+00:00,Karlstraße 6,17.5,8.075,415.0,50.36498,8.73939,False
2025-07-09 19:00:00+00:00,Karlstraße 6,6.0,6.09,415.0,50.36498,8.73939,False
2025-07-09 20:00:00+00:00,Karlstraße 6,4.0,3.67,415.0,50.36498,8.73939,False
2025-07-09 21:00:00+00:00,Karlstraße 6,1.5,0.25,415.0,50.36498,8.73939,False
2025-07-09 22:00:00+00:00,Karlstraße 6,,,415.0,50.36498,8.73939,True
2025-07-09 23:00:00+00:00,Karlstraße 6,,,415.0,50.36498,8.73939,True
2025-07-10 00:00:00+00:00,Karlstraße 6,,,415.0,50.36498,8.73939,True
2025-07-10 01:00:00+00:00,Karlstraße 6,,,415.0,50.36498,8.73939,True
2025-07-10 02:00:00+00:00,Karlstraße 6,,,415.0,50.36498,8.73939,True
2025-07-10 03:00:00+00:00,Karlstraße 6,,,415.0,50.36498,8.73939,True
2025-07-10 04:00:00+00:00,Karlstraße 6,,,415.0,50.36498,8.73939,True
2025-07-10 05:00:00+00:00,Karlstraße 6,,,415.0,50.36498,8.73939,True
2025-07-10 06:00:00+00:00,Karlstraße 6,,,415.0,50.36498,8.73939,True
2025-07-10 07:00:00+00:00,Karlstraße 6,44.5,6.4350000000000005,415.0,50.36498,8.73939,False
2025-07-10 08:00:00+00:00,Karlstraße 6,65.5,7.85,415.0,50.36498,8.73939,False
2025-07-10 09:00:00+00:00,Karlstraße 6,70.0,10.620000000000001,415.0,50.36498,8.73939,False
2025-07-10 10:00:00+00:00,Karlstraße 6,81.5,9.635,415.0,50.36498,8.73939,False
2025-07-10 11:00:00+00:00,Karlstraße 6,89.0,12.02,415.0,50.36498,8.73939,False
2025-07-10 12:00:00+00:00,Karlstraße 6,65.0,4.455,415.0,50.36498,8.73939,False
2025-07-10 13:00:00+00:00,Karlstraße 6,94.0,8.755,415.0,50.36498,8.73939,False
2025-07-10 14:00:00+00:00,Karlstraße 6,105.5,11.005,415.0,50.36498,8.73939,False
2025-07-10 15:00:00+00:00,Karlstraße 6,55.0,8.95,415.0,50.36498,8.73939,False
2025-07-10 16:00:00+00:00,Karlstraße 6,39.0,7.5600000000000005,415.0,50.36498,8.73939,False
2025-07-10 17:00:00+00:00,Karlstraße 6,38.5,2.96,415.0,50.36498,8.73939,False
2025-07-10 18:00:00+00:00,Karlstraße 6,14.0,5.04,415.0,50.36498,8.73939,False
2025-07-10 19:00:00+00:00,Karlstraße 6,26.0,5.44,415.0,50.36498,8.73939,False
2025-07-10 20:00:00+00:00,Karlstraße 6,13.0,2.72,415.0,50.36498,8.73939,True
2025-07-10 21:00:00+00:00,Karlstraße 6,0.0,0.0,415.0,50.36498,8.73939,False
2025-07-10 22:00:00+00:00,Karlstraße 6,1.5,8.28,415.0,50.36498,8.73939,True
2025-07-10 23:00:00+00:00,Karlstraße 6,3.0,16.56,415.0,50.36498,8.73939,False
2025-07-11 00:00:00+00:00,Karlstraße 6,4.0,1.1,415.0,50.36498,8.73939,False
2025-07-11 01:00:00+00:00,Karlstraße 6,2.0,0.45,415.0,50.36498,8.73939,False
2025-07-11 02:00:00+00:00,Karlstraße 6,3.0,4.15,415.0,50.36498,8.73939,False
2025-07-11 03:00:00+00:00,Karlstraße 6,5.0,0.78,415.0,50.36498,8.73939,False
2025-07-11 04:00:00+00:00,Karlstraße 6,11.0,2.13,415.0,50.36498,8.73939,False
2025-07-11 05:00:00+00:00,Karlstraße 6,17.0,18.81,415.0,50.36498,8.73939,False
2025-07-11 06:00:00+00:00,Karlstraße 6,31.0,6.22,415.0,50.36498,8.73939,False
2025-07-11 07:00:00+00:00,Karlstraße 6,,,415.0,50.36498,8.73939,True
2025-07-11 08:00:00+00:00,Karlstraße 6,,,415.0,50.36498,8.73939,True
2025-07-11 09:00:00+00:00,Karlstraße 6,,,415.0,50.36498,8.73939,True
2025-07-11 10:00:00+00:00,Karlstraße 6,,,415.0,50.36498,8.73939,True
2025-07-11 11:00:00+00:00,Karlstraße 6,,,415.0,50.36498,8.73939,True
2025-07-11 12:00:00+00:00,Karlstraße 6,,,415.0,50.36498,8.73939,True
2025-07-11 13:00:00+00:00,Karlstraße 6,,,415.0,50.36498,8.73939,True
2025-07-11 14:00:00+00:00,Karlstraße 6,,,415.0,50.36498,8.73939,True
2025-07-11 15:00:00+00:00,Karlstraße 6,,,415.0,50.36498,8.73939,True
2025-07-11 16:00:00+00:00,Karlstraße 6,,,415.0,50.36498,8.73939,True
2025-07-11 17:00:00+00:00,Karlstraße 6,44.0,3.89,415.0,50.36498,8.73939,False
2025-07-11 18:00:00+00:00,Karlstraße 6,31.5,5.695,415.0,50.36498,8.73939,True
2025-07-11 19:00:00+00:00,Karlstraße 6,19.0,7.5,415.0,50.36498,8.73939,False
2025-07-11 20:00:00+00:00,Karlstraße 6,9.0,5.0,415.0,50.36498,8.73939,False
2025-07-11 21:00:00+00:00,Karlstraße 6,3.0,1.78,415.0,50.36498,8.73939,False
2025-07-11 22:00:00+00:00,Karlstraße 6,2.5,2.06,415.0,50.36498,8.73939,True
2025-07-11 23:00:00+00:00,Karlstraße 6,2.0,2.34,415.0,50.36498,8.73939,False
2025-07-12 00:00:00+00:00,Karlstraße 6,,,415.0,50.36498,8.73939,True
2025-07-12 01:00:00+00:00,Karlstraße 6,,,415.0,50.36498,8.73939,True
2025-07-12 02:00:00+00:00,Karlstraße 6,,,415.0,50.36498,8.73939,True
2025-07-12 03:00:00+00:00,Karlstraße 6,,,415.0,50.36498,8.73939,True
2025-07-12 04:00:00+00:00,Karlstraße 6,,,415.0,50.36498,8.73939,True
2025-07-12 05:00:00+00:00,Karlstraße 6,,,415.0,50.36498,8.73939,True
2025-07-12 06:00:00+00:00,Karlstraße 6,20.0,6.72,415.0,50.36498,8.73939,False
2025-07-12 07:00:00+00:00,Karlstraße 6,44.0,13.75,415.0,50.36498,8.73939,False
2025-07-12 08:00:00+00:00,Karlstraße 6,51.833333333333336,12.246666666666666,415.0,50.36498,8.73939,True
2025-07-12 09:00:00+00:00,Karlstraße 6,59.666666666666664,10.743333333333334,415.0,50.36498,8.73939,True
2025-07-12 10:00:00+00:00,Karlstraße 6,67.5,9.24,415.0,50.36498,8.73939,False
2025-07-12 11:00:00+00:00,Karlstraße 6,88.5,12.215,415.0,50.36498,8.73939,False
2025-07-12 12:00:00+00:00,Karlstraße 6,51.5,11.52,415.0,50.36498,8.73939,False
2025-07-12 13:00:00+00:00,Karlstraße 6,114.5,8.995000000000001,415.0,50.36498,8.73939,False
2025-07-12 14:00:00+00:00,Karlstraße 6,65.0,8.275,415.0,50.36498,8.73939,False
2025-07-12 15:00:00+00:00,Karlstraße 6,65.5,8.17,415.0,50.36498,8.73939,False
2025-07-12 16:00:00+00:00,Karlstraße 6,51.0,6.199999999999999,415.0,50.36498,8.73939,False
2025-07-12 17:00:00+00:00,Karlstraße 6,33.0,7.71,415.0,50.36498,8.73939,False
2025-07-12 18:00:00+00:00,Karlstraße 6,18.0,5.54,415.0,50.36498,8.73939,False
2025-07-12 19:00:00+00:00,Karlstraße 6,9.0,3.1,415.0,50.36498,8.73939,False
2025-07-12 20:00:00+00:00,Karlstraße 6,4.0,4.37,415.0,50.36498,8.73939,False
2025-07-12 21:00:00+00:00,Karlstraße 6,1.5,0.28,415.0,50.36498,8.73939,False
2025-07-12 22:00:00+00:00,Karlstraße 6,11.0,12.18,415.0,50.36498,8.73939,False
2025-07-12 23:00:00+00:00,Karlstraße 6,6.0,8.195,415.0,50.36498,8.73939,False
2025-07-13 00:00:00+00:00,Karlstraße 6,2.0,9.26,415.0,50.36498,8.73939,False
2025-07-13 01:00:00+00:00,Karlstraße 6,2.0,17.51,415.0,50.36498,8.73939,False
2025-07-13 02:00:00+00:00,Karlstraße 6,1.0,4.28,415.0,50.36498,8.73939,False
2025-07-13 03:00:00+00:00,Karlstraße 6,1.0,2.67,415.0,50.36498,8.73939,False
2025-07-13 04:00:00+00:00,Karlstraße 6,1.0,0.13,415.0,50.36498,8.73939,False
2025-07-13 05:00:00+00:00,Karlstraße 6,,,415.0,50.36498,8.73939,True
2025-07-13 06:00:00+00:00,Karlstraße 6,,,415.0,50.36498,8.73939,True
2025-07-13 07:00:00+00:00,Karlstraße 6,,,415.0,50.36498,8.73939,True
2025-07-13 08:00:00+00:00,Karlstraße 6,,,415.0,50.36498,8.73939,True
2025-07-13 09:00:00+00:00,Karlstraße 6,,,415.0,50.36498,8.73939,True
2025-07-13 10:00:00+00:00,Karlstraße 6,,,415.0,50.36498,8.73939,True
2025-07-13 11:00:00+00:00,Karlstraße 6,,,415.0,50.36498,8.73939,True
2025-07-13 12:00:00+00:00,Karlstraße 6,,,415.0,50.36498,8.73939,True
2025-07-13 13:00:00+00:00,Karlstraße 6,,,415.0,50.36498,8.73939,True
2025-07-13 14:00:00+00:00,Karlstraße 6,,,415.0,50.36498,8.73939,True
2025-07-13 15:00:00+00:00,Karlstraße 6,,,415.0,50.36498,8.73939,True
2025-07-13 16:00:00+00:00,Karlstraße 6,,,415.0,50.36498,8.73939,True
2025-07-13 17:00:00+00:00,Karlstraße 6,,,415.0,50.36498,8.73939,True
2025-07-13 18:00:00+00:00,Karlstraße 6,,,415.0,50.36498,8.73939,True
2025-07-13 19:00:00+00:00,Karlstraße 6,,,415.0,50.36498,8.73939,True
2025-07-13 20:00:00+00:00,Karlstraße 6,,,415.0,50.36498,8.73939,True
2025-07-13 21:00:00+00:00,Karlstraße 6,1.5,0.39,415.0,50.36498,8.73939,False
2025-07-13 22:00:00+00:00,Karlstraße 6,14.0,47.1,415.0,50.36498,8.73939,False
2025-07-13 23:00:00+00:00,Karlstraße 6,,,415.0,50.36498,8.73939,True
2025-06-30 01:00:00+00:00,Kurpark,1.0,17.55,415.0,,,False
2025-06-30 02:00:00+00:00,Kurpark,3.0,7.13,415.0,,,False
2025-06-30 03:00:00+00:00,Kurpark,19.0,14.475000000000001,415.0,,,False
2025-06-30 04:00:00+00:00,Kurpark,58.0,16.92,415.0,,,False
2025-06-30 05:00:00+00:00,Kurpark,83.5,11.645,415.0,,,False
2025-06-30 06:00:00+00:00,Kurpark,115.5,15.535,415.0,,,False
2025-06-30 07:00:00+00:00,Kurpark,144.5,20.295,415.0,,,False
2025-06-30 08:00:00+00:00,Kurpark,165.25,17.4075,415.0,,,True
2025-06-30 09:00:00+00:00,Kurpark,186.0,14.52,415.0,,,False
2025-06-30 10:00:00+00:00,Kurpark,165.0,14.3,415.0,,,False
2025-06-30 11:00:00+00:00,Kurpark,166.0,16.915,415.0,,,False
2025-06-30 12:00:00+00:00,Kurpark,177.0,14.03,415.0,,,False
2025-06-30 13:00:00+00:00,Kurpark,145.0,15.88,415.0,,,False
2025-06-30 14:00:00+00:00,Kurpark,161.0,16.41,415.0,,,False
2025-06-30 15:00:00+00:00,Kurpark,169.0,16.01,415.0,,,False
2025-06-30 16:00:00+00:00,Kurpark,152.5,16.244999999999997,415.0,,,False
2025-06-30 17:00:00+00:00,Kurpark,154.0,16.865000000000002,415.0,,,False
2025-06-30 18:00:00+00:00,Kurpark,109.5,16.21,415.0,,,False
2025-06-30 19:00:00+00:00,Kurpark,73.0,13.96,415.0,,,False
2025-06-30 20:00:00+00:00,Kurpark,26.0,12.03,415.0,,,False
2025-06-30 21:00:00+00:00,Kurpark,8.0,7.67,415.0,,,False
2025-06-30 22:00:00+00:00,Kurpark,16.0,15.51,415.0,,,False
2025-06-30 23:00:00+00:00,Kurpark,9.0,17.72,415.0,,,False
2025-07-01 00:00:00+00:00,Kurpark,5.0,8.86,415.0,,,True
2025-07-01 01:00:00+00:00,Kurpark,1.0,0.0,415.0,,,False
2025-07-01 02:00:00+00:00,Kurpark,7.0,14.915000000000001,415.0,,,False
2025-07-01 03:00:00+00:00,Kurpark,25.5,19.875,415.0,,,False
2025-07-01 04:00:00+00:00,Kurpark,64.5,15.010000000000002,415.0,,,False
2025-07-01 05:00:00+00:00,Kurpark,70.0,10.62,415.0,,,False
2025-07-01 06:00:00+00:00,Kurpark,143.0,15.515,415.0,,,False
2025-07-01 07:00:00+00:00,Kurpark,170.0,14.9,415.0,,,False
2025-07-01 08:00:00+00:00,Kurpark,163.0,16.14,415.0,,,False
2025-07-01 09:00:00+00:00,Kurpark,157.0,14.7,415.0,,,False
2025-07-01 10:00:00+00:00,Kurpark,161.0,13.0,415.0,,,False
2025-07-01 11:00:00+00:00,Kurpark,118.0,13.88,415.0,,,False
2025-07-01 12:00:00+00:00,Kurpark,128.0,21.345,415.0,,,False
2025-07-01 13:00:00+00:00,Kurpark,158.0,17.05,415.0,,,False
2025-07-01 14:00:00+00:00,Kurpark,168.5,17.95,415.0,,,False
2025-07-01 15:00:00+00:00,Kurpark,137.5,16.895,415.0,,,False
2025-07-01 16:00:00+00:00,Kurpark,95.5,14.625,415.0,,,False
2025-07-01 17:00:00+00:00,Kurpark,97.0,13.254999999999999,415.0,,,False
2025-07-01 18:00:00+00:00,Kurpark,82.5,16.78,415.0,,,False
2025-07-01 19:00:00+00:00,Kurpark,50.5,14.625,415.0,,,False
2025-07-01 20:00:00+00:00,Kurpark,19.0,10.0,415.0,,,False
2025-07-01 21:00:00+00:00,Kurpark,5.0,2.08,415.0,,,False
2025-07-01 22:00:00+00:00,Kurpark,11.0,14.71,415.0,,,False
2025-07-01 23:00:00+00:00,Kurpark,4.0,14.22,415.0,,,False
2025-07-02 00:00:00+00:00,Kurpark,3.0,20.31,415.0,,,False
2025-07-02 01:00:00+00:00,Kurpark,1.0,46.510000000000005,415.0,,,False
2025-07-02 02:00:00+00:00,Kurpark,6.0,9.705,415.0,,,False
2025-07-02 03:00:00+00:00,Kurpark,25.0,17.9,415.0,,,False
2025-07-02 04:00:00+00:00,Kurpark,34.0,13.115,415.0,,,False
2025-07-02 05:00:00+00:00,Kurpark,78.0,10.37,415.0,,,False
2025-07-02 06:00:00+00:00,Kurpark,138.5,16.145,415.0,,,False
2025-07-02 07:00:00+00:00,Kurpark,124.0,16.09,415.0,,,False
2025-07-02 08:00:00+00:00,Kurpark,136.0,17.56,415.0,,,False
2025-07-02 09:00:00+00:00,Kurpark,139.5,14.515,415.0,,,False
2025-07-02 10:00:00+00:00,Kurpark,109.0,12.45,415.0,,,False
2025-07-02 11:00:00+00:00,Kurpark,90.0,15.27,415.0,,,False
2025-07-02 12:00:00+00:00,Kurpark,96.0,12.33,415.0,,,False
2025-07-02 13:00:00+00:00,Kurpark,86.5,12.985,415.0,,,False
2025-07-02 14:00:00+00:00,Kurpark,88.5,16.585,415.0,,,False
2025-07-02 15:00:00+00:00,Kurpark,109.5,15.67,415.0,,,False
2025-07-02 16:00:00+00:00,Kurpark,144.5,15.475,415.0,,,False
2025-07-02 17:00:00+00:00,Kurpark,94.5,15.095,415.0,,,False
2025-07-02 18:00:00+00:00,Kurpark,74.0,15.004999999999999,415.0,,,False
2025-07-02 19:00:00+00:00,Kurpark,60.0,16.759999999999998,415.0,,,False
2025-07-02 20:00:00+00:00,Kurpark,17.0,14.2,415.0,,,False
2025-07-02 21:00:00+00:00,Kurpark,12.0,10.79,415.0,,,True
2025-07-02 22:00:00+00:00,Kurpark,7.0,7.38,415.0,,,False
2025-07-02 23:00:00+00:00,Kurpark,3.5,3.69,415.0,,,True
2025-07-03 00:00:00+00:00,Kurpark,0.0,0.0,415.0,,,False
2025-07-03 01:00:00+00:00,Kurpark,1.0,22.28,415.0,,,False
2025-07-03 02:00:00+00:00,Kurpark,8.0,6.81,415.0,,,False
2025-07-03 03:00:00+00:00,Kurpark,20.0,17.95,415.0,,,False
2025-07-03 04:00:00+00:00,Kurpark,30.0,12.765,415.0,,,False
2025-07-03 05:00:00+00:00,Kurpark,59.0,11.399999999999999,415.0,,,False
2025-07-03 06:00:00+00:00,Kurpark,75.0,16.095,415.0,,,False
2025-07-03 07:00:00+00:00,Kurpark,131.5,19.53,415.0,,,False
2025-07-03 08:00:00+00:00,Kurpark,146.0,19.13,415.0,,,False
2025-07-03 09:00:00+00:00,Kurpark,133.5,14.29,415.0,,,False
2025-07-03 10:00:00+00:00,Kurpark,226.0,16.135,415.0,,,False
2025-07-03 11:00:00+00:00,Kurpark,179.5,16.53,415.0,,,False
2025-07-03 12:00:00+00:00,Kurpark,172.0,18.845,415.0,,,False
2025-07-03 13:00:00+00:00,Kurpark,266.5,19.09,415.0,,,False
2025-07-03 14:00:00+00:00,Kurpark,271.0,22.06,415.0,,,False
2025-07-03 15:00:00+00:00,Kurpark,256.0,15.405,415.0,,,False
2025-07-03 16:00:00+00:00,Kurpark,187.0,19.535,415.0,,,False
2025-07-03 17:00:00+00:00,Kurpark,148.0,20.5,415.0,,,False
2025-07-03 18:00:00+00:00,Kurpark,123.0,13.46,415.0,,,False
2025-07-03 19:00:00+00:00,Kurpark,66.0,13.885,415.0,,,False
2025-07-03 20:00:00+00:00,Kurpark,31.0,7.885,415.0,,,False
2025-07-03 21:00:00+00:00,Kurpark,2.0,2.92,415.0,,,False
2025-07-03 22:00:00+00:00,Kurpark,4.0,5.470000000000001,415.0,,,False
2025-07-03 23:00:00+00:00,Kurpark,12.0,12.29,415.0,,,False
2025-07-04 00:00:00+00:00,Kurpark,6.5,7.125,415.0,,,False
2025-07-04 01:00:00+00:00,Kurpark,2.0,9.975000000000001,415.0,,,False
2025-07-04 02:00:00+00:00,Kurpark,2.0,7.47,415.0,,,False
2025-07-04 03:00:00+00:00,Kurpark,24.0,14.855,415.0,,,False
2025-07-04 04:00:00+00:00,Kurpark,39.0,12.495000000000001,415.0,,,False
2025-07-04 05:00:00+00:00,Kurpark,67.0,10.260000000000002,415.0,,,False
2025-07-04 06:00:00+00:00,Kurpark,76.5,14.11,415.0,,,False
2025-07-04 07:00:00+00:00,Kurpark,115.5,15.34,415.0,,,False
2025-07-04 08:00:00+00:00,Kurpark,194.0,17.93,415.0,,,False
2025-07-04 09:00:00+00:00,Kurpark,250.5,15.579999999999998,415.0,,,False
2025-07-04 10:00:00+00:00,Kurpark,229.5,18.535,415.0,,,False
2025-07-04 11:00:00+00:00,Kurpark,251.0,18.84,415.0,,,False
2025-07-04 12:00:00+00:00,Kurpark,294.0,17.17,415.0,,,False
2025-07-04 13:00:00+00:00,Kurpark,154.0,5.28,415.0,,,False
2025-07-04 14:00:00+00:00,Kurpark,109.5,14.315,415.0,,,False
2025-07-04 15:00:00+00:00,Kurpark,305.0,16.880000000000003,415.0,,,False
2025-07-04 16:00:00+00:00,Kurpark,214.5,17.125,415.0,,,False
2025-07-04 17:00:00+00:00,Kurpark,165.5,14.0,415.0,,,False
2025-07-04 18:00:00+00:00,Kurpark,121.0,14.585,415.0,,,False
2025-07-04 19:00:00+00:00,Kurpark,81.0,14.66,415.0,,,False
2025-07-04 20:00:00+00:00,Kurpark,40.5,7.574999999999999,415.0,,,False
2025-07-04 21:00:00+00:00,Kurpark,4.0,2.41,415.0,,,False
2025-07-04 22:00:00+00:00,Kurpark,21.0,7.255000000000001,415.0,,,False
2025-07-04 23:00:00+00:00,Kurpark,11.5,25.799999999999997,415.0,,,False
2025-07-05 00:00:00+00:00,Kurpark,3.0,28.82,415.0,,,False
2025-07-05 01:00:00+00:00,Kurpark,7.0,9.05,415.0,,,False
2025-07-05 02:00:00+00:00,Kurpark,4.0,18.3,415.0,,,False
2025-07-05 03:00:00+00:00,Kurpark,8.0,10.55,415.0,,,False
2025-07-05 04:00:00+00:00,Kurpark,30.0,10.010000000000002,415.0,,,False
2025-07-05 05:00:00+00:00,Kurpark,31.0,14.645,415.0,,,False
2025-07-05 06:00:00+00:00,Kurpark,104.0,11.55,415.0,,,False
2025-07-05 07:00:00+00:00,Kurpark,52.0,5.775,415.0,,,True
2025-07-05 08:00:00+00:00,Kurpark,0.0,0.0,415.0,,,False
2025-07-05 09:00:00+00:00,Kurpark,245.5,17.15,415.0,,,False
2025-07-05 10:00:00+00:00,Kurpark,407.5,17.310000000000002,415.0,,,False
2025-07-05 11:00:00+00:00,Kurpark,366.0,21.525,415.0,,,False
2025-07-05 12:00:00+00:00,Kurpark,413.0,20.695,415.0,,,False
2025-07-05 13:00:00+00:00,Kurpark,336.0,14.52,415.0,,,False
2025-07-05 14:00:00+00:00,Kurpark,301.0,16.08,415.0,,,True
2025-07-05 15:00:00+00:00,Kurpark,266.0,17.64,415.0,,,True
2025-07-05 16:00:00+00:00,Kurpark,231.0,19.2,415.0,,,False
2025-07-05 17:00:00+00:00,Kurpark,243.0,17.375,415.0,,,False
2025-07-05 18:00:00+00:00,Kurpark,121.5,16.585,415.0,,,False
2025-07-05 19:00:00+00:00,Kurpark,81.75,17.0225,415.0,,,True
2025-07-05 20:00:00+00:00,Kurpark,42.0,17.46,415.0,,,False
2025-07-05 21:00:00+00:00,Kurpark,23.0,7.28,415.0,,,False
2025-07-05 22:00:00+00:00,Kurpark,19.5,11.315000000000001,415.0,,,True
2025-07-05 23:00:00+00:00,Kurpark,16.0,15.35,415.0,,,False
2025-07-06 00:00:00+00:00,Kurpark,5.5,17.32,415.0,,,False
2025-07-06 01:00:00+00:00,Kurpark,3.0,27.28,415.0,,,False
2025-07-06 02:00:00+00:00,Kurpark,4.0,5.69,415.0,,,False
2025-07-06 03:00:00+00:00,Kurpark,9.0,6.0,415.0,,,False
2025-07-06 04:00:00+00:00,Kurpark,17.0,21.63,415.0,,,False
2025-07-06 05:00:00+00:00,Kurpark,22.0,8.57,415.0,,,False
2025-07-06 06:00:00+00:00,Kurpark,66.0,18.915,415.0,,,False
2025-07-06 07:00:00+00:00,Kurpark,106.0,15.97,415.0,,,False
2025-07-06 08:00:00+00:00,Kurpark,286.0,29.47,415.0,,,False
2025-07-06 09:00:00+00:00,Kurpark,504.5,17.785,415.0,,,False
2025-07-06 10:00:00+00:00,Kurpark,407.0,12.73,415.0,,,False
2025-07-06 11:00:00+00:00,Kurpark,386.0,13.15,415.0,,,False
2025-07-06 12:00:00+00:00,Kurpark,461.5,17.69,415.0,,,False
2025-07-06 13:00:00+00:00,Kurpark,419.0,17.32,415.0,,,False
2025-07-06 14:00:00+00:00,Kurpark,261.5,19.625,415.0,,,False
2025-07-06 15:00:00+00:00,Kurpark,151.0,17.98,415.0,,,False
2025-07-06 16:00:00+00:00,Kurpark,125.0,13.91,415.0,,,False
2025-07-06 17:00:00+00:00,Kurpark,109.5,11.22,415.0,,,False
2025-07-06 18:00:00+00:00,Kurpark,60.0,10.29,415.0,,,False
2025-07-06 19:00:00+00:00,Kurpark,35.0,10.65,415.0,,,False
2025-07-06 20:00:00+00:00,Kurpark,13.5,7.93,415.0,,,False
2025-07-06 21:00:00+00:00,Kurpark,3.0,6.61,415.0,,,False
2025-07-06 22:00:00+00:00,Kurpark,,,415.0,,,True
2025-07-06 23:00:00+00:00,Kurpark,,,415.0,,,True
2025-07-07 00:00:00+00:00,Kurpark,,,415.0,,,True
2025-07-07 01:00:00+00:00,Kurpark,4.0,5.35,415.0,,,False
2025-07-07 02:00:00+00:00,Kurpark,3.0,4.22,415.0,,,False
2025-07-07 03:00:00+00:00,Kurpark,21.0,10.99,415.0,,,False
2025-07-07 04:00:00+00:00,Kurpark,40.0,8.21,415.0,,,False
2025-07-07 05:00:00+00:00,Kurpark,49.0,8.44,415.0,,,False
2025-07-07 06:00:00+00:00,Kurpark,62.0,8.67,415.0,,,False
2025-07-07 07:00:00+00:00,Kurpark,109.0,15.9,415.0,,,False
2025-07-07 08:00:00+00:00,Kurpark,102.5,13.21,415.0,,,True
2025-07-07 09:00:00+00:00,Kurpark,96.0,10.52,415.0,,,False
2025-07-07 10:00:00+00:00,Kurpark,109.0,11.04,415.0,,,False
2025-07-07 11:00:00+00:00,Kurpark,100.0,12.9725,415.0,,,True
2025-07-07 12:00:00+00:00,Kurpark,91.0,14.905000000000001,415.0,,,False
2025-07-07 13:00:00+00:00,Kurpark,129.5,15.23,415.0,,,False
2025-07-07 14:00:00+00:00,Kurpark,159.0,15.1,415.0,,,False
2025-07-07 15:00:00+00:00,Kurpark,166.5,14.68,415.0,,,False
2025-07-07 16:00:00+00:00,Kurpark,94.0,11.89,415.0,,,False
2025-07-07 17:00:00+00:00,Kurpark,35.0,13.49,415.0,,,False
2025-07-07 18:00:00+00:00,Kurpark,64.5,14.559999999999999,415.0,,,False
2025-07-07 19:00:00+00:00,Kurpark,26.0,14.55,415.0,,,False
2025-07-07 20:00:00+00:00,Kurpark,18.0,7.78,415.0,,,False
2025-07-07 21:00:00+00:00,Kurpark,1.0,5.0,415.0,,,False
2025-07-07 22:00:00+00:00,Kurpark,12.0,6.06,415.0,,,False
2025-07-07 23:00:00+00:00,Kurpark,6.0,5.62,415.0,,,False
2025-07-08 00:00:00+00:00,Kurpark,3.0,22.38,415.0,,,False
2025-07-08 01:00:00+00:00,Kurpark,1.0,44.28,415.0,,,False
2025-07-08 02:00:00+00:00,Kurpark,5.0,9.57,415.0,,,False
2025-07-08 03:00:00+00:00,Kurpark,25.833333333333332,10.966666666666667,415.0,,,True
2025-07-08 04:00:00+00:00,Kurpark,46.666666666666664,12.363333333333333,415.0,,,True
2025-07-08 05:00:00+00:00,Kurpark,67.5,13.76,415.0,,,False
2025-07-08 06:00:00+00:00,Kurpark,65.0,13.625,415.0,,,False
2025-07-08 07:00:00+00:00,Kurpark,105.0,12.82,415.0,,,False
2025-07-08 08:00:00+00:00,Kurpark,145.0,13.55,415.0,,,False
2025-07-08 09:00:00+00:00,Kurpark,150.0,14.23,415.0,,,False
2025-07-08 10:00:00+00:00,Kurpark,173.0,13.385000000000002,415.0,,,False
2025-07-08 11:00:00+00:00,Kurpark,178.5,14.93,415.0,,,False
2025-07-08 12:00:00+00:00,Kurpark,225.25,15.55,415.0,,,True
2025-07-08 13:00:00+00:00,Kurpark,272.0,16.17,415.0,,,False
2025-07-08 14:00:00+00:00,Kurpark,,,415.0,,,True
2025-07-08 15:00:00+00:00,Kurpark,,,415.0,,,True
2025-07-08 16:00:00+00:00,Kurpark,,,415.0,,,True
2025-07-08 17:00:00+00:00,Kurpark,,,415.0,,,True
2025-07-08 18:00:00+00:00,Kurpark,,,415.0,,,True
2025-07-08 19:00:00+00:00,Kurpark,,,415.0,,,True
2025-07-08 20:00:00+00:00,Kurpark,,,415.0,,,True
2025-07-08 21:00:00+00:00,Kurpark,,,415.0,,,True
2025-07-08 22:00:00+00:00,Kurpark,,,415.0,,,True
2025-07-08 23:00:00+00:00,Kurpark,,,415.0,,,True
2025-07-09 00:00:00+00:00,Kurpark,,,415.0,,,True
2025-07-09 01:00:00+00:00,Kurpark,,,415.0,,,True
2025-07-09 02:00:00+00:00,Kurpark,,,415.0,,,True
2025-07-09 03:00:00+00:00,Kurpark,,,415.0,,,True
2025-07-09 04:00:00+00:00,Kurpark,,,415.0,,,True
2025-07-09 05:00:00+00:00,Kurpark,,,415.0,,,True
2025-07-09 06:00:00+00:00,Kurpark,,,415.0,,,True
2025-07-09 07:00:00+00:00,Kurpark,,,415.0,,,True
2025-07-09 08:00:00+00:00,Kurpark,141.5,12.765,415.0,,,False
2025-07-09 09:00:00+00:00,Kurpark,175.0,18.18,415.0,,,False
2025-07-09 10:00:00+00:00,Kurpark,197.0,18.856666666666666,415.0,,,True
2025-07-09 11:00:00+00:00,Kurpark,219.0,19.533333333333335,415.0,,,True
2025-07-09 12:00:00+00:00,Kurpark,241.0,20.21,415.0,,,False
2025-07-09 13:00:00+00:00,Kurpark,282.0,19.14,415.0,,,False
2025-07-09 14:00:00+00:00,Kurpark,292.0,21.48,415.0,,,False
2025-07-09 15:00:00+00:00,Kurpark,254.5,15.080000000000002,415.0,,,False
2025-07-09 16:00:00+00:00,Kurpark,221.0,15.25,415.0,,,False
2025-07-09 17:00:00+00:00,Kurpark,135.5,15.280000000000001,415.0,,,False
2025-07-09 18:00:00+00:00,Kurpark,95.5,14.375,415.0,,,False
2025-07-09 19:00:00+00:00,Kurpark,63.0,18.975,415.0,,,False
2025-07-09 20:00:00+00:00,Kurpark,29.0,9.59,415.0,,,False
2025-07-09 21:00:00+00:00,Kurpark,10.0,5.665,415.0,,,False
2025-07-09 22:00:00+00:00,Kurpark,,,415.0,,,True
2025-07-09 23:00:00+00:00,Kurpark,,,415.0,,,True
2025-07-10 00:00:00+00:00,Kurpark,,,415.0,,,True
2025-07-10 01:00:00+00:00,Kurpark,,,415.0,,,True
2025-07-10 02:00:00+00:00,Kurpark,,,415.0,,,True
2025-07-10 03:00:00+00:00,Kurpark,,,415.0,,,True
2025-07-10 04:00:00+00:00,Kurpark,,,415.0,,,True
2025-07-10 05:00:00+00:00,Kurpark,,,415.0,,,True
2025-07-10 06:00:00+00:00,Kurpark,,,415.0,,,True
2025-07-10 07:00:00+00:00,Kurpark,111.0,15.765,415.0,,,False
2025-07-10 08:00:00+00:00,Kurpark,180.0,19.265,415.0,,,False
2025-07-10 09:00:00+00:00,Kurpark,233.5,15.93,415.0,,,False
2025-07-10 10:00:00+00:00,Kurpark,245.0,19.015,415.0,,,False
2025-07-10 11:00:00+00:00,Kurpark,275.0,15.905,415.0,,,False
2025-07-10 12:00:00+00:00,Kurpark,190.0,13.17,415.0,,,False
2025-07-10 13:00:00+00:00,Kurpark,315.0,20.48,415.0,,,False
2025-07-10 14:00:00+00:00,Kurpark,311.0,17.310000000000002,415.0,,,False
2025-07-10 15:00:00+00:00,Kurpark,224.0,13.225,415.0,,,False
2025-07-10 16:00:00+00:00,Kurpark,170.5,15.399999999999999,415.0,,,False
2025-07-10 17:00:00+00:00,Kurpark,168.5,14.065,415.0,,,False
2025-07-10 18:00:00+00:00,Kurpark,98.0,13.02,415.0,,,False
2025-07-10 19:00:00+00:00,Kurpark,54.5,17.31,415.0,,,False
2025-07-10 20:00:00+00:00,Kurpark,48.0,9.004999999999999,415.0,,,False
2025-07-10 21:00:00+00:00,Kurpark,5.0,5.2,415.0,,,False
2025-07-10 22:00:00+00:00,Kurpark,6.5,7.66,415.0,,,True
2025-07-10 23:00:00+00:00,Kurpark,8.0,10.12,415.0,,,False
2025-07-11 00:00:00+00:00,Kurpark,3.0,2.59,415.0,,,False
2025-07-11 01:00:00+00:00,Kurpark,2.0,0.77,415.0,,,False
2025-07-11 02:00:00+00:00,Kurpark,7.0,13.62,415.0,,,False
2025-07-11 03:00:00+00:00,Kurpark,19.0,18.405,415.0,,,False
2025-07-11 04:00:00+00:00,Kurpark,43.5,11.620000000000001,415.0,,,False
2025-07-11 05:00:00+00:00,Kurpark,26.5,11.385,415.0,,,False
2025-07-11 06:00:00+00:00,Kurpark,75.0,10.725,415.0,,,False
2025-07-11 07:00:00+00:00,Kurpark,,,415.0,,,True
2025-07-11 08:00:00+00:00,Kurpark,,,415.0,,,True
2025-07-11 09:00:00+00:00,Kurpark,,,415.0,,,True
2025-07-11 10:00:00+00:00,Kurpark,,,415.0,,,True
2025-07-11 11:00:00+00:00,Kurpark,,,415.0,,,True
2025-07-11 12:00:00+00:00,Kurpark,,,415.0,,,True
2025-07-11 13:00:00+00:00,Kurpark,,,415.0,,,True
2025-07-11 14:00:00+00:00,Kurpark,,,415.0,,,True
2025-07-11 15:00:00+00:00,Kurpark,,,415.0,,,True
2025-07-11 16:00:00+00:00,Kurpark,,,415.0,,,True
2025-07-11 17:00:00+00:00,Kurpark,153.0,17.92,415.0,,,False
2025-07-11 18:00:00+00:00,Kurpark,111.0,17.205,415.0,,,True
2025-07-11 19:00:00+00:00,Kurpark,69.0,16.49,415.0,,,False
2025-07-11 20:00:00+00:00,Kurpark,60.0,9.83,415.0,,,False
2025-07-11 21:00:00+00:00,Kurpark,12.0,3.68,415.0,,,False
2025-07-11 22:00:00+00:00,Kurpark,7.5,15.595,415.0,,,True
2025-07-11 23:00:00+00:00,Kurpark,3.0,27.51,415.0,,,False
2025-07-12 00:00:00+00:00,Kurpark,,,415.0,,,True
2025-07-12 01:00:00+00:00,Kurpark,,,415.0,,,True
2025-07-12 02:00:00+00:00,Kurpark,,,415.0,,,True
2025-07-12 03:00:00+00:00,Kurpark,,,415.0,,,True
2025-07-12 04:00:00+00:00,Kurpark,,,415.0,,,True
2025-07-12 05:00:00+00:00,Kurpark,,,415.0,,,True
2025-07-12 06:00:00+00:00,Kurpark,44.0,8.49,415.0,,,False
2025-07-12 07:00:00+00:00,Kurpark,132.0,22.48,415.0,,,False
2025-07-12 08:00:00+00:00,Kurpark,194.0,18.993333333333332,415.0,,,True
2025-07-12 09:00:00+00:00,Kurpark,256.0,15.506666666666668,415.0,,,True
2025-07-12 10:00:00+00:00,Kurpark,318.0,12.02,415.0,,,False
2025-07-12 11:00:00+00:00,Kurpark,302.5,21.545,415.0,,,False
2025-07-12 12:00:00+00:00,Kurpark,357.0,21.795,415.0,,,False
2025-07-12 13:00:00+00:00,Kurpark,473.0,19.54,415.0,,,False
2025-07-12 14:00:00+00:00,Kurpark,335.0,17.995,415.0,,,False
2025-07-12 15:00:00+00:00,Kurpark,257.5,17.37,415.0,,,False
2025-07-12 16:00:00+00:00,Kurpark,227.0,15.805,415.0,,,False
2025-07-12 17:00:00+00:00,Kurpark,157.5,12.940000000000001,415.0,,,False
2025-07-12 18:00:00+00:00,Kurpark,84.0,17.73,415.0,,,False
2025-07-12 19:00:00+00:00,Kurpark,60.0,13.31,415.0,,,False
2025-07-12 20:00:00+00:00,Kurpark,30.0,9.4,415.0,,,False
2025-07-12 21:00:00+00:00,Kurpark,9.0,4.57,415.0,,,False
2025-07-12 22:00:00+00:00,Kurpark,8.0,7.68,415.0,,,True
2025-07-12 23:00:00+00:00,Kurpark,7.0,10.79,415.0,,,False
2025-07-13 00:00:00+00:00,Kurpark,16.0,12.5,415.0,,,False
2025-07-13 01:00:00+00:00,Kurpark,1.0,2.85,415.0,,,False
2025-07-13 02:00:00+00:00,Kurpark,4.0,20.82,415.0,,,False
2025-07-13 03:00:00+00:00,Kurpark,6.0,15.28,415.0,,,False
2025-07-13 04:00:00+00:00,Kurpark,,,415.0,,,True
2025-07-13 05:00:00+00:00,Kurpark,,,415.0,,,True
2025-07-13 06:00:00+00:00,Kurpark,,,415.0,,,True
2025-07-13 07:00:00+00:00,Kurpark,,,415.0,,,True
2025-07-13 08:00:00+00:00,Kurpark,,,415.0,,,True
2025-07-13 09:00:00+00:00,Kurpark,,,415.0,,,True
2025-07-13 10:00:00+00:00,Kurpark,,,415.0,,,True
2025-07-13 11:00:00+00:00,Kurpark,,,415.0,,,True
2025-07-13 12:00:00+00:00,Kurpark,,,415.0,,,True
2025-07-13 13:00:00+00:00,Kurpark,,,415.0,,,True
2025-07-13 14:00:00+00:00,Kurpark,,,415.0,,,True
2025-07-13 15:00:00+00:00,Kurpark,,,415.0,,,True
2025-07-13 16:00:00+00:00,Kurpark,,,415.0,,,True
2025-07-13 17:00:00+00:00,Kurpark,,,415.0,,,True
2025-07-13 18:00:00+00:00,Kurpark,,,415.0,,,True
2025-07-13 19:00:00+00:00,Kurpark,,,415.0,,,True
2025-07-13 20:00:00+00:00,Kurpark,,,415.0,,,True
2025-07-13 21:00:00+00:00,Kurpark,0.0,0.0,415.0,,,False
2025-07-13 22:00:00+00:00,Kurpark,9.0,24.38,415.0,,,False
2025-07-13 23:00:00+00:00,Kurpark,5.0,40.085,415.0,,,False
2025-06-30 01:00:00+00:00,Kurpark - Eingang Kolonnaden,0.0,0.0,415.0,50.36616,8.74076,False
2025-06-30 02:00:00+00:00,Kurpark - Eingang Kolonnaden,1.0,0.37,415.0,50.36616,8.74076,False
2025-06-30 03:00:00+00:00,Kurpark - Eingang Kolonnaden,8.0,2.63,415.0,50.36616,8.74076,False
2025-06-30 04:00:00+00:00,Kurpark - Eingang Kolonnaden,19.0,4.99,415.0,50.36616,8.74076,False
2025-06-30 05:00:00+00:00,Kurpark - Eingang Kolonnaden,23.0,2.48,415.0,50.36616,8.74076,False
2025-06-30 06:00:00+00:00,Kurpark - Eingang Kolonnaden,39.0,5.125,415.0,50.36616,8.74076,False
2025-06-30 07:00:00+00:00,Kurpark - Eingang Kolonnaden,60.5,7.805,415.0,50.36616,8.74076,False
2025-06-30 08:00:00+00:00,Kurpark - Eingang Kolonnaden,71.0,9.559999999999999,415.0,50.36616,8.74076,True
2025-06-30 09:00:00+00:00,Kurpark - Eingang Kolonnaden,81.5,11.315,415.0,50.36616,8.74076,False
2025-06-30 10:00:00+00:00,Kurpark - Eingang Kolonnaden,71.5,13.195,415.0,50.36616,8.74076,False
2025-06-30 11:00:00+00:00,Kurpark - Eingang Kolonnaden,60.5,12.85,415.0,50.36616,8.74076,False
2025-06-30 12:00:00+00:00,Kurpark - Eingang Kolonnaden,68.0,8.02,415.0,50.36616,8.74076,False
2025-06-30 13:00:00+00:00,Kurpark - Eingang Kolonnaden,50.0,8.96,415.0,50.36616,8.74076,False
2025-06-30 14:00:00+00:00,Kurpark - Eingang Kolonnaden,48.0,13.07,415.0,50.36616,8.74076,False
2025-06-30 15:00:00+00:00,Kurpark - Eingang Kolonnaden,72.5,7.914999999999999,415.0,50.36616,8.74076,False
2025-06-30 16:00:00+00:00,Kurpark - Eingang Kolonnaden,71.0,13.55,415.0,50.36616,8.74076,False
2025-06-30 17:00:00+00:00,Kurpark - Eingang Kolonnaden,61.0,12.6,415.0,50.36616,8.74076,False
2025-06-30 18:00:00+00:00,Kurpark - Eingang Kolonnaden,46.0,8.530000000000001,415.0,50.36616,8.74076,False
2025-06-30 19:00:00+00:00,Kurpark - Eingang Kolonnaden,38.0,8.1,415.0,50.36616,8.74076,False
2025-06-30 20:00:00+00:00,Kurpark - Eingang Kolonnaden,13.0,5.86,415.0,50.36616,8.74076,False
2025-06-30 21:00:00+00:00,Kurpark - Eingang Kolonnaden,4.0,8.34,415.0,50.36616,8.74076,False
2025-06-30 22:00:00+00:00,Kurpark - Eingang Kolonnaden,11.0,8.79,415.0,50.36616,8.74076,False
2025-06-30 23:00:00+00:00,Kurpark - Eingang Kolonnaden,2.0,0.27,415.0,50.36616,8.74076,False
2025-07-01 00:00:00+00:00,Kurpark - Eingang Kolonnaden,1.0,0.135,415.0,50.36616,8.74076,True
2025-07-01 01:00:00+00:00,Kurpark - Eingang Kolonnaden,0.0,0.0,415.0,50.36616,8.74076,False
2025-07-01 02:00:00+00:00,Kurpark - Eingang Kolonnaden,2.0,1.7,415.0,50.36616,8.74076,False
2025-07-01 03:00:00+00:00,Kurpark - Eingang Kolonnaden,14.0,4.04,415.0,50.36616,8.74076,False
2025-07-01 04:00:00+00:00,Kurpark - Eingang Kolonnaden,20.5,3.925,415.0,50.36616,8.74076,False
2025-07-01 05:00:00+00:00,Kurpark - Eingang Kolonnaden,27.0,4.33,415.0,50.36616,8.74076,False
2025-07-01 06:00:00+00:00,Kurpark - Eingang Kolonnaden,42.0,4.96,415.0,50.36616,8.74076,False
2025-07-01 07:00:00+00:00,Kurpark - Eingang Kolonnaden,47.0,6.4399999999999995,415.0,50.36616,8.74076,False
2025-07-01 08:00:00+00:00,Kurpark - Eingang Kolonnaden,62.5,7.26,415.0,50.36616,8.74076,False
2025-07-01 09:00:00+00:00,Kurpark - Eingang Kolonnaden,66.0,6.75,415.0,50.36616,8.74076,False
2025-07-01 10:00:00+00:00,Kurpark - Eingang Kolonnaden,47.0,9.215,415.0,50.36616,8.74076,False
2025-07-01 11:00:00+00:00,Kurpark - Eingang Kolonnaden,40.0,10.14,415.0,50.36616,8.74076,False
2025-07-01 12:00:00+00:00,Kurpark - Eingang Kolonnaden,43.5,13.68,415.0,50.36616,8.74076,False
2025-07-01 13:00:00+00:00,Kurpark - Eingang Kolonnaden,55.0,12.0,415.0,50.36616,8.74076,False
2025-07-01 14:00:00+00:00,Kurpark - Eingang Kolonnaden,59.0,13.31,415.0,50.36616,8.74076,False
2025-07-01 15:00:00+00:00,Kurpark - Eingang Kolonnaden,59.0,10.375,415.0,50.36616,8.74076,False
2025-07-01 16:00:00+00:00,Kurpark - Eingang Kolonnaden,44.0,9.379999999999999,415.0,50.36616,8.74076,False
2025-07-01 17:00:00+00:00,Kurpark - Eingang Kolonnaden,30.0,14.055,415.0,50.36616,8.74076,False
2025-07-01 18:00:00+00:00,Kurpark - Eingang Kolonnaden,41.0,9.22,415.0,50.36616,8.74076,False
2025-07-01 19:00:00+00:00,Kurpark - Eingang Kolonnaden,25.0,10.45,415.0,50.36616,8.74076,False
2025-07-01 20:00:00+00:00,Kurpark - Eingang Kolonnaden,18.666666666666668,9.28,415.0,50.36616,8.74076,True
2025-07-01 21:00:00+00:00,Kurpark - Eingang Kolonnaden,12.333333333333334,8.11,415.0,50.36616,8.74076,True
2025-07-01 22:00:00+00:00,Kurpark - Eingang Kolonnaden,6.0,6.94,415.0,50.36616,8.74076,False
2025-07-01 23:00:00+00:00,Kurpark - Eingang Kolonnaden,4.0,4.626666666666667,415.0,50.36616,8.74076,True
2025-07-02 00:00:00+00:00,Kurpark - Eingang Kolonnaden,2.0,2.3133333333333335,415.0,50.36616,8.74076,True
2025-07-02 01:00:00+00:00,Kurpark - Eingang Kolonnaden,0.0,0.0,415.0,50.36616,8.74076,False
2025-07-02 02:00:00+00:00,Kurpark - Eingang Kolonnaden,1.0,1.07,415.0,50.36616,8.74076,False
2025-07-02 03:00:00+00:00,Kurpark - Eingang Kolonnaden,8.0,9.969999999999999,415.0,50.36616,8.74076,False
2025-07-02 04:00:00+00:00,Kurpark - Eingang Kolonnaden,17.0,6.03,415.0,50.36616,8.74076,False
2025-07-02 05:00:00+00:00,Kurpark - Eingang Kolonnaden,17.5,6.154999999999999,415.0,50.36616,8.74076,False
2025-07-02 06:00:00+00:00,Kurpark - Eingang Kolonnaden,40.5,6.0,415.0,50.36616,8.74076,False
2025-07-02 07:00:00+00:00,Kurpark - Eingang Kolonnaden,51.0,10.165,415.0,50.36616,8.74076,False
2025-07-02 08:00:00+00:00,Kurpark - Eingang Kolonnaden,49.0,10.715,415.0,50.36616,8.74076,False
2025-07-02 09:00:00+00:00,Kurpark - Eingang Kolonnaden,56.5,8.58,415.0,50.36616,8.74076,False
2025-07-02 10:00:00+00:00,Kurpark - Eingang Kolonnaden,40.0,9.405,415.0,50.36616,8.74076,False
2025-07-02 11:00:00+00:00,Kurpark - Eingang Kolonnaden,31.0,9.98,415.0,50.36616,8.74076,False
2025-07-02 12:00:00+00:00,Kurpark - Eingang Kolonnaden,42.0,8.16,415.0,50.36616,8.74076,False
2025-07-02 13:00:00+00:00,Kurpark - Eingang Kolonnaden,45.0,8.745000000000001,415.0,50.36616,8.74076,False
2025-07-02 14:00:00+00:00,Kurpark - Eingang Kolonnaden,40.0,12.004999999999999,415.0,50.36616,8.74076,False
2025-07-02 15:00:00+00:00,Kurpark - Eingang Kolonnaden,37.0,12.67,415.0,50.36616,8.74076,False
2025-07-02 16:00:00+00:00,Kurpark - Eingang Kolonnaden,73.0,10.26,415.0,50.36616,8.74076,False
2025-07-02 17:00:00+00:00,Kurpark - Eingang Kolonnaden,41.5,12.145,415.0,50.36616,8.74076,False
2025-07-02 18:00:00+00:00,Kurpark - Eingang Kolonnaden,27.0,10.86,415.0,50.36616,8.74076,False
2025-07-02 19:00:00+00:00,Kurpark - Eingang Kolonnaden,21.0,11.04,415.0,50.36616,8.74076,False
2025-07-02 20:00:00+00:00,Kurpark - Eingang Kolonnaden,11.0,12.01,415.0,50.36616,8.74076,False
2025-07-02 21:00:00+00:00,Kurpark - Eingang Kolonnaden,6.0,6.47,415.0,50.36616,8.74076,True
2025-07-02 22:00:00+00:00,Kurpark - Eingang Kolonnaden,1.0,0.93,415.0,50.36616,8.74076,False
2025-07-02 23:00:00+00:00,Kurpark - Eingang Kolonnaden,0.5,0.465,415.0,50.36616,8.74076,True
2025-07-03 00:00:00+00:00,Kurpark - Eingang Kolonnaden,0.0,0.0,415.0,50.36616,8.74076,False
2025-07-03 01:00:00+00:00,Kurpark - Eingang Kolonnaden,1.0,0.98,415.0,50.36616,8.74076,False
2025-07-03 02:00:00+00:00,Kurpark - Eingang Kolonnaden,2.0,5.62,415.0,50.36616,8.74076,False
2025-07-03 03:00:00+00:00,Kurpark - Eingang Kolonnaden,10.0,2.75,415.0,50.36616,8.74076,False
2025-07-03 04:00:00+00:00,Kurpark - Eingang Kolonnaden,10.0,8.030000000000001,415.0,50.36616,8.74076,False
2025-07-03 05:00:00+00:00,Kurpark - Eingang Kolonnaden,23.0,3.1,415.0,50.36616,8.74076,False
2025-07-03 06:00:00+00:00,Kurpark - Eingang Kolonnaden,35.0,14.125,415.0,50.36616,8.74076,False
2025-07-03 07:00:00+00:00,Kurpark - Eingang Kolonnaden,51.5,6.904999999999999,415.0,50.36616,8.74076,False
2025-07-03 08:00:00+00:00,Kurpark - Eingang Kolonnaden,52.5,9.835,415.0,50.36616,8.74076,False
2025-07-03 09:00:00+00:00,Kurpark - Eingang Kolonnaden,27.0,6.619999999999999,415.0,50.36616,8.74076,False
2025-07-03 10:00:00+00:00,Kurpark - Eingang Kolonnaden,55.0,9.370000000000001,415.0,50.36616,8.74076,False
2025-07-03 11:00:00+00:00,Kurpark - Eingang Kolonnaden,39.0,8.685,415.0,50.36616,8.74076,False
2025-07-03 12:00:00+00:00,Kurpark - Eingang Kolonnaden,47.0,9.31,415.0,50.36616,8.74076,False
2025-07-03 13:00:00+00:00,Kurpark - Eingang Kolonnaden,89.5,11.57,415.0,50.36616,8.74076,False
2025-07-03 14:00:00+00:00,Kurpark - Eingang Kolonnaden,109.5,12.19,415.0,50.36616,8.74076,False
2025-07-03 15:00:00+00:00,Kurpark - Eingang Kolonnaden,102.5,8.165,415.0,50.36616,8.74076,False
2025-07-03 16:00:00+00:00,Kurpark - Eingang Kolonnaden,69.5,14.495,415.0,50.36616,8.74076,False
2025-07-03 17:00:00+00:00,Kurpark - Eingang Kolonnaden,62.0,13.675,415.0,50.36616,8.74076,False
2025-07-03 18:00:00+00:00,Kurpark - Eingang Kolonnaden,39.0,10.760000000000002,415.0,50.36616,8.74076,False
2025-07-03 19:00:00+00:00,Kurpark - Eingang Kolonnaden,26.0,11.355,415.0,50.36616,8.74076,False
2025-07-03 20:00:00+00:00,Kurpark - Eingang Kolonnaden,,,415.0,50.36616,8.74076,True
2025-07-03 21:00:00+00:00,Kurpark - Eingang Kolonnaden,,,415.0,50.36616,8.74076,True
2025-07-03 22:00:00+00:00,Kurpark - Eingang Kolonnaden,,,415.0,50.36616,8.74076,True
2025-07-03 23:00:00+00:00,Kurpark - Eingang Kolonnaden,7.0,3.12,415.0,50.36616,8.74076,False
2025-07-04 00:00:00+00:00,Kurpark - Eingang Kolonnaden,4.666666666666666,2.08,415.0,50.36616,8.74076,True
2025-07-04 01:00:00+00:00,Kurpark - Eingang Kolonnaden,2.333333333333333,1.04,415.0,50.36616,8.74076,True
2025-07-04 02:00:00+00:00,Kurpark - Eingang Kolonnaden,0.0,0.0,415.0,50.36616,8.74076,False
2025-07-04 03:00:00+00:00,Kurpark - Eingang Kolonnaden,11.0,4.13,415.0,50.36616,8.74076,False
2025-07-04 04:00:00+00:00,Kurpark - Eingang Kolonnaden,17.0,3.855,415.0,50.36616,8.74076,False
2025-07-04 05:00:00+00:00,Kurpark - Eingang Kolonnaden,18.0,5.26,415.0,50.36616,8.74076,False
2025-07-04 06:00:00+00:00,Kurpark - Eingang Kolonnaden,36.0,8.004999999999999,415.0,50.36616,8.74076,False
2025-07-04 07:00:00+00:00,Kurpark - Eingang Kolonnaden,46.0,5.8149999999999995,415.0,50.36616,8.74076,False
2025-07-04 08:00:00+00:00,Kurpark - Eingang Kolonnaden,68.0,9.97,415.0,50.36616,8.74076,False
2025-07-04 09:00:00+00:00,Kurpark - Eingang Kolonnaden,100.5,11.774999999999999,415.0,50.36616,8.74076,False
2025-07-04 10:00:00+00:00,Kurpark - Eingang Kolonnaden,99.0,9.96,415.0,50.36616,8.74076,False
2025-07-04 11:00:00+00:00,Kurpark - Eingang Kolonnaden,111.5,10.29,415.0,50.36616,8.74076,False
2025-07-04 12:00:00+00:00,Kurpark - Eingang Kolonnaden,110.0,10.47,415.0,50.36616,8.74076,False
2025-07-04 13:00:00+00:00,Kurpark - Eingang Kolonnaden,63.0,3.95,415.0,50.36616,8.74076,False
2025-07-04 14:00:00+00:00,Kurpark - Eingang Kolonnaden,44.0,5.705,415.0,50.36616,8.74076,False
2025-07-04 15:00:00+00:00,Kurpark - Eingang Kolonnaden,108.5,11.48,415.0,50.36616,8.74076,False
2025-07-04 16:00:00+00:00,Kurpark - Eingang Kolonnaden,100.5,10.55,415.0,50.36616,8.74076,False
2025-07-04 17:00:00+00:00,Kurpark - Eingang Kolonnaden,76.0,10.275,415.0,50.36616,8.74076,False
2025-07-04 18:00:00+00:00,Kurpark - Eingang Kolonnaden,43.5,9.965,415.0,50.36616,8.74076,False
2025-07-04 19:00:00+00:00,Kurpark - Eingang Kolonnaden,39.0,10.95,415.0,50.36616,8.74076,False
2025-07-04 20:00:00+00:00,Kurpark - Eingang Kolonnaden,14.0,2.8,415.0,50.36616,8.74076,False
2025-07-04 21:00:00+00:00,Kurpark - Eingang Kolonnaden,2.0,4.63,415.0,50.36616,8.74076,False
2025-07-04 22:00:00+00:00,Kurpark - Eingang Kolonnaden,10.0,8.9,415.0,50.36616,8.74076,False
2025-07-04 23:00:00+00:00,Kurpark - Eingang Kolonnaden,6.666666666666666,5.933333333333334,415.0,50.36616,8.74076,True
2025-07-05 00:00:00+00:00,Kurpark - Eingang Kolonnaden,3.333333333333333,2.966666666666667,415.0,50.36616,8.74076,True
2025-07-05 01:00:00+00:00,Kurpark - Eingang Kolonnaden,0.0,0.0,415.0,50.36616,8.74076,False
2025-07-05 02:00:00+00:00,Kurpark - Eingang Kolonnaden,1.0,0.72,415.0,50.36616,8.74076,False
2025-07-05 03:00:00+00:00,Kurpark - Eingang Kolonnaden,3.0,13.91,415.0,50.36616,8.74076,False
2025-07-05 04:00:00+00:00,Kurpark - Eingang Kolonnaden,7.5,3.645,415.0,50.36616,8.74076,False
2025-07-05 05:00:00+00:00,Kurpark - Eingang Kolonnaden,14.0,4.0600000000000005,415.0,50.36616,8.74076,False
2025-07-05 06:00:00+00:00,Kurpark - Eingang Kolonnaden,45.0,8.57,415.0,50.36616,8.74076,False
2025-07-05 07:00:00+00:00,Kurpark - Eingang Kolonnaden,22.5,4.285,415.0,50.36616,8.74076,True
2025-07-05 08:00:00+00:00,Kurpark - Eingang Kolonnaden,0.0,0.0,415.0,50.36616,8.74076,False
2025-07-05 09:00:00+00:00,Kurpark - Eingang Kolonnaden,91.5,8.705,415.0,50.36616,8.74076,False
2025-07-05 10:00:00+00:00,Kurpark - Eingang Kolonnaden,194.0,8.92,415.0,50.36616,8.74076,False
2025-07-05 11:00:00+00:00,Kurpark - Eingang Kolonnaden,159.5,12.465,415.0,50.36616,8.74076,False
2025-07-05 12:00:00+00:00,Kurpark - Eingang Kolonnaden,159.5,11.805,415.0,50.36616,8.74076,False
2025-07-05 13:00:00+00:00,Kurpark - Eingang Kolonnaden,107.0,9.22,415.0,50.36616,8.74076,False
2025-07-05 14:00:00+00:00,Kurpark - Eingang Kolonnaden,105.66666666666667,10.26,415.0,50.36616,8.74076,True
2025-07-05 15:00:00+00:00,Kurpark - Eingang Kolonnaden,104.33333333333333,11.3,415.0,50.36616,8.74076,True
2025-07-05 16:00:00+00:00,Kurpark - Eingang Kolonnaden,103.0,12.34,415.0,50.36616,8.74076,False
2025-07-05 17:00:00+00:00,Kurpark - Eingang Kolonnaden,118.0,8.87,415.0,50.36616,8.74076,False
2025-07-05 18:00:00+00:00,Kurpark - Eingang Kolonnaden,40.0,12.55,415.0,50.36616,8.74076,False
2025-07-05 19:00:00+00:00,Kurpark - Eingang Kolonnaden,27.5,10.655000000000001,415.0,50.36616,8.74076,True
2025-07-05 20:00:00+00:00,Kurpark - Eingang Kolonnaden,15.0,8.76,415.0,50.36616,8.74076,False
2025-07-05 21:00:00+00:00,Kurpark - Eingang Kolonnaden,8.0,2.78,415.0,50.36616,8.74076,False
2025-07-05 22:00:00+00:00,Kurpark - Eingang Kolonnaden,7.0,6.290000000000001,415.0,50.36616,8.74076,True
2025-07-05 23:00:00+00:00,Kurpark - Eingang Kolonnaden,6.0,9.8,415.0,50.36616,8.74076,False
2025-07-06 00:00:00+00:00,Kurpark - Eingang Kolonnaden,4.0,6.533333333333333,415.0,50.36616,8.74076,True
2025-07-06 01:00:00+00:00,Kurpark - Eingang Kolonnaden,2.0,3.2666666666666666,415.0,50.36616,8.74076,True
2025-07-06 02:00:00+00:00,Kurpark - Eingang Kolonnaden,0.0,0.0,415.0,50.36616,8.74076,False
2025-07-06 03:00:00+00:00,Kurpark - Eingang Kolonnaden,2.0,1.43,415.0,50.36616,8.74076,False
2025-07-06 04:00:00+00:00,Kurpark - Eingang Kolonnaden,5.5,2.2375,415.0,50.36616,8.74076,True
2025-07-06 05:00:00+00:00,Kurpark - Eingang Kolonnaden,9.0,3.045,415.0,50.36616,8.74076,False
2025-07-06 06:00:00+00:00,Kurpark - Eingang Kolonnaden,24.0,7.525,415.0,50.36616,8.74076,False
2025-07-06 07:00:00+00:00,Kurpark - Eingang Kolonnaden,33.5,7.985,415.0,50.36616,8.74076,False
2025-07-06 08:00:00+00:00,Kurpark - Eingang Kolonnaden,134.0,19.11,415.0,50.36616,8.74076,False
2025-07-06 09:00:00+00:00,Kurpark - Eingang Kolonnaden,216.0,12.23,415.0,50.36616,8.74076,False
2025-07-06 10:00:00+00:00,Kurpark - Eingang Kolonnaden,223.0,11.835,415.0,50.36616,8.74076,False
2025-07-06 11:00:00+00:00,Kurpark - Eingang Kolonnaden,195.0,8.43,415.0,50.36616,8.74076,False
2025-07-06 12:00:00+00:00,Kurpark - Eingang Kolonnaden,236.0,13.13,415.0,50.36616,8.74076,False
2025-07-06 13:00:00+00:00,Kurpark - Eingang Kolonnaden,188.0,10.84,415.0,50.36616,8.74076,False
2025-07-06 14:00:00+00:00,Kurpark - Eingang Kolonnaden,126.0,7.47,415.0,50.36616,8.74076,False
2025-07-06 15:00:00+00:00,Kurpark - Eingang Kolonnaden,79.0,11.35,415.0,50.36616,8.74076,False
2025-07-06 16:00:00+00:00,Kurpark - Eingang Kolonnaden,57.0,8.22,415.0,50.36616,8.74076,False
2025-07-06 17:00:00+00:00,Kurpark - Eingang Kolonnaden,53.0,10.02,415.0,50.36616,8.74076,False
2025-07-06 18:00:00+00:00,Kurpark - Eingang Kolonnaden,25.0,5.26,415.0,50.36616,8.74076,False
2025-07-06 19:00:00+00:00,Kurpark - Eingang Kolonnaden,19.0,4.32,415.0,50.36616,8.74076,False
2025-07-06 20:00:00+00:00,Kurpark - Eingang Kolonnaden,5.5,3.785,415.0,50.36616,8.74076,False
2025-07-06 21:00:00+00:00,Kurpark - Eingang Kolonnaden,3.0,11.88,415.0,50.36616,8.74076,False
2025-07-06 22:00:00+00:00,Kurpark - Eingang Kolonnaden,6.0,7.16,415.0,50.36616,8.74076,False
2025-07-06 23:00:00+00:00,Kurpark - Eingang Kolonnaden,,,415.0,50.36616,8.74076,True
2025-07-07 00:00:00+00:00,Kurpark - Eingang Kolonnaden,,,415.0,50.36616,8.74076,True
2025-07-07 01:00:00+00:00,Kurpark - Eingang Kolonnaden,,,415.0,50.36616,8.74076,True
2025-07-07 02:00:00+00:00,Kurpark - Eingang Kolonnaden,0.0,0.0,415.0,50.36616,8.74076,False
2025-07-07 03:00:00+00:00,Kurpark - Eingang Kolonnaden,4.0,5.87,415.0,50.36616,8.74076,False
2025-07-07 04:00:00+00:00,Kurpark - Eingang Kolonnaden,18.5,2.785,415.0,50.36616,8.74076,False
2025-07-07 05:00:00+00:00,Kurpark - Eingang Kolonnaden,18.0,6.19,415.0,50.36616,8.74076,False
2025-07-07 06:00:00+00:00,Kurpark - Eingang Kolonnaden,24.5,2.425,415.0,50.36616,8.74076,False
2025-07-07 07:00:00+00:00,Kurpark - Eingang Kolonnaden,49.0,9.0,415.0,50.36616,8.74076,False
2025-07-07 08:00:00+00:00,Kurpark - Eingang Kolonnaden,59.0,8.72,415.0,50.36616,8.74076,False
2025-07-07 09:00:00+00:00,Kurpark - Eingang Kolonnaden,52.0,6.45,415.0,50.36616,8.74076,False
2025-07-07 10:00:00+00:00,Kurpark - Eingang Kolonnaden,48.0,6.404999999999999,415.0,50.36616,8.74076,False
2025-07-07 11:00:00+00:00,Kurpark - Eingang Kolonnaden,39.0,6.1925,415.0,50.36616,8.74076,True
2025-07-07 12:00:00+00:00,Kurpark - Eingang Kolonnaden,30.0,5.98,415.0,50.36616,8.74076,False
2025-07-07 13:00:00+00:00,Kurpark - Eingang Kolonnaden,45.0,7.17,415.0,50.36616,8.74076,False
2025-07-07 14:00:00+00:00,Kurpark - Eingang Kolonnaden,60.5,8.305,415.0,50.36616,8.74076,False
2025-07-07 15:00:00+00:00,Kurpark - Eingang Kolonnaden,75.0,10.88,415.0,50.36616,8.74076,False
2025-07-07 16:00:00+00:00,Kurpark - Eingang Kolonnaden,54.0,8.59,415.0,50.36616,8.74076,False
2025-07-07 17:00:00+00:00,Kurpark - Eingang Kolonnaden,19.0,7.27,415.0,50.36616,8.74076,False
2025-07-07 18:00:00+00:00,Kurpark - Eingang Kolonnaden,31.5,12.7,415.0,50.36616,8.74076,False
2025-07-07 19:00:00+00:00,Kurpark - Eingang Kolonnaden,7.0,3.03,415.0,50.36616,8.74076,False
2025-07-07 20:00:00+00:00,Kurpark - Eingang Kolonnaden,11.0,8.26,415.0,50.36616,8.74076,False
2025-07-07 21:00:00+00:00,Kurpark - Eingang Kolonnaden,1.0,5.0,415.0,50.36616,8.74076,False
2025-07-07 22:00:00+00:00,Kurpark - Eingang Kolonnaden,6.0,8.96,415.0,50.36616,8.74076,False
2025-07-07 23:00:00+00:00,Kurpark - Eingang Kolonnaden,7.0,4.89,415.0,50.36616,8.74076,False
2025-07-08 00:00:00+00:00,Kurpark - Eingang Kolonnaden,3.5,2.445,415.0,50.36616,8.74076,True
2025-07-08 01:00:00+00:00,Kurpark - Eingang Kolonnaden,0.0,0.0,415.0,50.36616,8.74076,False
2025-07-08 02:00:00+00:00,Kurpark - Eingang Kolonnaden,1.0,0.7,415.0,50.36616,8.74076,False
2025-07-08 03:00:00+00:00,Kurpark - Eingang Kolonnaden,9.333333333333334,2.0566666666666666,415.0,50.36616,8.74076,True
2025-07-08 04:00:00+00:00,Kurpark - Eingang Kolonnaden,17.666666666666668,3.413333333333333,415.0,50.36616,8.74076,True
2025-07-08 05:00:00+00:00,Kurpark - Eingang Kolonnaden,26.0,4.77,415.0,50.36616,8.74076,False
2025-07-08 06:00:00+00:00,Kurpark - Eingang Kolonnaden,28.0,10.350000000000001,415.0,50.36616,8.74076,False
2025-07-08 07:00:00+00:00,Kurpark - Eingang Kolonnaden,43.0,8.105,415.0,50.36616,8.74076,False
2025-07-08 08:00:00+00:00,Kurpark - Eingang Kolonnaden,54.5,8.2375,415.0,50.36616,8.74076,True
2025-07-08 09:00:00+00:00,Kurpark - Eingang Kolonnaden,66.0,8.37,415.0,50.36616,8.74076,False
2025-07-08 10:00:00+00:00,Kurpark - Eingang Kolonnaden,59.0,7.7,415.0,50.36616,8.74076,False
2025-07-08 11:00:00+00:00,Kurpark - Eingang Kolonnaden,78.5,9.12,415.0,50.36616,8.74076,False
2025-07-08 12:00:00+00:00,Kurpark - Eingang Kolonnaden,92.0,12.61,415.0,50.36616,8.74076,False
2025-07-08 13:00:00+00:00,Kurpark - Eingang Kolonnaden,130.0,9.26,415.0,50.36616,8.74076,False
2025-07-08 14:00:00+00:00,Kurpark - Eingang Kolonnaden,,,415.0,50.36616,8.74076,True
2025-07-08 15:00:00+00:00,Kurpark - Eingang Kolonnaden,,,415.0,50.36616,8.74076,True
2025-07-08 16:00:00+00:00,Kurpark - Eingang Kolonnaden,,,415.0,50.36616,8.74076,True
2025-07-08 17:00:00+00:00,Kurpark - Eingang Kolonnaden,,,415.0,50.36616,8.74076,True
2025-07-08 18:00:00+00:00,Kurpark - Eingang Kolonnaden,,,415.0,50.36616,8.74076,True
2025-07-08 19:00:00+00:00,Kurpark - Eingang Kolonnaden,,,415.0,50.36616,8.74076,True
2025-07-08 20:00:00+00:00,Kurpark - Eingang Kolonnaden,,,415.0,50.36616,8.74076,True
2025-07-08 21:00:00+00:00,Kurpark - Eingang Kolonnaden,,,415.0,50.36616,8.74076,True
2025-07-08 22:00:00+00:00,Kurpark - Eingang Kolonnaden,,,415.0,50.36616,8.74076,True
2025-07-08 23:00:00+00:00,Kurpark - Eingang Kolonnaden,,,415.0,50.36616,8.74076,True
2025-07-09 00:00:00+00:00,Kurpark - Eingang Kolonnaden,,,415.0,50.36616,8.74076,True
2025-07-09 01:00:00+00:00,Kurpark - Eingang Kolonnaden,,,415.0,50.36616,8.74076,True
2025-07-09 02:00:00+00:00,Kurpark - Eingang Kolonnaden,,,415.0,50.36616,8.74076,True
2025-07-09 03:00:00+00:00,Kurpark - Eingang Kolonnaden,,,415.0,50.36616,8.74076,True
2025-07-09 04:00:00+00:00,Kurpark - Eingang Kolonnaden,,,415.0,50.36616,8.74076,True
2025-07-09 05:00:00+00:00,Kurpark - Eingang Kolonnaden,,,415.0,50.36616,8.74076,True
2025-07-09 06:00:00+00:00,Kurpark - Eingang Kolonnaden,,,415.0,50.36616,8.74076,True
2025-07-09 07:00:00+00:00,Kurpark - Eingang Kolonnaden,62.0,8.18,415.0,50.36616,8.74076,False
2025-07-09 08:00:00+00:00,Kurpark - Eingang Kolonnaden,66.0,11.57,415.0,50.36616,8.74076,False
2025-07-09 09:00:00+00:00,Kurpark - Eingang Kolonnaden,71.0,9.63,415.0,50.36616,8.74076,False
2025-07-09 10:00:00+00:00,Kurpark - Eingang Kolonnaden,78.0,14.335,415.0,50.36616,8.74076,False
2025-07-09 11:00:00+00:00,Kurpark - Eingang Kolonnaden,94.66666666666667,14.190000000000001,415.0,50.36616,8.74076,True
2025-07-09 12:00:00+00:00,Kurpark - Eingang Kolonnaden,111.33333333333334,14.045,415.0,50.36616,8.74076,True
2025-07-09 13:00:00+00:00,Kurpark - Eingang Kolonnaden,128.0,13.9,415.0,50.36616,8.74076,False
2025-07-09 14:00:00+00:00,Kurpark - Eingang Kolonnaden,113.0,14.56,415.0,50.36616,8.74076,False
2025-07-09 15:00:00+00:00,Kurpark - Eingang Kolonnaden,112.5,9.485,415.0,50.36616,8.74076,False
2025-07-09 16:00:00+00:00,Kurpark - Eingang Kolonnaden,88.5,10.045,415.0,50.36616,8.74076,False
2025-07-09 17:00:00+00:00,Kurpark - Eingang Kolonnaden,75.0,11.415,415.0,50.36616,8.74076,False
2025-07-09 18:00:00+00:00,Kurpark - Eingang Kolonnaden,53.0,11.149999999999999,415.0,50.36616,8.74076,False
2025-07-09 19:00:00+00:00,Kurpark - Eingang Kolonnaden,33.0,8.84,415.0,50.36616,8.74076,False
2025-07-09 20:00:00+00:00,Kurpark - Eingang Kolonnaden,10.0,7.15,415.0,50.36616,8.74076,False
2025-07-09 21:00:00+00:00,Kurpark - Eingang Kolonnaden,3.5,10.815000000000001,415.0,50.36616,8.74076,False
2025-07-09 22:00:00+00:00,Kurpark - Eingang Kolonnaden,,,415.0,50.36616,8.74076,True
2025-07-09 23:00:00+00:00,Kurpark - Eingang Kolonnaden,,,415.0,50.36616,8.74076,True
2025-07-10 00:00:00+00:00,Kurpark - Eingang Kolonnaden,,,415.0,50.36616,8.74076,True
2025-07-10 01:00:00+00:00,Kurpark - Eingang Kolonnaden,,,415.0,50.36616,8.74076,True
2025-07-10 02:00:00+00:00,Kurpark - Eingang Kolonnaden,,,415.0,50.36616,8.74076,True
2025-07-10 03:00:00+00:00,Kurpark - Eingang Kolonnaden,,,415.0,50.36616,8.74076,True
2025-07-10 04:00:00+00:00,Kurpark - Eingang Kolonnaden,,,415.0,50.36616,8.74076,True
2025-07-10 05:00:00+00:00,Kurpark - Eingang Kolonnaden,,,415.0,50.36616,8.74076,True
2025-07-10 06:00:00+00:00,Kurpark - Eingang Kolonnaden,,,415.0,50.36616,8.74076,True
2025-07-10 07:00:00+00:00,Kurpark - Eingang Kolonnaden,47.5,12.024999999999999,415.0,50.36616,8.74076,False
2025-07-10 08:00:00+00:00,Kurpark - Eingang Kolonnaden,66.0,6.57,415.0,50.36616,8.74076,False
2025-07-10 09:00:00+00:00,Kurpark - Eingang Kolonnaden,107.0,7.425000000000001,415.0,50.36616,8.74076,False
2025-07-10 10:00:00+00:00,Kurpark - Eingang Kolonnaden,103.0,11.355,415.0,50.36616,8.74076,False
2025-07-10 11:00:00+00:00,Kurpark - Eingang Kolonnaden,122.0,7.555,415.0,50.36616,8.74076,False
2025-07-10 12:00:00+00:00,Kurpark - Eingang Kolonnaden,85.5,6.49,415.0,50.36616,8.74076,False
2025-07-10 13:00:00+00:00,Kurpark - Eingang Kolonnaden,128.5,9.215,415.0,50.36616,8.74076,False
2025-07-10 14:00:00+00:00,Kurpark - Eingang Kolonnaden,125.0,9.81,415.0,50.36616,8.74076,False
2025-07-10 15:00:00+00:00,Kurpark - Eingang Kolonnaden,106.5,9.6,415.0,50.36616,8.74076,False
2025-07-10 16:00:00+00:00,Kurpark - Eingang Kolonnaden,68.5,11.745000000000001,415.0,50.36616,8.74076,False
2025-07-10 17:00:00+00:00,Kurpark - Eingang Kolonnaden,80.0,11.875,415.0,50.36616,8.74076,False
2025-07-10 18:00:00+00:00,Kurpark - Eingang Kolonnaden,39.0,9.185,415.0,50.36616,8.74076,False
2025-07-10 19:00:00+00:00,Kurpark - Eingang Kolonnaden,37.0,10.28,415.0,50.36616,8.74076,False
2025-07-10 20:00:00+00:00,Kurpark - Eingang Kolonnaden,23.0,6.58,415.0,50.36616,8.74076,False
2025-07-10 21:00:00+00:00,Kurpark - Eingang Kolonnaden,14.5,4.45,415.0,50.36616,8.74076,True
2025-07-10 22:00:00+00:00,Kurpark - Eingang Kolonnaden,6.0,2.32,415.0,50.36616,8.74076,False
2025-07-10 23:00:00+00:00,Kurpark - Eingang Kolonnaden,3.0,1.16,415.0,50.36616,8.74076,True
2025-07-11 00:00:00+00:00,Kurpark - Eingang Kolonnaden,0.0,0.0,415.0,50.36616,8.74076,False
2025-07-11 01:00:00+00:00,Kurpark - Eingang Kolonnaden,1.0,0.05,415.0,50.36616,8.74076,False
2025-07-11 02:00:00+00:00,Kurpark - Eingang Kolonnaden,2.0,5.64,415.0,50.36616,8.74076,False
2025-07-11 03:00:00+00:00,Kurpark - Eingang Kolonnaden,6.0,7.865,415.0,50.36616,8.74076,False
2025-07-11 04:00:00+00:00,Kurpark - Eingang Kolonnaden,11.0,4.68,415.0,50.36616,8.74076,False
2025-07-11 05:00:00+00:00,Kurpark - Eingang Kolonnaden,12.0,5.68,415.0,50.36616,8.74076,False
2025-07-11 06:00:00+00:00,Kurpark - Eingang Kolonnaden,24.0,5.33,415.0,50.36616,8.74076,False
2025-07-11 07:00:00+00:00,Kurpark - Eingang Kolonnaden,,,415.0,50.36616,8.74076,True
2025-07-11 08:00:00+00:00,Kurpark - Eingang Kolonnaden,,,415.0,50.36616,8.74076,True
2025-07-11 09:00:00+00:00,Kurpark - Eingang Kolonnaden,,,415.0,50.36616,8.74076,True
2025-07-11 10:00:00+00:00,Kurpark - Eingang Kolonnaden,,,415.0,50.36616,8.74076,True
2025-07-11 11:00:00+00:00,Kurpark - Eingang Kolonnaden,,,415.0,50.36616,8.74076,True
2025-07-11 12:00:00+00:00,Kurpark - Eingang Kolonnaden,,,415.0,50.36616,8.74076,True
2025-07-11 13:00:00+00:00,Kurpark - Eingang Kolonnaden,,,415.0,50.36616,8.74076,True
2025-07-11 14:00:00+00:00,Kurpark - Eingang Kolonnaden,,,415.0,50.36616,8.74076,True
2025-07-11 15:00:00+00:00,Kurpark - Eingang Kolonnaden,,,415.0,50.36616,8.74076,True
2025-07-11 16:00:00+00:00,Kurpark - Eingang Kolonnaden,,,415.0,50.36616,8.74076,True
2025-07-11 17:00:00+00:00,Kurpark - Eingang Kolonnaden,70.0,14.22,415.0,50.36616,8.74076,False
2025-07-11 18:00:00+00:00,Kurpark - Eingang Kolonnaden,45.5,11.31,415.0,50.36616,8.74076,True
2025-07-11 19:00:00+00:00,Kurpark - Eingang Kolonnaden,21.0,8.4,415.0,50.36616,8.74076,False
2025-07-11 20:00:00+00:00,Kurpark - Eingang Kolonnaden,19.5,2.8,415.0,50.36616,8.74076,False
2025-07-11 21:00:00+00:00,Kurpark - Eingang Kolonnaden,5.0,2.07,415.0,50.36616,8.74076,False
2025-07-11 22:00:00+00:00,Kurpark - Eingang Kolonnaden,10.0,4.4,415.0,50.36616,8.74076,False
2025-07-11 23:00:00+00:00,Kurpark - Eingang Kolonnaden,,,415.0,50.36616,8.74076,True
2025-07-12 00:00:00+00:00,Kurpark - Eingang Kolonnaden,,,415.0,50.36616,8.74076,True
2025-07-12 01:00:00+00:00,Kurpark - Eingang Kolonnaden,,,415.0,50.36616,8.74076,True
2025-07-12 02:00:00+00:00,Kurpark - Eingang Kolonnaden,,,415.0,50.36616,8.74076,True
2025-07-12 03:00:00+00:00,Kurpark - Eingang Kolonnaden,,,415.0,50.36616,8.74076,True
2025-07-12 04:00:00+00:00,Kurpark - Eingang Kolonnaden,,,415.0,50.36616,8.74076,True
2025-07-12 05:00:00+00:00,Kurpark - Eingang Kolonnaden,,,415.0,50.36616,8.74076,True
2025-07-12 06:00:00+00:00,Kurpark - Eingang Kolonnaden,20.0,3.81,415.0,50.36616,8.74076,False
2025-07-12 07:00:00+00:00,Kurpark - Eingang Kolonnaden,51.0,11.43,415.0,50.36616,8.74076,False
2025-07-12 08:00:00+00:00,Kurpark - Eingang Kolonnaden,74.83333333333333,10.438333333333333,415.0,50.36616,8.74076,True
2025-07-12 09:00:00+00:00,Kurpark - Eingang Kolonnaden,98.66666666666666,9.446666666666667,415.0,50.36616,8.74076,True
2025-07-12 10:00:00+00:00,Kurpark - Eingang Kolonnaden,122.5,8.455,415.0,50.36616,8.74076,False
2025-07-12 11:00:00+00:00,Kurpark - Eingang Kolonnaden,92.5,12.05,415.0,50.36616,8.74076,False
2025-07-12 12:00:00+00:00,Kurpark - Eingang Kolonnaden,144.0,12.365,415.0,50.36616,8.74076,False
2025-07-12 13:00:00+00:00,Kurpark - Eingang Kolonnaden,190.0,12.72,415.0,50.36616,8.74076,False
2025-07-12 14:00:00+00:00,Kurpark - Eingang Kolonnaden,119.5,10.93,415.0,50.36616,8.74076,False
2025-07-12 15:00:00+00:00,Kurpark - Eingang Kolonnaden,121.0,11.525,415.0,50.36616,8.74076,False
2025-07-12 16:00:00+00:00,Kurpark - Eingang Kolonnaden,118.5,10.594999999999999,415.0,50.36616,8.74076,False
2025-07-12 17:00:00+00:00,Kurpark - Eingang Kolonnaden,70.0,13.74,415.0,50.36616,8.74076,False
2025-07-12 18:00:00+00:00,Kurpark - Eingang Kolonnaden,39.0,6.89,415.0,50.36616,8.74076,False
2025-07-12 19:00:00+00:00,Kurpark - Eingang Kolonnaden,33.0,12.375,415.0,50.36616,8.74076,False
2025-07-12 20:00:00+00:00,Kurpark - Eingang Kolonnaden,13.0,5.54,415.0,50.36616,8.74076,False
2025-07-12 21:00:00+00:00,Kurpark - Eingang Kolonnaden,3.0,5.51,415.0,50.36616,8.74076,False
2025-07-12 22:00:00+00:00,Kurpark - Eingang Kolonnaden,24.0,6.285,415.0,50.36616,8.74076,False
2025-07-12 23:00:00+00:00,Kurpark - Eingang Kolonnaden,,,415.0,50.36616,8.74076,True
2025-07-13 00:00:00+00:00,Kurpark - Eingang Kolonnaden,,,415.0,50.36616,8.74076,True
2025-07-13 01:00:00+00:00,Kurpark - Eingang Kolonnaden,,,415.0,50.36616,8.74076,True
2025-07-13 02:00:00+00:00,Kurpark - Eingang Kolonnaden,,,415.0,50.36616,8.74076,True
2025-07-13 03:00:00+00:00,Kurpark - Eingang Kolonnaden,0.0,0.0,415.0,50.36616,8.74076,False
2025-07-13 04:00:00+00:00,Kurpark - Eingang Kolonnaden,,,415.0,50.36616,8.74076,True
2025-07-13 05:00:00+00:00,Kurpark - Eingang Kolonnaden,,,415.0,50.36616,8.74076,True
2025-07-13 06:00:00+00:00,Kurpark - Eingang Kolonnaden,,,415.0,50.36616,8.74076,True
2025-07-13 07:00:00+00:00,Kurpark - Eingang Kolonnaden,,,415.0,50.36616,8.74076,True
2025-07-13 08:00:00+00:00,Kurpark - Eingang Kolonnaden,,,415.0,50.36616,8.74076,True
2025-07-13 09:00:00+00:00,Kurpark - Eingang Kolonnaden,,,415.0,50.36616,8.74076,True
2025-07-13 10:00:00+00:00,Kurpark - Eingang Kolonnaden,,,415.0,50.36616,8.74076,True
2025-07-13 11:00:00+00:00,Kurpark - Eingang Kolonnaden,,,415.0,50.36616,8.74076,True
2025-07-13 12:00:00+00:00,Kurpark - Eingang Kolonnaden,,,415.0,50.36616,8.74076,True
2025-07-13 13:00:00+00:00,Kurpark - Eingang Kolonnaden,,,415.0,50.36616,8.74076,True
2025-07-13 14:00:00+00:00,Kurpark - Eingang Kolonnaden,,,415.0,50.36616,8.74076,True
2025-07-13 15:00:00+00:00,Kurpark - Eingang Kolonnaden,,,415.0,50.36616,8.74076,True
2025-07-13 16:00:00+00:00,Kurpark - Eingang Kolonnaden,,,415.0,50.36616,8.74076,True
2025-07-13 17:00:00+00:00,Kurpark - Eingang Kolonnaden,,,415.0,50.36616,8.74076,True
2025-07-13 18:00:00+00:00,Kurpark - Eingang Kolonnaden,,,415.0,50.36616,8.74076,True
2025-07-13 19:00:00+00:00,Kurpark - Eingang Kolonnaden,,,415.0,50.36616,8.74076,True
2025-07-13 20:00:00+00:00,Kurpark - Eingang Kolonnaden,9.0,5.25,415.0,50.36616,8.74076,False
2025-07-13 21:00:00+00:00,Kurpark - Eingang Kolonnaden,6.0,3.63,415.0,50.36616,8.74076,True
2025-07-13 22:00:00+00:00,Kurpark - Eingang Kolonnaden,3.0,2.01,415.0,50.36616,8.74076,False
2025-07-13 23:00:00+00:00,Kurpark - Eingang Kolonnaden,,,415.0,50.36616,8.74076,True
2025-06-30 01:00:00+00:00,Kurpark - Eingang Kurhaus,1.0,17.55,415.0,50.36693,8.73725,False
2025-06-30 02:00:00+00:00,Kurpark - Eingang Kurhaus,3.0,4.1,415.0,50.36693,8.73725,False
2025-06-30 03:00:00+00:00,Kurpark - Eingang Kurhaus,3.0,0.75,415.0,50.36693,8.73725,False
2025-06-30 04:00:00+00:00,Kurpark - Eingang Kurhaus,17.0,6.265000000000001,415.0,50.36693,8.73725,False
2025-06-30 05:00:00+00:00,Kurpark - Eingang Kurhaus,27.5,5.140000000000001,415.0,50.36693,8.73725,False
2025-06-30 06:00:00+00:00,Kurpark - Eingang Kurhaus,25.0,7.67,415.0,50.36693,8.73725,False
2025-06-30 07:00:00+00:00,Kurpark - Eingang Kurhaus,33.0,3.55,415.0,50.36693,8.73725,False
2025-06-30 08:00:00+00:00,Kurpark - Eingang Kurhaus,43.5,4.5600000000000005,415.0,50.36693,8.73725,True
2025-06-30 09:00:00+00:00,Kurpark - Eingang Kurhaus,54.0,5.57,415.0,50.36693,8.73725,False
2025-06-30 10:00:00+00:00,Kurpark - Eingang Kurhaus,7.0,13.03,415.0,50.36693,8.73725,False
2025-06-30 11:00:00+00:00,Kurpark - Eingang Kurhaus,4.0,5.63,415.0,50.36693,8.73725,False
2025-06-30 12:00:00+00:00,Kurpark - Eingang Kurhaus,31.5,11.434999999999999,415.0,50.36693,8.73725,False
2025-06-30 13:00:00+00:00,Kurpark - Eingang Kurhaus,38.0,10.1,415.0,50.36693,8.73725,False
2025-06-30 14:00:00+00:00,Kurpark - Eingang Kurhaus,34.0,5.4,415.0,50.36693,8.73725,False
2025-06-30 15:00:00+00:00,Kurpark - Eingang Kurhaus,12.0,4.630000000000001,415.0,50.36693,8.73725,False
2025-06-30 16:00:00+00:00,Kurpark - Eingang Kurhaus,3.5,12.615,415.0,50.36693,8.73725,False
2025-06-30 17:00:00+00:00,Kurpark - Eingang Kurhaus,11.0,11.04,415.0,50.36693,8.73725,False
2025-06-30 18:00:00+00:00,Kurpark - Eingang Kurhaus,5.0,4.11,415.0,50.36693,8.73725,False
2025-06-30 19:00:00+00:00,Kurpark - Eingang Kurhaus,1.0,4.03,415.0,50.36693,8.73725,False
2025-06-30 20:00:00+00:00,Kurpark - Eingang Kurhaus,5.0,7.38,415.0,50.36693,8.73725,False
2025-06-30 21:00:00+00:00,Kurpark - Eingang Kurhaus,1.0,5.12,415.0,50.36693,8.73725,False
2025-06-30 22:00:00+00:00,Kurpark - Eingang Kurhaus,5.0,4.33,415.0,50.36693,8.73725,False
2025-06-30 23:00:00+00:00,Kurpark - Eingang Kurhaus,4.0,4.73,415.0,50.36693,8.73725,False
2025-07-01 00:00:00+00:00,Kurpark - Eingang Kurhaus,3.0,2.38,415.0,50.36693,8.73725,False
2025-07-01 01:00:00+00:00,Kurpark - Eingang Kurhaus,1.0,0.02,415.0,50.36693,8.73725,False
2025-07-01 02:00:00+00:00,Kurpark - Eingang Kurhaus,2.0,23.415,415.0,50.36693,8.73725,False
2025-07-01 03:00:00+00:00,Kurpark - Eingang Kurhaus,8.0,4.57,415.0,50.36693,8.73725,False
2025-07-01 04:00:00+00:00,Kurpark - Eingang Kurhaus,23.0,3.435,415.0,50.36693,8.73725,False
2025-07-01 05:00:00+00:00,Kurpark - Eingang Kurhaus,26.0,4.71,415.0,50.36693,8.73725,False
2025-07-01 06:00:00+00:00,Kurpark - Eingang Kurhaus,41.0,6.66,415.0,50.36693,8.73725,False
2025-07-01 07:00:00+00:00,Kurpark - Eingang Kurhaus,26.5,5.994999999999999,415.0,50.36693,8.73725,False
2025-07-01 08:00:00+00:00,Kurpark - Eingang Kurhaus,37.0,8.87,415.0,50.36693,8.73725,False
2025-07-01 09:00:00+00:00,Kurpark - Eingang Kurhaus,47.5,7.3149999999999995,415.0,50.36693,8.73725,False
2025-07-01 10:00:00+00:00,Kurpark - Eingang Kurhaus,35.0,4.175,415.0,50.36693,8.73725,False
2025-07-01 11:00:00+00:00,Kurpark - Eingang Kurhaus,27.0,10.93,415.0,50.36693,8.73725,False
2025-07-01 12:00:00+00:00,Kurpark - Eingang Kurhaus,23.0,10.129999999999999,415.0,50.36693,8.73725,False
2025-07-01 13:00:00+00:00,Kurpark - Eingang Kurhaus,33.0,11.52,415.0,50.36693,8.73725,False
2025-07-01 14:00:00+00:00,Kurpark - Eingang Kurhaus,51.0,9.53,415.0,50.36693,8.73725,False
2025-07-01 15:00:00+00:00,Kurpark - Eingang Kurhaus,22.0,14.89,415.0,50.36693,8.73725,False
2025-07-01 16:00:00+00:00,Kurpark - Eingang Kurhaus,22.0,7.545,415.0,50.36693,8.73725,False
2025-07-01 17:00:00+00:00,Kurpark - Eingang Kurhaus,30.0,5.865,415.0,50.36693,8.73725,False
2025-07-01 18:00:00+00:00,Kurpark - Eingang Kurhaus,26.0,6.7,415.0,50.36693,8.73725,False
2025-07-01 19:00:00+00:00,Kurpark - Eingang Kurhaus,17.0,5.57,415.0,50.36693,8.73725,False
2025-07-01 20:00:00+00:00,Kurpark - Eingang Kurhaus,4.0,4.61,415.0,50.36693,8.73725,False
2025-07-01 21:00:00+00:00,Kurpark - Eingang Kurhaus,3.0,4.255,415.0,50.36693,8.73725,True
2025-07-01 22:00:00+00:00,Kurpark - Eingang Kurhaus,2.0,3.9,415.0,50.36693,8.73725,False
2025-07-01 23:00:00+00:00,Kurpark - Eingang Kurhaus,6.0,2.24,415.0,50.36693,8.73725,False
2025-07-02 00:00:00+00:00,Kurpark - Eingang Kurhaus,3.0,1.12,415.0,50.36693,8.73725,True
2025-07-02 01:00:00+00:00,Kurpark - Eingang Kurhaus,0.0,0.0,415.0,50.36693,8.73725,False
2025-07-02 02:00:00+00:00,Kurpark - Eingang Kurhaus,7.0,9.445,415.0,50.36693,8.73725,False
2025-07-02 03:00:00+00:00,Kurpark - Eingang Kurhaus,9.0,4.61,415.0,50.36693,8.73725,False
2025-07-02 04:00:00+00:00,Kurpark - Eingang Kurhaus,14.0,5.955,415.0,50.36693,8.73725,False
2025-07-02 05:00:00+00:00,Kurpark - Eingang Kurhaus,19.0,3.915,415.0,50.36693,8.73725,False
2025-07-02 06:00:00+00:00,Kurpark - Eingang Kurhaus,25.0,4.16,415.0,50.36693,8.73725,False
2025-07-02 07:00:00+00:00,Kurpark - Eingang Kurhaus,41.0,7.57,415.0,50.36693,8.73725,False
2025-07-02 08:00:00+00:00,Kurpark - Eingang Kurhaus,29.5,8.53,415.0,50.36693,8.73725,False
2025-07-02 09:00:00+00:00,Kurpark - Eingang Kurhaus,44.0,8.1,415.0,50.36693,8.73725,False
2025-07-02 10:00:00+00:00,Kurpark - Eingang Kurhaus,35.0,4.835,415.0,50.36693,8.73725,False
2025-07-02 11:00:00+00:00,Kurpark - Eingang Kurhaus,31.0,6.64,415.0,50.36693,8.73725,False
2025-07-02 12:00:00+00:00,Kurpark - Eingang Kurhaus,21.0,2.93,415.0,50.36693,8.73725,False
2025-07-02 13:00:00+00:00,Kurpark - Eingang Kurhaus,20.5,4.945,415.0,50.36693,8.73725,False
2025-07-02 14:00:00+00:00,Kurpark - Eingang Kurhaus,19.0,18.69,415.0,50.36693,8.73725,False
2025-07-02 15:00:00+00:00,Kurpark - Eingang Kurhaus,22.0,10.33,415.0,50.36693,8.73725,False
2025-07-02 16:00:00+00:00,Kurpark - Eingang Kurhaus,34.0,13.36,415.0,50.36693,8.73725,False
2025-07-02 17:00:00+00:00,Kurpark - Eingang Kurhaus,10.0,6.25,415.0,50.36693,8.73725,False
2025-07-02 18:00:00+00:00,Kurpark - Eingang Kurhaus,16.5,6.72,415.0,50.36693,8.73725,False
2025-07-02 19:00:00+00:00,Kurpark - Eingang Kurhaus,12.0,22.31,415.0,50.36693,8.73725,False
2025-07-02 20:00:00+00:00,Kurpark - Eingang Kurhaus,4.0,2.89,415.0,50.36693,8.73725,False
2025-07-02 21:00:00+00:00,Kurpark - Eingang Kurhaus,3.0,2.23,415.0,50.36693,8.73725,True
2025-07-02 22:00:00+00:00,Kurpark - Eingang Kurhaus,2.0,1.57,415.0,50.36693,8.73725,False
2025-07-02 23:00:00+00:00,Kurpark - Eingang Kurhaus,1.0,0.785,415.0,50.36693,8.73725,True
2025-07-03 00:00:00+00:00,Kurpark - Eingang Kurhaus,0.0,0.0,415.0,50.36693,8.73725,False
2025-07-03 01:00:00+00:00,Kurpark - Eingang Kurhaus,1.0,3.52,415.0,50.36693,8.73725,False
2025-07-03 02:00:00+00:00,Kurpark - Eingang Kurhaus,1.0,1.02,415.0,50.36693,8.73725,False
2025-07-03 03:00:00+00:00,Kurpark - Eingang Kurhaus,8.0,1.04,415.0,50.36693,8.73725,False
2025-07-03 04:00:00+00:00,Kurpark - Eingang Kurhaus,10.0,3.54,415.0,50.36693,8.73725,False
2025-07-03 05:00:00+00:00,Kurpark - Eingang Kurhaus,22.0,4.18,415.0,50.36693,8.73725,False
2025-07-03 06:00:00+00:00,Kurpark - Eingang Kurhaus,12.0,9.22,415.0,50.36693,8.73725,False
2025-07-03 07:00:00+00:00,Kurpark - Eingang Kurhaus,24.0,8.4,415.0,50.36693,8.73725,False
2025-07-03 08:00:00+00:00,Kurpark - Eingang Kurhaus,22.0,11.274999999999999,415.0,50.36693,8.73725,False
2025-07-03 09:00:00+00:00,Kurpark - Eingang Kurhaus,53.5,7.77,415.0,50.36693,8.73725,False
2025-07-03 10:00:00+00:00,Kurpark - Eingang Kurhaus,39.5,11.0,415.0,50.36693,8.73725,False
2025-07-03 11:00:00+00:00,Kurpark - Eingang Kurhaus,42.5,8.125,415.0,50.36693,8.73725,False
2025-07-03 12:00:00+00:00,Kurpark - Eingang Kurhaus,35.0,11.45,415.0,50.36693,8.73725,False
2025-07-03 13:00:00+00:00,Kurpark - Eingang Kurhaus,68.5,9.870000000000001,415.0,50.36693,8.73725,False
2025-07-03 14:00:00+00:00,Kurpark - Eingang Kurhaus,68.5,10.835,415.0,50.36693,8.73725,False
2025-07-03 15:00:00+00:00,Kurpark - Eingang Kurhaus,75.5,9.670000000000002,415.0,50.36693,8.73725,False
2025-07-03 16:00:00+00:00,Kurpark - Eingang Kurhaus,60.5,10.285,415.0,50.36693,8.73725,False
2025-07-03 17:00:00+00:00,Kurpark - Eingang Kurhaus,47.0,9.605,415.0,50.36693,8.73725,False
2025-07-03 18:00:00+00:00,Kurpark - Eingang Kurhaus,28.5,7.55,415.0,50.36693,8.73725,False
2025-07-03 19:00:00+00:00,Kurpark - Eingang Kurhaus,12.0,4.76,415.0,50.36693,8.73725,False
2025-07-03 20:00:00+00:00,Kurpark - Eingang Kurhaus,8.0,4.61,415.0,50.36693,8.73725,False
2025-07-03 21:00:00+00:00,Kurpark - Eingang Kurhaus,1.0,3.85,415.0,50.36693,8.73725,False
2025-07-03 22:00:00+00:00,Kurpark - Eingang Kurhaus,1.0,2.03,415.0,50.36693,8.73725,False
2025-07-03 23:00:00+00:00,Kurpark - Eingang Kurhaus,8.5,7.33,415.0,50.36693,8.73725,False
2025-07-04 00:00:00+00:00,Kurpark - Eingang Kurhaus,4.25,3.665,415.0,50.36693,8.73725,True
2025-07-04 01:00:00+00:00,Kurpark - Eingang Kurhaus,0.0,0.0,415.0,50.36693,8.73725,False
2025-07-04 02:00:00+00:00,Kurpark - Eingang Kurhaus,1.0,6.75,415.0,50.36693,8.73725,False
2025-07-04 03:00:00+00:00,Kurpark - Eingang Kurhaus,3.0,1.86,415.0,50.36693,8.73725,False
2025-07-04 04:00:00+00:00,Kurpark - Eingang Kurhaus,12.0,4.734999999999999,415.0,50.36693,8.73725,False
2025-07-04 05:00:00+00:00,Kurpark - Eingang Kurhaus,21.0,3.67,415.0,50.36693,8.73725,False
2025-07-04 06:00:00+00:00,Kurpark - Eingang Kurhaus,17.0,5.64,415.0,50.36693,8.73725,False
2025-07-04 07:00:00+00:00,Kurpark - Eingang Kurhaus,16.0,5.39,415.0,50.36693,8.73725,False
2025-07-04 08:00:00+00:00,Kurpark - Eingang Kurhaus,50.5,7.734999999999999,415.0,50.36693,8.73725,False
2025-07-04 09:00:00+00:00,Kurpark - Eingang Kurhaus,58.5,7.485,415.0,50.36693,8.73725,False
2025-07-04 10:00:00+00:00,Kurpark - Eingang Kurhaus,43.0,11.21,415.0,50.36693,8.73725,False
2025-07-04 11:00:00+00:00,Kurpark - Eingang Kurhaus,36.5,14.665,415.0,50.36693,8.73725,False
2025-07-04 12:00:00+00:00,Kurpark - Eingang Kurhaus,78.0,8.28,415.0,50.36693,8.73725,False
2025-07-04 13:00:00+00:00,Kurpark - Eingang Kurhaus,28.0,3.58,415.0,50.36693,8.73725,False
2025-07-04 14:00:00+00:00,Kurpark - Eingang Kurhaus,23.0,4.125,415.0,50.36693,8.73725,False
2025-07-04 15:00:00+00:00,Kurpark - Eingang Kurhaus,99.0,8.71,415.0,50.36693,8.73725,False
2025-07-04 16:00:00+00:00,Kurpark - Eingang Kurhaus,44.0,7.305,415.0,50.36693,8.73725,False
2025-07-04 17:00:00+00:00,Kurpark - Eingang Kurhaus,51.0,5.73,415.0,50.36693,8.73725,False
2025-07-04 18:00:00+00:00,Kurpark - Eingang Kurhaus,32.0,4.9350000000000005,415.0,50.36693,8.73725,False
2025-07-04 19:00:00+00:00,Kurpark - Eingang Kurhaus,17.0,5.59,415.0,50.36693,8.73725,False
2025-07-04 20:00:00+00:00,Kurpark - Eingang Kurhaus,22.0,5.11,415.0,50.36693,8.73725,False
2025-07-04 21:00:00+00:00,Kurpark - Eingang Kurhaus,1.0,2.22,415.0,50.36693,8.73725,False
2025-07-04 22:00:00+00:00,Kurpark - Eingang Kurhaus,6.0,1.14,415.0,50.36693,8.73725,False
2025-07-04 23:00:00+00:00,Kurpark - Eingang Kurhaus,8.0,41.19,415.0,50.36693,8.73725,False
2025-07-05 00:00:00+00:00,Kurpark - Eingang Kurhaus,3.0,7.33,415.0,50.36693,8.73725,False
2025-07-05 01:00:00+00:00,Kurpark - Eingang Kurhaus,2.0,4.69,415.0,50.36693,8.73725,False
2025-07-05 02:00:00+00:00,Kurpark - Eingang Kurhaus,1.0,1.12,415.0,50.36693,8.73725,False
2025-07-05 03:00:00+00:00,Kurpark - Eingang Kurhaus,2.0,1.18,415.0,50.36693,8.73725,False
2025-07-05 04:00:00+00:00,Kurpark - Eingang Kurhaus,12.0,2.9,415.0,50.36693,8.73725,False
2025-07-05 05:00:00+00:00,Kurpark - Eingang Kurhaus,16.0,5.25,415.0,50.36693,8.73725,False
2025-07-05 06:00:00+00:00,Kurpark - Eingang Kurhaus,25.0,10.18,415.0,50.36693,8.73725,False
2025-07-05 07:00:00+00:00,Kurpark - Eingang Kurhaus,12.5,5.09,415.0,50.36693,8.73725,True
2025-07-05 08:00:00+00:00,Kurpark - Eingang Kurhaus,0.0,0.0,415.0,50.36693,8.73725,False
2025-07-05 09:00:00+00:00,Kurpark - Eingang Kurhaus,56.0,7.9399999999999995,415.0,50.36693,8.73725,False
2025-07-05 10:00:00+00:00,Kurpark - Eingang Kurhaus,103.5,9.04,415.0,50.36693,8.73725,False
2025-07-05 11:00:00+00:00,Kurpark - Eingang Kurhaus,68.5,9.99,415.0,50.36693,8.73725,False
2025-07-05 12:00:00+00:00,Kurpark - Eingang Kurhaus,92.0,12.245000000000001,415.0,50.36693,8.73725,False
2025-07-05 13:00:00+00:00,Kurpark - Eingang Kurhaus,70.0,4.62,415.0,50.36693,8.73725,False
2025-07-05 14:00:00+00:00,Kurpark - Eingang Kurhaus,61.0,6.07,415.0,50.36693,8.73725,True
2025-07-05 15:00:00+00:00,Kurpark - Eingang Kurhaus,52.0,7.5200000000000005,415.0,50.36693,8.73725,True
2025-07-05 16:00:00+00:00,Kurpark - Eingang Kurhaus,43.0,8.97,415.0,50.36693,8.73725,False
2025-07-05 17:00:00+00:00,Kurpark - Eingang Kurhaus,35.0,3.91,415.0,50.36693,8.73725,False
2025-07-05 18:00:00+00:00,Kurpark - Eingang Kurhaus,32.0,10.22,415.0,50.36693,8.73725,False
2025-07-05 19:00:00+00:00,Kurpark - Eingang Kurhaus,18.0,6.285,415.0,50.36693,8.73725,True
2025-07-05 20:00:00+00:00,Kurpark - Eingang Kurhaus,4.0,2.35,415.0,50.36693,8.73725,False
2025-07-05 21:00:00+00:00,Kurpark - Eingang Kurhaus,3.0,5.56,415.0,50.36693,8.73725,False
2025-07-05 22:00:00+00:00,Kurpark - Eingang Kurhaus,2.5,10.105,415.0,50.36693,8.73725,True
2025-07-05 23:00:00+00:00,Kurpark - Eingang Kurhaus,2.0,14.65,415.0,50.36693,8.73725,False
2025-07-06 00:00:00+00:00,Kurpark - Eingang Kurhaus,1.0,7.325,415.0,50.36693,8.73725,True
2025-07-06 01:00:00+00:00,Kurpark - Eingang Kurhaus,0.0,0.0,415.0,50.36693,8.73725,False
2025-07-06 02:00:00+00:00,Kurpark - Eingang Kurhaus,3.0,1.07,415.0,50.36693,8.73725,False
2025-07-06 03:00:00+00:00,Kurpark - Eingang Kurhaus,4.0,13.120000000000001,415.0,50.36693,8.73725,False
2025-07-06 04:00:00+00:00,Kurpark - Eingang Kurhaus,6.0,7.655,415.0,50.36693,8.73725,True
2025-07-06 05:00:00+00:00,Kurpark - Eingang Kurhaus,8.0,2.19,415.0,50.36693,8.73725,False
2025-07-06 06:00:00+00:00,Kurpark - Eingang Kurhaus,20.0,10.29,415.0,50.36693,8.73725,False
2025-07-06 07:00:00+00:00,Kurpark - Eingang Kurhaus,17.0,5.66,415.0,50.36693,8.73725,False
2025-07-06 08:00:00+00:00,Kurpark - Eingang Kurhaus,58.0,11.93,415.0,50.36693,8.73725,False
2025-07-06 09:00:00+00:00,Kurpark - Eingang Kurhaus,158.5,11.635000000000002,415.0,50.36693,8.73725,False
2025-07-06 10:00:00+00:00,Kurpark - Eingang Kurhaus,146.0,10.98,415.0,50.36693,8.73725,False
2025-07-06 11:00:00+00:00,Kurpark - Eingang Kurhaus,156.0,7.97,415.0,50.36693,8.73725,False
2025-07-06 12:00:00+00:00,Kurpark - Eingang Kurhaus,157.0,13.77,415.0,50.36693,8.73725,False
2025-07-06 13:00:00+00:00,Kurpark - Eingang Kurhaus,157.0,9.55,415.0,50.36693,8.73725,False
2025-07-06 14:00:00+00:00,Kurpark - Eingang Kurhaus,99.0,11.38,415.0,50.36693,8.73725,False
2025-07-06 15:00:00+00:00,Kurpark - Eingang Kurhaus,40.0,7.58,415.0,50.36693,8.73725,False
2025-07-06 16:00:00+00:00,Kurpark - Eingang Kurhaus,45.0,5.98,415.0,50.36693,8.73725,False
2025-07-06 17:00:00+00:00,Kurpark - Eingang Kurhaus,35.5,4.655,415.0,50.36693,8.73725,False
2025-07-06 18:00:00+00:00,Kurpark - Eingang Kurhaus,26.0,7.815,415.0,50.36693,8.73725,False
2025-07-06 19:00:00+00:00,Kurpark - Eingang Kurhaus,14.5,6.1025,415.0,50.36693,8.73725,True
2025-07-06 20:00:00+00:00,Kurpark - Eingang Kurhaus,3.0,4.39,415.0,50.36693,8.73725,False
2025-07-06 21:00:00+00:00,Kurpark - Eingang Kurhaus,1.0,12.03,415.0,50.36693,8.73725,False
2025-07-06 22:00:00+00:00,Kurpark - Eingang Kurhaus,,,415.0,50.36693,8.73725,True
2025-07-06 23:00:00+00:00,Kurpark - Eingang Kurhaus,,,415.0,50.36693,8.73725,True
2025-07-07 00:00:00+00:00,Kurpark - Eingang Kurhaus,,,415.0,50.36693,8.73725,True
2025-07-07 01:00:00+00:00,Kurpark - Eingang Kurhaus,1.0,3.65,415.0,50.36693,8.73725,False
2025-07-07 02:00:00+00:00,Kurpark - Eingang Kurhaus,4.0,1.78,415.0,50.36693,8.73725,False
2025-07-07 03:00:00+00:00,Kurpark - Eingang Kurhaus,7.0,6.02,415.0,50.36693,8.73725,False
2025-07-07 04:00:00+00:00,Kurpark - Eingang Kurhaus,21.0,5.16,415.0,50.36693,8.73725,False
2025-07-07 05:00:00+00:00,Kurpark - Eingang Kurhaus,15.0,1.94,415.0,50.36693,8.73725,False
2025-07-07 06:00:00+00:00,Kurpark - Eingang Kurhaus,28.0,3.665,415.0,50.36693,8.73725,False
2025-07-07 07:00:00+00:00,Kurpark - Eingang Kurhaus,24.0,6.6,415.0,50.36693,8.73725,False
2025-07-07 08:00:00+00:00,Kurpark - Eingang Kurhaus,30.0,8.3,415.0,50.36693,8.73725,False
2025-07-07 09:00:00+00:00,Kurpark - Eingang Kurhaus,20.0,12.16,415.0,50.36693,8.73725,False
2025-07-07 10:00:00+00:00,Kurpark - Eingang Kurhaus,29.5,10.42,415.0,50.36693,8.73725,False
2025-07-07 11:00:00+00:00,Kurpark - Eingang Kurhaus,25.25,10.375,415.0,50.36693,8.73725,True
2025-07-07 12:00:00+00:00,Kurpark - Eingang Kurhaus,21.0,10.33,415.0,50.36693,8.73725,False
2025-07-07 13:00:00+00:00,Kurpark - Eingang Kurhaus,31.0,6.35,415.0,50.36693,8.73725,False
2025-07-07 14:00:00+00:00,Kurpark - Eingang Kurhaus,36.0,7.91,415.0,50.36693,8.73725,False
2025-07-07 15:00:00+00:00,Kurpark - Eingang Kurhaus,51.0,4.64,415.0,50.36693,8.73725,False
2025-07-07 16:00:00+00:00,Kurpark - Eingang Kurhaus,28.0,5.44,415.0,50.36693,8.73725,False
2025-07-07 17:00:00+00:00,Kurpark - Eingang Kurhaus,11.5,9.145,415.0,50.36693,8.73725,False
2025-07-07 18:00:00+00:00,Kurpark - Eingang Kurhaus,20.0,11.145,415.0,50.36693,8.73725,False
2025-07-07 19:00:00+00:00,Kurpark - Eingang Kurhaus,12.0,6.44,415.0,50.36693,8.73725,False
2025-07-07 20:00:00+00:00,Kurpark - Eingang Kurhaus,8.0,2.34,415.0,50.36693,8.73725,False
2025-07-07 21:00:00+00:00,Kurpark - Eingang Kurhaus,1.0,2.75,415.0,50.36693,8.73725,False
2025-07-07 22:00:00+00:00,Kurpark - Eingang Kurhaus,3.0,3.15,415.0,50.36693,8.73725,False
2025-07-07 23:00:00+00:00,Kurpark - Eingang Kurhaus,2.0,2.0999999999999996,415.0,50.36693,8.73725,True
2025-07-08 00:00:00+00:00,Kurpark - Eingang Kurhaus,1.0,1.0499999999999998,415.0,50.36693,8.73725,True
2025-07-08 01:00:00+00:00,Kurpark - Eingang Kurhaus,0.0,0.0,415.0,50.36693,8.73725,False
2025-07-08 02:00:00+00:00,Kurpark - Eingang Kurhaus,1.0,14.87,415.0,50.36693,8.73725,False
2025-07-08 03:00:00+00:00,Kurpark - Eingang Kurhaus,11.0,3.58,415.0,50.36693,8.73725,False
2025-07-08 04:00:00+00:00,Kurpark - Eingang Kurhaus,14.0,3.0675,415.0,50.36693,8.73725,True
2025-07-08 05:00:00+00:00,Kurpark - Eingang Kurhaus,17.0,2.5549999999999997,415.0,50.36693,8.73725,False
2025-07-08 06:00:00+00:00,Kurpark - Eingang Kurhaus,10.0,9.06,415.0,50.36693,8.73725,False
2025-07-08 07:00:00+00:00,Kurpark - Eingang Kurhaus,33.0,7.585,415.0,50.36693,8.73725,False
2025-07-08 08:00:00+00:00,Kurpark - Eingang Kurhaus,39.5,7.5275,415.0,50.36693,8.73725,True
2025-07-08 09:00:00+00:00,Kurpark - Eingang Kurhaus,46.0,7.47,415.0,50.36693,8.73725,False
2025-07-08 10:00:00+00:00,Kurpark - Eingang Kurhaus,52.0,8.125,415.0,50.36693,8.73725,False
2025-07-08 11:00:00+00:00,Kurpark - Eingang Kurhaus,39.0,5.359999999999999,415.0,50.36693,8.73725,False
2025-07-08 12:00:00+00:00,Kurpark - Eingang Kurhaus,53.0,12.03,415.0,50.36693,8.73725,False
2025-07-08 13:00:00+00:00,Kurpark - Eingang Kurhaus,93.0,8.04,415.0,50.36693,8.73725,False
2025-07-08 14:00:00+00:00,Kurpark - Eingang Kurhaus,,,415.0,50.36693,8.73725,True
2025-07-08 15:00:00+00:00,Kurpark - Eingang Kurhaus,,,415.0,50.36693,8.73725,True
2025-07-08 16:00:00+00:00,Kurpark - Eingang Kurhaus,,,415.0,50.36693,8.73725,True
2025-07-08 17:00:00+00:00,Kurpark - Eingang Kurhaus,,,415.0,50.36693,8.73725,True
2025-07-08 18:00:00+00:00,Kurpark - Eingang Kurhaus,,,415.0,50.36693,8.73725,True
2025-07-08 19:00:00+00:00,Kurpark - Eingang Kurhaus,,,415.0,50.36693,8.73725,True
2025-07-08 20:00:00+00:00,Kurpark - Eingang Kurhaus,,,415.0,50.36693,8.73725,True
2025-07-08 21:00:00+00:00,Kurpark - Eingang Kurhaus,,,415.0,50.36693,8.73725,True
2025-07-08 22:00:00+00:00,Kurpark - Eingang Kurhaus,,,415.0,50.36693,8.73725,True
2025-07-08 23:00:00+00:00,Kurpark - Eingang Kurhaus,,,415.0,50.36693,8.73725,True
2025-07-09 00:00:00+00:00,Kurpark - Eingang Kurhaus,,,415.0,50.36693,8.73725,True
2025-07-09 01:00:00+00:00,Kurpark - Eingang Kurhaus,,,415.0,50.36693,8.73725,True
2025-07-09 02:00:00+00:00,Kurpark - Eingang Kurhaus,,,415.0,50.36693,8.73725,True
2025-07-09 03:00:00+00:00,Kurpark - Eingang Kurhaus,,,415.0,50.36693,8.73725,True
2025-07-09 04:00:00+00:00,Kurpark - Eingang Kurhaus,,,415.0,50.36693,8.73725,True
2025-07-09 05:00:00+00:00,Kurpark - Eingang Kurhaus,,,415.0,50.36693,8.73725,True
2025-07-09 06:00:00+00:00,Kurpark - Eingang Kurhaus,,,415.0,50.36693,8.73725,True
2025-07-09 07:00:00+00:00,Kurpark - Eingang Kurhaus,40.0,7.76,415.0,50.36693,8.73725,False
2025-07-09 08:00:00+00:00,Kurpark - Eingang Kurhaus,40.0,5.67,415.0,50.36693,8.73725,False
2025-07-09 09:00:00+00:00,Kurpark - Eingang Kurhaus,42.0,7.49,415.0,50.36693,8.73725,False
2025-07-09 10:00:00+00:00,Kurpark - Eingang Kurhaus,45.5,10.535,415.0,50.36693,8.73725,False
2025-07-09 11:00:00+00:00,Kurpark - Eingang Kurhaus,55.0,10.33,415.0,50.36693,8.73725,True
2025-07-09 12:00:00+00:00,Kurpark - Eingang Kurhaus,64.5,10.125,415.0,50.36693,8.73725,True
2025-07-09 13:00:00+00:00,Kurpark - Eingang Kurhaus,74.0,9.92,415.0,50.36693,8.73725,False
2025-07-09 14:00:00+00:00,Kurpark - Eingang Kurhaus,76.0,9.38,415.0,50.36693,8.73725,False
2025-07-09 15:00:00+00:00,Kurpark - Eingang Kurhaus,73.5,8.51,415.0,50.36693,8.73725,False
2025-07-09 16:00:00+00:00,Kurpark - Eingang Kurhaus,60.5,8.825,415.0,50.36693,8.73725,False
2025-07-09 17:00:00+00:00,Kurpark - Eingang Kurhaus,35.5,8.8,415.0,50.36693,8.73725,False
2025-07-09 18:00:00+00:00,Kurpark - Eingang Kurhaus,21.0,7.86,415.0,50.36693,8.73725,False
2025-07-09 19:00:00+00:00,Kurpark - Eingang Kurhaus,17.0,7.26,415.0,50.36693,8.73725,False
2025-07-09 20:00:00+00:00,Kurpark - Eingang Kurhaus,6.5,2.965,415.0,50.36693,8.73725,False
2025-07-09 21:00:00+00:00,Kurpark - Eingang Kurhaus,3.5,2.85,415.0,50.36693,8.73725,False
2025-07-09 22:00:00+00:00,Kurpark - Eingang Kurhaus,,,415.0,50.36693,8.73725,True
2025-07-09 23:00:00+00:00,Kurpark - Eingang Kurhaus,,,415.0,50.36693,8.73725,True
2025-07-10 00:00:00+00:00,Kurpark - Eingang Kurhaus,,,415.0,50.36693,8.73725,True
2025-07-10 01:00:00+00:00,Kurpark - Eingang Kurhaus,,,415.0,50.36693,8.73725,True
2025-07-10 02:00:00+00:00,Kurpark - Eingang Kurhaus,,,415.0,50.36693,8.73725,True
2025-07-10 03:00:00+00:00,Kurpark - Eingang Kurhaus,,,415.0,50.36693,8.73725,True
2025-07-10 04:00:00+00:00,Kurpark - Eingang Kurhaus,,,415.0,50.36693,8.73725,True
2025-07-10 05:00:00+00:00,Kurpark - Eingang Kurhaus,,,415.0,50.36693,8.73725,True
2025-07-10 06:00:00+00:00,Kurpark - Eingang Kurhaus,,,415.0,50.36693,8.73725,True
2025-07-10 07:00:00+00:00,Kurpark - Eingang Kurhaus,21.0,6.8149999999999995,415.0,50.36693,8.73725,False
2025-07-10 08:00:00+00:00,Kurpark - Eingang Kurhaus,56.0,13.09,415.0,50.36693,8.73725,False
2025-07-10 09:00:00+00:00,Kurpark - Eingang Kurhaus,48.0,8.690000000000001,415.0,50.36693,8.73725,False
2025-07-10 10:00:00+00:00,Kurpark - Eingang Kurhaus,54.0,6.03,415.0,50.36693,8.73725,False
2025-07-10 11:00:00+00:00,Kurpark - Eingang Kurhaus,68.0,7.67,415.0,50.36693,8.73725,False
2025-07-10 12:00:00+00:00,Kurpark - Eingang Kurhaus,58.0,8.08,415.0,50.36693,8.73725,False
2025-07-10 13:00:00+00:00,Kurpark - Eingang Kurhaus,61.0,9.23,415.0,50.36693,8.73725,False
2025-07-10 14:00:00+00:00,Kurpark - Eingang Kurhaus,50.0,11.239999999999998,415.0,50.36693,8.73725,False
2025-07-10 15:00:00+00:00,Kurpark - Eingang Kurhaus,63.5,10.295000000000002,415.0,50.36693,8.73725,False
2025-07-10 16:00:00+00:00,Kurpark - Eingang Kurhaus,47.5,10.274999999999999,415.0,50.36693,8.73725,False
2025-07-10 17:00:00+00:00,Kurpark - Eingang Kurhaus,51.0,8.68,415.0,50.36693,8.73725,False
2025-07-10 18:00:00+00:00,Kurpark - Eingang Kurhaus,36.0,9.06,415.0,50.36693,8.73725,False
2025-07-10 19:00:00+00:00,Kurpark - Eingang Kurhaus,12.0,4.93,415.0,50.36693,8.73725,False
2025-07-10 20:00:00+00:00,Kurpark - Eingang Kurhaus,15.0,6.76,415.0,50.36693,8.73725,False
2025-07-10 21:00:00+00:00,Kurpark - Eingang Kurhaus,0.0,0.0,415.0,50.36693,8.73725,False
2025-07-10 22:00:00+00:00,Kurpark - Eingang Kurhaus,1.5,1.66,415.0,50.36693,8.73725,True
2025-07-10 23:00:00+00:00,Kurpark - Eingang Kurhaus,3.0,3.32,415.0,50.36693,8.73725,False
2025-07-11 00:00:00+00:00,Kurpark - Eingang Kurhaus,1.5,1.66,415.0,50.36693,8.73725,True
2025-07-11 01:00:00+00:00,Kurpark - Eingang Kurhaus,0.0,0.0,415.0,50.36693,8.73725,False
2025-07-11 02:00:00+00:00,Kurpark - Eingang Kurhaus,3.0,0.4,415.0,50.36693,8.73725,False
2025-07-11 03:00:00+00:00,Kurpark - Eingang Kurhaus,6.0,4.535,415.0,50.36693,8.73725,False
2025-07-11 04:00:00+00:00,Kurpark - Eingang Kurhaus,18.0,7.5600000000000005,415.0,50.36693,8.73725,False
2025-07-11 05:00:00+00:00,Kurpark - Eingang Kurhaus,13.0,5.25,415.0,50.36693,8.73725,False
2025-07-11 06:00:00+00:00,Kurpark - Eingang Kurhaus,23.0,3.16,415.0,50.36693,8.73725,False
2025-07-11 07:00:00+00:00,Kurpark - Eingang Kurhaus,,,415.0,50.36693,8.73725,True
2025-07-11 08:00:00+00:00,Kurpark - Eingang Kurhaus,,,415.0,50.36693,8.73725,True
2025-07-11 09:00:00+00:00,Kurpark - Eingang Kurhaus,,,415.0,50.36693,8.73725,True
2025-07-11 10:00:00+00:00,Kurpark - Eingang Kurhaus,,,415.0,50.36693,8.73725,True
2025-07-11 11:00:00+00:00,Kurpark - Eingang Kurhaus,,,415.0,50.36693,8.73725,True
2025-07-11 12:00:00+00:00,Kurpark - Eingang Kurhaus,,,415.0,50.36693,8.73725,True
2025-07-11 13:00:00+00:00,Kurpark - Eingang Kurhaus,,,415.0,50.36693,8.73725,True
2025-07-11 14:00:00+00:00,Kurpark - Eingang Kurhaus,,,415.0,50.36693,8.73725,True
2025-07-11 15:00:00+00:00,Kurpark - Eingang Kurhaus,,,415.0,50.36693,8.73725,True
2025-07-11 16:00:00+00:00,Kurpark - Eingang Kurhaus,,,415.0,50.36693,8.73725,True
2025-07-11 17:00:00+00:00,Kurpark - Eingang Kurhaus,54.0,9.68,415.0,50.36693,8.73725,False
2025-07-11 18:00:00+00:00,Kurpark - Eingang Kurhaus,38.5,10.5,415.0,50.36693,8.73725,True
2025-07-11 19:00:00+00:00,Kurpark - Eingang Kurhaus,23.0,11.32,415.0,50.36693,8.73725,False
2025-07-11 20:00:00+00:00,Kurpark - Eingang Kurhaus,21.5,5.105,415.0,50.36693,8.73725,False
2025-07-11 21:00:00+00:00,Kurpark - Eingang Kurhaus,4.0,3.13,415.0,50.36693,8.73725,False
2025-07-11 22:00:00+00:00,Kurpark - Eingang Kurhaus,9.0,2.82,415.0,50.36693,8.73725,False
2025-07-11 23:00:00+00:00,Kurpark - Eingang Kurhaus,,,415.0,50.36693,8.73725,True
2025-07-12 00:00:00+00:00,Kurpark - Eingang Kurhaus,,,415.0,50.36693,8.73725,True
2025-07-12 01:00:00+00:00,Kurpark - Eingang Kurhaus,,,415.0,50.36693,8.73725,True
2025-07-12 02:00:00+00:00,Kurpark - Eingang Kurhaus,,,415.0,50.36693,8.73725,True
2025-07-12 03:00:00+00:00,Kurpark - Eingang Kurhaus,,,415.0,50.36693,8.73725,True
2025-07-12 04:00:00+00:00,Kurpark - Eingang Kurhaus,,,415.0,50.36693,8.73725,True
2025-07-12 05:00:00+00:00,Kurpark - Eingang Kurhaus,15.0,13.04,415.0,50.36693,8.73725,False
2025-07-12 06:00:00+00:00,Kurpark - Eingang Kurhaus,26.0,10.395,415.0,50.36693,8.73725,True
2025-07-12 07:00:00+00:00,Kurpark - Eingang Kurhaus,37.0,7.75,415.0,50.36693,8.73725,False
2025-07-12 08:00:00+00:00,Kurpark - Eingang Kurhaus,47.0,7.615,415.0,50.36693,8.73725,True
2025-07-12 09:00:00+00:00,Kurpark - Eingang Kurhaus,57.0,7.48,415.0,50.36693,8.73725,True
2025-07-12 10:00:00+00:00,Kurpark - Eingang Kurhaus,67.0,7.345000000000001,415.0,50.36693,8.73725,False
2025-07-12 11:00:00+00:00,Kurpark - Eingang Kurhaus,75.5,9.985,415.0,50.36693,8.73725,False
2025-07-12 12:00:00+00:00,Kurpark - Eingang Kurhaus,108.0,13.010000000000002,415.0,50.36693,8.73725,False
2025-07-12 13:00:00+00:00,Kurpark - Eingang Kurhaus,140.0,9.91,415.0,50.36693,8.73725,False
2025-07-12 14:00:00+00:00,Kurpark - Eingang Kurhaus,72.5,10.74,415.0,50.36693,8.73725,False
2025-07-12 15:00:00+00:00,Kurpark - Eingang Kurhaus,49.0,12.56,415.0,50.36693,8.73725,False
2025-07-12 16:00:00+00:00,Kurpark - Eingang Kurhaus,53.5,10.175,415.0,50.36693,8.73725,False
2025-07-12 17:00:00+00:00,Kurpark - Eingang Kurhaus,56.0,7.38,415.0,50.36693,8.73725,False
2025-07-12 18:00:00+00:00,Kurpark - Eingang Kurhaus,26.0,16.12,415.0,50.36693,8.73725,False
2025-07-12 19:00:00+00:00,Kurpark - Eingang Kurhaus,17.0,4.52,415.0,50.36693,8.73725,False
2025-07-12 20:00:00+00:00,Kurpark - Eingang Kurhaus,9.0,14.18,415.0,50.36693,8.73725,False
2025-07-12 21:00:00+00:00,Kurpark - Eingang Kurhaus,5.0,3.0,415.0,50.36693,8.73725,False
2025-07-12 22:00:00+00:00,Kurpark - Eingang Kurhaus,8.0,2.58,415.0,50.36693,8.73725,False
2025-07-12 23:00:00+00:00,Kurpark - Eingang Kurhaus,6.0,5.33,415.0,50.36693,8.73725,False
2025-07-13 00:00:00+00:00,Kurpark - Eingang Kurhaus,3.0,2.665,415.0,50.36693,8.73725,True
2025-07-13 01:00:00+00:00,Kurpark - Eingang Kurhaus,0.0,0.0,415.0,50.36693,8.73725,False
2025-07-13 02:00:00+00:00,Kurpark - Eingang Kurhaus,0.0,0.0,415.0,50.36693,8.73725,True
2025-07-13 03:00:00+00:00,Kurpark - Eingang Kurhaus,0.0,0.0,415.0,50.36693,8.73725,False
2025-07-13 04:00:00+00:00,Kurpark - Eingang Kurhaus,,,415.0,50.36693,8.73725,True
2025-07-13 05:00:00+00:00,Kurpark - Eingang Kurhaus,,,415.0,50.36693,8.73725,True
2025-07-13 06:00:00+00:00,Kurpark - Eingang Kurhaus,,,415.0,50.36693,8.73725,True
2025-07-13 07:00:00+00:00,Kurpark - Eingang Kurhaus,,,415.0,50.36693,8.73725,True
2025-07-13 08:00:00+00:00,Kurpark - Eingang Kurhaus,,,415.0,50.36693,8.73725,True
2025-07-13 09:00:00+00:00,Kurpark - Eingang Kurhaus,,,415.0,50.36693,8.73725,True
2025-07-13 10:00:00+00:00,Kurpark - Eingang Kurhaus,,,415.0,50.36693,8.73725,True
2025-07-13 11:00:00+00:00,Kurpark - Eingang Kurhaus,,,415.0,50.36693,8.73725,True
2025-07-13 12:00:00+00:00,Kurpark - Eingang Kurhaus,,,415.0,50.36693,8.73725,True
2025-07-13 13:00:00+00:00,Kurpark - Eingang Kurhaus,,,415.0,50.36693,8.73725,True
2025-07-13 14:00:00+00:00,Kurpark - Eingang Kurhaus,,,415.0,50.36693,8.73725,True
2025-07-13 15:00:00+00:00,Kurpark - Eingang Kurhaus,,,415.0,50.36693,8.73725,True
2025-07-13 16:00:00+00:00,Kurpark - Eingang Kurhaus,,,415.0,50.36693,8.73725,True
2025-07-13 17:00:00+00:00,Kurpark - Eingang Kurhaus,,,415.0,50.36693,8.73725,True
2025-07-13 18:00:00+00:00,Kurpark - Eingang Kurhaus,,,415.0,50.36693,8.73725,True
2025-07-13 19:00:00+00:00,Kurpark - Eingang Kurhaus,,,415.0,50.36693,8.73725,True
2025-07-13 20:00:00+00:00,Kurpark - Eingang Kurhaus,,,415.0,50.36693,8.73725,True
2025-07-13 21:00:00+00:00,Kurpark - Eingang Kurhaus,0.0,0.0,415.0,50.36693,8.73725,False
2025-07-13 22:00:00+00:00,Kurpark - Eingang Kurhaus,2.5,22.935,415.0,50.36693,8.73725,True
2025-07-13 23:00:00+00:00,Kurpark - Eingang Kurhaus,5.0,45.87,415.0,50.36693,8.73725,False
2025-06-30 01:00:00+00:00,Kurpark - Eingang Parkstraße,,,415.0,50.36578,8.73817,True
2025-06-30 02:00:00+00:00,Kurpark - Eingang Parkstraße,0.0,0.0,415.0,50.36578,8.73817,False
2025-06-30 03:00:00+00:00,Kurpark - Eingang Parkstraße,1.0,0.77,415.0,50.36578,8.73817,False
2025-06-30 04:00:00+00:00,Kurpark - Eingang Parkstraße,2.0,1.7,415.0,50.36578,8.73817,False
2025-06-30 05:00:00+00:00,Kurpark - Eingang Parkstraße,8.0,2.145,415.0,50.36578,8.73817,False
2025-06-30 06:00:00+00:00,Kurpark - Eingang Parkstraße,5.0,5.78,415.0,50.36578,8.73817,False
2025-06-30 07:00:00+00:00,Kurpark - Eingang Parkstraße,10.0,2.8200000000000003,415.0,50.36578,8.73817,False
2025-06-30 08:00:00+00:00,Kurpark - Eingang Parkstraße,13.5,4.51,415.0,50.36578,8.73817,True
2025-06-30 09:00:00+00:00,Kurpark - Eingang Parkstraße,17.0,6.2,415.0,50.36578,8.73817,False
2025-06-30 10:00:00+00:00,Kurpark - Eingang Parkstraße,12.0,6.5,415.0,50.36578,8.73817,False
2025-06-30 11:00:00+00:00,Kurpark - Eingang Parkstraße,11.0,2.52,415.0,50.36578,8.73817,False
2025-06-30 12:00:00+00:00,Kurpark - Eingang Parkstraße,7.0,9.52,415.0,50.36578,8.73817,False
2025-06-30 13:00:00+00:00,Kurpark - Eingang Parkstraße,9.0,4.98,415.0,50.36578,8.73817,False
2025-06-30 14:00:00+00:00,Kurpark - Eingang Parkstraße,4.5,9.94,415.0,50.36578,8.73817,False
2025-06-30 15:00:00+00:00,Kurpark - Eingang Parkstraße,11.0,8.67,415.0,50.36578,8.73817,False
2025-06-30 16:00:00+00:00,Kurpark - Eingang Parkstraße,15.0,6.83,415.0,50.36578,8.73817,False
2025-06-30 17:00:00+00:00,Kurpark - Eingang Parkstraße,4.5,9.535,415.0,50.36578,8.73817,False
2025-06-30 18:00:00+00:00,Kurpark - Eingang Parkstraße,6.0,6.25,415.0,50.36578,8.73817,False
2025-06-30 19:00:00+00:00,Kurpark - Eingang Parkstraße,4.0,6.56,415.0,50.36578,8.73817,False
2025-06-30 20:00:00+00:00,Kurpark - Eingang Parkstraße,4.0,4.966666666666667,415.0,50.36578,8.73817,True
2025-06-30 21:00:00+00:00,Kurpark - Eingang Parkstraße,4.0,3.3733333333333335,415.0,50.36578,8.73817,True
2025-06-30 22:00:00+00:00,Kurpark - Eingang Parkstraße,4.0,1.78,415.0,50.36578,8.73817,False
2025-06-30 23:00:00+00:00,Kurpark - Eingang Parkstraße,,,415.0,50.36578,8.73817,True
2025-07-01 00:00:00+00:00,Kurpark - Eingang Parkstraße,,,415.0,50.36578,8.73817,True
2025-07-01 01:00:00+00:00,Kurpark - Eingang Parkstraße,,,415.0,50.36578,8.73817,True
2025-07-01 02:00:00+00:00,Kurpark - Eingang Parkstraße,0.0,0.0,415.0,50.36578,8.73817,False
2025-07-01 03:00:00+00:00,Kurpark - Eingang Parkstraße,2.0,4.47,415.0,50.36578,8.73817,False
2025-07-01 04:00:00+00:00,Kurpark - Eingang Parkstraße,4.0,4.34,415.0,50.36578,8.73817,False
2025-07-01 05:00:00+00:00,Kurpark - Eingang Parkstraße,5.0,1.59,415.0,50.36578,8.73817,False
2025-07-01 06:00:00+00:00,Kurpark - Eingang Parkstraße,3.0,0.61,415.0,50.36578,8.73817,False
2025-07-01 07:00:00+00:00,Kurpark - Eingang Parkstraße,15.0,1.52,415.0,50.36578,8.73817,False
2025-07-01 08:00:00+00:00,Kurpark - Eingang Parkstraße,4.5,4.845000000000001,415.0,50.36578,8.73817,False
2025-07-01 09:00:00+00:00,Kurpark - Eingang Parkstraße,9.0,3.8899999999999997,415.0,50.36578,8.73817,False
2025-07-01 10:00:00+00:00,Kurpark - Eingang Parkstraße,10.0,7.33,415.0,50.36578,8.73817,False
2025-07-01 11:00:00+00:00,Kurpark - Eingang Parkstraße,4.0,8.54,415.0,50.36578,8.73817,False
2025-07-01 12:00:00+00:00,Kurpark - Eingang Parkstraße,5.0,5.76,415.0,50.36578,8.73817,False
2025-07-01 13:00:00+00:00,Kurpark - Eingang Parkstraße,9.0,8.08,415.0,50.36578,8.73817,False
2025-07-01 14:00:00+00:00,Kurpark - Eingang Parkstraße,8.0,8.495,415.0,50.36578,8.73817,False
2025-07-01 15:00:00+00:00,Kurpark - Eingang Parkstraße,10.0,22.32,415.0,50.36578,8.73817,False
2025-07-01 16:00:00+00:00,Kurpark - Eingang Parkstraße,7.0,3.78,415.0,50.36578,8.73817,False
2025-07-01 17:00:00+00:00,Kurpark - Eingang Parkstraße,11.0,6.17,415.0,50.36578,8.73817,False
2025-07-01 18:00:00+00:00,Kurpark - Eingang Parkstraße,4.5,12.200000000000001,415.0,50.36578,8.73817,False
2025-07-01 19:00:00+00:00,Kurpark - Eingang Parkstraße,,,415.0,50.36578,8.73817,True
2025-07-01 20:00:00+00:00,Kurpark - Eingang Parkstraße,,,415.0,50.36578,8.73817,True
2025-07-01 21:00:00+00:00,Kurpark - Eingang Parkstraße,,,415.0,50.36578,8.73817,True
2025-07-01 22:00:00+00:00,Kurpark - Eingang Parkstraße,1.0,0.75,415.0,50.36578,8.73817,False
2025-07-01 23:00:00+00:00,Kurpark - Eingang Parkstraße,0.6666666666666667,0.5,415.0,50.36578,8.73817,True
2025-07-02 00:00:00+00:00,Kurpark - Eingang Parkstraße,0.33333333333333337,0.25,415.0,50.36578,8.73817,True
2025-07-02 01:00:00+00:00,Kurpark - Eingang Parkstraße,0.0,0.0,415.0,50.36578,8.73817,False
2025-07-02 02:00:00+00:00,Kurpark - Eingang Parkstraße,0.0,0.0,415.0,50.36578,8.73817,True
2025-07-02 03:00:00+00:00,Kurpark - Eingang Parkstraße,0.0,0.0,415.0,50.36578,8.73817,False
2025-07-02 04:00:00+00:00,Kurpark - Eingang Parkstraße,4.5,1.275,415.0,50.36578,8.73817,False
2025-07-02 05:00:00+00:00,Kurpark - Eingang Parkstraße,5.0,3.54,415.0,50.36578,8.73817,False
2025-07-02 06:00:00+00:00,Kurpark - Eingang Parkstraße,13.0,2.95,415.0,50.36578,8.73817,False
2025-07-02 07:00:00+00:00,Kurpark - Eingang Parkstraße,5.0,6.3,415.0,50.36578,8.73817,False
2025-07-02 08:00:00+00:00,Kurpark - Eingang Parkstraße,5.0,10.775,415.0,50.36578,8.73817,False
2025-07-02 09:00:00+00:00,Kurpark - Eingang Parkstraße,4.0,5.84,415.0,50.36578,8.73817,False
2025-07-02 10:00:00+00:00,Kurpark - Eingang Parkstraße,3.0,1.69,415.0,50.36578,8.73817,False
2025-07-02 11:00:00+00:00,Kurpark - Eingang Parkstraße,4.0,5.43,415.0,50.36578,8.73817,False
2025-07-02 12:00:00+00:00,Kurpark - Eingang Parkstraße,4.0,1.83,415.0,50.36578,8.73817,False
2025-07-02 13:00:00+00:00,Kurpark - Eingang Parkstraße,4.0,3.68,415.0,50.36578,8.73817,False
2025-07-02 14:00:00+00:00,Kurpark - Eingang Parkstraße,4.0,1.82,415.0,50.36578,8.73817,False
2025-07-02 15:00:00+00:00,Kurpark - Eingang Parkstraße,7.0,9.66,415.0,50.36578,8.73817,False
2025-07-02 16:00:00+00:00,Kurpark - Eingang Parkstraße,4.5,9.515,415.0,50.36578,8.73817,False
2025-07-02 17:00:00+00:00,Kurpark - Eingang Parkstraße,11.0,3.23,415.0,50.36578,8.73817,False
2025-07-02 18:00:00+00:00,Kurpark - Eingang Parkstraße,5.0,1.38,415.0,50.36578,8.73817,False
2025-07-02 19:00:00+00:00,Kurpark - Eingang Parkstraße,4.0,9.22,415.0,50.36578,8.73817,False
2025-07-02 20:00:00+00:00,Kurpark - Eingang Parkstraße,,,415.0,50.36578,8.73817,True
2025-07-02 21:00:00+00:00,Kurpark - Eingang Parkstraße,,,415.0,50.36578,8.73817,True
2025-07-02 22:00:00+00:00,Kurpark - Eingang Parkstraße,,,415.0,50.36578,8.73817,True
2025-07-02 23:00:00+00:00,Kurpark - Eingang Parkstraße,,,415.0,50.36578,8.73817,True
2025-07-03 00:00:00+00:00,Kurpark - Eingang Parkstraße,,,415.0,50.36578,8.73817,True
2025-07-03 01:00:00+00:00,Kurpark - Eingang Parkstraße,,,415.0,50.36578,8.73817,True
2025-07-03 02:00:00+00:00,Kurpark - Eingang Parkstraße,,,415.0,50.36578,8.73817,True
2025-07-03 03:00:00+00:00,Kurpark - Eingang Parkstraße,2.0,4.15,415.0,50.36578,8.73817,False
2025-07-03 04:00:00+00:00,Kurpark - Eingang Parkstraße,4.0,2.465,415.0,50.36578,8.73817,False
2025-07-03 05:00:00+00:00,Kurpark - Eingang Parkstraße,3.0,1.62,415.0,50.36578,8.73817,False
2025-07-03 06:00:00+00:00,Kurpark - Eingang Parkstraße,4.0,8.16,415.0,50.36578,8.73817,False
2025-07-03 07:00:00+00:00,Kurpark - Eingang Parkstraße,10.0,6.88,415.0,50.36578,8.73817,False
2025-07-03 08:00:00+00:00,Kurpark - Eingang Parkstraße,13.0,7.405,415.0,50.36578,8.73817,False
2025-07-03 09:00:00+00:00,Kurpark - Eingang Parkstraße,17.0,2.5549999999999997,415.0,50.36578,8.73817,False
2025-07-03 10:00:00+00:00,Kurpark - Eingang Parkstraße,10.0,0.7,415.0,50.36578,8.73817,False
2025-07-03 11:00:00+00:00,Kurpark - Eingang Parkstraße,10.0,9.14,415.0,50.36578,8.73817,False
2025-07-03 12:00:00+00:00,Kurpark - Eingang Parkstraße,15.0,2.55,415.0,50.36578,8.73817,False
2025-07-03 13:00:00+00:00,Kurpark - Eingang Parkstraße,12.0,4.195,415.0,50.36578,8.73817,False
2025-07-03 14:00:00+00:00,Kurpark - Eingang Parkstraße,16.0,7.85,415.0,50.36578,8.73817,False
2025-07-03 15:00:00+00:00,Kurpark - Eingang Parkstraße,16.0,9.82,415.0,50.36578,8.73817,False
2025-07-03 16:00:00+00:00,Kurpark - Eingang Parkstraße,7.0,15.28,415.0,50.36578,8.73817,False
2025-07-03 17:00:00+00:00,Kurpark - Eingang Parkstraße,12.0,14.73,415.0,50.36578,8.73817,False
2025-07-03 18:00:00+00:00,Kurpark - Eingang Parkstraße,8.0,3.91,415.0,50.36578,8.73817,False
2025-07-03 19:00:00+00:00,Kurpark - Eingang Parkstraße,1.0,0.5,415.0,50.36578,8.73817,False
2025-07-03 20:00:00+00:00,Kurpark - Eingang Parkstraße,0.5,0.25,415.0,50.36578,8.73817,True
2025-07-03 21:00:00+00:00,Kurpark - Eingang Parkstraße,0.0,0.0,415.0,50.36578,8.73817,False
2025-07-03 22:00:00+00:00,Kurpark - Eingang Parkstraße,2.0,0.64,415.0,50.36578,8.73817,False
2025-07-03 23:00:00+00:00,Kurpark - Eingang Parkstraße,1.3333333333333335,0.42666666666666664,415.0,50.36578,8.73817,True
2025-07-04 00:00:00+00:00,Kurpark - Eingang Parkstraße,0.6666666666666667,0.21333333333333332,415.0,50.36578,8.73817,True
2025-07-04 01:00:00+00:00,Kurpark - Eingang Parkstraße,0.0,0.0,415.0,50.36578,8.73817,False
2025-07-04 02:00:00+00:00,Kurpark - Eingang Parkstraße,2.0,11.100000000000001,415.0,50.36578,8.73817,False
2025-07-04 03:00:00+00:00,Kurpark - Eingang Parkstraße,2.0,0.84,415.0,50.36578,8.73817,False
2025-07-04 04:00:00+00:00,Kurpark - Eingang Parkstraße,3.0,18.65,415.0,50.36578,8.73817,False
2025-07-04 05:00:00+00:00,Kurpark - Eingang Parkstraße,5.0,0.825,415.0,50.36578,8.73817,False
2025-07-04 06:00:00+00:00,Kurpark - Eingang Parkstraße,14.0,2.365,415.0,50.36578,8.73817,False
2025-07-04 07:00:00+00:00,Kurpark - Eingang Parkstraße,5.0,0.27,415.0,50.36578,8.73817,False
2025-07-04 08:00:00+00:00,Kurpark - Eingang Parkstraße,12.0,7.215,415.0,50.36578,8.73817,False
2025-07-04 09:00:00+00:00,Kurpark - Eingang Parkstraße,21.0,3.0149999999999997,415.0,50.36578,8.73817,False
2025-07-04 10:00:00+00:00,Kurpark - Eingang Parkstraße,11.0,7.2,415.0,50.36578,8.73817,False
2025-07-04 11:00:00+00:00,Kurpark - Eingang Parkstraße,13.5,3.855,415.0,50.36578,8.73817,False
2025-07-04 12:00:00+00:00,Kurpark - Eingang Parkstraße,23.0,7.72,415.0,50.36578,8.73817,False
2025-07-04 13:00:00+00:00,Kurpark - Eingang Parkstraße,6.0,2.36,415.0,50.36578,8.73817,False
2025-07-04 14:00:00+00:00,Kurpark - Eingang Parkstraße,14.5,2.525,415.0,50.36578,8.73817,False
2025-07-04 15:00:00+00:00,Kurpark - Eingang Parkstraße,30.0,3.85,415.0,50.36578,8.73817,False
2025-07-04 16:00:00+00:00,Kurpark - Eingang Parkstraße,21.5,7.34,415.0,50.36578,8.73817,False
2025-07-04 17:00:00+00:00,Kurpark - Eingang Parkstraße,16.0,4.885,415.0,50.36578,8.73817,False
2025-07-04 18:00:00+00:00,Kurpark - Eingang Parkstraße,16.0,4.45,415.0,50.36578,8.73817,False
2025-07-04 19:00:00+00:00,Kurpark - Eingang Parkstraße,11.5,2.54,415.0,50.36578,8.73817,False
2025-07-04 20:00:00+00:00,Kurpark - Eingang Parkstraße,5.75,1.27,415.0,50.36578,8.73817,True
2025-07-04 21:00:00+00:00,Kurpark - Eingang Parkstraße,0.0,0.0,415.0,50.36578,8.73817,False
2025-07-04 22:00:00+00:00,Kurpark - Eingang Parkstraße,3.0,1.54,415.0,50.36578,8.73817,False
2025-07-04 23:00:00+00:00,Kurpark - Eingang Parkstraße,0.5,25.99,415.0,50.36578,8.73817,False
2025-07-05 00:00:00+00:00,Kurpark - Eingang Parkstraße,3.0,21.52,415.0,50.36578,8.73817,False
2025-07-05 01:00:00+00:00,Kurpark - Eingang Parkstraße,1.0,0.48,415.0,50.36578,8.73817,False
2025-07-05 02:00:00+00:00,Kurpark - Eingang Parkstraße,0.5,0.24,415.0,50.36578,8.73817,True
2025-07-05 03:00:00+00:00,Kurpark - Eingang Parkstraße,0.0,0.0,415.0,50.36578,8.73817,False
2025-07-05 04:00:00+00:00,Kurpark - Eingang Parkstraße,1.0,1.73,415.0,50.36578,8.73817,False
2025-07-05 05:00:00+00:00,Kurpark - Eingang Parkstraße,4.0,2.3200000000000003,415.0,50.36578,8.73817,False
2025-07-05 06:00:00+00:00,Kurpark - Eingang Parkstraße,9.0,5.87,415.0,50.36578,8.73817,False
2025-07-05 07:00:00+00:00,Kurpark - Eingang Parkstraße,4.5,2.935,415.0,50.36578,8.73817,True
2025-07-05 08:00:00+00:00,Kurpark - Eingang Parkstraße,0.0,0.0,415.0,50.36578,8.73817,False
2025-07-05 09:00:00+00:00,Kurpark - Eingang Parkstraße,23.5,3.38,415.0,50.36578,8.73817,False
2025-07-05 10:00:00+00:00,Kurpark - Eingang Parkstraße,35.0,8.334999999999999,415.0,50.36578,8.73817,False
2025-07-05 11:00:00+00:00,Kurpark - Eingang Parkstraße,39.0,9.82,415.0,50.36578,8.73817,False
2025-07-05 12:00:00+00:00,Kurpark - Eingang Parkstraße,46.5,6.27,415.0,50.36578,8.73817,False
2025-07-05 13:00:00+00:00,Kurpark - Eingang Parkstraße,33.0,5.94,415.0,50.36578,8.73817,False
2025-07-05 14:00:00+00:00,Kurpark - Eingang Parkstraße,28.0,5.566666666666667,415.0,50.36578,8.73817,True
2025-07-05 15:00:00+00:00,Kurpark - Eingang Parkstraße,23.0,5.193333333333333,415.0,50.36578,8.73817,True
2025-07-05 16:00:00+00:00,Kurpark - Eingang Parkstraße,18.0,4.82,415.0,50.36578,8.73817,False
2025-07-05 17:00:00+00:00,Kurpark - Eingang Parkstraße,12.0,7.3,415.0,50.36578,8.73817,False
2025-07-05 18:00:00+00:00,Kurpark - Eingang Parkstraße,9.0,8.56,415.0,50.36578,8.73817,False
2025-07-05 19:00:00+00:00,Kurpark - Eingang Parkstraße,2.0,5.35,415.0,50.36578,8.73817,False
2025-07-05 20:00:00+00:00,Kurpark - Eingang Parkstraße,1.0,2.675,415.0,50.36578,8.73817,True
2025-07-05 21:00:00+00:00,Kurpark - Eingang Parkstraße,0.0,0.0,415.0,50.36578,8.73817,False
2025-07-05 22:00:00+00:00,Kurpark - Eingang Parkstraße,0.5,0.25,415.0,50.36578,8.73817,True
2025-07-05 23:00:00+00:00,Kurpark - Eingang Parkstraße,1.0,0.5,415.0,50.36578,8.73817,False
2025-07-06 00:00:00+00:00,Kurpark - Eingang Parkstraße,3.0,71.72,415.0,50.36578,8.73817,False
2025-07-06 01:00:00+00:00,Kurpark - Eingang Parkstraße,1.5,35.86,415.0,50.36578,8.73817,True
2025-07-06 02:00:00+00:00,Kurpark - Eingang Parkstraße,0.0,0.0,415.0,50.36578,8.73817,False
2025-07-06 03:00:00+00:00,Kurpark - Eingang Parkstraße,0.3333333333333333,1.6666666666666667,415.0,50.36578,8.73817,True
2025-07-06 04:00:00+00:00,Kurpark - Eingang Parkstraße,0.6666666666666666,3.3333333333333335,415.0,50.36578,8.73817,True
2025-07-06 05:00:00+00:00,Kurpark - Eingang Parkstraße,1.0,5.0,415.0,50.36578,8.73817,False
2025-07-06 06:00:00+00:00,Kurpark - Eingang Parkstraße,6.5,1.8199999999999998,415.0,50.36578,8.73817,False
2025-07-06 07:00:00+00:00,Kurpark - Eingang Parkstraße,11.0,7.375,415.0,50.36578,8.73817,False
2025-07-06 08:00:00+00:00,Kurpark - Eingang Parkstraße,26.0,12.22,415.0,50.36578,8.73817,False
2025-07-06 09:00:00+00:00,Kurpark - Eingang Parkstraße,40.5,4.74,415.0,50.36578,8.73817,False
2025-07-06 10:00:00+00:00,Kurpark - Eingang Parkstraße,36.0,9.745000000000001,415.0,50.36578,8.73817,False
2025-07-06 11:00:00+00:00,Kurpark - Eingang Parkstraße,39.0,5.75,415.0,50.36578,8.73817,False
2025-07-06 12:00:00+00:00,Kurpark - Eingang Parkstraße,49.0,11.97,415.0,50.36578,8.73817,False
2025-07-06 13:00:00+00:00,Kurpark - Eingang Parkstraße,37.0,9.28,415.0,50.36578,8.73817,False
2025-07-06 14:00:00+00:00,Kurpark - Eingang Parkstraße,20.0,12.23,415.0,50.36578,8.73817,False
2025-07-06 15:00:00+00:00,Kurpark - Eingang Parkstraße,16.5,7.375,415.0,50.36578,8.73817,False
2025-07-06 16:00:00+00:00,Kurpark - Eingang Parkstraße,10.0,3.84,415.0,50.36578,8.73817,False
2025-07-06 17:00:00+00:00,Kurpark - Eingang Parkstraße,6.0,1.88,415.0,50.36578,8.73817,False
2025-07-06 18:00:00+00:00,Kurpark - Eingang Parkstraße,3.0,0.94,415.0,50.36578,8.73817,True
2025-07-06 19:00:00+00:00,Kurpark - Eingang Parkstraße,0.0,0.0,415.0,50.36578,8.73817,False
2025-07-06 20:00:00+00:00,Kurpark - Eingang Parkstraße,0.3333333333333333,0.09333333333333334,415.0,50.36578,8.73817,True
2025-07-06 21:00:00+00:00,Kurpark - Eingang Parkstraße,0.6666666666666666,0.18666666666666668,415.0,50.36578,8.73817,True
2025-07-06 22:00:00+00:00,Kurpark - Eingang Parkstraße,1.0,0.28,415.0,50.36578,8.73817,False
2025-07-06 23:00:00+00:00,Kurpark - Eingang Parkstraße,,,415.0,50.36578,8.73817,True
2025-07-07 00:00:00+00:00,Kurpark - Eingang Parkstraße,,,415.0,50.36578,8.73817,True
2025-07-07 01:00:00+00:00,Kurpark - Eingang Parkstraße,,,415.0,50.36578,8.73817,True
2025-07-07 02:00:00+00:00,Kurpark - Eingang Parkstraße,,,415.0,50.36578,8.73817,True
2025-07-07 03:00:00+00:00,Kurpark - Eingang Parkstraße,0.0,0.0,415.0,50.36578,8.73817,False
2025-07-07 04:00:00+00:00,Kurpark - Eingang Parkstraße,1.0,2.35,415.0,50.36578,8.73817,True
2025-07-07 05:00:00+00:00,Kurpark - Eingang Parkstraße,2.0,4.7,415.0,50.36578,8.73817,False
2025-07-07 06:00:00+00:00,Kurpark - Eingang Parkstraße,7.0,3.78,415.0,50.36578,8.73817,False
2025-07-07 07:00:00+00:00,Kurpark - Eingang Parkstraße,5.0,1.68,415.0,50.36578,8.73817,False
2025-07-07 08:00:00+00:00,Kurpark - Eingang Parkstraße,4.0,2.31,415.0,50.36578,8.73817,False
2025-07-07 09:00:00+00:00,Kurpark - Eingang Parkstraße,6.0,0.89,415.0,50.36578,8.73817,False
2025-07-07 10:00:00+00:00,Kurpark - Eingang Parkstraße,12.0,4.44,415.0,50.36578,8.73817,False
2025-07-07 11:00:00+00:00,Kurpark - Eingang Parkstraße,9.0,0.6,415.0,50.36578,8.73817,False
2025-07-07 12:00:00+00:00,Kurpark - Eingang Parkstraße,3.0,5.36,415.0,50.36578,8.73817,False
2025-07-07 13:00:00+00:00,Kurpark - Eingang Parkstraße,6.0,10.84,415.0,50.36578,8.73817,False
2025-07-07 14:00:00+00:00,Kurpark - Eingang Parkstraße,7.0,4.63,415.0,50.36578,8.73817,False
2025-07-07 15:00:00+00:00,Kurpark - Eingang Parkstraße,14.5,4.285,415.0,50.36578,8.73817,False
2025-07-07 16:00:00+00:00,Kurpark - Eingang Parkstraße,8.25,7.2825,415.0,50.36578,8.73817,True
2025-07-07 17:00:00+00:00,Kurpark - Eingang Parkstraße,2.0,10.28,415.0,50.36578,8.73817,False
2025-07-07 18:00:00+00:00,Kurpark - Eingang Parkstraße,1.0,1.52,415.0,50.36578,8.73817,False
2025-07-07 19:00:00+00:00,Kurpark - Eingang Parkstraße,,,415.0,50.36578,8.73817,True
2025-07-07 20:00:00+00:00,Kurpark - Eingang Parkstraße,,,415.0,50.36578,8.73817,True
2025-07-07 21:00:00+00:00,Kurpark - Eingang Parkstraße,,,415.0,50.36578,8.73817,True
2025-07-07 22:00:00+00:00,Kurpark - Eingang Parkstraße,,,415.0,50.36578,8.73817,True
2025-07-07 23:00:00+00:00,Kurpark - Eingang Parkstraße,1.0,0.75,415.0,50.36578,8.73817,False
2025-07-08 00:00:00+00:00,Kurpark - Eingang Parkstraße,0.0,0.0,415.0,50.36578,8.73817,False
2025-07-08 01:00:00+00:00,Kurpark - Eingang Parkstraße,1.0,88.18,415.0,50.36578,8.73817,False
2025-07-08 02:00:00+00:00,Kurpark - Eingang Parkstraße,1.0,1.8,415.0,50.36578,8.73817,False
2025-07-08 03:00:00+00:00,Kurpark - Eingang Parkstraße,4.0,6.26,415.0,50.36578,8.73817,False
2025-07-08 04:00:00+00:00,Kurpark - Eingang Parkstraße,2.0,0.42,415.0,50.36578,8.73817,False
2025-07-08 05:00:00+00:00,Kurpark - Eingang Parkstraße,5.0,2.27,415.0,50.36578,8.73817,False
2025-07-08 06:00:00+00:00,Kurpark - Eingang Parkstraße,9.0,1.44,415.0,50.36578,8.73817,False
2025-07-08 07:00:00+00:00,Kurpark - Eingang Parkstraße,5.0,2.865,415.0,50.36578,8.73817,False
2025-07-08 08:00:00+00:00,Kurpark - Eingang Parkstraße,5.5,2.8625,415.0,50.36578,8.73817,True
2025-07-08 09:00:00+00:00,Kurpark - Eingang Parkstraße,6.0,2.86,415.0,50.36578,8.73817,False
2025-07-08 10:00:00+00:00,Kurpark - Eingang Parkstraße,14.0,4.76,415.0,50.36578,8.73817,False
2025-07-08 11:00:00+00:00,Kurpark - Eingang Parkstraße,13.0,4.89,415.0,50.36578,8.73817,False
2025-07-08 12:00:00+00:00,Kurpark - Eingang Parkstraße,22.0,10.13,415.0,50.36578,8.73817,False
2025-07-08 13:00:00+00:00,Kurpark - Eingang Parkstraße,11.0,6.53,415.0,50.36578,8.73817,False
2025-07-08 14:00:00+00:00,Kurpark - Eingang Parkstraße,,,415.0,50.36578,8.73817,True
2025-07-08 15:00:00+00:00,Kurpark - Eingang Parkstraße,,,415.0,50.36578,8.73817,True
2025-07-08 16:00:00+00:00,Kurpark - Eingang Parkstraße,,,415.0,50.36578,8.73817,True
2025-07-08 17:00:00+00:00,Kurpark - Eingang Parkstraße,,,415.0,50.36578,8.73817,True
2025-07-08 18:00:00+00:00,Kurpark - Eingang Parkstraße,,,415.0,50.36578,8.73817,True
2025-07-08 19:00:00+00:00,Kurpark - Eingang Parkstraße,,,415.0,50.36578,8.73817,True
2025-07-08 20:00:00+00:00,Kurpark - Eingang Parkstraße,,,415.0,50.36578,8.73817,True
2025-07-08 21:00:00+00:00,Kurpark - Eingang Parkstraße,,,415.0,50.36578,8.73817,True
2025-07-08 22:00:00+00:00,Kurpark - Eingang Parkstraße,,,415.0,50.36578,8.73817,True
2025-07-08 23:00:00+00:00,Kurpark - Eingang Parkstraße,,,415.0,50.36578,8.73817,True
2025-07-09 00:00:00+00:00,Kurpark - Eingang Parkstraße,,,415.0,50.36578,8.73817,True
2025-07-09 01:00:00+00:00,Kurpark - Eingang Parkstraße,,,415.0,50.36578,8.73817,True
2025-07-09 02:00:00+00:00,Kurpark - Eingang Parkstraße,,,415.0,50.36578,8.73817,True
2025-07-09 03:00:00+00:00,Kurpark - Eingang Parkstraße,,,415.0,50.36578,8.73817,True
2025-07-09 04:00:00+00:00,Kurpark - Eingang Parkstraße,,,415.0,50.36578,8.73817,True
2025-07-09 05:00:00+00:00,Kurpark - Eingang Parkstraße,,,415.0,50.36578,8.73817,True
2025-07-09 06:00:00+00:00,Kurpark - Eingang Parkstraße,,,415.0,50.36578,8.73817,True
2025-07-09 07:00:00+00:00,Kurpark - Eingang Parkstraße,6.0,1.185,415.0,50.36578,8.73817,False
2025-07-09 08:00:00+00:00,Kurpark - Eingang Parkstraße,7.0,2.38,415.0,50.36578,8.73817,False
2025-07-09 09:00:00+00:00,Kurpark - Eingang Parkstraße,16.0,3.24,415.0,50.36578,8.73817,False
2025-07-09 10:00:00+00:00,Kurpark - Eingang Parkstraße,11.5,11.245,415.0,50.36578,8.73817,False
2025-07-09 11:00:00+00:00,Kurpark - Eingang Parkstraße,16.0,11.353333333333333,415.0,50.36578,8.73817,True
2025-07-09 12:00:00+00:00,Kurpark - Eingang Parkstraße,20.5,11.461666666666666,415.0,50.36578,8.73817,True
2025-07-09 13:00:00+00:00,Kurpark - Eingang Parkstraße,25.0,11.57,415.0,50.36578,8.73817,False
2025-07-09 14:00:00+00:00,Kurpark - Eingang Parkstraße,29.0,12.73,415.0,50.36578,8.73817,False
2025-07-09 15:00:00+00:00,Kurpark - Eingang Parkstraße,25.0,8.47,415.0,50.36578,8.73817,False
2025-07-09 16:00:00+00:00,Kurpark - Eingang Parkstraße,12.0,4.06,415.0,50.36578,8.73817,False
2025-07-09 17:00:00+00:00,Kurpark - Eingang Parkstraße,5.0,6.53,415.0,50.36578,8.73817,False
2025-07-09 18:00:00+00:00,Kurpark - Eingang Parkstraße,4.0,3.08,415.0,50.36578,8.73817,False
2025-07-09 19:00:00+00:00,Kurpark - Eingang Parkstraße,3.0,3.65,415.0,50.36578,8.73817,False
2025-07-09 20:00:00+00:00,Kurpark - Eingang Parkstraße,2.0,1.65,415.0,50.36578,8.73817,False
2025-07-09 21:00:00+00:00,Kurpark - Eingang Parkstraße,,,415.0,50.36578,8.73817,True
2025-07-09 22:00:00+00:00,Kurpark - Eingang Parkstraße,,,415.0,50.36578,8.73817,True
2025-07-09 23:00:00+00:00,Kurpark - Eingang Parkstraße,,,415.0,50.36578,8.73817,True
2025-07-10 00:00:00+00:00,Kurpark - Eingang Parkstraße,,,415.0,50.36578,8.73817,True
2025-07-10 01:00:00+00:00,Kurpark - Eingang Parkstraße,,,415.0,50.36578,8.73817,True
2025-07-10 02:00:00+00:00,Kurpark - Eingang Parkstraße,,,415.0,50.36578,8.73817,True
2025-07-10 03:00:00+00:00,Kurpark - Eingang Parkstraße,,,415.0,50.36578,8.73817,True
2025-07-10 04:00:00+00:00,Kurpark - Eingang Parkstraße,,,415.0,50.36578,8.73817,True
2025-07-10 05:00:00+00:00,Kurpark - Eingang Parkstraße,,,415.0,50.36578,8.73817,True
2025-07-10 06:00:00+00:00,Kurpark - Eingang Parkstraße,,,415.0,50.36578,8.73817,True
2025-07-10 07:00:00+00:00,Kurpark - Eingang Parkstraße,4.5,7.375,415.0,50.36578,8.73817,False
2025-07-10 08:00:00+00:00,Kurpark - Eingang Parkstraße,8.0,2.88,415.0,50.36578,8.73817,False
2025-07-10 09:00:00+00:00,Kurpark - Eingang Parkstraße,19.0,1.93,415.0,50.36578,8.73817,False
2025-07-10 10:00:00+00:00,Kurpark - Eingang Parkstraße,14.0,2.68,415.0,50.36578,8.73817,False
2025-07-10 11:00:00+00:00,Kurpark - Eingang Parkstraße,20.0,2.01,415.0,50.36578,8.73817,False
2025-07-10 12:00:00+00:00,Kurpark - Eingang Parkstraße,6.0,1.2349999999999999,415.0,50.36578,8.73817,False
2025-07-10 13:00:00+00:00,Kurpark - Eingang Parkstraße,14.0,4.46,415.0,50.36578,8.73817,False
2025-07-10 14:00:00+00:00,Kurpark - Eingang Parkstraße,15.0,3.25,415.0,50.36578,8.73817,False
2025-07-10 15:00:00+00:00,Kurpark - Eingang Parkstraße,17.0,8.79,415.0,50.36578,8.73817,False
2025-07-10 16:00:00+00:00,Kurpark - Eingang Parkstraße,11.5,10.83,415.0,50.36578,8.73817,False
2025-07-10 17:00:00+00:00,Kurpark - Eingang Parkstraße,7.5,6.125,415.0,50.36578,8.73817,False
2025-07-10 18:00:00+00:00,Kurpark - Eingang Parkstraße,6.0,7.005000000000001,415.0,50.36578,8.73817,False
2025-07-10 19:00:00+00:00,Kurpark - Eingang Parkstraße,4.0,5.13,415.0,50.36578,8.73817,False
2025-07-10 20:00:00+00:00,Kurpark - Eingang Parkstraße,2.0,2.565,415.0,50.36578,8.73817,True
2025-07-10 21:00:00+00:00,Kurpark - Eingang Parkstraße,0.0,0.0,415.0,50.36578,8.73817,False
2025-07-10 22:00:00+00:00,Kurpark - Eingang Parkstraße,6.0,1.86,415.0,50.36578,8.73817,False
2025-07-10 23:00:00+00:00,Kurpark - Eingang Parkstraße,3.0,0.93,415.0,50.36578,8.73817,True
2025-07-11 00:00:00+00:00,Kurpark - Eingang Parkstraße,0.0,0.0,415.0,50.36578,8.73817,False
2025-07-11 01:00:00+00:00,Kurpark - Eingang Parkstraße,0.0,0.0,415.0,50.36578,8.73817,True
2025-07-11 02:00:00+00:00,Kurpark - Eingang Parkstraße,0.0,0.0,415.0,50.36578,8.73817,True
2025-07-11 03:00:00+00:00,Kurpark - Eingang Parkstraße,0.0,0.0,415.0,50.36578,8.73817,False
2025-07-11 04:00:00+00:00,Kurpark - Eingang Parkstraße,1.0,0.32,415.0,50.36578,8.73817,False
2025-07-11 05:00:00+00:00,Kurpark - Eingang Parkstraße,4.0,1.4849999999999999,415.0,50.36578,8.73817,False
2025-07-11 06:00:00+00:00,Kurpark - Eingang Parkstraße,3.0,2.41,415.0,50.36578,8.73817,False
2025-07-11 07:00:00+00:00,Kurpark - Eingang Parkstraße,,,415.0,50.36578,8.73817,True
2025-07-11 08:00:00+00:00,Kurpark - Eingang Parkstraße,,,415.0,50.36578,8.73817,True
2025-07-11 09:00:00+00:00,Kurpark - Eingang Parkstraße,,,415.0,50.36578,8.73817,True
2025-07-11 10:00:00+00:00,Kurpark - Eingang Parkstraße,,,415.0,50.36578,8.73817,True
2025-07-11 11:00:00+00:00,Kurpark - Eingang Parkstraße,,,415.0,50.36578,8.73817,True
2025-07-11 12:00:00+00:00,Kurpark - Eingang Parkstraße,,,415.0,50.36578,8.73817,True
2025-07-11 13:00:00+00:00,Kurpark - Eingang Parkstraße,,,415.0,50.36578,8.73817,True
2025-07-11 14:00:00+00:00,Kurpark - Eingang Parkstraße,,,415.0,50.36578,8.73817,True
2025-07-11 15:00:00+00:00,Kurpark - Eingang Parkstraße,,,415.0,50.36578,8.73817,True
2025-07-11 16:00:00+00:00,Kurpark - Eingang Parkstraße,,,415.0,50.36578,8.73817,True
2025-07-11 17:00:00+00:00,Kurpark - Eingang Parkstraße,9.0,7.43,415.0,50.36578,8.73817,False
2025-07-11 18:00:00+00:00,Kurpark - Eingang Parkstraße,5.5,3.98,415.0,50.36578,8.73817,True
2025-07-11 19:00:00+00:00,Kurpark - Eingang Parkstraße,2.0,0.53,415.0,50.36578,8.73817,False
2025-07-11 20:00:00+00:00,Kurpark - Eingang Parkstraße,,,415.0,50.36578,8.73817,True
2025-07-11 21:00:00+00:00,Kurpark - Eingang Parkstraße,,,415.0,50.36578,8.73817,True
2025-07-11 22:00:00+00:00,Kurpark - Eingang Parkstraße,,,415.0,50.36578,8.73817,True
2025-07-11 23:00:00+00:00,Kurpark - Eingang Parkstraße,0.0,0.0,415.0,50.36578,8.73817,False
2025-07-12 00:00:00+00:00,Kurpark - Eingang Parkstraße,,,415.0,50.36578,8.73817,True
2025-07-12 01:00:00+00:00,Kurpark - Eingang Parkstraße,,,415.0,50.36578,8.73817,True
2025-07-12 02:00:00+00:00,Kurpark - Eingang Parkstraße,,,415.0,50.36578,8.73817,True
2025-07-12 03:00:00+00:00,Kurpark - Eingang Parkstraße,,,415.0,50.36578,8.73817,True
2025-07-12 04:00:00+00:00,Kurpark - Eingang Parkstraße,,,415.0,50.36578,8.73817,True
2025-07-12 05:00:00+00:00,Kurpark - Eingang Parkstraße,1.0,0.58,415.0,50.36578,8.73817,False
2025-07-12 06:00:00+00:00,Kurpark - Eingang Parkstraße,3.0,0.835,415.0,50.36578,8.73817,True
2025-07-12 07:00:00+00:00,Kurpark - Eingang Parkstraße,5.0,1.09,415.0,50.36578,8.73817,False
2025-07-12 08:00:00+00:00,Kurpark - Eingang Parkstraße,10.5,3.135,415.0,50.36578,8.73817,True
2025-07-12 09:00:00+00:00,Kurpark - Eingang Parkstraße,16.0,5.18,415.0,50.36578,8.73817,True
2025-07-12 10:00:00+00:00,Kurpark - Eingang Parkstraße,21.5,7.225,415.0,50.36578,8.73817,False
2025-07-12 11:00:00+00:00,Kurpark - Eingang Parkstraße,19.0,7.24,415.0,50.36578,8.73817,False
2025-07-12 12:00:00+00:00,Kurpark - Eingang Parkstraße,29.5,5.465,415.0,50.36578,8.73817,False
2025-07-12 13:00:00+00:00,Kurpark - Eingang Parkstraße,32.5,2.865,415.0,50.36578,8.73817,False
2025-07-12 14:00:00+00:00,Kurpark - Eingang Parkstraße,16.0,8.47,415.0,50.36578,8.73817,False
2025-07-12 15:00:00+00:00,Kurpark - Eingang Parkstraße,16.5,4.245,415.0,50.36578,8.73817,False
2025-07-12 16:00:00+00:00,Kurpark - Eingang Parkstraße,10.0,15.84,415.0,50.36578,8.73817,False
2025-07-12 17:00:00+00:00,Kurpark - Eingang Parkstraße,14.0,3.81,415.0,50.36578,8.73817,False
2025-07-12 18:00:00+00:00,Kurpark - Eingang Parkstraße,3.0,2.23,415.0,50.36578,8.73817,False
2025-07-12 19:00:00+00:00,Kurpark - Eingang Parkstraße,2.0,5.505,415.0,50.36578,8.73817,False
2025-07-12 20:00:00+00:00,Kurpark - Eingang Parkstraße,,,415.0,50.36578,8.73817,True
2025-07-12 21:00:00+00:00,Kurpark - Eingang Parkstraße,,,415.0,50.36578,8.73817,True
2025-07-12 22:00:00+00:00,Kurpark - Eingang Parkstraße,,,415.0,50.36578,8.73817,True
2025-07-12 23:00:00+00:00,Kurpark - Eingang Parkstraße,,,415.0,50.36578,8.73817,True
2025-07-13 00:00:00+00:00,Kurpark - Eingang Parkstraße,1.0,0.4,415.0,50.36578,8.73817,False
2025-07-13 01:00:00+00:00,Kurpark - Eingang Parkstraße,1.0,1.68,415.0,50.36578,8.73817,False
2025-07-13 02:00:00+00:00,Kurpark - Eingang Parkstraße,1.0,1.33,415.0,50.36578,8.73817,False
2025-07-13 03:00:00+00:00,Kurpark - Eingang Parkstraße,1.0,0.17,415.0,50.36578,8.73817,False
2025-07-13 04:00:00+00:00,Kurpark - Eingang Parkstraße,,,415.0,50.36578,8.73817,True
2025-07-13 05:00:00+00:00,Kurpark - Eingang Parkstraße,,,415.0,50.36578,8.73817,True
2025-07-13 06:00:00+00:00,Kurpark - Eingang Parkstraße,,,415.0,50.36578,8.73817,True
2025-07-13 07:00:00+00:00,Kurpark - Eingang Parkstraße,,,415.0,50.36578,8.73817,True
2025-07-13 08:00:00+00:00,Kurpark - Eingang Parkstraße,,,415.0,50.36578,8.73817,True
2025-07-13 09:00:00+00:00,Kurpark - Eingang Parkstraße,,,415.0,50.36578,8.73817,True
2025-07-13 10:00:00+00:00,Kurpark - Eingang Parkstraße,,,415.0,50.36578,8.73817,True
2025-07-13 11:00:00+00:00,Kurpark - Eingang Parkstraße,,,415.0,50.36578,8.73817,True
2025-07-13 12:00:00+00:00,Kurpark - Eingang Parkstraße,,,415.0,50.36578,8.73817,True
2025-07-13 13:00:00+00:00,Kurpark - Eingang Parkstraße,,,415.0,50.36578,8.73817,True
2025-07-13 14:00:00+00:00,Kurpark - Eingang Parkstraße,,,415.0,50.36578,8.73817,True
2025-07-13 15:00:00+00:00,Kurpark - Eingang Parkstraße,,,415.0,50.36578,8.73817,True
2025-07-13 16:00:00+00:00,Kurpark - Eingang Parkstraße,,,415.0,50.36578,8.73817,True
2025-07-13 17:00:00+00:00,Kurpark - Eingang Parkstraße,,,415.0,50.36578,8.73817,True
2025-07-13 18:00:00+00:00,Kurpark - Eingang Parkstraße,,,415.0,50.36578,8.73817,True
2025-07-13 19:00:00+00:00,Kurpark - Eingang Parkstraße,,,415.0,50.36578,8.73817,True
2025-07-13 20:00:00+00:00,Kurpark - Eingang Parkstraße,,,415.0,50.36578,8.73817,True
2025-07-13 21:00:00+00:00,Kurpark - Eingang Parkstraße,0.0,0.0,415.0,50.36578,8.73817,False
2025-07-13 22:00:00+00:00,Kurpark - Eingang Parkstraße,4.0,4.935,415.0,50.36578,8.73817,False
2025-07-13 23:00:00+00:00,Kurpark - Eingang Parkstraße,,,415.0,50.36578,8.73817,True
2025-06-30 01:00:00+00:00,Kurpark - Eingang Sprudelhof,,,415.0,50.36703,8.7417,True
2025-06-30 02:00:00+00:00,Kurpark - Eingang Sprudelhof,0.0,0.0,415.0,50.36703,8.7417,False
2025-06-30 03:00:00+00:00,Kurpark - Eingang Sprudelhof,8.0,6.92,415.0,50.36703,8.7417,False
2025-06-30 04:00:00+00:00,Kurpark - Eingang Sprudelhof,16.0,14.370000000000001,415.0,50.36703,8.7417,False
2025-06-30 05:00:00+00:00,Kurpark - Eingang Sprudelhof,23.0,6.1,415.0,50.36703,8.7417,False
2025-06-30 06:00:00+00:00,Kurpark - Eingang Sprudelhof,32.5,12.295,415.0,50.36703,8.7417,False
2025-06-30 07:00:00+00:00,Kurpark - Eingang Sprudelhof,65.5,17.805,415.0,50.36703,8.7417,False
2025-06-30 08:00:00+00:00,Kurpark - Eingang Sprudelhof,65.25,14.1625,415.0,50.36703,8.7417,True
2025-06-30 09:00:00+00:00,Kurpark - Eingang Sprudelhof,65.0,10.52,415.0,50.36703,8.7417,False
2025-06-30 10:00:00+00:00,Kurpark - Eingang Sprudelhof,68.0,10.65,415.0,50.36703,8.7417,False
2025-06-30 11:00:00+00:00,Kurpark - Eingang Sprudelhof,75.5,15.68,415.0,50.36703,8.7417,False
2025-06-30 12:00:00+00:00,Kurpark - Eingang Sprudelhof,63.5,11.344999999999999,415.0,50.36703,8.7417,False
2025-06-30 13:00:00+00:00,Kurpark - Eingang Sprudelhof,57.0,14.17,415.0,50.36703,8.7417,False
2025-06-30 14:00:00+00:00,Kurpark - Eingang Sprudelhof,60.5,13.215,415.0,50.36703,8.7417,False
2025-06-30 15:00:00+00:00,Kurpark - Eingang Sprudelhof,71.0,13.395,415.0,50.36703,8.7417,False
2025-06-30 16:00:00+00:00,Kurpark - Eingang Sprudelhof,46.5,11.68,415.0,50.36703,8.7417,False
2025-06-30 17:00:00+00:00,Kurpark - Eingang Sprudelhof,47.5,7.76,415.0,50.36703,8.7417,False
2025-06-30 18:00:00+00:00,Kurpark - Eingang Sprudelhof,53.0,7.84,415.0,50.36703,8.7417,False
2025-06-30 19:00:00+00:00,Kurpark - Eingang Sprudelhof,31.0,7.15,415.0,50.36703,8.7417,False
2025-06-30 20:00:00+00:00,Kurpark - Eingang Sprudelhof,6.0,3.54,415.0,50.36703,8.7417,False
2025-06-30 21:00:00+00:00,Kurpark - Eingang Sprudelhof,4.0,2.9450000000000003,415.0,50.36703,8.7417,True
2025-06-30 22:00:00+00:00,Kurpark - Eingang Sprudelhof,2.0,2.35,415.0,50.36703,8.7417,False
2025-06-30 23:00:00+00:00,Kurpark - Eingang Sprudelhof,1.3333333333333335,1.5666666666666669,415.0,50.36703,8.7417,True
2025-07-01 00:00:00+00:00,Kurpark - Eingang Sprudelhof,0.6666666666666667,0.7833333333333334,415.0,50.36703,8.7417,True
2025-07-01 01:00:00+00:00,Kurpark - Eingang Sprudelhof,0.0,0.0,415.0,50.36703,8.7417,False
2025-07-01 02:00:00+00:00,Kurpark - Eingang Sprudelhof,4.0,1.345,415.0,50.36703,8.7417,False
2025-07-01 03:00:00+00:00,Kurpark - Eingang Sprudelhof,7.0,4.32,415.0,50.36703,8.7417,False
2025-07-01 04:00:00+00:00,Kurpark - Eingang Sprudelhof,20.5,9.629999999999999,415.0,50.36703,8.7417,False
2025-07-01 05:00:00+00:00,Kurpark - Eingang Sprudelhof,25.5,3.63,415.0,50.36703,8.7417,False
2025-07-01 06:00:00+00:00,Kurpark - Eingang Sprudelhof,37.5,11.355,415.0,50.36703,8.7417,False
2025-07-01 07:00:00+00:00,Kurpark - Eingang Sprudelhof,73.0,14.93,415.0,50.36703,8.7417,False
2025-07-01 08:00:00+00:00,Kurpark - Eingang Sprudelhof,76.0,13.68,415.0,50.36703,8.7417,False
2025-07-01 09:00:00+00:00,Kurpark - Eingang Sprudelhof,38.0,12.98,415.0,50.36703,8.7417,False
2025-07-01 10:00:00+00:00,Kurpark - Eingang Sprudelhof,54.0,10.61,415.0,50.36703,8.7417,False
2025-07-01 11:00:00+00:00,Kurpark - Eingang Sprudelhof,39.0,11.59,415.0,50.36703,8.7417,False
2025-07-01 12:00:00+00:00,Kurpark - Eingang Sprudelhof,45.0,14.835,415.0,50.36703,8.7417,False
2025-07-01 13:00:00+00:00,Kurpark - Eingang Sprudelhof,66.0,14.565000000000001,415.0,50.36703,8.7417,False
2025-07-01 14:00:00+00:00,Kurpark - Eingang Sprudelhof,58.0,13.31,415.0,50.36703,8.7417,False
2025-07-01 15:00:00+00:00,Kurpark - Eingang Sprudelhof,69.0,13.55,415.0,50.36703,8.7417,False
2025-07-01 16:00:00+00:00,Kurpark - Eingang Sprudelhof,38.0,11.82,415.0,50.36703,8.7417,False
2025-07-01 17:00:00+00:00,Kurpark - Eingang Sprudelhof,20.5,12.530000000000001,415.0,50.36703,8.7417,False
2025-07-01 18:00:00+00:00,Kurpark - Eingang Sprudelhof,35.0,8.37,415.0,50.36703,8.7417,False
2025-07-01 19:00:00+00:00,Kurpark - Eingang Sprudelhof,14.0,7.05,415.0,50.36703,8.7417,False
2025-07-01 20:00:00+00:00,Kurpark - Eingang Sprudelhof,10.0,8.326666666666666,415.0,50.36703,8.7417,True
2025-07-01 21:00:00+00:00,Kurpark - Eingang Sprudelhof,6.0,9.603333333333333,415.0,50.36703,8.7417,True
2025-07-01 22:00:00+00:00,Kurpark - Eingang Sprudelhof,2.0,10.88,415.0,50.36703,8.7417,False
2025-07-01 23:00:00+00:00,Kurpark - Eingang Sprudelhof,,,415.0,50.36703,8.7417,True
2025-07-02 00:00:00+00:00,Kurpark - Eingang Sprudelhof,,,415.0,50.36703,8.7417,True
2025-07-02 01:00:00+00:00,Kurpark - Eingang Sprudelhof,,,415.0,50.36703,8.7417,True
2025-07-02 02:00:00+00:00,Kurpark - Eingang Sprudelhof,0.0,0.0,415.0,50.36703,8.7417,False
2025-07-02 03:00:00+00:00,Kurpark - Eingang Sprudelhof,10.0,8.325,415.0,50.36703,8.7417,False
2025-07-02 04:00:00+00:00,Kurpark - Eingang Sprudelhof,16.0,7.800000000000001,415.0,50.36703,8.7417,False
2025-07-02 05:00:00+00:00,Kurpark - Eingang Sprudelhof,32.5,4.08,415.0,50.36703,8.7417,False
2025-07-02 06:00:00+00:00,Kurpark - Eingang Sprudelhof,67.5,14.99,415.0,50.36703,8.7417,False
2025-07-02 07:00:00+00:00,Kurpark - Eingang Sprudelhof,58.5,16.215,415.0,50.36703,8.7417,False
2025-07-02 08:00:00+00:00,Kurpark - Eingang Sprudelhof,63.0,11.27,415.0,50.36703,8.7417,False
2025-07-02 09:00:00+00:00,Kurpark - Eingang Sprudelhof,56.5,14.385000000000002,415.0,50.36703,8.7417,False
2025-07-02 10:00:00+00:00,Kurpark - Eingang Sprudelhof,25.0,14.655000000000001,415.0,50.36703,8.7417,False
2025-07-02 11:00:00+00:00,Kurpark - Eingang Sprudelhof,34.0,12.885,415.0,50.36703,8.7417,False
2025-07-02 12:00:00+00:00,Kurpark - Eingang Sprudelhof,29.0,14.37,415.0,50.36703,8.7417,False
2025-07-02 13:00:00+00:00,Kurpark - Eingang Sprudelhof,32.0,13.379999999999999,415.0,50.36703,8.7417,False
2025-07-02 14:00:00+00:00,Kurpark - Eingang Sprudelhof,37.0,9.21,415.0,50.36703,8.7417,False
2025-07-02 15:00:00+00:00,Kurpark - Eingang Sprudelhof,44.5,9.41,415.0,50.36703,8.7417,False
2025-07-02 16:00:00+00:00,Kurpark - Eingang Sprudelhof,51.5,14.885,415.0,50.36703,8.7417,False
2025-07-02 17:00:00+00:00,Kurpark - Eingang Sprudelhof,41.0,11.645,415.0,50.36703,8.7417,False
2025-07-02 18:00:00+00:00,Kurpark - Eingang Sprudelhof,24.5,7.675,415.0,50.36703,8.7417,False
2025-07-02 19:00:00+00:00,Kurpark - Eingang Sprudelhof,7.0,4.17,415.0,50.36703,8.7417,False
2025-07-02 20:00:00+00:00,Kurpark - Eingang Sprudelhof,2.0,4.33,415.0,50.36703,8.7417,False
2025-07-02 21:00:00+00:00,Kurpark - Eingang Sprudelhof,1.5,8.75,415.0,50.36703,8.7417,True
2025-07-02 22:00:00+00:00,Kurpark - Eingang Sprudelhof,1.0,13.17,415.0,50.36703,8.7417,False
2025-07-02 23:00:00+00:00,Kurpark - Eingang Sprudelhof,0.5,6.585,415.0,50.36703,8.7417,True
2025-07-03 00:00:00+00:00,Kurpark - Eingang Sprudelhof,0.0,0.0,415.0,50.36703,8.7417,False
2025-07-03 01:00:00+00:00,Kurpark - Eingang Sprudelhof,1.0,4.03,415.0,50.36703,8.7417,False
2025-07-03 02:00:00+00:00,Kurpark - Eingang Sprudelhof,4.0,2.665,415.0,50.36703,8.7417,False
2025-07-03 03:00:00+00:00,Kurpark - Eingang Sprudelhof,10.0,7.055,415.0,50.36703,8.7417,False
2025-07-03 04:00:00+00:00,Kurpark - Eingang Sprudelhof,10.0,3.8,415.0,50.36703,8.7417,False
2025-07-03 05:00:00+00:00,Kurpark - Eingang Sprudelhof,15.0,7.4,415.0,50.36703,8.7417,False
2025-07-03 06:00:00+00:00,Kurpark - Eingang Sprudelhof,28.0,12.3,415.0,50.36703,8.7417,False
2025-07-03 07:00:00+00:00,Kurpark - Eingang Sprudelhof,75.5,16.81,415.0,50.36703,8.7417,False
2025-07-03 08:00:00+00:00,Kurpark - Eingang Sprudelhof,79.0,18.42,415.0,50.36703,8.7417,False
2025-07-03 09:00:00+00:00,Kurpark - Eingang Sprudelhof,52.5,15.030000000000001,415.0,50.36703,8.7417,False
2025-07-03 10:00:00+00:00,Kurpark - Eingang Sprudelhof,137.5,15.855,415.0,50.36703,8.7417,False
2025-07-03 11:00:00+00:00,Kurpark - Eingang Sprudelhof,97.5,15.809999999999999,415.0,50.36703,8.7417,False
2025-07-03 12:00:00+00:00,Kurpark - Eingang Sprudelhof,82.0,16.04,415.0,50.36703,8.7417,False
2025-07-03 13:00:00+00:00,Kurpark - Eingang Sprudelhof,123.0,21.045,415.0,50.36703,8.7417,False
2025-07-03 14:00:00+00:00,Kurpark - Eingang Sprudelhof,134.0,16.155,415.0,50.36703,8.7417,False
2025-07-03 15:00:00+00:00,Kurpark - Eingang Sprudelhof,123.0,13.06,415.0,50.36703,8.7417,False
2025-07-03 16:00:00+00:00,Kurpark - Eingang Sprudelhof,57.5,10.615,415.0,50.36703,8.7417,False
2025-07-03 17:00:00+00:00,Kurpark - Eingang Sprudelhof,40.5,12.565,415.0,50.36703,8.7417,False
2025-07-03 18:00:00+00:00,Kurpark - Eingang Sprudelhof,28.0,9.09,415.0,50.36703,8.7417,False
2025-07-03 19:00:00+00:00,Kurpark - Eingang Sprudelhof,14.5,6.8549999999999995,415.0,50.36703,8.7417,False
2025-07-03 20:00:00+00:00,Kurpark - Eingang Sprudelhof,,,415.0,50.36703,8.7417,True
2025-07-03 21:00:00+00:00,Kurpark - Eingang Sprudelhof,,,415.0,50.36703,8.7417,True
2025-07-03 22:00:00+00:00,Kurpark - Eingang Sprudelhof,,,415.0,50.36703,8.7417,True
2025-07-03 23:00:00+00:00,Kurpark - Eingang Sprudelhof,8.0,5.115,415.0,50.36703,8.7417,False
2025-07-04 00:00:00+00:00,Kurpark - Eingang Sprudelhof,2.0,4.91,415.0,50.36703,8.7417,False
2025-07-04 01:00:00+00:00,Kurpark - Eingang Sprudelhof,1.0,2.455,415.0,50.36703,8.7417,True
2025-07-04 02:00:00+00:00,Kurpark - Eingang Sprudelhof,0.0,0.0,415.0,50.36703,8.7417,False
2025-07-04 03:00:00+00:00,Kurpark - Eingang Sprudelhof,11.0,28.68,415.0,50.36703,8.7417,False
2025-07-04 04:00:00+00:00,Kurpark - Eingang Sprudelhof,16.5,9.48,415.0,50.36703,8.7417,False
2025-07-04 05:00:00+00:00,Kurpark - Eingang Sprudelhof,26.0,4.735,415.0,50.36703,8.7417,False
2025-07-04 06:00:00+00:00,Kurpark - Eingang Sprudelhof,22.0,9.835,415.0,50.36703,8.7417,False
2025-07-04 07:00:00+00:00,Kurpark - Eingang Sprudelhof,55.5,15.335,415.0,50.36703,8.7417,False
2025-07-04 08:00:00+00:00,Kurpark - Eingang Sprudelhof,105.0,18.634999999999998,415.0,50.36703,8.7417,False
2025-07-04 09:00:00+00:00,Kurpark - Eingang Sprudelhof,99.5,12.745000000000001,415.0,50.36703,8.7417,False
2025-07-04 10:00:00+00:00,Kurpark - Eingang Sprudelhof,109.0,12.885000000000002,415.0,50.36703,8.7417,False
2025-07-04 11:00:00+00:00,Kurpark - Eingang Sprudelhof,106.0,18.355,415.0,50.36703,8.7417,False
2025-07-04 12:00:00+00:00,Kurpark - Eingang Sprudelhof,130.0,17.02,415.0,50.36703,8.7417,False
2025-07-04 13:00:00+00:00,Kurpark - Eingang Sprudelhof,74.0,4.95,415.0,50.36703,8.7417,False
2025-07-04 14:00:00+00:00,Kurpark - Eingang Sprudelhof,54.0,11.535,415.0,50.36703,8.7417,False
2025-07-04 15:00:00+00:00,Kurpark - Eingang Sprudelhof,150.5,12.92,415.0,50.36703,8.7417,False
2025-07-04 16:00:00+00:00,Kurpark - Eingang Sprudelhof,79.0,12.46,415.0,50.36703,8.7417,False
2025-07-04 17:00:00+00:00,Kurpark - Eingang Sprudelhof,39.0,9.67,415.0,50.36703,8.7417,False
2025-07-04 18:00:00+00:00,Kurpark - Eingang Sprudelhof,36.0,11.12,415.0,50.36703,8.7417,False
2025-07-04 19:00:00+00:00,Kurpark - Eingang Sprudelhof,23.0,7.62,415.0,50.36703,8.7417,False
2025-07-04 20:00:00+00:00,Kurpark - Eingang Sprudelhof,11.5,7.715,415.0,50.36703,8.7417,False
2025-07-04 21:00:00+00:00,Kurpark - Eingang Sprudelhof,1.0,0.55,415.0,50.36703,8.7417,False
2025-07-04 22:00:00+00:00,Kurpark - Eingang Sprudelhof,4.0,4.05,415.0,50.36703,8.7417,False
2025-07-04 23:00:00+00:00,Kurpark - Eingang Sprudelhof,1.0,20.05,415.0,50.36703,8.7417,False
2025-07-05 00:00:00+00:00,Kurpark - Eingang Sprudelhof,1.0,0.22,415.0,50.36703,8.7417,False
2025-07-05 01:00:00+00:00,Kurpark - Eingang Sprudelhof,3.0,5.25,415.0,50.36703,8.7417,False
2025-07-05 02:00:00+00:00,Kurpark - Eingang Sprudelhof,1.0,0.22,415.0,50.36703,8.7417,False
2025-07-05 03:00:00+00:00,Kurpark - Eingang Sprudelhof,4.0,8.34,415.0,50.36703,8.7417,False
2025-07-05 04:00:00+00:00,Kurpark - Eingang Sprudelhof,1.0,0.63,415.0,50.36703,8.7417,False
2025-07-05 05:00:00+00:00,Kurpark - Eingang Sprudelhof,11.0,8.08,415.0,50.36703,8.7417,False
2025-07-05 06:00:00+00:00,Kurpark - Eingang Sprudelhof,36.0,5.23,415.0,50.36703,8.7417,False
2025-07-05 07:00:00+00:00,Kurpark - Eingang Sprudelhof,18.0,2.615,415.0,50.36703,8.7417,True
2025-07-05 08:00:00+00:00,Kurpark - Eingang Sprudelhof,0.0,0.0,415.0,50.36703,8.7417,False
2025-07-05 09:00:00+00:00,Kurpark - Eingang Sprudelhof,120.5,12.879999999999999,415.0,50.36703,8.7417,False
2025-07-05 10:00:00+00:00,Kurpark - Eingang Sprudelhof,180.5,12.76,415.0,50.36703,8.7417,False
2025-07-05 11:00:00+00:00,Kurpark - Eingang Sprudelhof,173.5,18.4,415.0,50.36703,8.7417,False
2025-07-05 12:00:00+00:00,Kurpark - Eingang Sprudelhof,184.5,17.765,415.0,50.36703,8.7417,False
2025-07-05 13:00:00+00:00,Kurpark - Eingang Sprudelhof,154.0,13.48,415.0,50.36703,8.7417,False
2025-07-05 14:00:00+00:00,Kurpark - Eingang Sprudelhof,133.66666666666666,13.123333333333333,415.0,50.36703,8.7417,True
2025-07-05 15:00:00+00:00,Kurpark - Eingang Sprudelhof,113.33333333333334,12.766666666666667,415.0,50.36703,8.7417,True
2025-07-05 16:00:00+00:00,Kurpark - Eingang Sprudelhof,93.0,12.41,415.0,50.36703,8.7417,False
2025-07-05 17:00:00+00:00,Kurpark - Eingang Sprudelhof,128.0,11.95,415.0,50.36703,8.7417,False
2025-07-05 18:00:00+00:00,Kurpark - Eingang Sprudelhof,51.0,11.28,415.0,50.36703,8.7417,False
2025-07-05 19:00:00+00:00,Kurpark - Eingang Sprudelhof,39.5,15.645,415.0,50.36703,8.7417,True
2025-07-05 20:00:00+00:00,Kurpark - Eingang Sprudelhof,28.0,20.01,415.0,50.36703,8.7417,False
2025-07-05 21:00:00+00:00,Kurpark - Eingang Sprudelhof,16.0,7.36,415.0,50.36703,8.7417,False
2025-07-05 22:00:00+00:00,Kurpark - Eingang Sprudelhof,11.5,5.2,415.0,50.36703,8.7417,True
2025-07-05 23:00:00+00:00,Kurpark - Eingang Sprudelhof,7.0,3.04,415.0,50.36703,8.7417,False
2025-07-06 00:00:00+00:00,Kurpark - Eingang Sprudelhof,4.666666666666666,2.0266666666666664,415.0,50.36703,8.7417,True
2025-07-06 01:00:00+00:00,Kurpark - Eingang Sprudelhof,2.333333333333333,1.0133333333333332,415.0,50.36703,8.7417,True
2025-07-06 02:00:00+00:00,Kurpark - Eingang Sprudelhof,0.0,0.0,415.0,50.36703,8.7417,False
2025-07-06 03:00:00+00:00,Kurpark - Eingang Sprudelhof,1.0,0.25,415.0,50.36703,8.7417,False
2025-07-06 04:00:00+00:00,Kurpark - Eingang Sprudelhof,3.5,1.5825,415.0,50.36703,8.7417,True
2025-07-06 05:00:00+00:00,Kurpark - Eingang Sprudelhof,6.0,2.915,415.0,50.36703,8.7417,False
2025-07-06 06:00:00+00:00,Kurpark - Eingang Sprudelhof,18.0,11.67,415.0,50.36703,8.7417,False
2025-07-06 07:00:00+00:00,Kurpark - Eingang Sprudelhof,56.5,13.76,415.0,50.36703,8.7417,False
2025-07-06 08:00:00+00:00,Kurpark - Eingang Sprudelhof,151.0,21.81,415.0,50.36703,8.7417,False
2025-07-06 09:00:00+00:00,Kurpark - Eingang Sprudelhof,202.0,12.765,415.0,50.36703,8.7417,False
2025-07-06 10:00:00+00:00,Kurpark - Eingang Sprudelhof,175.5,15.09,415.0,50.36703,8.7417,False
2025-07-06 11:00:00+00:00,Kurpark - Eingang Sprudelhof,128.0,10.94,415.0,50.36703,8.7417,False
2025-07-06 12:00:00+00:00,Kurpark - Eingang Sprudelhof,149.0,15.2,415.0,50.36703,8.7417,False
2025-07-06 13:00:00+00:00,Kurpark - Eingang Sprudelhof,141.0,13.58,415.0,50.36703,8.7417,False
2025-07-06 14:00:00+00:00,Kurpark - Eingang Sprudelhof,121.0,12.25,415.0,50.36703,8.7417,False
2025-07-06 15:00:00+00:00,Kurpark - Eingang Sprudelhof,61.5,7.395,415.0,50.36703,8.7417,False
2025-07-06 16:00:00+00:00,Kurpark - Eingang Sprudelhof,39.0,7.28,415.0,50.36703,8.7417,False
2025-07-06 17:00:00+00:00,Kurpark - Eingang Sprudelhof,21.0,3.73,415.0,50.36703,8.7417,False
2025-07-06 18:00:00+00:00,Kurpark - Eingang Sprudelhof,11.5,4.07,415.0,50.36703,8.7417,False
2025-07-06 19:00:00+00:00,Kurpark - Eingang Sprudelhof,16.5,17.095,415.0,50.36703,8.7417,False
2025-07-06 20:00:00+00:00,Kurpark - Eingang Sprudelhof,8.25,8.5475,415.0,50.36703,8.7417,True
2025-07-06 21:00:00+00:00,Kurpark - Eingang Sprudelhof,0.0,0.0,415.0,50.36703,8.7417,False
2025-07-06 22:00:00+00:00,Kurpark - Eingang Sprudelhof,0.0,0.0,415.0,50.36703,8.7417,True
2025-07-06 23:00:00+00:00,Kurpark - Eingang Sprudelhof,0.0,0.0,415.0,50.36703,8.7417,True
2025-07-07 00:00:00+00:00,Kurpark - Eingang Sprudelhof,0.0,0.0,415.0,50.36703,8.7417,False
2025-07-07 01:00:00+00:00,Kurpark - Eingang Sprudelhof,2.0,4.13,415.0,50.36703,8.7417,False
2025-07-07 02:00:00+00:00,Kurpark - Eingang Sprudelhof,1.0,2.0,415.0,50.36703,8.7417,False
2025-07-07 03:00:00+00:00,Kurpark - Eingang Sprudelhof,3.0,10.86,415.0,50.36703,8.7417,False
2025-07-07 04:00:00+00:00,Kurpark - Eingang Sprudelhof,10.0,4.71,415.0,50.36703,8.7417,False
2025-07-07 05:00:00+00:00,Kurpark - Eingang Sprudelhof,18.0,2.27,415.0,50.36703,8.7417,False
2025-07-07 06:00:00+00:00,Kurpark - Eingang Sprudelhof,18.5,4.745,415.0,50.36703,8.7417,False
2025-07-07 07:00:00+00:00,Kurpark - Eingang Sprudelhof,34.0,13.55,415.0,50.36703,8.7417,False
2025-07-07 08:00:00+00:00,Kurpark - Eingang Sprudelhof,73.0,15.72,415.0,50.36703,8.7417,False
2025-07-07 09:00:00+00:00,Kurpark - Eingang Sprudelhof,44.5,12.605,415.0,50.36703,8.7417,False
2025-07-07 10:00:00+00:00,Kurpark - Eingang Sprudelhof,38.0,14.844999999999999,415.0,50.36703,8.7417,False
2025-07-07 11:00:00+00:00,Kurpark - Eingang Sprudelhof,33.0,12.647499999999999,415.0,50.36703,8.7417,True
2025-07-07 12:00:00+00:00,Kurpark - Eingang Sprudelhof,28.0,10.45,415.0,50.36703,8.7417,False
2025-07-07 13:00:00+00:00,Kurpark - Eingang Sprudelhof,51.0,13.44,415.0,50.36703,8.7417,False
2025-07-07 14:00:00+00:00,Kurpark - Eingang Sprudelhof,55.0,11.969999999999999,415.0,50.36703,8.7417,False
2025-07-07 15:00:00+00:00,Kurpark - Eingang Sprudelhof,44.0,15.3,415.0,50.36703,8.7417,False
2025-07-07 16:00:00+00:00,Kurpark - Eingang Sprudelhof,47.0,8.54,415.0,50.36703,8.7417,False
2025-07-07 17:00:00+00:00,Kurpark - Eingang Sprudelhof,5.0,4.87,415.0,50.36703,8.7417,False
2025-07-07 18:00:00+00:00,Kurpark - Eingang Sprudelhof,12.0,6.2250000000000005,415.0,50.36703,8.7417,False
2025-07-07 19:00:00+00:00,Kurpark - Eingang Sprudelhof,7.0,12.99,415.0,50.36703,8.7417,False
2025-07-07 20:00:00+00:00,Kurpark - Eingang Sprudelhof,,,415.0,50.36703,8.7417,True
2025-07-07 21:00:00+00:00,Kurpark - Eingang Sprudelhof,,,415.0,50.36703,8.7417,True
2025-07-07 22:00:00+00:00,Kurpark - Eingang Sprudelhof,,,415.0,50.36703,8.7417,True
2025-07-07 23:00:00+00:00,Kurpark - Eingang Sprudelhof,2.0,0.59,415.0,50.36703,8.7417,False
2025-07-08 00:00:00+00:00,Kurpark - Eingang Sprudelhof,1.3333333333333335,0.3933333333333333,415.0,50.36703,8.7417,True
2025-07-08 01:00:00+00:00,Kurpark - Eingang Sprudelhof,0.6666666666666667,0.19666666666666666,415.0,50.36703,8.7417,True
2025-07-08 02:00:00+00:00,Kurpark - Eingang Sprudelhof,0.0,0.0,415.0,50.36703,8.7417,False
2025-07-08 03:00:00+00:00,Kurpark - Eingang Sprudelhof,7.0,2.85,415.0,50.36703,8.7417,False
2025-07-08 04:00:00+00:00,Kurpark - Eingang Sprudelhof,16.5,7.1525,415.0,50.36703,8.7417,True
2025-07-08 05:00:00+00:00,Kurpark - Eingang Sprudelhof,26.0,11.455,415.0,50.36703,8.7417,False
2025-07-08 06:00:00+00:00,Kurpark - Eingang Sprudelhof,21.0,8.165,415.0,50.36703,8.7417,False
2025-07-08 07:00:00+00:00,Kurpark - Eingang Sprudelhof,35.0,9.254999999999999,415.0,50.36703,8.7417,False
2025-07-08 08:00:00+00:00,Kurpark - Eingang Sprudelhof,39.0,9.3575,415.0,50.36703,8.7417,True
2025-07-08 09:00:00+00:00,Kurpark - Eingang Sprudelhof,43.0,9.46,415.0,50.36703,8.7417,False
2025-07-08 10:00:00+00:00,Kurpark - Eingang Sprudelhof,53.5,11.23,415.0,50.36703,8.7417,False
2025-07-08 11:00:00+00:00,Kurpark - Eingang Sprudelhof,56.5,19.165,415.0,50.36703,8.7417,False
2025-07-08 12:00:00+00:00,Kurpark - Eingang Sprudelhof,93.0,14.28,415.0,50.36703,8.7417,False
2025-07-08 13:00:00+00:00,Kurpark - Eingang Sprudelhof,110.0,13.28,415.0,50.36703,8.7417,False
2025-07-08 14:00:00+00:00,Kurpark - Eingang Sprudelhof,,,415.0,50.36703,8.7417,True
2025-07-08 15:00:00+00:00,Kurpark - Eingang Sprudelhof,,,415.0,50.36703,8.7417,True
2025-07-08 16:00:00+00:00,Kurpark - Eingang Sprudelhof,,,415.0,50.36703,8.7417,True
2025-07-08 17:00:00+00:00,Kurpark - Eingang Sprudelhof,,,415.0,50.36703,8.7417,True
2025-07-08 18:00:00+00:00,Kurpark - Eingang Sprudelhof,,,415.0,50.36703,8.7417,True
2025-07-08 19:00:00+00:00,Kurpark - Eingang Sprudelhof,,,415.0,50.36703,8.7417,True
2025-07-08 20:00:00+00:00,Kurpark - Eingang Sprudelhof,,,415.0,50.36703,8.7417,True
2025-07-08 21:00:00+00:00,Kurpark - Eingang Sprudelhof,,,415.0,50.36703,8.7417,True
2025-07-08 22:00:00+00:00,Kurpark - Eingang Sprudelhof,,,415.0,50.36703,8.7417,True
2025-07-08 23:00:00+00:00,Kurpark - Eingang Sprudelhof,,,415.0,50.36703,8.7417,True
2025-07-09 00:00:00+00:00,Kurpark - Eingang Sprudelhof,,,415.0,50.36703,8.7417,True
2025-07-09 01:00:00+00:00,Kurpark - Eingang Sprudelhof,,,415.0,50.36703,8.7417,True
2025-07-09 02:00:00+00:00,Kurpark - Eingang Sprudelhof,,,415.0,50.36703,8.7417,True
2025-07-09 03:00:00+00:00,Kurpark - Eingang Sprudelhof,,,415.0,50.36703,8.7417,True
2025-07-09 04:00:00+00:00,Kurpark - Eingang Sprudelhof,,,415.0,50.36703,8.7417,True
2025-07-09 05:00:00+00:00,Kurpark - Eingang Sprudelhof,,,415.0,50.36703,8.7417,True
2025-07-09 06:00:00+00:00,Kurpark - Eingang Sprudelhof,,,415.0,50.36703,8.7417,True
2025-07-09 07:00:00+00:00,Kurpark - Eingang Sprudelhof,36.5,12.379999999999999,415.0,50.36703,8.7417,False
2025-07-09 08:00:00+00:00,Kurpark - Eingang Sprudelhof,46.0,12.49,415.0,50.36703,8.7417,False
2025-07-09 09:00:00+00:00,Kurpark - Eingang Sprudelhof,69.0,12.5,415.0,50.36703,8.7417,False
2025-07-09 10:00:00+00:00,Kurpark - Eingang Sprudelhof,77.0,14.15,415.0,50.36703,8.7417,False
2025-07-09 11:00:00+00:00,Kurpark - Eingang Sprudelhof,79.0,15.37,415.0,50.36703,8.7417,False
2025-07-09 12:00:00+00:00,Kurpark - Eingang Sprudelhof,105.0,9.36,415.0,50.36703,8.7417,False
2025-07-09 13:00:00+00:00,Kurpark - Eingang Sprudelhof,123.75,12.309999999999999,415.0,50.36703,8.7417,True
2025-07-09 14:00:00+00:00,Kurpark - Eingang Sprudelhof,142.5,15.26,415.0,50.36703,8.7417,False
2025-07-09 15:00:00+00:00,Kurpark - Eingang Sprudelhof,92.0,10.925,415.0,50.36703,8.7417,False
2025-07-09 16:00:00+00:00,Kurpark - Eingang Sprudelhof,81.0,14.01,415.0,50.36703,8.7417,False
2025-07-09 17:00:00+00:00,Kurpark - Eingang Sprudelhof,35.0,13.89,415.0,50.36703,8.7417,False
2025-07-09 18:00:00+00:00,Kurpark - Eingang Sprudelhof,27.0,13.42,415.0,50.36703,8.7417,False
2025-07-09 19:00:00+00:00,Kurpark - Eingang Sprudelhof,15.0,16.745,415.0,50.36703,8.7417,False
2025-07-09 20:00:00+00:00,Kurpark - Eingang Sprudelhof,8.0,3.145,415.0,50.36703,8.7417,False
2025-07-09 21:00:00+00:00,Kurpark - Eingang Sprudelhof,,,415.0,50.36703,8.7417,True
2025-07-09 22:00:00+00:00,Kurpark - Eingang Sprudelhof,,,415.0,50.36703,8.7417,True
2025-07-09 23:00:00+00:00,Kurpark - Eingang Sprudelhof,,,415.0,50.36703,8.7417,True
2025-07-10 00:00:00+00:00,Kurpark - Eingang Sprudelhof,,,415.0,50.36703,8.7417,True
2025-07-10 01:00:00+00:00,Kurpark - Eingang Sprudelhof,,,415.0,50.36703,8.7417,True
2025-07-10 02:00:00+00:00,Kurpark - Eingang Sprudelhof,,,415.0,50.36703,8.7417,True
2025-07-10 03:00:00+00:00,Kurpark - Eingang Sprudelhof,,,415.0,50.36703,8.7417,True
2025-07-10 04:00:00+00:00,Kurpark - Eingang Sprudelhof,,,415.0,50.36703,8.7417,True
2025-07-10 05:00:00+00:00,Kurpark - Eingang Sprudelhof,,,415.0,50.36703,8.7417,True
2025-07-10 06:00:00+00:00,Kurpark - Eingang Sprudelhof,,,415.0,50.36703,8.7417,True
2025-07-10 07:00:00+00:00,Kurpark - Eingang Sprudelhof,53.5,17.384999999999998,415.0,50.36703,8.7417,False
2025-07-10 08:00:00+00:00,Kurpark - Eingang Sprudelhof,80.0,16.145,415.0,50.36703,8.7417,False
2025-07-10 09:00:00+00:00,Kurpark - Eingang Sprudelhof,94.5,14.23,415.0,50.36703,8.7417,False
2025-07-10 10:00:00+00:00,Kurpark - Eingang Sprudelhof,104.5,16.425,415.0,50.36703,8.7417,False
2025-07-10 11:00:00+00:00,Kurpark - Eingang Sprudelhof,121.5,14.855,415.0,50.36703,8.7417,False
2025-07-10 12:00:00+00:00,Kurpark - Eingang Sprudelhof,91.0,10.495,415.0,50.36703,8.7417,False
2025-07-10 13:00:00+00:00,Kurpark - Eingang Sprudelhof,157.0,18.835,415.0,50.36703,8.7417,False
2025-07-10 14:00:00+00:00,Kurpark - Eingang Sprudelhof,170.5,17.29,415.0,50.36703,8.7417,False
2025-07-10 15:00:00+00:00,Kurpark - Eingang Sprudelhof,87.0,12.285,415.0,50.36703,8.7417,False
2025-07-10 16:00:00+00:00,Kurpark - Eingang Sprudelhof,52.0,6.37,415.0,50.36703,8.7417,False
2025-07-10 17:00:00+00:00,Kurpark - Eingang Sprudelhof,39.0,8.82,415.0,50.36703,8.7417,False
2025-07-10 18:00:00+00:00,Kurpark - Eingang Sprudelhof,22.0,16.4,415.0,50.36703,8.7417,False
2025-07-10 19:00:00+00:00,Kurpark - Eingang Sprudelhof,19.0,8.055,415.0,50.36703,8.7417,False
2025-07-10 20:00:00+00:00,Kurpark - Eingang Sprudelhof,16.0,6.77,415.0,50.36703,8.7417,False
2025-07-10 21:00:00+00:00,Kurpark - Eingang Sprudelhof,2.0,4.97,415.0,50.36703,8.7417,False
2025-07-10 22:00:00+00:00,Kurpark - Eingang Sprudelhof,1.5,2.82,415.0,50.36703,8.7417,True
2025-07-10 23:00:00+00:00,Kurpark - Eingang Sprudelhof,1.0,0.67,415.0,50.36703,8.7417,False
2025-07-11 00:00:00+00:00,Kurpark - Eingang Sprudelhof,0.5,0.335,415.0,50.36703,8.7417,True
2025-07-11 01:00:00+00:00,Kurpark - Eingang Sprudelhof,0.0,0.0,415.0,50.36703,8.7417,False
2025-07-11 02:00:00+00:00,Kurpark - Eingang Sprudelhof,2.0,18.065,415.0,50.36703,8.7417,False
2025-07-11 03:00:00+00:00,Kurpark - Eingang Sprudelhof,9.0,7.44,415.0,50.36703,8.7417,False
2025-07-11 04:00:00+00:00,Kurpark - Eingang Sprudelhof,7.0,3.515,415.0,50.36703,8.7417,False
2025-07-11 05:00:00+00:00,Kurpark - Eingang Sprudelhof,7.0,4.785,415.0,50.36703,8.7417,False
2025-07-11 06:00:00+00:00,Kurpark - Eingang Sprudelhof,22.5,9.68,415.0,50.36703,8.7417,False
2025-07-11 07:00:00+00:00,Kurpark - Eingang Sprudelhof,,,415.0,50.36703,8.7417,True
2025-07-11 08:00:00+00:00,Kurpark - Eingang Sprudelhof,,,415.0,50.36703,8.7417,True
2025-07-11 09:00:00+00:00,Kurpark - Eingang Sprudelhof,,,415.0,50.36703,8.7417,True
2025-07-11 10:00:00+00:00,Kurpark - Eingang Sprudelhof,,,415.0,50.36703,8.7417,True
2025-07-11 11:00:00+00:00,Kurpark - Eingang Sprudelhof,,,415.0,50.36703,8.7417,True
2025-07-11 12:00:00+00:00,Kurpark - Eingang Sprudelhof,,,415.0,50.36703,8.7417,True
2025-07-11 13:00:00+00:00,Kurpark - Eingang Sprudelhof,,,415.0,50.36703,8.7417,True
2025-07-11 14:00:00+00:00,Kurpark - Eingang Sprudelhof,,,415.0,50.36703,8.7417,True
2025-07-11 15:00:00+00:00,Kurpark - Eingang Sprudelhof,,,415.0,50.36703,8.7417,True
2025-07-11 16:00:00+00:00,Kurpark - Eingang Sprudelhof,,,415.0,50.36703,8.7417,True
2025-07-11 17:00:00+00:00,Kurpark - Eingang Sprudelhof,46.0,8.67,415.0,50.36703,8.7417,False
2025-07-11 18:00:00+00:00,Kurpark - Eingang Sprudelhof,31.5,12.120000000000001,415.0,50.36703,8.7417,True
2025-07-11 19:00:00+00:00,Kurpark - Eingang Sprudelhof,17.0,15.57,415.0,50.36703,8.7417,False
2025-07-11 20:00:00+00:00,Kurpark - Eingang Sprudelhof,8.0,3.81,415.0,50.36703,8.7417,False
2025-07-11 21:00:00+00:00,Kurpark - Eingang Sprudelhof,4.0,1.67,415.0,50.36703,8.7417,False
2025-07-11 22:00:00+00:00,Kurpark - Eingang Sprudelhof,7.0,9.96,415.0,50.36703,8.7417,False
2025-07-11 23:00:00+00:00,Kurpark - Eingang Sprudelhof,,,415.0,50.36703,8.7417,True
2025-07-12 00:00:00+00:00,Kurpark - Eingang Sprudelhof,,,415.0,50.36703,8.7417,True
2025-07-12 01:00:00+00:00,Kurpark - Eingang Sprudelhof,,,415.0,50.36703,8.7417,True
2025-07-12 02:00:00+00:00,Kurpark - Eingang Sprudelhof,,,415.0,50.36703,8.7417,True
2025-07-12 03:00:00+00:00,Kurpark - Eingang Sprudelhof,,,415.0,50.36703,8.7417,True
2025-07-12 04:00:00+00:00,Kurpark - Eingang Sprudelhof,,,415.0,50.36703,8.7417,True
2025-07-12 05:00:00+00:00,Kurpark - Eingang Sprudelhof,,,415.0,50.36703,8.7417,True
2025-07-12 06:00:00+00:00,Kurpark - Eingang Sprudelhof,8.0,9.79,415.0,50.36703,8.7417,False
2025-07-12 07:00:00+00:00,Kurpark - Eingang Sprudelhof,65.0,23.44,415.0,50.36703,8.7417,False
2025-07-12 08:00:00+00:00,Kurpark - Eingang Sprudelhof,99.0,21.490000000000002,415.0,50.36703,8.7417,True
2025-07-12 09:00:00+00:00,Kurpark - Eingang Sprudelhof,133.0,19.54,415.0,50.36703,8.7417,True
2025-07-12 10:00:00+00:00,Kurpark - Eingang Sprudelhof,167.0,17.59,415.0,50.36703,8.7417,False
2025-07-12 11:00:00+00:00,Kurpark - Eingang Sprudelhof,153.0,20.22,415.0,50.36703,8.7417,False
2025-07-12 12:00:00+00:00,Kurpark - Eingang Sprudelhof,175.5,20.564999999999998,415.0,50.36703,8.7417,False
2025-07-12 13:00:00+00:00,Kurpark - Eingang Sprudelhof,186.5,16.14,415.0,50.36703,8.7417,False
2025-07-12 14:00:00+00:00,Kurpark - Eingang Sprudelhof,180.5,14.095,415.0,50.36703,8.7417,False
2025-07-12 15:00:00+00:00,Kurpark - Eingang Sprudelhof,132.0,13.059999999999999,415.0,50.36703,8.7417,False
2025-07-12 16:00:00+00:00,Kurpark - Eingang Sprudelhof,86.0,10.58,415.0,50.36703,8.7417,False
2025-07-12 17:00:00+00:00,Kurpark - Eingang Sprudelhof,36.0,11.05,415.0,50.36703,8.7417,False
2025-07-12 18:00:00+00:00,Kurpark - Eingang Sprudelhof,16.0,12.27,415.0,50.36703,8.7417,False
2025-07-12 19:00:00+00:00,Kurpark - Eingang Sprudelhof,23.0,7.56,415.0,50.36703,8.7417,False
2025-07-12 20:00:00+00:00,Kurpark - Eingang Sprudelhof,7.0,11.52,415.0,50.36703,8.7417,False
2025-07-12 21:00:00+00:00,Kurpark - Eingang Sprudelhof,3.0,3.955,415.0,50.36703,8.7417,False
2025-07-12 22:00:00+00:00,Kurpark - Eingang Sprudelhof,9.0,19.51,415.0,50.36703,8.7417,False
2025-07-12 23:00:00+00:00,Kurpark - Eingang Sprudelhof,3.0,1.96,415.0,50.36703,8.7417,False
2025-07-13 00:00:00+00:00,Kurpark - Eingang Sprudelhof,1.0,2.67,415.0,50.36703,8.7417,False
2025-07-13 01:00:00+00:00,Kurpark - Eingang Sprudelhof,1.0,2.85,415.0,50.36703,8.7417,False
2025-07-13 02:00:00+00:00,Kurpark - Eingang Sprudelhof,1.0,1.33,415.0,50.36703,8.7417,False
2025-07-13 03:00:00+00:00,Kurpark - Eingang Sprudelhof,3.0,11.62,415.0,50.36703,8.7417,False
2025-07-13 04:00:00+00:00,Kurpark - Eingang Sprudelhof,,,415.0,50.36703,8.7417,True
2025-07-13 05:00:00+00:00,Kurpark - Eingang Sprudelhof,,,415.0,50.36703,8.7417,True
2025-07-13 06:00:00+00:00,Kurpark - Eingang Sprudelhof,,,415.0,50.36703,8.7417,True
2025-07-13 07:00:00+00:00,Kurpark - Eingang Sprudelhof,,,415.0,50.36703,8.7417,True
2025-07-13 08:00:00+00:00,Kurpark - Eingang Sprudelhof,,,415.0,50.36703,8.7417,True
2025-07-13 09:00:00+00:00,Kurpark - Eingang Sprudelhof,,,415.0,50.36703,8.7417,True
2025-07-13 10:00:00+00:00,Kurpark - Eingang Sprudelhof,,,415.0,50.36703,8.7417,True
2025-07-13 11:00:00+00:00,Kurpark - Eingang Sprudelhof,,,415.0,50.36703,8.7417,True
2025-07-13 12:00:00+00:00,Kurpark - Eingang Sprudelhof,,,415.0,50.36703,8.7417,True
2025-07-13 13:00:00+00:00,Kurpark - Eingang Sprudelhof,,,415.0,50.36703,8.7417,True
2025-07-13 14:00:00+00:00,Kurpark - Eingang Sprudelhof,,,415.0,50.36703,8.7417,True
2025-07-13 15:00:00+00:00,Kurpark - Eingang Sprudelhof,,,415.0,50.36703,8.7417,True
2025-07-13 16:00:00+00:00,Kurpark - Eingang Sprudelhof,,,415.0,50.36703,8.7417,True
2025-07-13 17:00:00+00:00,Kurpark - Eingang Sprudelhof,,,415.0,50.36703,8.7417,True
2025-07-13 18:00:00+00:00,Kurpark - Eingang Sprudelhof,,,415.0,50.36703,8.7417,True
2025-07-13 19:00:00+00:00,Kurpark - Eingang Sprudelhof,,,415.0,50.36703,8.7417,True
2025-07-13 20:00:00+00:00,Kurpark - Eingang Sprudelhof,,,415.0,50.36703,8.7417,True
2025-07-13 21:00:00+00:00,Kurpark - Eingang Sprudelhof,0.5,0.015,415.0,50.36703,8.7417,False
2025-07-13 22:00:00+00:00,Kurpark - Eingang Sprudelhof,2.0,2.0,415.0,50.36703,8.7417,False
2025-07-13 23:00:00+00:00,Kurpark - Eingang Sprudelhof,,,415.0,50.36703,8.7417,True
2025-06-30 01:00:00+00:00,Kurpark - Großer Teich - Toilette,,,415.0,50.3713,8.73973,True
2025-06-30 02:00:00+00:00,Kurpark - Großer Teich - Toilette,0.0,0.0,415.0,50.3713,8.73973,False
2025-06-30 03:00:00+00:00,Kurpark - Großer Teich - Toilette,2.0,7.984999999999999,415.0,50.3713,8.73973,False
2025-06-30 04:00:00+00:00,Kurpark - Großer Teich - Toilette,10.0,8.15,415.0,50.3713,8.73973,False
2025-06-30 05:00:00+00:00,Kurpark - Großer Teich - Toilette,11.5,14.379999999999999,415.0,50.3713,8.73973,False
2025-06-30 06:00:00+00:00,Kurpark - Großer Teich - Toilette,29.0,8.6,415.0,50.3713,8.73973,False
2025-06-30 07:00:00+00:00,Kurpark - Großer Teich - Toilette,25.5,19.625,415.0,50.3713,8.73973,False
2025-06-30 08:00:00+00:00,Kurpark - Großer Teich - Toilette,15.75,14.4775,415.0,50.3713,8.73973,True
2025-06-30 09:00:00+00:00,Kurpark - Großer Teich - Toilette,6.0,9.33,415.0,50.3713,8.73973,False
2025-06-30 10:00:00+00:00,Kurpark - Großer Teich - Toilette,10.0,9.52,415.0,50.3713,8.73973,False
2025-06-30 11:00:00+00:00,Kurpark - Großer Teich - Toilette,10.0,14.09,415.0,50.3713,8.73973,False
2025-06-30 12:00:00+00:00,Kurpark - Großer Teich - Toilette,15.0,7.1,415.0,50.3713,8.73973,False
2025-06-30 13:00:00+00:00,Kurpark - Großer Teich - Toilette,12.0,23.21,415.0,50.3713,8.73973,False
2025-06-30 14:00:00+00:00,Kurpark - Großer Teich - Toilette,11.0,8.27,415.0,50.3713,8.73973,False
2025-06-30 15:00:00+00:00,Kurpark - Großer Teich - Toilette,13.0,25.59,415.0,50.3713,8.73973,False
2025-06-30 16:00:00+00:00,Kurpark - Großer Teich - Toilette,14.0,24.77,415.0,50.3713,8.73973,False
2025-06-30 17:00:00+00:00,Kurpark - Großer Teich - Toilette,27.0,11.24,415.0,50.3713,8.73973,False
2025-06-30 18:00:00+00:00,Kurpark - Großer Teich - Toilette,15.0,7.69,415.0,50.3713,8.73973,False
2025-06-30 19:00:00+00:00,Kurpark - Großer Teich - Toilette,12.0,6.43,415.0,50.3713,8.73973,False
2025-06-30 20:00:00+00:00,Kurpark - Großer Teich - Toilette,8.666666666666666,4.47,415.0,50.3713,8.73973,True
2025-06-30 21:00:00+00:00,Kurpark - Großer Teich - Toilette,5.333333333333333,2.51,415.0,50.3713,8.73973,True
2025-06-30 22:00:00+00:00,Kurpark - Großer Teich - Toilette,2.0,0.55,415.0,50.3713,8.73973,False
2025-06-30 23:00:00+00:00,Kurpark - Großer Teich - Toilette,3.0,5.66,415.0,50.3713,8.73973,False
2025-07-01 00:00:00+00:00,Kurpark - Großer Teich - Toilette,2.0,3.7733333333333334,415.0,50.3713,8.73973,True
2025-07-01 01:00:00+00:00,Kurpark - Großer Teich - Toilette,1.0,1.8866666666666667,415.0,50.3713,8.73973,True
2025-07-01 02:00:00+00:00,Kurpark - Großer Teich - Toilette,0.0,0.0,415.0,50.3713,8.73973,False
2025-07-01 03:00:00+00:00,Kurpark - Großer Teich - Toilette,3.5,13.395,415.0,50.3713,8.73973,False
2025-07-01 04:00:00+00:00,Kurpark - Großer Teich - Toilette,15.0,6.449999999999999,415.0,50.3713,8.73973,False
2025-07-01 05:00:00+00:00,Kurpark - Großer Teich - Toilette,5.0,6.41,415.0,50.3713,8.73973,False
2025-07-01 06:00:00+00:00,Kurpark - Großer Teich - Toilette,33.0,12.31,415.0,50.3713,8.73973,False
2025-07-01 07:00:00+00:00,Kurpark - Großer Teich - Toilette,19.0,10.17,415.0,50.3713,8.73973,False
2025-07-01 08:00:00+00:00,Kurpark - Großer Teich - Toilette,8.0,8.54,415.0,50.3713,8.73973,False
2025-07-01 09:00:00+00:00,Kurpark - Großer Teich - Toilette,11.0,10.594999999999999,415.0,50.3713,8.73973,False
2025-07-01 10:00:00+00:00,Kurpark - Großer Teich - Toilette,9.0,7.88,415.0,50.3713,8.73973,False
2025-07-01 11:00:00+00:00,Kurpark - Großer Teich - Toilette,8.0,7.895,415.0,50.3713,8.73973,False
2025-07-01 12:00:00+00:00,Kurpark - Großer Teich - Toilette,9.5,18.965000000000003,415.0,50.3713,8.73973,False
2025-07-01 13:00:00+00:00,Kurpark - Großer Teich - Toilette,9.0,25.85,415.0,50.3713,8.73973,False
2025-07-01 14:00:00+00:00,Kurpark - Großer Teich - Toilette,8.0,11.25,415.0,50.3713,8.73973,False
2025-07-01 15:00:00+00:00,Kurpark - Großer Teich - Toilette,10.0,14.295,415.0,50.3713,8.73973,False
2025-07-01 16:00:00+00:00,Kurpark - Großer Teich - Toilette,18.0,7.64,415.0,50.3713,8.73973,False
2025-07-01 17:00:00+00:00,Kurpark - Großer Teich - Toilette,13.0,8.105,415.0,50.3713,8.73973,False
2025-07-01 18:00:00+00:00,Kurpark - Großer Teich - Toilette,19.5,12.01,415.0,50.3713,8.73973,False
2025-07-01 19:00:00+00:00,Kurpark - Großer Teich - Toilette,8.0,7.470000000000001,415.0,50.3713,8.73973,False
2025-07-01 20:00:00+00:00,Kurpark - Großer Teich - Toilette,5.666666666666666,4.996666666666667,415.0,50.3713,8.73973,True
2025-07-01 21:00:00+00:00,Kurpark - Großer Teich - Toilette,3.333333333333333,2.5233333333333334,415.0,50.3713,8.73973,True
2025-07-01 22:00:00+00:00,Kurpark - Großer Teich - Toilette,1.0,0.05,415.0,50.3713,8.73973,False
2025-07-01 23:00:00+00:00,Kurpark - Großer Teich - Toilette,0.6666666666666667,0.03333333333333334,415.0,50.3713,8.73973,True
2025-07-02 00:00:00+00:00,Kurpark - Großer Teich - Toilette,0.33333333333333337,0.01666666666666667,415.0,50.3713,8.73973,True
2025-07-02 01:00:00+00:00,Kurpark - Großer Teich - Toilette,0.0,0.0,415.0,50.3713,8.73973,False
2025-07-02 02:00:00+00:00,Kurpark - Großer Teich - Toilette,1.0,25.27,415.0,50.3713,8.73973,False
2025-07-02 03:00:00+00:00,Kurpark - Großer Teich - Toilette,6.0,7.75,415.0,50.3713,8.73973,False
2025-07-02 04:00:00+00:00,Kurpark - Großer Teich - Toilette,9.0,5.845,415.0,50.3713,8.73973,False
2025-07-02 05:00:00+00:00,Kurpark - Großer Teich - Toilette,12.0,4.87,415.0,50.3713,8.73973,False
2025-07-02 06:00:00+00:00,Kurpark - Großer Teich - Toilette,21.0,7.13,415.0,50.3713,8.73973,False
2025-07-02 07:00:00+00:00,Kurpark - Großer Teich - Toilette,17.0,10.969999999999999,415.0,50.3713,8.73973,False
2025-07-02 08:00:00+00:00,Kurpark - Großer Teich - Toilette,12.0,11.5,415.0,50.3713,8.73973,False
2025-07-02 09:00:00+00:00,Kurpark - Großer Teich - Toilette,7.0,7.85,415.0,50.3713,8.73973,False
2025-07-02 10:00:00+00:00,Kurpark - Großer Teich - Toilette,6.0,7.51,415.0,50.3713,8.73973,False
2025-07-02 11:00:00+00:00,Kurpark - Großer Teich - Toilette,8.0,22.270000000000003,415.0,50.3713,8.73973,False
2025-07-02 12:00:00+00:00,Kurpark - Großer Teich - Toilette,9.0,11.72,415.0,50.3713,8.73973,False
2025-07-02 13:00:00+00:00,Kurpark - Großer Teich - Toilette,5.0,12.03,415.0,50.3713,8.73973,False
2025-07-02 14:00:00+00:00,Kurpark - Großer Teich - Toilette,2.5,8.49,415.0,50.3713,8.73973,False
2025-07-02 15:00:00+00:00,Kurpark - Großer Teich - Toilette,6.0,20.12,415.0,50.3713,8.73973,False
2025-07-02 16:00:00+00:00,Kurpark - Großer Teich - Toilette,12.0,8.03,415.0,50.3713,8.73973,False
2025-07-02 17:00:00+00:00,Kurpark - Großer Teich - Toilette,5.5,12.52,415.0,50.3713,8.73973,False
2025-07-02 18:00:00+00:00,Kurpark - Großer Teich - Toilette,10.0,13.600000000000001,415.0,50.3713,8.73973,False
2025-07-02 19:00:00+00:00,Kurpark - Großer Teich - Toilette,11.0,19.564999999999998,415.0,50.3713,8.73973,False
2025-07-02 20:00:00+00:00,Kurpark - Großer Teich - Toilette,,,415.0,50.3713,8.73973,True
2025-07-02 21:00:00+00:00,Kurpark - Großer Teich - Toilette,,,415.0,50.3713,8.73973,True
2025-07-02 22:00:00+00:00,Kurpark - Großer Teich - Toilette,,,415.0,50.3713,8.73973,True
2025-07-02 23:00:00+00:00,Kurpark - Großer Teich - Toilette,,,415.0,50.3713,8.73973,True
2025-07-03 00:00:00+00:00,Kurpark - Großer Teich - Toilette,,,415.0,50.3713,8.73973,True
2025-07-03 01:00:00+00:00,Kurpark - Großer Teich - Toilette,1.0,2.565,415.0,50.3713,8.73973,False
2025-07-03 02:00:00+00:00,Kurpark - Großer Teich - Toilette,0.0,0.0,415.0,50.3713,8.73973,False
2025-07-03 03:00:00+00:00,Kurpark - Großer Teich - Toilette,2.0,2.8,415.0,50.3713,8.73973,False
2025-07-03 04:00:00+00:00,Kurpark - Großer Teich - Toilette,11.0,6.205,415.0,50.3713,8.73973,False
2025-07-03 05:00:00+00:00,Kurpark - Großer Teich - Toilette,11.0,5.42,415.0,50.3713,8.73973,False
2025-07-03 06:00:00+00:00,Kurpark - Großer Teich - Toilette,18.0,25.99,415.0,50.3713,8.73973,False
2025-07-03 07:00:00+00:00,Kurpark - Großer Teich - Toilette,11.0,2.81,415.0,50.3713,8.73973,False
2025-07-03 08:00:00+00:00,Kurpark - Großer Teich - Toilette,21.0,7.855,415.0,50.3713,8.73973,False
2025-07-03 09:00:00+00:00,Kurpark - Großer Teich - Toilette,12.0,3.16,415.0,50.3713,8.73973,False
2025-07-03 10:00:00+00:00,Kurpark - Großer Teich - Toilette,10.0,7.04,415.0,50.3713,8.73973,False
2025-07-03 11:00:00+00:00,Kurpark - Großer Teich - Toilette,13.0,15.93,415.0,50.3713,8.73973,False
2025-07-03 12:00:00+00:00,Kurpark - Großer Teich - Toilette,23.0,11.335,415.0,50.3713,8.73973,False
2025-07-03 13:00:00+00:00,Kurpark - Großer Teich - Toilette,37.0,13.14,415.0,50.3713,8.73973,False
2025-07-03 14:00:00+00:00,Kurpark - Großer Teich - Toilette,24.0,17.965,415.0,50.3713,8.73973,False
2025-07-03 15:00:00+00:00,Kurpark - Großer Teich - Toilette,26.0,11.205,415.0,50.3713,8.73973,False
2025-07-03 16:00:00+00:00,Kurpark - Großer Teich - Toilette,32.5,20.205,415.0,50.3713,8.73973,False
2025-07-03 17:00:00+00:00,Kurpark - Großer Teich - Toilette,41.0,17.23,415.0,50.3713,8.73973,False
2025-07-03 18:00:00+00:00,Kurpark - Großer Teich - Toilette,22.0,17.47,415.0,50.3713,8.73973,False
2025-07-03 19:00:00+00:00,Kurpark - Großer Teich - Toilette,22.0,8.83,415.0,50.3713,8.73973,False
2025-07-03 20:00:00+00:00,Kurpark - Großer Teich - Toilette,3.0,7.74,415.0,50.3713,8.73973,False
2025-07-03 21:00:00+00:00,Kurpark - Großer Teich - Toilette,4.666666666666667,7.695,415.0,50.3713,8.73973,True
2025-07-03 22:00:00+00:00,Kurpark - Großer Teich - Toilette,6.333333333333334,7.65,415.0,50.3713,8.73973,True
2025-07-03 23:00:00+00:00,Kurpark - Großer Teich - Toilette,8.0,7.605,415.0,50.3713,8.73973,False
2025-07-04 00:00:00+00:00,Kurpark - Großer Teich - Toilette,5.333333333333334,5.07,415.0,50.3713,8.73973,True
2025-07-04 01:00:00+00:00,Kurpark - Großer Teich - Toilette,2.666666666666667,2.535,415.0,50.3713,8.73973,True
2025-07-04 02:00:00+00:00,Kurpark - Großer Teich - Toilette,0.0,0.0,415.0,50.3713,8.73973,False
2025-07-04 03:00:00+00:00,Kurpark - Großer Teich - Toilette,2.0,9.5,415.0,50.3713,8.73973,False
2025-07-04 04:00:00+00:00,Kurpark - Großer Teich - Toilette,9.0,8.65,415.0,50.3713,8.73973,False
2025-07-04 05:00:00+00:00,Kurpark - Großer Teich - Toilette,11.0,13.23,415.0,50.3713,8.73973,False
2025-07-04 06:00:00+00:00,Kurpark - Großer Teich - Toilette,13.0,8.77,415.0,50.3713,8.73973,False
2025-07-04 07:00:00+00:00,Kurpark - Großer Teich - Toilette,21.0,9.575,415.0,50.3713,8.73973,False
2025-07-04 08:00:00+00:00,Kurpark - Großer Teich - Toilette,16.5,7.85,415.0,50.3713,8.73973,False
2025-07-04 09:00:00+00:00,Kurpark - Großer Teich - Toilette,14.0,15.38,415.0,50.3713,8.73973,False
2025-07-04 10:00:00+00:00,Kurpark - Großer Teich - Toilette,9.0,9.74,415.0,50.3713,8.73973,False
2025-07-04 11:00:00+00:00,Kurpark - Großer Teich - Toilette,33.5,14.055,415.0,50.3713,8.73973,False
2025-07-04 12:00:00+00:00,Kurpark - Großer Teich - Toilette,18.0,12.09,415.0,50.3713,8.73973,False
2025-07-04 13:00:00+00:00,Kurpark - Großer Teich - Toilette,15.0,4.94,415.0,50.3713,8.73973,False
2025-07-04 14:00:00+00:00,Kurpark - Großer Teich - Toilette,7.0,2.7,415.0,50.3713,8.73973,False
2025-07-04 15:00:00+00:00,Kurpark - Großer Teich - Toilette,44.0,9.850000000000001,415.0,50.3713,8.73973,False
2025-07-04 16:00:00+00:00,Kurpark - Großer Teich - Toilette,43.0,16.055,415.0,50.3713,8.73973,False
2025-07-04 17:00:00+00:00,Kurpark - Großer Teich - Toilette,44.5,12.48,415.0,50.3713,8.73973,False
2025-07-04 18:00:00+00:00,Kurpark - Großer Teich - Toilette,30.5,12.04,415.0,50.3713,8.73973,False
2025-07-04 19:00:00+00:00,Kurpark - Großer Teich - Toilette,18.0,11.79,415.0,50.3713,8.73973,False
2025-07-04 20:00:00+00:00,Kurpark - Großer Teich - Toilette,5.0,9.97,415.0,50.3713,8.73973,False
2025-07-04 21:00:00+00:00,Kurpark - Großer Teich - Toilette,3.0,8.225000000000001,415.0,50.3713,8.73973,True
2025-07-04 22:00:00+00:00,Kurpark - Großer Teich - Toilette,1.0,6.48,415.0,50.3713,8.73973,False
2025-07-04 23:00:00+00:00,Kurpark - Großer Teich - Toilette,,,415.0,50.3713,8.73973,True
2025-07-05 00:00:00+00:00,Kurpark - Großer Teich - Toilette,,,415.0,50.3713,8.73973,True
2025-07-05 01:00:00+00:00,Kurpark - Großer Teich - Toilette,,,415.0,50.3713,8.73973,True
2025-07-05 02:00:00+00:00,Kurpark - Großer Teich - Toilette,,,415.0,50.3713,8.73973,True
2025-07-05 03:00:00+00:00,Kurpark - Großer Teich - Toilette,0.0,0.0,415.0,50.3713,8.73973,False
2025-07-05 04:00:00+00:00,Kurpark - Großer Teich - Toilette,4.0,5.14,415.0,50.3713,8.73973,False
2025-07-05 05:00:00+00:00,Kurpark - Großer Teich - Toilette,6.0,4.449999999999999,415.0,50.3713,8.73973,False
2025-07-05 06:00:00+00:00,Kurpark - Großer Teich - Toilette,12.0,8.705,415.0,50.3713,8.73973,False
2025-07-05 07:00:00+00:00,Kurpark - Großer Teich - Toilette,6.0,4.3525,415.0,50.3713,8.73973,True
2025-07-05 08:00:00+00:00,Kurpark - Großer Teich - Toilette,0.0,0.0,415.0,50.3713,8.73973,False
2025-07-05 09:00:00+00:00,Kurpark - Großer Teich - Toilette,28.0,5.26,415.0,50.3713,8.73973,False
2025-07-05 10:00:00+00:00,Kurpark - Großer Teich - Toilette,57.0,9.094999999999999,415.0,50.3713,8.73973,False
2025-07-05 11:00:00+00:00,Kurpark - Großer Teich - Toilette,85.5,11.815,415.0,50.3713,8.73973,False
2025-07-05 12:00:00+00:00,Kurpark - Großer Teich - Toilette,57.0,15.415000000000001,415.0,50.3713,8.73973,False
2025-07-05 13:00:00+00:00,Kurpark - Großer Teich - Toilette,59.0,10.66,415.0,50.3713,8.73973,False
2025-07-05 14:00:00+00:00,Kurpark - Großer Teich - Toilette,58.666666666666664,12.13,415.0,50.3713,8.73973,True
2025-07-05 15:00:00+00:00,Kurpark - Großer Teich - Toilette,58.333333333333336,13.6,415.0,50.3713,8.73973,True
2025-07-05 16:00:00+00:00,Kurpark - Großer Teich - Toilette,58.0,15.07,415.0,50.3713,8.73973,False
2025-07-05 17:00:00+00:00,Kurpark - Großer Teich - Toilette,45.0,11.01,415.0,50.3713,8.73973,False
2025-07-05 18:00:00+00:00,Kurpark - Großer Teich - Toilette,35.0,14.07,415.0,50.3713,8.73973,False
2025-07-05 19:00:00+00:00,Kurpark - Großer Teich - Toilette,19.5,14.925,415.0,50.3713,8.73973,True
2025-07-05 20:00:00+00:00,Kurpark - Großer Teich - Toilette,4.0,15.78,415.0,50.3713,8.73973,False
2025-07-05 21:00:00+00:00,Kurpark - Großer Teich - Toilette,1.0,10.62,415.0,50.3713,8.73973,False
2025-07-05 22:00:00+00:00,Kurpark - Großer Teich - Toilette,5.0,13.69,415.0,50.3713,8.73973,False
2025-07-05 23:00:00+00:00,Kurpark - Großer Teich - Toilette,5.0,7.95,415.0,50.3713,8.73973,False
2025-07-06 00:00:00+00:00,Kurpark - Großer Teich - Toilette,2.5,3.975,415.0,50.3713,8.73973,True
2025-07-06 01:00:00+00:00,Kurpark - Großer Teich - Toilette,0.0,0.0,415.0,50.3713,8.73973,False
2025-07-06 02:00:00+00:00,Kurpark - Großer Teich - Toilette,0.0,0.0,415.0,50.3713,8.73973,True
2025-07-06 03:00:00+00:00,Kurpark - Großer Teich - Toilette,0.0,0.0,415.0,50.3713,8.73973,False
2025-07-06 04:00:00+00:00,Kurpark - Großer Teich - Toilette,3.5,3.5575,415.0,50.3713,8.73973,True
2025-07-06 05:00:00+00:00,Kurpark - Großer Teich - Toilette,7.0,7.115,415.0,50.3713,8.73973,False
2025-07-06 06:00:00+00:00,Kurpark - Großer Teich - Toilette,17.0,6.92,415.0,50.3713,8.73973,False
2025-07-06 07:00:00+00:00,Kurpark - Großer Teich - Toilette,25.0,13.92,415.0,50.3713,8.73973,False
2025-07-06 08:00:00+00:00,Kurpark - Großer Teich - Toilette,26.0,13.69,415.0,50.3713,8.73973,False
2025-07-06 09:00:00+00:00,Kurpark - Großer Teich - Toilette,77.0,14.850000000000001,415.0,50.3713,8.73973,False
2025-07-06 10:00:00+00:00,Kurpark - Großer Teich - Toilette,42.0,9.48,415.0,50.3713,8.73973,False
2025-07-06 11:00:00+00:00,Kurpark - Großer Teich - Toilette,36.0,8.37,415.0,50.3713,8.73973,False
2025-07-06 12:00:00+00:00,Kurpark - Großer Teich - Toilette,78.0,16.16,415.0,50.3713,8.73973,False
2025-07-06 13:00:00+00:00,Kurpark - Großer Teich - Toilette,79.0,12.72,415.0,50.3713,8.73973,False
2025-07-06 14:00:00+00:00,Kurpark - Großer Teich - Toilette,52.0,11.67,415.0,50.3713,8.73973,False
2025-07-06 15:00:00+00:00,Kurpark - Großer Teich - Toilette,26.0,13.045,415.0,50.3713,8.73973,False
2025-07-06 16:00:00+00:00,Kurpark - Großer Teich - Toilette,22.0,11.9,415.0,50.3713,8.73973,False
2025-07-06 17:00:00+00:00,Kurpark - Großer Teich - Toilette,20.0,11.82,415.0,50.3713,8.73973,False
2025-07-06 18:00:00+00:00,Kurpark - Großer Teich - Toilette,12.5,10.32,415.0,50.3713,8.73973,True
2025-07-06 19:00:00+00:00,Kurpark - Großer Teich - Toilette,5.0,8.82,415.0,50.3713,8.73973,False
2025-07-06 20:00:00+00:00,Kurpark - Großer Teich - Toilette,2.5,4.41,415.0,50.3713,8.73973,True
2025-07-06 21:00:00+00:00,Kurpark - Großer Teich - Toilette,0.0,0.0,415.0,50.3713,8.73973,False
2025-07-06 22:00:00+00:00,Kurpark - Großer Teich - Toilette,1.0,0.23,415.0,50.3713,8.73973,False
2025-07-06 23:00:00+00:00,Kurpark - Großer Teich - Toilette,0.6666666666666667,0.15333333333333332,415.0,50.3713,8.73973,True
2025-07-07 00:00:00+00:00,Kurpark - Großer Teich - Toilette,0.33333333333333337,0.07666666666666666,415.0,50.3713,8.73973,True
2025-07-07 01:00:00+00:00,Kurpark - Großer Teich - Toilette,0.0,0.0,415.0,50.3713,8.73973,False
2025-07-07 02:00:00+00:00,Kurpark - Großer Teich - Toilette,0.5,0.665,415.0,50.3713,8.73973,True
2025-07-07 03:00:00+00:00,Kurpark - Großer Teich - Toilette,1.0,1.33,415.0,50.3713,8.73973,False
2025-07-07 04:00:00+00:00,Kurpark - Großer Teich - Toilette,8.0,3.01,415.0,50.3713,8.73973,False
2025-07-07 05:00:00+00:00,Kurpark - Großer Teich - Toilette,10.0,10.364999999999998,415.0,50.3713,8.73973,False
2025-07-07 06:00:00+00:00,Kurpark - Großer Teich - Toilette,8.0,13.38,415.0,50.3713,8.73973,False
2025-07-07 07:00:00+00:00,Kurpark - Großer Teich - Toilette,7.0,13.265,415.0,50.3713,8.73973,False
2025-07-07 08:00:00+00:00,Kurpark - Großer Teich - Toilette,11.0,9.41,415.0,50.3713,8.73973,False
2025-07-07 09:00:00+00:00,Kurpark - Großer Teich - Toilette,8.0,6.71,415.0,50.3713,8.73973,False
2025-07-07 10:00:00+00:00,Kurpark - Großer Teich - Toilette,4.0,11.02,415.0,50.3713,8.73973,False
2025-07-07 11:00:00+00:00,Kurpark - Großer Teich - Toilette,2.0,9.38,415.0,50.3713,8.73973,False
2025-07-07 12:00:00+00:00,Kurpark - Großer Teich - Toilette,7.0,9.48,415.0,50.3713,8.73973,False
2025-07-07 13:00:00+00:00,Kurpark - Großer Teich - Toilette,13.0,11.19,415.0,50.3713,8.73973,False
2025-07-07 14:00:00+00:00,Kurpark - Großer Teich - Toilette,14.0,9.26,415.0,50.3713,8.73973,False
2025-07-07 15:00:00+00:00,Kurpark - Großer Teich - Toilette,10.0,10.47,415.0,50.3713,8.73973,False
2025-07-07 16:00:00+00:00,Kurpark - Großer Teich - Toilette,6.0,4.69,415.0,50.3713,8.73973,False
2025-07-07 17:00:00+00:00,Kurpark - Großer Teich - Toilette,2.5,13.040000000000001,415.0,50.3713,8.73973,False
2025-07-07 18:00:00+00:00,Kurpark - Großer Teich - Toilette,4.0,7.16,415.0,50.3713,8.73973,False
2025-07-07 19:00:00+00:00,Kurpark - Großer Teich - Toilette,3.0,4.1,415.0,50.3713,8.73973,False
2025-07-07 20:00:00+00:00,Kurpark - Großer Teich - Toilette,1.5,2.05,415.0,50.3713,8.73973,True
2025-07-07 21:00:00+00:00,Kurpark - Großer Teich - Toilette,0.0,0.0,415.0,50.3713,8.73973,False
2025-07-07 22:00:00+00:00,Kurpark - Großer Teich - Toilette,3.0,4.05,415.0,50.3713,8.73973,False
2025-07-07 23:00:00+00:00,Kurpark - Großer Teich - Toilette,,,415.0,50.3713,8.73973,True
2025-07-08 00:00:00+00:00,Kurpark - Großer Teich - Toilette,,,415.0,50.3713,8.73973,True
2025-07-08 01:00:00+00:00,Kurpark - Großer Teich - Toilette,,,415.0,50.3713,8.73973,True
2025-07-08 02:00:00+00:00,Kurpark - Großer Teich - Toilette,0.0,0.0,415.0,50.3713,8.73973,False
2025-07-08 03:00:00+00:00,Kurpark - Großer Teich - Toilette,4.0,2.83,415.0,50.3713,8.73973,False
2025-07-08 04:00:00+00:00,Kurpark - Großer Teich - Toilette,7.0,6.29,415.0,50.3713,8.73973,False
2025-07-08 05:00:00+00:00,Kurpark - Großer Teich - Toilette,8.0,5.05,415.0,50.3713,8.73973,False
2025-07-08 06:00:00+00:00,Kurpark - Großer Teich - Toilette,9.0,3.75,415.0,50.3713,8.73973,False
2025-07-08 07:00:00+00:00,Kurpark - Großer Teich - Toilette,13.0,6.59,415.0,50.3713,8.73973,False
2025-07-08 08:00:00+00:00,Kurpark - Großer Teich - Toilette,15.0,7.5,415.0,50.3713,8.73973,True
2025-07-08 09:00:00+00:00,Kurpark - Großer Teich - Toilette,17.0,8.41,415.0,50.3713,8.73973,False
2025-07-08 10:00:00+00:00,Kurpark - Großer Teich - Toilette,17.0,13.45,415.0,50.3713,8.73973,False
2025-07-08 11:00:00+00:00,Kurpark - Großer Teich - Toilette,19.5,8.91,415.0,50.3713,8.73973,False
2025-07-08 12:00:00+00:00,Kurpark - Großer Teich - Toilette,22.0,18.45,415.0,50.3713,8.73973,False
2025-07-08 13:00:00+00:00,Kurpark - Großer Teich - Toilette,33.0,16.44,415.0,50.3713,8.73973,False
2025-07-08 14:00:00+00:00,Kurpark - Großer Teich - Toilette,,,415.0,50.3713,8.73973,True
2025-07-08 15:00:00+00:00,Kurpark - Großer Teich - Toilette,,,415.0,50.3713,8.73973,True
2025-07-08 16:00:00+00:00,Kurpark - Großer Teich - Toilette,,,415.0,50.3713,8.73973,True
2025-07-08 17:00:00+00:00,Kurpark - Großer Teich - Toilette,,,415.0,50.3713,8.73973,True
2025-07-08 18:00:00+00:00,Kurpark - Großer Teich - Toilette,,,415.0,50.3713,8.73973,True
2025-07-08 19:00:00+00:00,Kurpark - Großer Teich - Toilette,,,415.0,50.3713,8.73973,True
2025-07-08 20:00:00+00:00,Kurpark - Großer Teich - Toilette,,,415.0,50.3713,8.73973,True
2025-07-08 21:00:00+00:00,Kurpark - Großer Teich - Toilette,,,415.0,50.3713,8.73973,True
2025-07-08 22:00:00+00:00,Kurpark - Großer Teich - Toilette,,,415.0,50.3713,8.73973,True
2025-07-08 23:00:00+00:00,Kurpark - Großer Teich - Toilette,,,415.0,50.3713,8.73973,True
2025-07-09 00:00:00+00:00,Kurpark - Großer Teich - Toilette,,,415.0,50.3713,8.73973,True
2025-07-09 01:00:00+00:00,Kurpark - Großer Teich - Toilette,,,415.0,50.3713,8.73973,True
2025-07-09 02:00:00+00:00,Kurpark - Großer Teich - Toilette,,,415.0,50.3713,8.73973,True
2025-07-09 03:00:00+00:00,Kurpark - Großer Teich - Toilette,,,415.0,50.3713,8.73973,True
2025-07-09 04:00:00+00:00,Kurpark - Großer Teich - Toilette,,,415.0,50.3713,8.73973,True
2025-07-09 05:00:00+00:00,Kurpark - Großer Teich - Toilette,,,415.0,50.3713,8.73973,True
2025-07-09 06:00:00+00:00,Kurpark - Großer Teich - Toilette,,,415.0,50.3713,8.73973,True
2025-07-09 07:00:00+00:00,Kurpark - Großer Teich - Toilette,16.0,12.97,415.0,50.3713,8.73973,False
2025-07-09 08:00:00+00:00,Kurpark - Großer Teich - Toilette,24.0,8.48,415.0,50.3713,8.73973,False
2025-07-09 09:00:00+00:00,Kurpark - Großer Teich - Toilette,20.0,12.31,415.0,50.3713,8.73973,False
2025-07-09 10:00:00+00:00,Kurpark - Großer Teich - Toilette,47.0,15.485,415.0,50.3713,8.73973,False
2025-07-09 11:00:00+00:00,Kurpark - Großer Teich - Toilette,47.333333333333336,14.456666666666667,415.0,50.3713,8.73973,True
2025-07-09 12:00:00+00:00,Kurpark - Großer Teich - Toilette,47.666666666666664,13.428333333333333,415.0,50.3713,8.73973,True
2025-07-09 13:00:00+00:00,Kurpark - Großer Teich - Toilette,48.0,12.4,415.0,50.3713,8.73973,False
2025-07-09 14:00:00+00:00,Kurpark - Großer Teich - Toilette,35.0,12.350000000000001,415.0,50.3713,8.73973,False
2025-07-09 15:00:00+00:00,Kurpark - Großer Teich - Toilette,59.5,13.29,415.0,50.3713,8.73973,False
2025-07-09 16:00:00+00:00,Kurpark - Großer Teich - Toilette,38.0,15.93,415.0,50.3713,8.73973,False
2025-07-09 17:00:00+00:00,Kurpark - Großer Teich - Toilette,14.5,10.515,415.0,50.3713,8.73973,False
2025-07-09 18:00:00+00:00,Kurpark - Großer Teich - Toilette,17.5,18.740000000000002,415.0,50.3713,8.73973,False
2025-07-09 19:00:00+00:00,Kurpark - Großer Teich - Toilette,20.0,21.39,415.0,50.3713,8.73973,False
2025-07-09 20:00:00+00:00,Kurpark - Großer Teich - Toilette,10.0,10.695,415.0,50.3713,8.73973,True
2025-07-09 21:00:00+00:00,Kurpark - Großer Teich - Toilette,0.0,0.0,415.0,50.3713,8.73973,False
2025-07-09 22:00:00+00:00,Kurpark - Großer Teich - Toilette,,,415.0,50.3713,8.73973,True
2025-07-09 23:00:00+00:00,Kurpark - Großer Teich - Toilette,,,415.0,50.3713,8.73973,True
2025-07-10 00:00:00+00:00,Kurpark - Großer Teich - Toilette,,,415.0,50.3713,8.73973,True
2025-07-10 01:00:00+00:00,Kurpark - Großer Teich - Toilette,,,415.0,50.3713,8.73973,True
2025-07-10 02:00:00+00:00,Kurpark - Großer Teich - Toilette,,,415.0,50.3713,8.73973,True
2025-07-10 03:00:00+00:00,Kurpark - Großer Teich - Toilette,,,415.0,50.3713,8.73973,True
2025-07-10 04:00:00+00:00,Kurpark - Großer Teich - Toilette,,,415.0,50.3713,8.73973,True
2025-07-10 05:00:00+00:00,Kurpark - Großer Teich - Toilette,,,415.0,50.3713,8.73973,True
2025-07-10 06:00:00+00:00,Kurpark - Großer Teich - Toilette,,,415.0,50.3713,8.73973,True
2025-07-10 07:00:00+00:00,Kurpark - Großer Teich - Toilette,15.0,5.93,415.0,50.3713,8.73973,False
2025-07-10 08:00:00+00:00,Kurpark - Großer Teich - Toilette,22.0,15.05,415.0,50.3713,8.73973,False
2025-07-10 09:00:00+00:00,Kurpark - Großer Teich - Toilette,22.0,10.120000000000001,415.0,50.3713,8.73973,False
2025-07-10 10:00:00+00:00,Kurpark - Großer Teich - Toilette,33.0,15.16,415.0,50.3713,8.73973,False
2025-07-10 11:00:00+00:00,Kurpark - Großer Teich - Toilette,45.0,12.1,415.0,50.3713,8.73973,False
2025-07-10 12:00:00+00:00,Kurpark - Großer Teich - Toilette,29.0,9.52,415.0,50.3713,8.73973,False
2025-07-10 13:00:00+00:00,Kurpark - Großer Teich - Toilette,44.0,15.32,415.0,50.3713,8.73973,False
2025-07-10 14:00:00+00:00,Kurpark - Großer Teich - Toilette,43.0,13.85,415.0,50.3713,8.73973,False
2025-07-10 15:00:00+00:00,Kurpark - Großer Teich - Toilette,26.0,10.39,415.0,50.3713,8.73973,False
2025-07-10 16:00:00+00:00,Kurpark - Großer Teich - Toilette,28.5,17.97,415.0,50.3713,8.73973,False
2025-07-10 17:00:00+00:00,Kurpark - Großer Teich - Toilette,30.0,20.83,415.0,50.3713,8.73973,False
2025-07-10 18:00:00+00:00,Kurpark - Großer Teich - Toilette,23.5,14.3,415.0,50.3713,8.73973,False
2025-07-10 19:00:00+00:00,Kurpark - Großer Teich - Toilette,8.0,11.399999999999999,415.0,50.3713,8.73973,False
2025-07-10 20:00:00+00:00,Kurpark - Großer Teich - Toilette,12.0,9.56,415.0,50.3713,8.73973,False
2025-07-10 21:00:00+00:00,Kurpark - Großer Teich - Toilette,1.0,2.57,415.0,50.3713,8.73973,False
2025-07-10 22:00:00+00:00,Kurpark - Großer Teich - Toilette,0.5,1.285,415.0,50.3713,8.73973,True
2025-07-10 23:00:00+00:00,Kurpark - Großer Teich - Toilette,0.0,0.0,415.0,50.3713,8.73973,False
2025-07-11 00:00:00+00:00,Kurpark - Großer Teich - Toilette,0.0,0.0,415.0,50.3713,8.73973,True
2025-07-11 01:00:00+00:00,Kurpark - Großer Teich - Toilette,0.0,0.0,415.0,50.3713,8.73973,False
2025-07-11 02:00:00+00:00,Kurpark - Großer Teich - Toilette,2.0,13.525,415.0,50.3713,8.73973,False
2025-07-11 03:00:00+00:00,Kurpark - Großer Teich - Toilette,3.0,9.03,415.0,50.3713,8.73973,False
2025-07-11 04:00:00+00:00,Kurpark - Großer Teich - Toilette,9.0,6.35,415.0,50.3713,8.73973,False
2025-07-11 05:00:00+00:00,Kurpark - Großer Teich - Toilette,8.0,7.62,415.0,50.3713,8.73973,False
2025-07-11 06:00:00+00:00,Kurpark - Großer Teich - Toilette,9.0,6.07,415.0,50.3713,8.73973,False
2025-07-11 07:00:00+00:00,Kurpark - Großer Teich - Toilette,,,415.0,50.3713,8.73973,True
2025-07-11 08:00:00+00:00,Kurpark - Großer Teich - Toilette,,,415.0,50.3713,8.73973,True
2025-07-11 09:00:00+00:00,Kurpark - Großer Teich - Toilette,,,415.0,50.3713,8.73973,True
2025-07-11 10:00:00+00:00,Kurpark - Großer Teich - Toilette,,,415.0,50.3713,8.73973,True
2025-07-11 11:00:00+00:00,Kurpark - Großer Teich - Toilette,,,415.0,50.3713,8.73973,True
2025-07-11 12:00:00+00:00,Kurpark - Großer Teich - Toilette,,,415.0,50.3713,8.73973,True
2025-07-11 13:00:00+00:00,Kurpark - Großer Teich - Toilette,,,415.0,50.3713,8.73973,True
2025-07-11 14:00:00+00:00,Kurpark - Großer Teich - Toilette,,,415.0,50.3713,8.73973,True
2025-07-11 15:00:00+00:00,Kurpark - Großer Teich - Toilette,,,415.0,50.3713,8.73973,True
2025-07-11 16:00:00+00:00,Kurpark - Großer Teich - Toilette,,,415.0,50.3713,8.73973,True
2025-07-11 17:00:00+00:00,Kurpark - Großer Teich - Toilette,34.0,14.57,415.0,50.3713,8.73973,False
2025-07-11 18:00:00+00:00,Kurpark - Großer Teich - Toilette,26.5,13.01,415.0,50.3713,8.73973,True
2025-07-11 19:00:00+00:00,Kurpark - Großer Teich - Toilette,19.0,11.45,415.0,50.3713,8.73973,False
2025-07-11 20:00:00+00:00,Kurpark - Großer Teich - Toilette,11.0,8.79,415.0,50.3713,8.73973,False
2025-07-11 21:00:00+00:00,Kurpark - Großer Teich - Toilette,7.0,6.834999999999999,415.0,50.3713,8.73973,True
2025-07-11 22:00:00+00:00,Kurpark - Großer Teich - Toilette,3.0,4.88,415.0,50.3713,8.73973,False
2025-07-11 23:00:00+00:00,Kurpark - Großer Teich - Toilette,,,415.0,50.3713,8.73973,True
2025-07-12 00:00:00+00:00,Kurpark - Großer Teich - Toilette,,,415.0,50.3713,8.73973,True
2025-07-12 01:00:00+00:00,Kurpark - Großer Teich - Toilette,,,415.0,50.3713,8.73973,True
2025-07-12 02:00:00+00:00,Kurpark - Großer Teich - Toilette,,,415.0,50.3713,8.73973,True
2025-07-12 03:00:00+00:00,Kurpark - Großer Teich - Toilette,,,415.0,50.3713,8.73973,True
2025-07-12 04:00:00+00:00,Kurpark - Großer Teich - Toilette,,,415.0,50.3713,8.73973,True
2025-07-12 05:00:00+00:00,Kurpark - Großer Teich - Toilette,,,415.0,50.3713,8.73973,True
2025-07-12 06:00:00+00:00,Kurpark - Großer Teich - Toilette,7.0,3.3,415.0,50.3713,8.73973,False
2025-07-12 07:00:00+00:00,Kurpark - Großer Teich - Toilette,18.0,4.92,415.0,50.3713,8.73973,False
2025-07-12 08:00:00+00:00,Kurpark - Großer Teich - Toilette,30.0,8.251666666666667,415.0,50.3713,8.73973,True
2025-07-12 09:00:00+00:00,Kurpark - Großer Teich - Toilette,42.0,11.583333333333332,415.0,50.3713,8.73973,True
2025-07-12 10:00:00+00:00,Kurpark - Großer Teich - Toilette,54.0,14.915,415.0,50.3713,8.73973,False
2025-07-12 11:00:00+00:00,Kurpark - Großer Teich - Toilette,59.5,18.705,415.0,50.3713,8.73973,False
2025-07-12 12:00:00+00:00,Kurpark - Großer Teich - Toilette,63.0,13.809999999999999,415.0,50.3713,8.73973,False
2025-07-12 13:00:00+00:00,Kurpark - Großer Teich - Toilette,63.0,13.2,415.0,50.3713,8.73973,False
2025-07-12 14:00:00+00:00,Kurpark - Großer Teich - Toilette,74.5,18.04,415.0,50.3713,8.73973,False
2025-07-12 15:00:00+00:00,Kurpark - Großer Teich - Toilette,30.0,15.600000000000001,415.0,50.3713,8.73973,False
2025-07-12 16:00:00+00:00,Kurpark - Großer Teich - Toilette,46.0,14.04,415.0,50.3713,8.73973,False
2025-07-12 17:00:00+00:00,Kurpark - Großer Teich - Toilette,32.0,14.29,415.0,50.3713,8.73973,False
2025-07-12 18:00:00+00:00,Kurpark - Großer Teich - Toilette,26.5,12.655000000000001,415.0,50.3713,8.73973,False
2025-07-12 19:00:00+00:00,Kurpark - Großer Teich - Toilette,3.0,22.28,415.0,50.3713,8.73973,False
2025-07-12 20:00:00+00:00,Kurpark - Großer Teich - Toilette,5.0,3.97,415.0,50.3713,8.73973,False
2025-07-12 21:00:00+00:00,Kurpark - Großer Teich - Toilette,1.5,10.004999999999999,415.0,50.3713,8.73973,False
2025-07-12 22:00:00+00:00,Kurpark - Großer Teich - Toilette,1.75,5.7025,415.0,50.3713,8.73973,True
2025-07-12 23:00:00+00:00,Kurpark - Großer Teich - Toilette,2.0,1.4,415.0,50.3713,8.73973,False
2025-07-13 00:00:00+00:00,Kurpark - Großer Teich - Toilette,1.0,0.7,415.0,50.3713,8.73973,True
2025-07-13 01:00:00+00:00,Kurpark - Großer Teich - Toilette,0.0,0.0,415.0,50.3713,8.73973,False
2025-07-13 02:00:00+00:00,Kurpark - Großer Teich - Toilette,2.0,8.33,415.0,50.3713,8.73973,False
2025-07-13 03:00:00+00:00,Kurpark - Großer Teich - Toilette,6.0,8.17,415.0,50.3713,8.73973,False
2025-07-13 04:00:00+00:00,Kurpark - Großer Teich - Toilette,1.0,9.85,415.0,50.3713,8.73973,False
2025-07-13 05:00:00+00:00,Kurpark - Großer Teich - Toilette,,,415.0,50.3713,8.73973,True
2025-07-13 06:00:00+00:00,Kurpark - Großer Teich - Toilette,,,415.0,50.3713,8.73973,True
2025-07-13 07:00:00+00:00,Kurpark - Großer Teich - Toilette,,,415.0,50.3713,8.73973,True
2025-07-13 08:00:00+00:00,Kurpark - Großer Teich - Toilette,,,415.0,50.3713,8.73973,True
2025-07-13 09:00:00+00:00,Kurpark - Großer Teich - Toilette,,,415.0,50.3713,8.73973,True
2025-07-13 10:00:00+00:00,Kurpark - Großer Teich - Toilette,,,415.0,50.3713,8.73973,True
2025-07-13 11:00:00+00:00,Kurpark - Großer Teich - Toilette,,,415.0,50.3713,8.73973,True
2025-07-13 12:00:00+00:00,Kurpark - Großer Teich - Toilette,,,415.0,50.3713,8.73973,True
2025-07-13 13:00:00+00:00,Kurpark - Großer Teich - Toilette,,,415.0,50.3713,8.73973,True
2025-07-13 14:00:00+00:00,Kurpark - Großer Teich - Toilette,,,415.0,50.3713,8.73973,True
2025-07-13 15:00:00+00:00,Kurpark - Großer Teich - Toilette,,,415.0,50.3713,8.73973,True
2025-07-13 16:00:00+00:00,Kurpark - Großer Teich - Toilette,,,415.0,50.3713,8.73973,True
2025-07-13 17:00:00+00:00,Kurpark - Großer Teich - Toilette,,,415.0,50.3713,8.73973,True
2025-07-13 18:00:00+00:00,Kurpark - Großer Teich - Toilette,,,415.0,50.3713,8.73973,True
2025-07-13 19:00:00+00:00,Kurpark - Großer Teich - Toilette,10.0,9.84,415.0,50.3713,8.73973,False
2025-07-13 20:00:00+00:00,Kurpark - Großer Teich - Toilette,,,415.0,50.3713,8.73973,True
2025-07-13 21:00:00+00:00,Kurpark - Großer Teich - Toilette,,,415.0,50.3713,8.73973,True
2025-07-13 22:00:00+00:00,Kurpark - Großer Teich - Toilette,,,415.0,50.3713,8.73973,True
2025-07-13 23:00:00+00:00,Kurpark - Großer Teich - Toilette,2.0,32.59,415.0,50.3713,8.73973,False
2025-06-30 01:00:00+00:00,Kurpark - Großer Teich Nord Ost,,,415.0,50.37511,8.74006,True
2025-06-30 02:00:00+00:00,Kurpark - Großer Teich Nord Ost,0.0,0.0,415.0,50.37511,8.74006,False
2025-06-30 03:00:00+00:00,Kurpark - Großer Teich Nord Ost,4.0,4.875,415.0,50.37511,8.74006,False
2025-06-30 04:00:00+00:00,Kurpark - Großer Teich Nord Ost,9.0,2.94,415.0,50.37511,8.74006,False
2025-06-30 05:00:00+00:00,Kurpark - Großer Teich Nord Ost,21.0,5.68,415.0,50.37511,8.74006,False
2025-06-30 06:00:00+00:00,Kurpark - Großer Teich Nord Ost,19.0,12.46,415.0,50.37511,8.74006,False
2025-06-30 07:00:00+00:00,Kurpark - Großer Teich Nord Ost,13.5,9.465,415.0,50.37511,8.74006,False
2025-06-30 08:00:00+00:00,Kurpark - Großer Teich Nord Ost,13.25,12.282499999999999,415.0,50.37511,8.74006,True
2025-06-30 09:00:00+00:00,Kurpark - Großer Teich Nord Ost,13.0,15.1,415.0,50.37511,8.74006,False
2025-06-30 10:00:00+00:00,Kurpark - Großer Teich Nord Ost,10.0,5.88,415.0,50.37511,8.74006,False
2025-06-30 11:00:00+00:00,Kurpark - Großer Teich Nord Ost,8.0,7.12,415.0,50.37511,8.74006,False
2025-06-30 12:00:00+00:00,Kurpark - Großer Teich Nord Ost,5.0,4.09,415.0,50.37511,8.74006,False
2025-06-30 13:00:00+00:00,Kurpark - Großer Teich Nord Ost,6.0,18.75,415.0,50.37511,8.74006,False
2025-06-30 14:00:00+00:00,Kurpark - Großer Teich Nord Ost,8.0,5.61,415.0,50.37511,8.74006,False
2025-06-30 15:00:00+00:00,Kurpark - Großer Teich Nord Ost,3.0,5.8,415.0,50.37511,8.74006,False
2025-06-30 16:00:00+00:00,Kurpark - Großer Teich Nord Ost,11.5,8.49,415.0,50.37511,8.74006,False
2025-06-30 17:00:00+00:00,Kurpark - Großer Teich Nord Ost,28.0,7.285,415.0,50.37511,8.74006,False
2025-06-30 18:00:00+00:00,Kurpark - Großer Teich Nord Ost,11.5,7.675,415.0,50.37511,8.74006,False
2025-06-30 19:00:00+00:00,Kurpark - Großer Teich Nord Ost,8.0,7.47,415.0,50.37511,8.74006,False
2025-06-30 20:00:00+00:00,Kurpark - Großer Teich Nord Ost,5.5,11.21,415.0,50.37511,8.74006,False
2025-06-30 21:00:00+00:00,Kurpark - Großer Teich Nord Ost,3.25,5.7925,415.0,50.37511,8.74006,True
2025-06-30 22:00:00+00:00,Kurpark - Großer Teich Nord Ost,1.0,0.375,415.0,50.37511,8.74006,False
2025-06-30 23:00:00+00:00,Kurpark - Großer Teich Nord Ost,1.0,5.82,415.0,50.37511,8.74006,False
2025-07-01 00:00:00+00:00,Kurpark - Großer Teich Nord Ost,0.5,2.91,415.0,50.37511,8.74006,True
2025-07-01 01:00:00+00:00,Kurpark - Großer Teich Nord Ost,0.0,0.0,415.0,50.37511,8.74006,False
2025-07-01 02:00:00+00:00,Kurpark - Großer Teich Nord Ost,1.0,58.0,415.0,50.37511,8.74006,False
2025-07-01 03:00:00+00:00,Kurpark - Großer Teich Nord Ost,7.0,6.859999999999999,415.0,50.37511,8.74006,False
2025-07-01 04:00:00+00:00,Kurpark - Großer Teich Nord Ost,11.0,4.39,415.0,50.37511,8.74006,False
2025-07-01 05:00:00+00:00,Kurpark - Großer Teich Nord Ost,10.0,8.855,415.0,50.37511,8.74006,False
2025-07-01 06:00:00+00:00,Kurpark - Großer Teich Nord Ost,19.0,8.8,415.0,50.37511,8.74006,False
2025-07-01 07:00:00+00:00,Kurpark - Großer Teich Nord Ost,27.0,4.67,415.0,50.37511,8.74006,False
2025-07-01 08:00:00+00:00,Kurpark - Großer Teich Nord Ost,5.0,4.2,415.0,50.37511,8.74006,False
2025-07-01 09:00:00+00:00,Kurpark - Großer Teich Nord Ost,7.0,16.66,415.0,50.37511,8.74006,False
2025-07-01 10:00:00+00:00,Kurpark - Großer Teich Nord Ost,21.0,6.91,415.0,50.37511,8.74006,False
2025-07-01 11:00:00+00:00,Kurpark - Großer Teich Nord Ost,5.0,12.44,415.0,50.37511,8.74006,False
2025-07-01 12:00:00+00:00,Kurpark - Großer Teich Nord Ost,7.0,10.66,415.0,50.37511,8.74006,False
2025-07-01 13:00:00+00:00,Kurpark - Großer Teich Nord Ost,4.0,15.66,415.0,50.37511,8.74006,False
2025-07-01 14:00:00+00:00,Kurpark - Großer Teich Nord Ost,7.0,17.21,415.0,50.37511,8.74006,False
2025-07-01 15:00:00+00:00,Kurpark - Großer Teich Nord Ost,8.0,8.555,415.0,50.37511,8.74006,False
2025-07-01 16:00:00+00:00,Kurpark - Großer Teich Nord Ost,9.0,5.35,415.0,50.37511,8.74006,False
2025-07-01 17:00:00+00:00,Kurpark - Großer Teich Nord Ost,10.0,8.83,415.0,50.37511,8.74006,False
2025-07-01 18:00:00+00:00,Kurpark - Großer Teich Nord Ost,6.0,6.94,415.0,50.37511,8.74006,False
2025-07-01 19:00:00+00:00,Kurpark - Großer Teich Nord Ost,9.0,8.55,415.0,50.37511,8.74006,False
2025-07-01 20:00:00+00:00,Kurpark - Großer Teich Nord Ost,6.333333333333334,5.75,415.0,50.37511,8.74006,True
2025-07-01 21:00:00+00:00,Kurpark - Großer Teich Nord Ost,3.666666666666667,2.95,415.0,50.37511,8.74006,True
2025-07-01 22:00:00+00:00,Kurpark - Großer Teich Nord Ost,1.0,0.15,415.0,50.37511,8.74006,False
2025-07-01 23:00:00+00:00,Kurpark - Großer Teich Nord Ost,1.0,15.05,415.0,50.37511,8.74006,False
2025-07-02 00:00:00+00:00,Kurpark - Großer Teich Nord Ost,1.0,0.37,415.0,50.37511,8.74006,False
2025-07-02 01:00:00+00:00,Kurpark - Großer Teich Nord Ost,1.0,16.02,415.0,50.37511,8.74006,False
2025-07-02 02:00:00+00:00,Kurpark - Großer Teich Nord Ost,1.0,3.85,415.0,50.37511,8.74006,False
2025-07-02 03:00:00+00:00,Kurpark - Großer Teich Nord Ost,11.0,8.07,415.0,50.37511,8.74006,False
2025-07-02 04:00:00+00:00,Kurpark - Großer Teich Nord Ost,9.0,3.9,415.0,50.37511,8.74006,False
2025-07-02 05:00:00+00:00,Kurpark - Großer Teich Nord Ost,16.0,8.19,415.0,50.37511,8.74006,False
2025-07-02 06:00:00+00:00,Kurpark - Großer Teich Nord Ost,21.5,6.795,415.0,50.37511,8.74006,False
2025-07-02 07:00:00+00:00,Kurpark - Großer Teich Nord Ost,14.0,10.04,415.0,50.37511,8.74006,False
2025-07-02 08:00:00+00:00,Kurpark - Großer Teich Nord Ost,8.0,11.31,415.0,50.37511,8.74006,False
2025-07-02 09:00:00+00:00,Kurpark - Großer Teich Nord Ost,4.0,10.93,415.0,50.37511,8.74006,False
2025-07-02 10:00:00+00:00,Kurpark - Großer Teich Nord Ost,6.0,5.12,415.0,50.37511,8.74006,False
2025-07-02 11:00:00+00:00,Kurpark - Großer Teich Nord Ost,5.5,22.875,415.0,50.37511,8.74006,False
2025-07-02 12:00:00+00:00,Kurpark - Großer Teich Nord Ost,2.75,11.4375,415.0,50.37511,8.74006,True
2025-07-02 13:00:00+00:00,Kurpark - Großer Teich Nord Ost,0.0,0.0,415.0,50.37511,8.74006,False
2025-07-02 14:00:00+00:00,Kurpark - Großer Teich Nord Ost,3.0,15.68,415.0,50.37511,8.74006,False
2025-07-02 15:00:00+00:00,Kurpark - Großer Teich Nord Ost,5.0,11.3,415.0,50.37511,8.74006,False
2025-07-02 16:00:00+00:00,Kurpark - Großer Teich Nord Ost,7.0,6.1899999999999995,415.0,50.37511,8.74006,False
2025-07-02 17:00:00+00:00,Kurpark - Großer Teich Nord Ost,4.0,6.99,415.0,50.37511,8.74006,False
2025-07-02 18:00:00+00:00,Kurpark - Großer Teich Nord Ost,6.0,16.79,415.0,50.37511,8.74006,False
2025-07-02 19:00:00+00:00,Kurpark - Großer Teich Nord Ost,10.0,4.08,415.0,50.37511,8.74006,False
2025-07-02 20:00:00+00:00,Kurpark - Großer Teich Nord Ost,,,415.0,50.37511,8.74006,True
2025-07-02 21:00:00+00:00,Kurpark - Großer Teich Nord Ost,,,415.0,50.37511,8.74006,True
2025-07-02 22:00:00+00:00,Kurpark - Großer Teich Nord Ost,,,415.0,50.37511,8.74006,True
2025-07-02 23:00:00+00:00,Kurpark - Großer Teich Nord Ost,,,415.0,50.37511,8.74006,True
2025-07-03 00:00:00+00:00,Kurpark - Großer Teich Nord Ost,,,415.0,50.37511,8.74006,True
2025-07-03 01:00:00+00:00,Kurpark - Großer Teich Nord Ost,1.0,5.73,415.0,50.37511,8.74006,False
2025-07-03 02:00:00+00:00,Kurpark - Großer Teich Nord Ost,0.0,0.0,415.0,50.37511,8.74006,False
2025-07-03 03:00:00+00:00,Kurpark - Großer Teich Nord Ost,4.0,5.84,415.0,50.37511,8.74006,False
2025-07-03 04:00:00+00:00,Kurpark - Großer Teich Nord Ost,12.0,5.98,415.0,50.37511,8.74006,False
2025-07-03 05:00:00+00:00,Kurpark - Großer Teich Nord Ost,8.5,5.495,415.0,50.37511,8.74006,False
2025-07-03 06:00:00+00:00,Kurpark - Großer Teich Nord Ost,8.0,24.0,415.0,50.37511,8.74006,False
2025-07-03 07:00:00+00:00,Kurpark - Großer Teich Nord Ost,11.0,10.01,415.0,50.37511,8.74006,False
2025-07-03 08:00:00+00:00,Kurpark - Großer Teich Nord Ost,10.5,8.675,415.0,50.37511,8.74006,False
2025-07-03 09:00:00+00:00,Kurpark - Großer Teich Nord Ost,9.5,11.05,415.0,50.37511,8.74006,False
2025-07-03 10:00:00+00:00,Kurpark - Großer Teich Nord Ost,27.0,8.01,415.0,50.37511,8.74006,False
2025-07-03 11:00:00+00:00,Kurpark - Großer Teich Nord Ost,9.0,3.935,415.0,50.37511,8.74006,False
2025-07-03 12:00:00+00:00,Kurpark - Großer Teich Nord Ost,15.0,8.86,415.0,50.37511,8.74006,False
2025-07-03 13:00:00+00:00,Kurpark - Großer Teich Nord Ost,15.0,6.0649999999999995,415.0,50.37511,8.74006,False
2025-07-03 14:00:00+00:00,Kurpark - Großer Teich Nord Ost,18.0,12.32,415.0,50.37511,8.74006,False
2025-07-03 15:00:00+00:00,Kurpark - Großer Teich Nord Ost,10.0,11.65,415.0,50.37511,8.74006,False
2025-07-03 16:00:00+00:00,Kurpark - Großer Teich Nord Ost,6.5,6.545,415.0,50.37511,8.74006,False
2025-07-03 17:00:00+00:00,Kurpark - Großer Teich Nord Ost,3.0,7.86,415.0,50.37511,8.74006,False
2025-07-03 18:00:00+00:00,Kurpark - Großer Teich Nord Ost,10.0,6.345,415.0,50.37511,8.74006,False
2025-07-03 19:00:00+00:00,Kurpark - Großer Teich Nord Ost,8.0,9.504999999999999,415.0,50.37511,8.74006,False
2025-07-03 20:00:00+00:00,Kurpark - Großer Teich Nord Ost,,,415.0,50.37511,8.74006,True
2025-07-03 21:00:00+00:00,Kurpark - Großer Teich Nord Ost,,,415.0,50.37511,8.74006,True
2025-07-03 22:00:00+00:00,Kurpark - Großer Teich Nord Ost,,,415.0,50.37511,8.74006,True
2025-07-03 23:00:00+00:00,Kurpark - Großer Teich Nord Ost,,,415.0,50.37511,8.74006,True
2025-07-04 00:00:00+00:00,Kurpark - Großer Teich Nord Ost,,,415.0,50.37511,8.74006,True
2025-07-04 01:00:00+00:00,Kurpark - Großer Teich Nord Ost,,,415.0,50.37511,8.74006,True
2025-07-04 02:00:00+00:00,Kurpark - Großer Teich Nord Ost,1.0,6.75,415.0,50.37511,8.74006,False
2025-07-04 03:00:00+00:00,Kurpark - Großer Teich Nord Ost,7.0,5.31,415.0,50.37511,8.74006,False
2025-07-04 04:00:00+00:00,Kurpark - Großer Teich Nord Ost,4.0,10.434999999999999,415.0,50.37511,8.74006,False
2025-07-04 05:00:00+00:00,Kurpark - Großer Teich Nord Ost,11.0,4.06,415.0,50.37511,8.74006,False
2025-07-04 06:00:00+00:00,Kurpark - Großer Teich Nord Ost,12.0,6.06,415.0,50.37511,8.74006,False
2025-07-04 07:00:00+00:00,Kurpark - Großer Teich Nord Ost,17.0,8.16,415.0,50.37511,8.74006,False
2025-07-04 08:00:00+00:00,Kurpark - Großer Teich Nord Ost,14.0,6.11,415.0,50.37511,8.74006,False
2025-07-04 09:00:00+00:00,Kurpark - Großer Teich Nord Ost,17.0,8.2,415.0,50.37511,8.74006,False
2025-07-04 10:00:00+00:00,Kurpark - Großer Teich Nord Ost,18.0,7.47,415.0,50.37511,8.74006,False
2025-07-04 11:00:00+00:00,Kurpark - Großer Teich Nord Ost,20.5,9.89,415.0,50.37511,8.74006,False
2025-07-04 12:00:00+00:00,Kurpark - Großer Teich Nord Ost,12.5,11.295,415.0,50.37511,8.74006,False
2025-07-04 13:00:00+00:00,Kurpark - Großer Teich Nord Ost,10.0,3.89,415.0,50.37511,8.74006,False
2025-07-04 14:00:00+00:00,Kurpark - Großer Teich Nord Ost,8.0,4.805,415.0,50.37511,8.74006,False
2025-07-04 15:00:00+00:00,Kurpark - Großer Teich Nord Ost,27.0,7.49,415.0,50.37511,8.74006,False
2025-07-04 16:00:00+00:00,Kurpark - Großer Teich Nord Ost,12.0,11.86,415.0,50.37511,8.74006,False
2025-07-04 17:00:00+00:00,Kurpark - Großer Teich Nord Ost,22.5,5.345000000000001,415.0,50.37511,8.74006,False
2025-07-04 18:00:00+00:00,Kurpark - Großer Teich Nord Ost,16.0,5.635,415.0,50.37511,8.74006,False
2025-07-04 19:00:00+00:00,Kurpark - Großer Teich Nord Ost,4.5,24.285,415.0,50.37511,8.74006,False
2025-07-04 20:00:00+00:00,Kurpark - Großer Teich Nord Ost,5.0,6.24,415.0,50.37511,8.74006,False
2025-07-04 21:00:00+00:00,Kurpark - Großer Teich Nord Ost,2.0,0.87,415.0,50.37511,8.74006,False
2025-07-04 22:00:00+00:00,Kurpark - Großer Teich Nord Ost,4.0,0.33,415.0,50.37511,8.74006,False
2025-07-04 23:00:00+00:00,Kurpark - Großer Teich Nord Ost,1.0,4.02,415.0,50.37511,8.74006,False
2025-07-05 00:00:00+00:00,Kurpark - Großer Teich Nord Ost,2.0,6.3,415.0,50.37511,8.74006,False
2025-07-05 01:00:00+00:00,Kurpark - Großer Teich Nord Ost,1.0,3.15,415.0,50.37511,8.74006,True
2025-07-05 02:00:00+00:00,Kurpark - Großer Teich Nord Ost,0.0,0.0,415.0,50.37511,8.74006,False
2025-07-05 03:00:00+00:00,Kurpark - Großer Teich Nord Ost,1.0,2.02,415.0,50.37511,8.74006,False
2025-07-05 04:00:00+00:00,Kurpark - Großer Teich Nord Ost,4.0,9.78,415.0,50.37511,8.74006,False
2025-07-05 05:00:00+00:00,Kurpark - Großer Teich Nord Ost,9.0,5.7,415.0,50.37511,8.74006,False
2025-07-05 06:00:00+00:00,Kurpark - Großer Teich Nord Ost,9.0,10.925,415.0,50.37511,8.74006,False
2025-07-05 07:00:00+00:00,Kurpark - Großer Teich Nord Ost,4.5,5.4625,415.0,50.37511,8.74006,True
2025-07-05 08:00:00+00:00,Kurpark - Großer Teich Nord Ost,0.0,0.0,415.0,50.37511,8.74006,False
2025-07-05 09:00:00+00:00,Kurpark - Großer Teich Nord Ost,14.0,2.75,415.0,50.37511,8.74006,False
2025-07-05 10:00:00+00:00,Kurpark - Großer Teich Nord Ost,35.0,5.0,415.0,50.37511,8.74006,False
2025-07-05 11:00:00+00:00,Kurpark - Großer Teich Nord Ost,16.5,6.825,415.0,50.37511,8.74006,False
2025-07-05 12:00:00+00:00,Kurpark - Großer Teich Nord Ost,12.0,3.9,415.0,50.37511,8.74006,False
2025-07-05 13:00:00+00:00,Kurpark - Großer Teich Nord Ost,32.0,8.46,415.0,50.37511,8.74006,False
2025-07-05 14:00:00+00:00,Kurpark - Großer Teich Nord Ost,25.0,7.576666666666667,415.0,50.37511,8.74006,True
2025-07-05 15:00:00+00:00,Kurpark - Großer Teich Nord Ost,18.0,6.693333333333333,415.0,50.37511,8.74006,True
2025-07-05 16:00:00+00:00,Kurpark - Großer Teich Nord Ost,11.0,5.81,415.0,50.37511,8.74006,False
2025-07-05 17:00:00+00:00,Kurpark - Großer Teich Nord Ost,20.0,14.03,415.0,50.37511,8.74006,False
2025-07-05 18:00:00+00:00,Kurpark - Großer Teich Nord Ost,12.0,15.99,415.0,50.37511,8.74006,False
2025-07-05 19:00:00+00:00,Kurpark - Großer Teich Nord Ost,2.0,8.28,415.0,50.37511,8.74006,False
2025-07-05 20:00:00+00:00,Kurpark - Großer Teich Nord Ost,1.0,4.14,415.0,50.37511,8.74006,True
2025-07-05 21:00:00+00:00,Kurpark - Großer Teich Nord Ost,0.0,0.0,415.0,50.37511,8.74006,False
2025-07-05 22:00:00+00:00,Kurpark - Großer Teich Nord Ost,2.0,1.82,415.0,50.37511,8.74006,False
2025-07-05 23:00:00+00:00,Kurpark - Großer Teich Nord Ost,1.3333333333333335,1.2133333333333334,415.0,50.37511,8.74006,True
2025-07-06 00:00:00+00:00,Kurpark - Großer Teich Nord Ost,0.6666666666666667,0.6066666666666667,415.0,50.37511,8.74006,True
2025-07-06 01:00:00+00:00,Kurpark - Großer Teich Nord Ost,0.0,0.0,415.0,50.37511,8.74006,False
2025-07-06 02:00:00+00:00,Kurpark - Großer Teich Nord Ost,1.0,11.38,415.0,50.37511,8.74006,False
2025-07-06 03:00:00+00:00,Kurpark - Großer Teich Nord Ost,1.0,5.53,415.0,50.37511,8.74006,False
2025-07-06 04:00:00+00:00,Kurpark - Großer Teich Nord Ost,4.0,7.0600000000000005,415.0,50.37511,8.74006,True
2025-07-06 05:00:00+00:00,Kurpark - Großer Teich Nord Ost,7.0,8.59,415.0,50.37511,8.74006,False
2025-07-06 06:00:00+00:00,Kurpark - Großer Teich Nord Ost,18.0,7.28,415.0,50.37511,8.74006,False
2025-07-06 07:00:00+00:00,Kurpark - Großer Teich Nord Ost,19.0,12.594999999999999,415.0,50.37511,8.74006,False
2025-07-06 08:00:00+00:00,Kurpark - Großer Teich Nord Ost,24.0,14.93,415.0,50.37511,8.74006,False
2025-07-06 09:00:00+00:00,Kurpark - Großer Teich Nord Ost,25.0,9.36,415.0,50.37511,8.74006,False
2025-07-06 10:00:00+00:00,Kurpark - Großer Teich Nord Ost,23.0,10.87,415.0,50.37511,8.74006,False
2025-07-06 11:00:00+00:00,Kurpark - Großer Teich Nord Ost,22.0,7.12,415.0,50.37511,8.74006,False
2025-07-06 12:00:00+00:00,Kurpark - Großer Teich Nord Ost,27.0,15.47,415.0,50.37511,8.74006,False
2025-07-06 13:00:00+00:00,Kurpark - Großer Teich Nord Ost,20.0,16.43,415.0,50.37511,8.74006,False
2025-07-06 14:00:00+00:00,Kurpark - Großer Teich Nord Ost,21.0,9.745000000000001,415.0,50.37511,8.74006,False
2025-07-06 15:00:00+00:00,Kurpark - Großer Teich Nord Ost,25.0,10.85,415.0,50.37511,8.74006,False
2025-07-06 16:00:00+00:00,Kurpark - Großer Teich Nord Ost,13.0,8.11,415.0,50.37511,8.74006,False
2025-07-06 17:00:00+00:00,Kurpark - Großer Teich Nord Ost,9.5,13.84,415.0,50.37511,8.74006,False
2025-07-06 18:00:00+00:00,Kurpark - Großer Teich Nord Ost,10.0,9.68,415.0,50.37511,8.74006,False
2025-07-06 19:00:00+00:00,Kurpark - Großer Teich Nord Ost,4.5,2.55,415.0,50.37511,8.74006,False
2025-07-06 20:00:00+00:00,Kurpark - Großer Teich Nord Ost,,,415.0,50.37511,8.74006,True
2025-07-06 21:00:00+00:00,Kurpark - Großer Teich Nord Ost,,,415.0,50.37511,8.74006,True
2025-07-06 22:00:00+00:00,Kurpark - Großer Teich Nord Ost,,,415.0,50.37511,8.74006,True
2025-07-06 23:00:00+00:00,Kurpark - Großer Teich Nord Ost,,,415.0,50.37511,8.74006,True
2025-07-07 00:00:00+00:00,Kurpark - Großer Teich Nord Ost,,,415.0,50.37511,8.74006,True
2025-07-07 01:00:00+00:00,Kurpark - Großer Teich Nord Ost,,,415.0,50.37511,8.74006,True
2025-07-07 02:00:00+00:00,Kurpark - Großer Teich Nord Ost,,,415.0,50.37511,8.74006,True
2025-07-07 03:00:00+00:00,Kurpark - Großer Teich Nord Ost,1.5,3.8649999999999998,415.0,50.37511,8.74006,False
2025-07-07 04:00:00+00:00,Kurpark - Großer Teich Nord Ost,10.0,5.34,415.0,50.37511,8.74006,False
2025-07-07 05:00:00+00:00,Kurpark - Großer Teich Nord Ost,4.0,4.81,415.0,50.37511,8.74006,False
2025-07-07 06:00:00+00:00,Kurpark - Großer Teich Nord Ost,14.0,3.7800000000000002,415.0,50.37511,8.74006,False
2025-07-07 07:00:00+00:00,Kurpark - Großer Teich Nord Ost,16.5,7.3100000000000005,415.0,50.37511,8.74006,False
2025-07-07 08:00:00+00:00,Kurpark - Großer Teich Nord Ost,9.0,17.73,415.0,50.37511,8.74006,False
2025-07-07 09:00:00+00:00,Kurpark - Großer Teich Nord Ost,9.5,6.67,415.0,50.37511,8.74006,False
2025-07-07 10:00:00+00:00,Kurpark - Großer Teich Nord Ost,8.0,15.21,415.0,50.37511,8.74006,False
2025-07-07 11:00:00+00:00,Kurpark - Großer Teich Nord Ost,5.0,5.24,415.0,50.37511,8.74006,False
2025-07-07 12:00:00+00:00,Kurpark - Großer Teich Nord Ost,5.0,8.905000000000001,415.0,50.37511,8.74006,False
2025-07-07 13:00:00+00:00,Kurpark - Großer Teich Nord Ost,8.0,1.51,415.0,50.37511,8.74006,False
2025-07-07 14:00:00+00:00,Kurpark - Großer Teich Nord Ost,17.0,8.655000000000001,415.0,50.37511,8.74006,False
2025-07-07 15:00:00+00:00,Kurpark - Großer Teich Nord Ost,7.0,17.295,415.0,50.37511,8.74006,False
2025-07-07 16:00:00+00:00,Kurpark - Großer Teich Nord Ost,11.0,7.53,415.0,50.37511,8.74006,False
2025-07-07 17:00:00+00:00,Kurpark - Großer Teich Nord Ost,1.0,16.05,415.0,50.37511,8.74006,False
2025-07-07 18:00:00+00:00,Kurpark - Großer Teich Nord Ost,4.0,4.14,415.0,50.37511,8.74006,False
2025-07-07 19:00:00+00:00,Kurpark - Großer Teich Nord Ost,,,415.0,50.37511,8.74006,True
2025-07-07 20:00:00+00:00,Kurpark - Großer Teich Nord Ost,,,415.0,50.37511,8.74006,True
2025-07-07 21:00:00+00:00,Kurpark - Großer Teich Nord Ost,,,415.0,50.37511,8.74006,True
2025-07-07 22:00:00+00:00,Kurpark - Großer Teich Nord Ost,1.0,0.1,415.0,50.37511,8.74006,False
2025-07-07 23:00:00+00:00,Kurpark - Großer Teich Nord Ost,1.0,9.33,415.0,50.37511,8.74006,False
2025-07-08 00:00:00+00:00,Kurpark - Großer Teich Nord Ost,0.5,4.665,415.0,50.37511,8.74006,True
2025-07-08 01:00:00+00:00,Kurpark - Großer Teich Nord Ost,0.0,0.0,415.0,50.37511,8.74006,False
2025-07-08 02:00:00+00:00,Kurpark - Großer Teich Nord Ost,1.0,7.25,415.0,50.37511,8.74006,False
2025-07-08 03:00:00+00:00,Kurpark - Großer Teich Nord Ost,5.0,8.74,415.0,50.37511,8.74006,False
2025-07-08 04:00:00+00:00,Kurpark - Großer Teich Nord Ost,8.5,7.16,415.0,50.37511,8.74006,True
2025-07-08 05:00:00+00:00,Kurpark - Großer Teich Nord Ost,12.0,5.58,415.0,50.37511,8.74006,False
2025-07-08 06:00:00+00:00,Kurpark - Großer Teich Nord Ost,12.0,8.19,415.0,50.37511,8.74006,False
2025-07-08 07:00:00+00:00,Kurpark - Großer Teich Nord Ost,14.0,8.98,415.0,50.37511,8.74006,False
2025-07-08 08:00:00+00:00,Kurpark - Großer Teich Nord Ost,12.0,8.14,415.0,50.37511,8.74006,True
2025-07-08 09:00:00+00:00,Kurpark - Großer Teich Nord Ost,10.0,7.3,415.0,50.37511,8.74006,False
2025-07-08 10:00:00+00:00,Kurpark - Großer Teich Nord Ost,15.0,4.95,415.0,50.37511,8.74006,False
2025-07-08 11:00:00+00:00,Kurpark - Großer Teich Nord Ost,16.0,6.8,415.0,50.37511,8.74006,False
2025-07-08 12:00:00+00:00,Kurpark - Großer Teich Nord Ost,18.0,15.0,415.0,50.37511,8.74006,False
2025-07-08 13:00:00+00:00,Kurpark - Großer Teich Nord Ost,16.0,12.08,415.0,50.37511,8.74006,False
2025-07-08 14:00:00+00:00,Kurpark - Großer Teich Nord Ost,,,415.0,50.37511,8.74006,True
2025-07-08 15:00:00+00:00,Kurpark - Großer Teich Nord Ost,,,415.0,50.37511,8.74006,True
2025-07-08 16:00:00+00:00,Kurpark - Großer Teich Nord Ost,,,415.0,50.37511,8.74006,True
2025-07-08 17:00:00+00:00,Kurpark - Großer Teich Nord Ost,,,415.0,50.37511,8.74006,True
2025-07-08 18:00:00+00:00,Kurpark - Großer Teich Nord Ost,,,415.0,50.37511,8.74006,True
2025-07-08 19:00:00+00:00,Kurpark - Großer Teich Nord Ost,,,415.0,50.37511,8.74006,True
2025-07-08 20:00:00+00:00,Kurpark - Großer Teich Nord Ost,,,415.0,50.37511,8.74006,True
2025-07-08 21:00:00+00:00,Kurpark - Großer Teich Nord Ost,,,415.0,50.37511,8.74006,True
2025-07-08 22:00:00+00:00,Kurpark - Großer Teich Nord Ost,,,415.0,50.37511,8.74006,True
2025-07-08 23:00:00+00:00,Kurpark - Großer Teich Nord Ost,,,415.0,50.37511,8.74006,True
2025-07-09 00:00:00+00:00,Kurpark - Großer Teich Nord Ost,,,415.0,50.37511,8.74006,True
2025-07-09 01:00:00+00:00,Kurpark - Großer Teich Nord Ost,,,415.0,50.37511,8.74006,True
2025-07-09 02:00:00+00:00,Kurpark - Großer Teich Nord Ost,,,415.0,50.37511,8.74006,True
2025-07-09 03:00:00+00:00,Kurpark - Großer Teich Nord Ost,,,415.0,50.37511,8.74006,True
2025-07-09 04:00:00+00:00,Kurpark - Großer Teich Nord Ost,,,415.0,50.37511,8.74006,True
2025-07-09 05:00:00+00:00,Kurpark - Großer Teich Nord Ost,,,415.0,50.37511,8.74006,True
2025-07-09 06:00:00+00:00,Kurpark - Großer Teich Nord Ost,,,415.0,50.37511,8.74006,True
2025-07-09 07:00:00+00:00,Kurpark - Großer Teich Nord Ost,15.0,10.34,415.0,50.37511,8.74006,False
2025-07-09 08:00:00+00:00,Kurpark - Großer Teich Nord Ost,15.0,5.98,415.0,50.37511,8.74006,False
2025-07-09 09:00:00+00:00,Kurpark - Großer Teich Nord Ost,15.0,9.03,415.0,50.37511,8.74006,False
2025-07-09 10:00:00+00:00,Kurpark - Großer Teich Nord Ost,16.0,14.27,415.0,50.37511,8.74006,False
2025-07-09 11:00:00+00:00,Kurpark - Großer Teich Nord Ost,16.333333333333332,12.901666666666666,415.0,50.37511,8.74006,True
2025-07-09 12:00:00+00:00,Kurpark - Großer Teich Nord Ost,16.666666666666668,11.533333333333333,415.0,50.37511,8.74006,True
2025-07-09 13:00:00+00:00,Kurpark - Großer Teich Nord Ost,17.0,10.165,415.0,50.37511,8.74006,False
2025-07-09 14:00:00+00:00,Kurpark - Großer Teich Nord Ost,26.0,10.19,415.0,50.37511,8.74006,False
2025-07-09 15:00:00+00:00,Kurpark - Großer Teich Nord Ost,19.0,10.28,415.0,50.37511,8.74006,False
2025-07-09 16:00:00+00:00,Kurpark - Großer Teich Nord Ost,20.0,11.09,415.0,50.37511,8.74006,False
2025-07-09 17:00:00+00:00,Kurpark - Großer Teich Nord Ost,6.5,6.66,415.0,50.37511,8.74006,False
2025-07-09 18:00:00+00:00,Kurpark - Großer Teich Nord Ost,8.0,5.93,415.0,50.37511,8.74006,False
2025-07-09 19:00:00+00:00,Kurpark - Großer Teich Nord Ost,2.0,5.31,415.0,50.37511,8.74006,False
2025-07-09 20:00:00+00:00,Kurpark - Großer Teich Nord Ost,2.0,1.18,415.0,50.37511,8.74006,False
2025-07-09 21:00:00+00:00,Kurpark - Großer Teich Nord Ost,,,415.0,50.37511,8.74006,True
2025-07-09 22:00:00+00:00,Kurpark - Großer Teich Nord Ost,,,415.0,50.37511,8.74006,True
2025-07-09 23:00:00+00:00,Kurpark - Großer Teich Nord Ost,,,415.0,50.37511,8.74006,True
2025-07-10 00:00:00+00:00,Kurpark - Großer Teich Nord Ost,,,415.0,50.37511,8.74006,True
2025-07-10 01:00:00+00:00,Kurpark - Großer Teich Nord Ost,,,415.0,50.37511,8.74006,True
2025-07-10 02:00:00+00:00,Kurpark - Großer Teich Nord Ost,,,415.0,50.37511,8.74006,True
2025-07-10 03:00:00+00:00,Kurpark - Großer Teich Nord Ost,,,415.0,50.37511,8.74006,True
2025-07-10 04:00:00+00:00,Kurpark - Großer Teich Nord Ost,,,415.0,50.37511,8.74006,True
2025-07-10 05:00:00+00:00,Kurpark - Großer Teich Nord Ost,,,415.0,50.37511,8.74006,True
2025-07-10 06:00:00+00:00,Kurpark - Großer Teich Nord Ost,,,415.0,50.37511,8.74006,True
2025-07-10 07:00:00+00:00,Kurpark - Großer Teich Nord Ost,10.0,7.52,415.0,50.37511,8.74006,False
2025-07-10 08:00:00+00:00,Kurpark - Großer Teich Nord Ost,16.5,7.51,415.0,50.37511,8.74006,False
2025-07-10 09:00:00+00:00,Kurpark - Großer Teich Nord Ost,18.5,9.505,415.0,50.37511,8.74006,False
2025-07-10 10:00:00+00:00,Kurpark - Großer Teich Nord Ost,9.0,8.355,415.0,50.37511,8.74006,False
2025-07-10 11:00:00+00:00,Kurpark - Großer Teich Nord Ost,15.0,10.35,415.0,50.37511,8.74006,False
2025-07-10 12:00:00+00:00,Kurpark - Großer Teich Nord Ost,11.5,11.855,415.0,50.37511,8.74006,False
2025-07-10 13:00:00+00:00,Kurpark - Großer Teich Nord Ost,9.0,9.06,415.0,50.37511,8.74006,False
2025-07-10 14:00:00+00:00,Kurpark - Großer Teich Nord Ost,24.0,13.815000000000001,415.0,50.37511,8.74006,False
2025-07-10 15:00:00+00:00,Kurpark - Großer Teich Nord Ost,9.0,8.600000000000001,415.0,50.37511,8.74006,False
2025-07-10 16:00:00+00:00,Kurpark - Großer Teich Nord Ost,10.0,10.31,415.0,50.37511,8.74006,False
2025-07-10 17:00:00+00:00,Kurpark - Großer Teich Nord Ost,16.0,9.19,415.0,50.37511,8.74006,False
2025-07-10 18:00:00+00:00,Kurpark - Großer Teich Nord Ost,11.5,10.27,415.0,50.37511,8.74006,False
2025-07-10 19:00:00+00:00,Kurpark - Großer Teich Nord Ost,9.0,21.09,415.0,50.37511,8.74006,False
2025-07-10 20:00:00+00:00,Kurpark - Großer Teich Nord Ost,4.5,10.545,415.0,50.37511,8.74006,True
2025-07-10 21:00:00+00:00,Kurpark - Großer Teich Nord Ost,0.0,0.0,415.0,50.37511,8.74006,False
2025-07-10 22:00:00+00:00,Kurpark - Großer Teich Nord Ost,1.0,1.31,415.0,50.37511,8.74006,True
2025-07-10 23:00:00+00:00,Kurpark - Großer Teich Nord Ost,2.0,2.62,415.0,50.37511,8.74006,False
2025-07-11 00:00:00+00:00,Kurpark - Großer Teich Nord Ost,1.3333333333333335,1.7466666666666666,415.0,50.37511,8.74006,True
2025-07-11 01:00:00+00:00,Kurpark - Großer Teich Nord Ost,0.6666666666666667,0.8733333333333333,415.0,50.37511,8.74006,True
2025-07-11 02:00:00+00:00,Kurpark - Großer Teich Nord Ost,0.0,0.0,415.0,50.37511,8.74006,False
2025-07-11 03:00:00+00:00,Kurpark - Großer Teich Nord Ost,2.0,5.68,415.0,50.37511,8.74006,False
2025-07-11 04:00:00+00:00,Kurpark - Großer Teich Nord Ost,7.0,5.31,415.0,50.37511,8.74006,False
2025-07-11 05:00:00+00:00,Kurpark - Großer Teich Nord Ost,4.0,4.265000000000001,415.0,50.37511,8.74006,False
2025-07-11 06:00:00+00:00,Kurpark - Großer Teich Nord Ost,10.0,3.95,415.0,50.37511,8.74006,False
2025-07-11 07:00:00+00:00,Kurpark - Großer Teich Nord Ost,,,415.0,50.37511,8.74006,True
2025-07-11 08:00:00+00:00,Kurpark - Großer Teich Nord Ost,,,415.0,50.37511,8.74006,True
2025-07-11 09:00:00+00:00,Kurpark - Großer Teich Nord Ost,,,415.0,50.37511,8.74006,True
2025-07-11 10:00:00+00:00,Kurpark - Großer Teich Nord Ost,,,415.0,50.37511,8.74006,True
2025-07-11 11:00:00+00:00,Kurpark - Großer Teich Nord Ost,,,415.0,50.37511,8.74006,True
2025-07-11 12:00:00+00:00,Kurpark - Großer Teich Nord Ost,,,415.0,50.37511,8.74006,True
2025-07-11 13:00:00+00:00,Kurpark - Großer Teich Nord Ost,,,415.0,50.37511,8.74006,True
2025-07-11 14:00:00+00:00,Kurpark - Großer Teich Nord Ost,,,415.0,50.37511,8.74006,True
2025-07-11 15:00:00+00:00,Kurpark - Großer Teich Nord Ost,,,415.0,50.37511,8.74006,True
2025-07-11 16:00:00+00:00,Kurpark - Großer Teich Nord Ost,,,415.0,50.37511,8.74006,True
2025-07-11 17:00:00+00:00,Kurpark - Großer Teich Nord Ost,14.0,7.08,415.0,50.37511,8.74006,False
2025-07-11 18:00:00+00:00,Kurpark - Großer Teich Nord Ost,9.0,11.969999999999999,415.0,50.37511,8.74006,True
2025-07-11 19:00:00+00:00,Kurpark - Großer Teich Nord Ost,4.0,16.86,415.0,50.37511,8.74006,False
2025-07-11 20:00:00+00:00,Kurpark - Großer Teich Nord Ost,5.0,9.31,415.0,50.37511,8.74006,False
2025-07-11 21:00:00+00:00,Kurpark - Großer Teich Nord Ost,4.0,5.005,415.0,50.37511,8.74006,True
2025-07-11 22:00:00+00:00,Kurpark - Großer Teich Nord Ost,3.0,0.7,415.0,50.37511,8.74006,False
2025-07-11 23:00:00+00:00,Kurpark - Großer Teich Nord Ost,,,415.0,50.37511,8.74006,True
2025-07-12 00:00:00+00:00,Kurpark - Großer Teich Nord Ost,,,415.0,50.37511,8.74006,True
2025-07-12 01:00:00+00:00,Kurpark - Großer Teich Nord Ost,,,415.0,50.37511,8.74006,True
2025-07-12 02:00:00+00:00,Kurpark - Großer Teich Nord Ost,,,415.0,50.37511,8.74006,True
2025-07-12 03:00:00+00:00,Kurpark - Großer Teich Nord Ost,,,415.0,50.37511,8.74006,True
2025-07-12 04:00:00+00:00,Kurpark - Großer Teich Nord Ost,,,415.0,50.37511,8.74006,True
2025-07-12 05:00:00+00:00,Kurpark - Großer Teich Nord Ost,4.0,2.69,415.0,50.37511,8.74006,False
2025-07-12 06:00:00+00:00,Kurpark - Großer Teich Nord Ost,8.0,4.4,415.0,50.37511,8.74006,True
2025-07-12 07:00:00+00:00,Kurpark - Großer Teich Nord Ost,12.0,6.11,415.0,50.37511,8.74006,False
2025-07-12 08:00:00+00:00,Kurpark - Großer Teich Nord Ost,14.666666666666666,7.0200000000000005,415.0,50.37511,8.74006,True
2025-07-12 09:00:00+00:00,Kurpark - Großer Teich Nord Ost,17.333333333333332,7.93,415.0,50.37511,8.74006,True
2025-07-12 10:00:00+00:00,Kurpark - Großer Teich Nord Ost,20.0,8.84,415.0,50.37511,8.74006,False
2025-07-12 11:00:00+00:00,Kurpark - Großer Teich Nord Ost,34.0,12.18,415.0,50.37511,8.74006,False
2025-07-12 12:00:00+00:00,Kurpark - Großer Teich Nord Ost,20.0,12.43,415.0,50.37511,8.74006,False
2025-07-12 13:00:00+00:00,Kurpark - Großer Teich Nord Ost,34.5,12.489999999999998,415.0,50.37511,8.74006,False
2025-07-12 14:00:00+00:00,Kurpark - Großer Teich Nord Ost,29.0,10.1,415.0,50.37511,8.74006,False
2025-07-12 15:00:00+00:00,Kurpark - Großer Teich Nord Ost,22.5,8.46,415.0,50.37511,8.74006,False
2025-07-12 16:00:00+00:00,Kurpark - Großer Teich Nord Ost,20.5,9.399999999999999,415.0,50.37511,8.74006,False
2025-07-12 17:00:00+00:00,Kurpark - Großer Teich Nord Ost,9.0,7.33,415.0,50.37511,8.74006,False
2025-07-12 18:00:00+00:00,Kurpark - Großer Teich Nord Ost,9.0,9.11,415.0,50.37511,8.74006,False
2025-07-12 19:00:00+00:00,Kurpark - Großer Teich Nord Ost,2.0,21.45,415.0,50.37511,8.74006,False
2025-07-12 20:00:00+00:00,Kurpark - Großer Teich Nord Ost,2.5,3.25,415.0,50.37511,8.74006,False
2025-07-12 21:00:00+00:00,Kurpark - Großer Teich Nord Ost,2.0,27.92,415.0,50.37511,8.74006,True
2025-07-12 22:00:00+00:00,Kurpark - Großer Teich Nord Ost,1.5,52.59,415.0,50.37511,8.74006,False
2025-07-12 23:00:00+00:00,Kurpark - Großer Teich Nord Ost,0.75,26.295,415.0,50.37511,8.74006,True
2025-07-13 00:00:00+00:00,Kurpark - Großer Teich Nord Ost,0.0,0.0,415.0,50.37511,8.74006,False
2025-07-13 01:00:00+00:00,Kurpark - Großer Teich Nord Ost,1.0,12.24,415.0,50.37511,8.74006,False
2025-07-13 02:00:00+00:00,Kurpark - Großer Teich Nord Ost,1.0,19.4,415.0,50.37511,8.74006,False
2025-07-13 03:00:00+00:00,Kurpark - Großer Teich Nord Ost,1.0,6.05,415.0,50.37511,8.74006,False
2025-07-13 04:00:00+00:00,Kurpark - Großer Teich Nord Ost,,,415.0,50.37511,8.74006,True
2025-07-13 05:00:00+00:00,Kurpark - Großer Teich Nord Ost,,,415.0,50.37511,8.74006,True
2025-07-13 06:00:00+00:00,Kurpark - Großer Teich Nord Ost,,,415.0,50.37511,8.74006,True
2025-07-13 07:00:00+00:00,Kurpark - Großer Teich Nord Ost,,,415.0,50.37511,8.74006,True
2025-07-13 08:00:00+00:00,Kurpark - Großer Teich Nord Ost,,,415.0,50.37511,8.74006,True
2025-07-13 09:00:00+00:00,Kurpark - Großer Teich Nord Ost,,,415.0,50.37511,8.74006,True
2025-07-13 10:00:00+00:00,Kurpark - Großer Teich Nord Ost,,,415.0,50.37511,8.74006,True
2025-07-13 11:00:00+00:00,Kurpark - Großer Teich Nord Ost,,,415.0,50.37511,8.74006,True
2025-07-13 12:00:00+00:00,Kurpark - Großer Teich Nord Ost,,,415.0,50.37511,8.74006,True
2025-07-13 13:00:00+00:00,Kurpark - Großer Teich Nord Ost,,,415.0,50.37511,8.74006,True
2025-07-13 14:00:00+00:00,Kurpark - Großer Teich Nord Ost,,,415.0,50.37511,8.74006,True
2025-07-13 15:00:00+00:00,Kurpark - Großer Teich Nord Ost,,,415.0,50.37511,8.74006,True
2025-07-13 16:00:00+00:00,Kurpark - Großer Teich Nord Ost,,,415.0,50.37511,8.74006,True
2025-07-13 17:00:00+00:00,Kurpark - Großer Teich Nord Ost,,,415.0,50.37511,8.74006,True
2025-07-13 18:00:00+00:00,Kurpark - Großer Teich Nord Ost,,,415.0,50.37511,8.74006,True
2025-07-13 19:00:00+00:00,Kurpark - Großer Teich Nord Ost,4.0,11.29,415.0,50.37511,8.74006,False
2025-07-13 20:00:00+00:00,Kurpark - Großer Teich Nord Ost,,,415.0,50.37511,8.74006,True
2025-07-13 21:00:00+00:00,Kurpark - Großer Teich Nord Ost,,,415.0,50.37511,8.74006,True
2025-07-13 22:00:00+00:00,Kurpark - Großer Teich Nord Ost,,,415.0,50.37511,8.74006,True
2025-07-13 23:00:00+00:00,Kurpark - Großer Teich Nord Ost,2.0,0.85,415.0,50.37511,8.74006,False
2025-06-30 01:00:00+00:00,Kurpark - Großer Teich Süd Ost,,,415.0,50.3713,8.74313,True
2025-06-30 02:00:00+00:00,Kurpark - Großer Teich Süd Ost,0.0,0.0,415.0,50.3713,8.74313,False
2025-06-30 03:00:00+00:00,Kurpark - Großer Teich Süd Ost,8.0,4.54,415.0,50.3713,8.74313,False
2025-06-30 04:00:00+00:00,Kurpark - Großer Teich Süd Ost,19.0,10.469999999999999,415.0,50.3713,8.74313,False
2025-06-30 05:00:00+00:00,Kurpark - Großer Teich Süd Ost,26.0,6.165,415.0,50.3713,8.74313,False
2025-06-30 06:00:00+00:00,Kurpark - Großer Teich Süd Ost,28.5,4.645,415.0,50.3713,8.74313,False
2025-06-30 07:00:00+00:00,Kurpark - Großer Teich Süd Ost,23.0,5.5649999999999995,415.0,50.3713,8.74313,False
2025-06-30 08:00:00+00:00,Kurpark - Großer Teich Süd Ost,20.5,12.9175,415.0,50.3713,8.74313,True
2025-06-30 09:00:00+00:00,Kurpark - Großer Teich Süd Ost,18.0,20.270000000000003,415.0,50.3713,8.74313,False
2025-06-30 10:00:00+00:00,Kurpark - Großer Teich Süd Ost,21.0,8.88,415.0,50.3713,8.74313,False
2025-06-30 11:00:00+00:00,Kurpark - Großer Teich Süd Ost,16.0,11.285,415.0,50.3713,8.74313,False
2025-06-30 12:00:00+00:00,Kurpark - Großer Teich Süd Ost,30.0,3.935,415.0,50.3713,8.74313,False
2025-06-30 13:00:00+00:00,Kurpark - Großer Teich Süd Ost,13.0,9.73,415.0,50.3713,8.74313,False
2025-06-30 14:00:00+00:00,Kurpark - Großer Teich Süd Ost,17.0,8.5,415.0,50.3713,8.74313,False
2025-06-30 15:00:00+00:00,Kurpark - Großer Teich Süd Ost,13.0,10.43,415.0,50.3713,8.74313,False
2025-06-30 16:00:00+00:00,Kurpark - Großer Teich Süd Ost,22.0,7.85,415.0,50.3713,8.74313,False
2025-06-30 17:00:00+00:00,Kurpark - Großer Teich Süd Ost,23.0,8.754999999999999,415.0,50.3713,8.74313,False
2025-06-30 18:00:00+00:00,Kurpark - Großer Teich Süd Ost,37.0,5.89,415.0,50.3713,8.74313,False
2025-06-30 19:00:00+00:00,Kurpark - Großer Teich Süd Ost,13.5,4.805,415.0,50.3713,8.74313,False
2025-06-30 20:00:00+00:00,Kurpark - Großer Teich Süd Ost,9.5,8.649999999999999,415.0,50.3713,8.74313,False
2025-06-30 21:00:00+00:00,Kurpark - Großer Teich Süd Ost,5.75,7.829999999999999,415.0,50.3713,8.74313,True
2025-06-30 22:00:00+00:00,Kurpark - Großer Teich Süd Ost,2.0,7.01,415.0,50.3713,8.74313,False
2025-06-30 23:00:00+00:00,Kurpark - Großer Teich Süd Ost,6.0,17.835,415.0,50.3713,8.74313,False
2025-07-01 00:00:00+00:00,Kurpark - Großer Teich Süd Ost,3.0,8.9175,415.0,50.3713,8.74313,True
2025-07-01 01:00:00+00:00,Kurpark - Großer Teich Süd Ost,0.0,0.0,415.0,50.3713,8.74313,False
2025-07-01 02:00:00+00:00,Kurpark - Großer Teich Süd Ost,3.0,2.71,415.0,50.3713,8.74313,False
2025-07-01 03:00:00+00:00,Kurpark - Großer Teich Süd Ost,5.5,8.12,415.0,50.3713,8.74313,False
2025-07-01 04:00:00+00:00,Kurpark - Großer Teich Süd Ost,20.0,10.059999999999999,415.0,50.3713,8.74313,False
2025-07-01 05:00:00+00:00,Kurpark - Großer Teich Süd Ost,18.0,6.865,415.0,50.3713,8.74313,False
2025-07-01 06:00:00+00:00,Kurpark - Großer Teich Süd Ost,32.0,8.015,415.0,50.3713,8.74313,False
2025-07-01 07:00:00+00:00,Kurpark - Großer Teich Süd Ost,25.0,8.325,415.0,50.3713,8.74313,False
2025-07-01 08:00:00+00:00,Kurpark - Großer Teich Süd Ost,18.0,13.559999999999999,415.0,50.3713,8.74313,False
2025-07-01 09:00:00+00:00,Kurpark - Großer Teich Süd Ost,15.0,6.875,415.0,50.3713,8.74313,False
2025-07-01 10:00:00+00:00,Kurpark - Großer Teich Süd Ost,19.0,6.91,415.0,50.3713,8.74313,False
2025-07-01 11:00:00+00:00,Kurpark - Großer Teich Süd Ost,17.0,7.45,415.0,50.3713,8.74313,False
2025-07-01 12:00:00+00:00,Kurpark - Großer Teich Süd Ost,17.0,14.62,415.0,50.3713,8.74313,False
2025-07-01 13:00:00+00:00,Kurpark - Großer Teich Süd Ost,18.0,6.15,415.0,50.3713,8.74313,False
2025-07-01 14:00:00+00:00,Kurpark - Großer Teich Süd Ost,14.0,11.88,415.0,50.3713,8.74313,False
2025-07-01 15:00:00+00:00,Kurpark - Großer Teich Süd Ost,10.0,6.9399999999999995,415.0,50.3713,8.74313,False
2025-07-01 16:00:00+00:00,Kurpark - Großer Teich Süd Ost,16.0,9.075,415.0,50.3713,8.74313,False
2025-07-01 17:00:00+00:00,Kurpark - Großer Teich Süd Ost,10.0,7.84,415.0,50.3713,8.74313,False
2025-07-01 18:00:00+00:00,Kurpark - Großer Teich Süd Ost,10.0,10.44,415.0,50.3713,8.74313,False
2025-07-01 19:00:00+00:00,Kurpark - Großer Teich Süd Ost,13.0,13.17,415.0,50.3713,8.74313,False
2025-07-01 20:00:00+00:00,Kurpark - Großer Teich Süd Ost,5.0,2.23,415.0,50.3713,8.74313,False
2025-07-01 21:00:00+00:00,Kurpark - Großer Teich Süd Ost,4.5,1.825,415.0,50.3713,8.74313,True
2025-07-01 22:00:00+00:00,Kurpark - Großer Teich Süd Ost,4.0,1.42,415.0,50.3713,8.74313,False
2025-07-01 23:00:00+00:00,Kurpark - Großer Teich Süd Ost,2.0,0.71,415.0,50.3713,8.74313,True
2025-07-02 00:00:00+00:00,Kurpark - Großer Teich Süd Ost,0.0,0.0,415.0,50.3713,8.74313,False
2025-07-02 01:00:00+00:00,Kurpark - Großer Teich Süd Ost,1.0,14.45,415.0,50.3713,8.74313,False
2025-07-02 02:00:00+00:00,Kurpark - Großer Teich Süd Ost,1.0,8.85,415.0,50.3713,8.74313,False
2025-07-02 03:00:00+00:00,Kurpark - Großer Teich Süd Ost,7.0,13.215,415.0,50.3713,8.74313,False
2025-07-02 04:00:00+00:00,Kurpark - Großer Teich Süd Ost,14.0,9.14,415.0,50.3713,8.74313,False
2025-07-02 05:00:00+00:00,Kurpark - Großer Teich Süd Ost,35.5,8.39,415.0,50.3713,8.74313,False
2025-07-02 06:00:00+00:00,Kurpark - Großer Teich Süd Ost,26.0,6.96,415.0,50.3713,8.74313,False
2025-07-02 07:00:00+00:00,Kurpark - Großer Teich Süd Ost,15.0,7.65,415.0,50.3713,8.74313,False
2025-07-02 08:00:00+00:00,Kurpark - Großer Teich Süd Ost,25.0,7.28,415.0,50.3713,8.74313,False
2025-07-02 09:00:00+00:00,Kurpark - Großer Teich Süd Ost,22.0,8.5,415.0,50.3713,8.74313,False
2025-07-02 10:00:00+00:00,Kurpark - Großer Teich Süd Ost,21.0,4.57,415.0,50.3713,8.74313,False
2025-07-02 11:00:00+00:00,Kurpark - Großer Teich Süd Ost,13.0,6.76,415.0,50.3713,8.74313,False
2025-07-02 12:00:00+00:00,Kurpark - Großer Teich Süd Ost,12.5,6.865,415.0,50.3713,8.74313,False
2025-07-02 13:00:00+00:00,Kurpark - Großer Teich Süd Ost,9.0,3.03,415.0,50.3713,8.74313,False
2025-07-02 14:00:00+00:00,Kurpark - Großer Teich Süd Ost,16.0,7.65,415.0,50.3713,8.74313,False
2025-07-02 15:00:00+00:00,Kurpark - Großer Teich Süd Ost,14.5,14.575000000000001,415.0,50.3713,8.74313,False
2025-07-02 16:00:00+00:00,Kurpark - Großer Teich Süd Ost,30.0,8.04,415.0,50.3713,8.74313,False
2025-07-02 17:00:00+00:00,Kurpark - Großer Teich Süd Ost,12.0,7.44,415.0,50.3713,8.74313,False
2025-07-02 18:00:00+00:00,Kurpark - Großer Teich Süd Ost,11.5,13.475,415.0,50.3713,8.74313,False
2025-07-02 19:00:00+00:00,Kurpark - Großer Teich Süd Ost,14.0,14.46,415.0,50.3713,8.74313,False
2025-07-02 20:00:00+00:00,Kurpark - Großer Teich Süd Ost,10.333333333333334,12.506666666666668,415.0,50.3713,8.74313,True
2025-07-02 21:00:00+00:00,Kurpark - Großer Teich Süd Ost,6.666666666666667,10.553333333333333,415.0,50.3713,8.74313,True
2025-07-02 22:00:00+00:00,Kurpark - Großer Teich Süd Ost,3.0,8.6,415.0,50.3713,8.74313,False
2025-07-02 23:00:00+00:00,Kurpark - Großer Teich Süd Ost,1.5,4.3,415.0,50.3713,8.74313,True
2025-07-03 00:00:00+00:00,Kurpark - Großer Teich Süd Ost,0.0,0.0,415.0,50.3713,8.74313,False
2025-07-03 01:00:00+00:00,Kurpark - Großer Teich Süd Ost,1.0,3.08,415.0,50.3713,8.74313,False
2025-07-03 02:00:00+00:00,Kurpark - Großer Teich Süd Ost,3.0,3.175,415.0,50.3713,8.74313,False
2025-07-03 03:00:00+00:00,Kurpark - Großer Teich Süd Ost,7.0,9.745000000000001,415.0,50.3713,8.74313,False
2025-07-03 04:00:00+00:00,Kurpark - Großer Teich Süd Ost,17.0,10.965,415.0,50.3713,8.74313,False
2025-07-03 05:00:00+00:00,Kurpark - Großer Teich Süd Ost,18.0,8.07,415.0,50.3713,8.74313,False
2025-07-03 06:00:00+00:00,Kurpark - Großer Teich Süd Ost,19.5,6.36,415.0,50.3713,8.74313,False
2025-07-03 07:00:00+00:00,Kurpark - Großer Teich Süd Ost,15.0,5.94,415.0,50.3713,8.74313,False
2025-07-03 08:00:00+00:00,Kurpark - Großer Teich Süd Ost,16.0,9.81,415.0,50.3713,8.74313,False
2025-07-03 09:00:00+00:00,Kurpark - Großer Teich Süd Ost,17.0,4.09,415.0,50.3713,8.74313,False
2025-07-03 10:00:00+00:00,Kurpark - Großer Teich Süd Ost,19.0,4.085,415.0,50.3713,8.74313,False
2025-07-03 11:00:00+00:00,Kurpark - Großer Teich Süd Ost,27.0,14.63,415.0,50.3713,8.74313,False
2025-07-03 12:00:00+00:00,Kurpark - Großer Teich Süd Ost,34.5,7.125,415.0,50.3713,8.74313,False
2025-07-03 13:00:00+00:00,Kurpark - Großer Teich Süd Ost,31.5,5.6850000000000005,415.0,50.3713,8.74313,False
2025-07-03 14:00:00+00:00,Kurpark - Großer Teich Süd Ost,32.0,10.33,415.0,50.3713,8.74313,False
2025-07-03 15:00:00+00:00,Kurpark - Großer Teich Süd Ost,24.5,17.105,415.0,50.3713,8.74313,False
2025-07-03 16:00:00+00:00,Kurpark - Großer Teich Süd Ost,17.0,14.145,415.0,50.3713,8.74313,False
2025-07-03 17:00:00+00:00,Kurpark - Großer Teich Süd Ost,19.5,8.57,415.0,50.3713,8.74313,False
2025-07-03 18:00:00+00:00,Kurpark - Großer Teich Süd Ost,18.5,10.545,415.0,50.3713,8.74313,False
2025-07-03 19:00:00+00:00,Kurpark - Großer Teich Süd Ost,10.0,7.529999999999999,415.0,50.3713,8.74313,False
2025-07-03 20:00:00+00:00,Kurpark - Großer Teich Süd Ost,,,415.0,50.3713,8.74313,True
2025-07-03 21:00:00+00:00,Kurpark - Großer Teich Süd Ost,,,415.0,50.3713,8.74313,True
2025-07-03 22:00:00+00:00,Kurpark - Großer Teich Süd Ost,,,415.0,50.3713,8.74313,True
2025-07-03 23:00:00+00:00,Kurpark - Großer Teich Süd Ost,,,415.0,50.3713,8.74313,True
2025-07-04 00:00:00+00:00,Kurpark - Großer Teich Süd Ost,1.0,0.02,415.0,50.3713,8.74313,False
2025-07-04 01:00:00+00:00,Kurpark - Großer Teich Süd Ost,0.0,0.0,415.0,50.3713,8.74313,False
2025-07-04 02:00:00+00:00,Kurpark - Großer Teich Süd Ost,1.0,4.3549999999999995,415.0,50.3713,8.74313,False
2025-07-04 03:00:00+00:00,Kurpark - Großer Teich Süd Ost,11.5,6.59,415.0,50.3713,8.74313,False
2025-07-04 04:00:00+00:00,Kurpark - Großer Teich Süd Ost,13.0,8.96,415.0,50.3713,8.74313,False
2025-07-04 05:00:00+00:00,Kurpark - Großer Teich Süd Ost,24.0,6.365,415.0,50.3713,8.74313,False
2025-07-04 06:00:00+00:00,Kurpark - Großer Teich Süd Ost,25.0,6.82,415.0,50.3713,8.74313,False
2025-07-04 07:00:00+00:00,Kurpark - Großer Teich Süd Ost,16.0,10.595,415.0,50.3713,8.74313,False
2025-07-04 08:00:00+00:00,Kurpark - Großer Teich Süd Ost,16.0,8.685,415.0,50.3713,8.74313,False
2025-07-04 09:00:00+00:00,Kurpark - Großer Teich Süd Ost,46.0,14.129999999999999,415.0,50.3713,8.74313,False
2025-07-04 10:00:00+00:00,Kurpark - Großer Teich Süd Ost,30.5,15.305,415.0,50.3713,8.74313,False
2025-07-04 11:00:00+00:00,Kurpark - Großer Teich Süd Ost,33.5,10.809999999999999,415.0,50.3713,8.74313,False
2025-07-04 12:00:00+00:00,Kurpark - Großer Teich Süd Ost,37.0,12.56,415.0,50.3713,8.74313,False
2025-07-04 13:00:00+00:00,Kurpark - Großer Teich Süd Ost,21.0,3.38,415.0,50.3713,8.74313,False
2025-07-04 14:00:00+00:00,Kurpark - Großer Teich Süd Ost,2.0,0.21000000000000002,415.0,50.3713,8.74313,False
2025-07-04 15:00:00+00:00,Kurpark - Großer Teich Süd Ost,49.0,5.26,415.0,50.3713,8.74313,False
2025-07-04 16:00:00+00:00,Kurpark - Großer Teich Süd Ost,15.0,11.94,415.0,50.3713,8.74313,False
2025-07-04 17:00:00+00:00,Kurpark - Großer Teich Süd Ost,20.0,4.779999999999999,415.0,50.3713,8.74313,False
2025-07-04 18:00:00+00:00,Kurpark - Großer Teich Süd Ost,15.5,8.275,415.0,50.3713,8.74313,False
2025-07-04 19:00:00+00:00,Kurpark - Großer Teich Süd Ost,11.0,4.92,415.0,50.3713,8.74313,False
2025-07-04 20:00:00+00:00,Kurpark - Großer Teich Süd Ost,5.5,2.46,415.0,50.3713,8.74313,True
2025-07-04 21:00:00+00:00,Kurpark - Großer Teich Süd Ost,0.0,0.0,415.0,50.3713,8.74313,False
2025-07-04 22:00:00+00:00,Kurpark - Großer Teich Süd Ost,7.0,6.92,415.0,50.3713,8.74313,False
2025-07-04 23:00:00+00:00,Kurpark - Großer Teich Süd Ost,2.0,6.34,415.0,50.3713,8.74313,False
2025-07-05 00:00:00+00:00,Kurpark - Großer Teich Süd Ost,1.0,3.17,415.0,50.3713,8.74313,True
2025-07-05 01:00:00+00:00,Kurpark - Großer Teich Süd Ost,0.0,0.0,415.0,50.3713,8.74313,False
2025-07-05 02:00:00+00:00,Kurpark - Großer Teich Süd Ost,0.5,2.0,415.0,50.3713,8.74313,True
2025-07-05 03:00:00+00:00,Kurpark - Großer Teich Süd Ost,1.0,4.0,415.0,50.3713,8.74313,False
2025-07-05 04:00:00+00:00,Kurpark - Großer Teich Süd Ost,7.0,7.67,415.0,50.3713,8.74313,False
2025-07-05 05:00:00+00:00,Kurpark - Großer Teich Süd Ost,7.0,5.36,415.0,50.3713,8.74313,False
2025-07-05 06:00:00+00:00,Kurpark - Großer Teich Süd Ost,15.0,6.18,415.0,50.3713,8.74313,False
2025-07-05 07:00:00+00:00,Kurpark - Großer Teich Süd Ost,7.5,3.09,415.0,50.3713,8.74313,True
2025-07-05 08:00:00+00:00,Kurpark - Großer Teich Süd Ost,0.0,0.0,415.0,50.3713,8.74313,False
2025-07-05 09:00:00+00:00,Kurpark - Großer Teich Süd Ost,23.0,1.565,415.0,50.3713,8.74313,False
2025-07-05 10:00:00+00:00,Kurpark - Großer Teich Süd Ost,60.0,10.525,415.0,50.3713,8.74313,False
2025-07-05 11:00:00+00:00,Kurpark - Großer Teich Süd Ost,64.0,8.075,415.0,50.3713,8.74313,False
2025-07-05 12:00:00+00:00,Kurpark - Großer Teich Süd Ost,28.0,15.455,415.0,50.3713,8.74313,False
2025-07-05 13:00:00+00:00,Kurpark - Großer Teich Süd Ost,56.0,8.31,415.0,50.3713,8.74313,False
2025-07-05 14:00:00+00:00,Kurpark - Großer Teich Süd Ost,48.0,9.728333333333333,415.0,50.3713,8.74313,True
2025-07-05 15:00:00+00:00,Kurpark - Großer Teich Süd Ost,40.0,11.146666666666668,415.0,50.3713,8.74313,True
2025-07-05 16:00:00+00:00,Kurpark - Großer Teich Süd Ost,32.0,12.565000000000001,415.0,50.3713,8.74313,False
2025-07-05 17:00:00+00:00,Kurpark - Großer Teich Süd Ost,37.0,11.71,415.0,50.3713,8.74313,False
2025-07-05 18:00:00+00:00,Kurpark - Großer Teich Süd Ost,24.0,10.22,415.0,50.3713,8.74313,False
2025-07-05 19:00:00+00:00,Kurpark - Großer Teich Süd Ost,13.0,6.92,415.0,50.3713,8.74313,True
2025-07-05 20:00:00+00:00,Kurpark - Großer Teich Süd Ost,2.0,3.62,415.0,50.3713,8.74313,False
2025-07-05 21:00:00+00:00,Kurpark - Großer Teich Süd Ost,1.0,0.13,415.0,50.3713,8.74313,False
2025-07-05 22:00:00+00:00,Kurpark - Großer Teich Süd Ost,3.0,5.3,415.0,50.3713,8.74313,False
2025-07-05 23:00:00+00:00,Kurpark - Großer Teich Süd Ost,1.5,2.65,415.0,50.3713,8.74313,True
2025-07-06 00:00:00+00:00,Kurpark - Großer Teich Süd Ost,0.0,0.0,415.0,50.3713,8.74313,False
2025-07-06 01:00:00+00:00,Kurpark - Großer Teich Süd Ost,0.5,2.915,415.0,50.3713,8.74313,True
2025-07-06 02:00:00+00:00,Kurpark - Großer Teich Süd Ost,1.0,5.83,415.0,50.3713,8.74313,False
2025-07-06 03:00:00+00:00,Kurpark - Großer Teich Süd Ost,2.0,5.62,415.0,50.3713,8.74313,False
2025-07-06 04:00:00+00:00,Kurpark - Großer Teich Süd Ost,3.5,6.922499999999999,415.0,50.3713,8.74313,True
2025-07-06 05:00:00+00:00,Kurpark - Großer Teich Süd Ost,5.0,8.225,415.0,50.3713,8.74313,False
2025-07-06 06:00:00+00:00,Kurpark - Großer Teich Süd Ost,20.0,12.815000000000001,415.0,50.3713,8.74313,False
2025-07-06 07:00:00+00:00,Kurpark - Großer Teich Süd Ost,27.0,9.515,415.0,50.3713,8.74313,False
2025-07-06 08:00:00+00:00,Kurpark - Großer Teich Süd Ost,48.0,8.98,415.0,50.3713,8.74313,False
2025-07-06 09:00:00+00:00,Kurpark - Großer Teich Süd Ost,45.0,9.48,415.0,50.3713,8.74313,False
2025-07-06 10:00:00+00:00,Kurpark - Großer Teich Süd Ost,65.0,6.93,415.0,50.3713,8.74313,False
2025-07-06 11:00:00+00:00,Kurpark - Großer Teich Süd Ost,34.0,10.18,415.0,50.3713,8.74313,False
2025-07-06 12:00:00+00:00,Kurpark - Großer Teich Süd Ost,79.0,13.39,415.0,50.3713,8.74313,False
2025-07-06 13:00:00+00:00,Kurpark - Großer Teich Süd Ost,64.5,15.525,415.0,50.3713,8.74313,False
2025-07-06 14:00:00+00:00,Kurpark - Großer Teich Süd Ost,39.0,8.44,415.0,50.3713,8.74313,False
2025-07-06 15:00:00+00:00,Kurpark - Großer Teich Süd Ost,30.5,9.28,415.0,50.3713,8.74313,False
2025-07-06 16:00:00+00:00,Kurpark - Großer Teich Süd Ost,25.0,8.31,415.0,50.3713,8.74313,False
2025-07-06 17:00:00+00:00,Kurpark - Großer Teich Süd Ost,15.0,5.51,415.0,50.3713,8.74313,False
2025-07-06 18:00:00+00:00,Kurpark - Großer Teich Süd Ost,15.0,6.44,415.0,50.3713,8.74313,False
2025-07-06 19:00:00+00:00,Kurpark - Großer Teich Süd Ost,8.0,9.15,415.0,50.3713,8.74313,False
2025-07-06 20:00:00+00:00,Kurpark - Großer Teich Süd Ost,4.0,4.575,415.0,50.3713,8.74313,True
2025-07-06 21:00:00+00:00,Kurpark - Großer Teich Süd Ost,0.0,0.0,415.0,50.3713,8.74313,False
2025-07-06 22:00:00+00:00,Kurpark - Großer Teich Süd Ost,1.0,3.9,415.0,50.3713,8.74313,False
2025-07-06 23:00:00+00:00,Kurpark - Großer Teich Süd Ost,,,415.0,50.3713,8.74313,True
2025-07-07 00:00:00+00:00,Kurpark - Großer Teich Süd Ost,,,415.0,50.3713,8.74313,True
2025-07-07 01:00:00+00:00,Kurpark - Großer Teich Süd Ost,,,415.0,50.3713,8.74313,True
2025-07-07 02:00:00+00:00,Kurpark - Großer Teich Süd Ost,0.0,0.0,415.0,50.3713,8.74313,False
2025-07-07 03:00:00+00:00,Kurpark - Großer Teich Süd Ost,13.0,6.65,415.0,50.3713,8.74313,False
2025-07-07 04:00:00+00:00,Kurpark - Großer Teich Süd Ost,13.0,7.470000000000001,415.0,50.3713,8.74313,False
2025-07-07 05:00:00+00:00,Kurpark - Großer Teich Süd Ost,17.0,5.38,415.0,50.3713,8.74313,False
2025-07-07 06:00:00+00:00,Kurpark - Großer Teich Süd Ost,15.5,4.785,415.0,50.3713,8.74313,False
2025-07-07 07:00:00+00:00,Kurpark - Großer Teich Süd Ost,24.0,10.225,415.0,50.3713,8.74313,False
2025-07-07 08:00:00+00:00,Kurpark - Großer Teich Süd Ost,20.0,7.94,415.0,50.3713,8.74313,False
2025-07-07 09:00:00+00:00,Kurpark - Großer Teich Süd Ost,13.0,11.59,415.0,50.3713,8.74313,False
2025-07-07 10:00:00+00:00,Kurpark - Großer Teich Süd Ost,17.0,5.6,415.0,50.3713,8.74313,False
2025-07-07 11:00:00+00:00,Kurpark - Großer Teich Süd Ost,17.0,7.09,415.0,50.3713,8.74313,True
2025-07-07 12:00:00+00:00,Kurpark - Großer Teich Süd Ost,17.0,8.58,415.0,50.3713,8.74313,False
2025-07-07 13:00:00+00:00,Kurpark - Großer Teich Süd Ost,19.0,6.23,415.0,50.3713,8.74313,False
2025-07-07 14:00:00+00:00,Kurpark - Großer Teich Süd Ost,30.0,9.01,415.0,50.3713,8.74313,False
2025-07-07 15:00:00+00:00,Kurpark - Großer Teich Süd Ost,21.0,9.635,415.0,50.3713,8.74313,False
2025-07-07 16:00:00+00:00,Kurpark - Großer Teich Süd Ost,13.0,8.34,415.0,50.3713,8.74313,False
2025-07-07 17:00:00+00:00,Kurpark - Großer Teich Süd Ost,3.0,16.07,415.0,50.3713,8.74313,False
2025-07-07 18:00:00+00:00,Kurpark - Großer Teich Süd Ost,10.0,6.16,415.0,50.3713,8.74313,False
2025-07-07 19:00:00+00:00,Kurpark - Großer Teich Süd Ost,2.0,28.43,415.0,50.3713,8.74313,False
2025-07-07 20:00:00+00:00,Kurpark - Großer Teich Süd Ost,1.0,14.215,415.0,50.3713,8.74313,True
2025-07-07 21:00:00+00:00,Kurpark - Großer Teich Süd Ost,0.0,0.0,415.0,50.3713,8.74313,False
2025-07-07 22:00:00+00:00,Kurpark - Großer Teich Süd Ost,2.0,12.97,415.0,50.3713,8.74313,False
2025-07-07 23:00:00+00:00,Kurpark - Großer Teich Süd Ost,0.0,0.0,415.0,50.3713,8.74313,False
2025-07-08 00:00:00+00:00,Kurpark - Großer Teich Süd Ost,0.0,0.0,415.0,50.3713,8.74313,True
2025-07-08 01:00:00+00:00,Kurpark - Großer Teich Süd Ost,0.0,0.0,415.0,50.3713,8.74313,False
2025-07-08 02:00:00+00:00,Kurpark - Großer Teich Süd Ost,2.0,1.85,415.0,50.3713,8.74313,False
2025-07-08 03:00:00+00:00,Kurpark - Großer Teich Süd Ost,4.0,5.63,415.0,50.3713,8.74313,False
2025-07-08 04:00:00+00:00,Kurpark - Großer Teich Süd Ost,16.75,6.2675,415.0,50.3713,8.74313,True
2025-07-08 05:00:00+00:00,Kurpark - Großer Teich Süd Ost,29.5,6.905,415.0,50.3713,8.74313,False
2025-07-08 06:00:00+00:00,Kurpark - Großer Teich Süd Ost,15.5,6.465,415.0,50.3713,8.74313,False
2025-07-08 07:00:00+00:00,Kurpark - Großer Teich Süd Ost,25.5,9.09,415.0,50.3713,8.74313,False
2025-07-08 08:00:00+00:00,Kurpark - Großer Teich Süd Ost,20.75,8.695,415.0,50.3713,8.74313,True
2025-07-08 09:00:00+00:00,Kurpark - Großer Teich Süd Ost,16.0,8.3,415.0,50.3713,8.74313,False
2025-07-08 10:00:00+00:00,Kurpark - Großer Teich Süd Ost,25.0,7.41,415.0,50.3713,8.74313,False
2025-07-08 11:00:00+00:00,Kurpark - Großer Teich Süd Ost,25.5,9.09,415.0,50.3713,8.74313,False
2025-07-08 12:00:00+00:00,Kurpark - Großer Teich Süd Ost,29.0,11.81,415.0,50.3713,8.74313,False
2025-07-08 13:00:00+00:00,Kurpark - Großer Teich Süd Ost,41.0,6.85,415.0,50.3713,8.74313,False
2025-07-08 14:00:00+00:00,Kurpark - Großer Teich Süd Ost,,,415.0,50.3713,8.74313,True
2025-07-08 15:00:00+00:00,Kurpark - Großer Teich Süd Ost,,,415.0,50.3713,8.74313,True
2025-07-08 16:00:00+00:00,Kurpark - Großer Teich Süd Ost,,,415.0,50.3713,8.74313,True
2025-07-08 17:00:00+00:00,Kurpark - Großer Teich Süd Ost,,,415.0,50.3713,8.74313,True
2025-07-08 18:00:00+00:00,Kurpark - Großer Teich Süd Ost,,,415.0,50.3713,8.74313,True
2025-07-08 19:00:00+00:00,Kurpark - Großer Teich Süd Ost,,,415.0,50.3713,8.74313,True
2025-07-08 20:00:00+00:00,Kurpark - Großer Teich Süd Ost,,,415.0,50.3713,8.74313,True
2025-07-08 21:00:00+00:00,Kurpark - Großer Teich Süd Ost,,,415.0,50.3713,8.74313,True
2025-07-08 22:00:00+00:00,Kurpark - Großer Teich Süd Ost,,,415.0,50.3713,8.74313,True
2025-07-08 23:00:00+00:00,Kurpark - Großer Teich Süd Ost,,,415.0,50.3713,8.74313,True
2025-07-09 00:00:00+00:00,Kurpark - Großer Teich Süd Ost,,,415.0,50.3713,8.74313,True
2025-07-09 01:00:00+00:00,Kurpark - Großer Teich Süd Ost,,,415.0,50.3713,8.74313,True
2025-07-09 02:00:00+00:00,Kurpark - Großer Teich Süd Ost,,,415.0,50.3713,8.74313,True
2025-07-09 03:00:00+00:00,Kurpark - Großer Teich Süd Ost,,,415.0,50.3713,8.74313,True
2025-07-09 04:00:00+00:00,Kurpark - Großer Teich Süd Ost,,,415.0,50.3713,8.74313,True
2025-07-09 05:00:00+00:00,Kurpark - Großer Teich Süd Ost,,,415.0,50.3713,8.74313,True
2025-07-09 06:00:00+00:00,Kurpark - Großer Teich Süd Ost,,,415.0,50.3713,8.74313,True
2025-07-09 07:00:00+00:00,Kurpark - Großer Teich Süd Ost,16.0,7.9399999999999995,415.0,50.3713,8.74313,False
2025-07-09 08:00:00+00:00,Kurpark - Großer Teich Süd Ost,23.0,5.08,415.0,50.3713,8.74313,False
2025-07-09 09:00:00+00:00,Kurpark - Großer Teich Süd Ost,31.0,10.48,415.0,50.3713,8.74313,False
2025-07-09 10:00:00+00:00,Kurpark - Großer Teich Süd Ost,31.0,9.25,415.0,50.3713,8.74313,False
2025-07-09 11:00:00+00:00,Kurpark - Großer Teich Süd Ost,22.0,9.03,415.0,50.3713,8.74313,False
2025-07-09 12:00:00+00:00,Kurpark - Großer Teich Süd Ost,33.0,7.5649999999999995,415.0,50.3713,8.74313,False
2025-07-09 13:00:00+00:00,Kurpark - Großer Teich Süd Ost,36.5,8.432500000000001,415.0,50.3713,8.74313,True
2025-07-09 14:00:00+00:00,Kurpark - Großer Teich Süd Ost,40.0,9.3,415.0,50.3713,8.74313,False
2025-07-09 15:00:00+00:00,Kurpark - Großer Teich Süd Ost,37.0,9.285,415.0,50.3713,8.74313,False
2025-07-09 16:00:00+00:00,Kurpark - Großer Teich Süd Ost,28.0,6.14,415.0,50.3713,8.74313,False
2025-07-09 17:00:00+00:00,Kurpark - Großer Teich Süd Ost,20.0,6.0,415.0,50.3713,8.74313,False
2025-07-09 18:00:00+00:00,Kurpark - Großer Teich Süd Ost,14.0,12.955,415.0,50.3713,8.74313,False
2025-07-09 19:00:00+00:00,Kurpark - Großer Teich Süd Ost,9.0,6.6,415.0,50.3713,8.74313,False
2025-07-09 20:00:00+00:00,Kurpark - Großer Teich Süd Ost,,,415.0,50.3713,8.74313,True
2025-07-09 21:00:00+00:00,Kurpark - Großer Teich Süd Ost,,,415.0,50.3713,8.74313,True
2025-07-09 22:00:00+00:00,Kurpark - Großer Teich Süd Ost,,,415.0,50.3713,8.74313,True
2025-07-09 23:00:00+00:00,Kurpark - Großer Teich Süd Ost,,,415.0,50.3713,8.74313,True
2025-07-10 00:00:00+00:00,Kurpark - Großer Teich Süd Ost,,,415.0,50.3713,8.74313,True
2025-07-10 01:00:00+00:00,Kurpark - Großer Teich Süd Ost,,,415.0,50.3713,8.74313,True
2025-07-10 02:00:00+00:00,Kurpark - Großer Teich Süd Ost,,,415.0,50.3713,8.74313,True
2025-07-10 03:00:00+00:00,Kurpark - Großer Teich Süd Ost,,,415.0,50.3713,8.74313,True
2025-07-10 04:00:00+00:00,Kurpark - Großer Teich Süd Ost,,,415.0,50.3713,8.74313,True
2025-07-10 05:00:00+00:00,Kurpark - Großer Teich Süd Ost,,,415.0,50.3713,8.74313,True
2025-07-10 06:00:00+00:00,Kurpark - Großer Teich Süd Ost,,,415.0,50.3713,8.74313,True
2025-07-10 07:00:00+00:00,Kurpark - Großer Teich Süd Ost,13.0,5.324999999999999,415.0,50.3713,8.74313,False
2025-07-10 08:00:00+00:00,Kurpark - Großer Teich Süd Ost,22.0,11.32,415.0,50.3713,8.74313,False
2025-07-10 09:00:00+00:00,Kurpark - Großer Teich Süd Ost,39.0,9.01,415.0,50.3713,8.74313,False
2025-07-10 10:00:00+00:00,Kurpark - Großer Teich Süd Ost,37.5,14.129999999999999,415.0,50.3713,8.74313,False
2025-07-10 11:00:00+00:00,Kurpark - Großer Teich Süd Ost,36.0,8.4,415.0,50.3713,8.74313,False
2025-07-10 12:00:00+00:00,Kurpark - Großer Teich Süd Ost,31.5,7.08,415.0,50.3713,8.74313,False
2025-07-10 13:00:00+00:00,Kurpark - Großer Teich Süd Ost,37.0,10.445,415.0,50.3713,8.74313,False
2025-07-10 14:00:00+00:00,Kurpark - Großer Teich Süd Ost,53.0,10.22,415.0,50.3713,8.74313,False
2025-07-10 15:00:00+00:00,Kurpark - Großer Teich Süd Ost,20.0,8.74,415.0,50.3713,8.74313,False
2025-07-10 16:00:00+00:00,Kurpark - Großer Teich Süd Ost,29.0,8.32,415.0,50.3713,8.74313,False
2025-07-10 17:00:00+00:00,Kurpark - Großer Teich Süd Ost,27.5,6.385,415.0,50.3713,8.74313,False
2025-07-10 18:00:00+00:00,Kurpark - Großer Teich Süd Ost,14.0,18.39,415.0,50.3713,8.74313,False
2025-07-10 19:00:00+00:00,Kurpark - Großer Teich Süd Ost,6.5,7.545,415.0,50.3713,8.74313,False
2025-07-10 20:00:00+00:00,Kurpark - Großer Teich Süd Ost,,,415.0,50.3713,8.74313,True
2025-07-10 21:00:00+00:00,Kurpark - Großer Teich Süd Ost,,,415.0,50.3713,8.74313,True
2025-07-10 22:00:00+00:00,Kurpark - Großer Teich Süd Ost,,,415.0,50.3713,8.74313,True
2025-07-10 23:00:00+00:00,Kurpark - Großer Teich Süd Ost,3.0,6.255,415.0,50.3713,8.74313,False
2025-07-11 00:00:00+00:00,Kurpark - Großer Teich Süd Ost,2.3333333333333335,10.593333333333334,415.0,50.3713,8.74313,True
2025-07-11 01:00:00+00:00,Kurpark - Großer Teich Süd Ost,1.6666666666666667,14.931666666666668,415.0,50.3713,8.74313,True
2025-07-11 02:00:00+00:00,Kurpark - Großer Teich Süd Ost,1.0,19.27,415.0,50.3713,8.74313,False
2025-07-11 03:00:00+00:00,Kurpark - Großer Teich Süd Ost,8.0,11.755,415.0,50.3713,8.74313,False
2025-07-11 04:00:00+00:00,Kurpark - Großer Teich Süd Ost,20.0,8.2,415.0,50.3713,8.74313,False
2025-07-11 05:00:00+00:00,Kurpark - Großer Teich Süd Ost,10.0,8.44,415.0,50.3713,8.74313,False
2025-07-11 06:00:00+00:00,Kurpark - Großer Teich Süd Ost,22.0,5.57,415.0,50.3713,8.74313,False
2025-07-11 07:00:00+00:00,Kurpark - Großer Teich Süd Ost,,,415.0,50.3713,8.74313,True
2025-07-11 08:00:00+00:00,Kurpark - Großer Teich Süd Ost,,,415.0,50.3713,8.74313,True
2025-07-11 09:00:00+00:00,Kurpark - Großer Teich Süd Ost,,,415.0,50.3713,8.74313,True
2025-07-11 10:00:00+00:00,Kurpark - Großer Teich Süd Ost,,,415.0,50.3713,8.74313,True
2025-07-11 11:00:00+00:00,Kurpark - Großer Teich Süd Ost,,,415.0,50.3713,8.74313,True
2025-07-11 12:00:00+00:00,Kurpark - Großer Teich Süd Ost,,,415.0,50.3713,8.74313,True
2025-07-11 13:00:00+00:00,Kurpark - Großer Teich Süd Ost,,,415.0,50.3713,8.74313,True
2025-07-11 14:00:00+00:00,Kurpark - Großer Teich Süd Ost,,,415.0,50.3713,8.74313,True
2025-07-11 15:00:00+00:00,Kurpark - Großer Teich Süd Ost,,,415.0,50.3713,8.74313,True
2025-07-11 16:00:00+00:00,Kurpark - Großer Teich Süd Ost,,,415.0,50.3713,8.74313,True
2025-07-11 17:00:00+00:00,Kurpark - Großer Teich Süd Ost,23.0,14.92,415.0,50.3713,8.74313,False
2025-07-11 18:00:00+00:00,Kurpark - Großer Teich Süd Ost,18.0,9.9475,415.0,50.3713,8.74313,True
2025-07-11 19:00:00+00:00,Kurpark - Großer Teich Süd Ost,13.0,4.975,415.0,50.3713,8.74313,False
2025-07-11 20:00:00+00:00,Kurpark - Großer Teich Süd Ost,9.0,5.223333333333333,415.0,50.3713,8.74313,True
2025-07-11 21:00:00+00:00,Kurpark - Großer Teich Süd Ost,5.0,5.471666666666667,415.0,50.3713,8.74313,True
2025-07-11 22:00:00+00:00,Kurpark - Großer Teich Süd Ost,1.0,5.72,415.0,50.3713,8.74313,False
2025-07-11 23:00:00+00:00,Kurpark - Großer Teich Süd Ost,,,415.0,50.3713,8.74313,True
2025-07-12 00:00:00+00:00,Kurpark - Großer Teich Süd Ost,,,415.0,50.3713,8.74313,True
2025-07-12 01:00:00+00:00,Kurpark - Großer Teich Süd Ost,,,415.0,50.3713,8.74313,True
2025-07-12 02:00:00+00:00,Kurpark - Großer Teich Süd Ost,,,415.0,50.3713,8.74313,True
2025-07-12 03:00:00+00:00,Kurpark - Großer Teich Süd Ost,,,415.0,50.3713,8.74313,True
2025-07-12 04:00:00+00:00,Kurpark - Großer Teich Süd Ost,,,415.0,50.3713,8.74313,True
2025-07-12 05:00:00+00:00,Kurpark - Großer Teich Süd Ost,,,415.0,50.3713,8.74313,True
2025-07-12 06:00:00+00:00,Kurpark - Großer Teich Süd Ost,16.0,3.85,415.0,50.3713,8.74313,False
2025-07-12 07:00:00+00:00,Kurpark - Großer Teich Süd Ost,15.0,6.2,415.0,50.3713,8.74313,False
2025-07-12 08:00:00+00:00,Kurpark - Großer Teich Süd Ost,24.833333333333336,7.715000000000001,415.0,50.3713,8.74313,True
2025-07-12 09:00:00+00:00,Kurpark - Großer Teich Süd Ost,34.66666666666667,9.23,415.0,50.3713,8.74313,True
2025-07-12 10:00:00+00:00,Kurpark - Großer Teich Süd Ost,44.5,10.745000000000001,415.0,50.3713,8.74313,False
2025-07-12 11:00:00+00:00,Kurpark - Großer Teich Süd Ost,51.5,9.655000000000001,415.0,50.3713,8.74313,False
2025-07-12 12:00:00+00:00,Kurpark - Großer Teich Süd Ost,51.0,13.68,415.0,50.3713,8.74313,False
2025-07-12 13:00:00+00:00,Kurpark - Großer Teich Süd Ost,61.0,11.97,415.0,50.3713,8.74313,False
2025-07-12 14:00:00+00:00,Kurpark - Großer Teich Süd Ost,48.0,10.55,415.0,50.3713,8.74313,False
2025-07-12 15:00:00+00:00,Kurpark - Großer Teich Süd Ost,45.0,11.44,415.0,50.3713,8.74313,False
2025-07-12 16:00:00+00:00,Kurpark - Großer Teich Süd Ost,26.0,9.62,415.0,50.3713,8.74313,False
2025-07-12 17:00:00+00:00,Kurpark - Großer Teich Süd Ost,26.0,11.09,415.0,50.3713,8.74313,False
2025-07-12 18:00:00+00:00,Kurpark - Großer Teich Süd Ost,13.0,4.42,415.0,50.3713,8.74313,False
2025-07-12 19:00:00+00:00,Kurpark - Großer Teich Süd Ost,16.0,8.95,415.0,50.3713,8.74313,False
2025-07-12 20:00:00+00:00,Kurpark - Großer Teich Süd Ost,1.0,0.17,415.0,50.3713,8.74313,False
2025-07-12 21:00:00+00:00,Kurpark - Großer Teich Süd Ost,4.5,5.08,415.0,50.3713,8.74313,False
2025-07-12 22:00:00+00:00,Kurpark - Großer Teich Süd Ost,9.0,4.46,415.0,50.3713,8.74313,False
2025-07-12 23:00:00+00:00,Kurpark - Großer Teich Süd Ost,3.0,5.03,415.0,50.3713,8.74313,False
2025-07-13 00:00:00+00:00,Kurpark - Großer Teich Süd Ost,1.5,2.515,415.0,50.3713,8.74313,True
2025-07-13 01:00:00+00:00,Kurpark - Großer Teich Süd Ost,0.0,0.0,415.0,50.3713,8.74313,False
2025-07-13 02:00:00+00:00,Kurpark - Großer Teich Süd Ost,1.0,5.37,415.0,50.3713,8.74313,False
2025-07-13 03:00:00+00:00,Kurpark - Großer Teich Süd Ost,1.0,6.05,415.0,50.3713,8.74313,False
2025-07-13 04:00:00+00:00,Kurpark - Großer Teich Süd Ost,,,415.0,50.3713,8.74313,True
2025-07-13 05:00:00+00:00,Kurpark - Großer Teich Süd Ost,,,415.0,50.3713,8.74313,True
2025-07-13 06:00:00+00:00,Kurpark - Großer Teich Süd Ost,,,415.0,50.3713,8.74313,True
2025-07-13 07:00:00+00:00,Kurpark - Großer Teich Süd Ost,,,415.0,50.3713,8.74313,True
2025-07-13 08:00:00+00:00,Kurpark - Großer Teich Süd Ost,,,415.0,50.3713,8.74313,True
2025-07-13 09:00:00+00:00,Kurpark - Großer Teich Süd Ost,,,415.0,50.3713,8.74313,True
2025-07-13 10:00:00+00:00,Kurpark - Großer Teich Süd Ost,,,415.0,50.3713,8.74313,True
2025-07-13 11:00:00+00:00,Kurpark - Großer Teich Süd Ost,,,415.0,50.3713,8.74313,True
2025-07-13 12:00:00+00:00,Kurpark - Großer Teich Süd Ost,,,415.0,50.3713,8.74313,True
2025-07-13 13:00:00+00:00,Kurpark - Großer Teich Süd Ost,,,415.0,50.3713,8.74313,True
2025-07-13 14:00:00+00:00,Kurpark - Großer Teich Süd Ost,,,415.0,50.3713,8.74313,True
2025-07-13 15:00:00+00:00,Kurpark - Großer Teich Süd Ost,,,415.0,50.3713,8.74313,True
2025-07-13 16:00:00+00:00,Kurpark - Großer Teich Süd Ost,,,415.0,50.3713,8.74313,True
2025-07-13 17:00:00+00:00,Kurpark - Großer Teich Süd Ost,,,415.0,50.3713,8.74313,True
2025-07-13 18:00:00+00:00,Kurpark - Großer Teich Süd Ost,,,415.0,50.3713,8.74313,True
2025-07-13 19:00:00+00:00,Kurpark - Großer Teich Süd Ost,,,415.0,50.3713,8.74313,True
2025-07-13 20:00:00+00:00,Kurpark - Großer Teich Süd Ost,3.0,4.76,415.0,50.3713,8.74313,False
2025-07-13 21:00:00+00:00,Kurpark - Großer Teich Süd Ost,3.0,2.69,415.0,50.3713,8.74313,True
2025-07-13 22:00:00+00:00,Kurpark - Großer Teich Süd Ost,3.0,0.62,415.0,50.3713,8.74313,False
2025-07-13 23:00:00+00:00,Kurpark - Großer Teich Süd Ost,,,415.0,50.3713,8.74313,True
2025-06-30 01:00:00+00:00,Kurpark - Zentrum Süd,0.0,0.0,415.0,50.36648,8.73834,False
2025-06-30 02:00:00+00:00,Kurpark - Zentrum Süd,3.0,3.205,415.0,50.36648,8.73834,False
2025-06-30 03:00:00+00:00,Kurpark - Zentrum Süd,4.0,1.83,415.0,50.36648,8.73834,False
2025-06-30 04:00:00+00:00,Kurpark - Zentrum Süd,15.0,7.47,415.0,50.36648,8.73834,False
2025-06-30 05:00:00+00:00,Kurpark - Zentrum Süd,9.0,6.515000000000001,415.0,50.36648,8.73834,False
2025-06-30 06:00:00+00:00,Kurpark - Zentrum Süd,10.0,4.195,415.0,50.36648,8.73834,False
2025-06-30 07:00:00+00:00,Kurpark - Zentrum Süd,24.0,11.379999999999999,415.0,50.36648,8.73834,False
2025-06-30 08:00:00+00:00,Kurpark - Zentrum Süd,31.75,9.799999999999999,415.0,50.36648,8.73834,True
2025-06-30 09:00:00+00:00,Kurpark - Zentrum Süd,39.5,8.219999999999999,415.0,50.36648,8.73834,False
2025-06-30 10:00:00+00:00,Kurpark - Zentrum Süd,18.0,7.75,415.0,50.36648,8.73834,False
2025-06-30 11:00:00+00:00,Kurpark - Zentrum Süd,30.0,6.28,415.0,50.36648,8.73834,False
2025-06-30 12:00:00+00:00,Kurpark - Zentrum Süd,22.0,5.73,415.0,50.36648,8.73834,False
2025-06-30 13:00:00+00:00,Kurpark - Zentrum Süd,27.0,8.01,415.0,50.36648,8.73834,False
2025-06-30 14:00:00+00:00,Kurpark - Zentrum Süd,22.0,9.76,415.0,50.36648,8.73834,False
2025-06-30 15:00:00+00:00,Kurpark - Zentrum Süd,41.0,11.97,415.0,50.36648,8.73834,False
2025-06-30 16:00:00+00:00,Kurpark - Zentrum Süd,31.5,11.02,415.0,50.36648,8.73834,False
2025-06-30 17:00:00+00:00,Kurpark - Zentrum Süd,41.0,6.34,415.0,50.36648,8.73834,False
2025-06-30 18:00:00+00:00,Kurpark - Zentrum Süd,28.5,5.3149999999999995,415.0,50.36648,8.73834,False
2025-06-30 19:00:00+00:00,Kurpark - Zentrum Süd,15.0,6.08,415.0,50.36648,8.73834,False
2025-06-30 20:00:00+00:00,Kurpark - Zentrum Süd,7.0,7.76,415.0,50.36648,8.73834,False
2025-06-30 21:00:00+00:00,Kurpark - Zentrum Süd,5.5,8.135,415.0,50.36648,8.73834,True
2025-06-30 22:00:00+00:00,Kurpark - Zentrum Süd,4.0,8.51,415.0,50.36648,8.73834,False
2025-06-30 23:00:00+00:00,Kurpark - Zentrum Süd,2.666666666666667,5.673333333333334,415.0,50.36648,8.73834,True
2025-07-01 00:00:00+00:00,Kurpark - Zentrum Süd,1.3333333333333335,2.836666666666667,415.0,50.36648,8.73834,True
2025-07-01 01:00:00+00:00,Kurpark - Zentrum Süd,0.0,0.0,415.0,50.36648,8.73834,False
2025-07-01 02:00:00+00:00,Kurpark - Zentrum Süd,2.0,3.68,415.0,50.36648,8.73834,False
2025-07-01 03:00:00+00:00,Kurpark - Zentrum Süd,9.5,3.5250000000000004,415.0,50.36648,8.73834,False
2025-07-01 04:00:00+00:00,Kurpark - Zentrum Süd,6.0,2.46,415.0,50.36648,8.73834,False
2025-07-01 05:00:00+00:00,Kurpark - Zentrum Süd,23.0,3.24,415.0,50.36648,8.73834,False
2025-07-01 06:00:00+00:00,Kurpark - Zentrum Süd,18.0,6.3,415.0,50.36648,8.73834,False
2025-07-01 07:00:00+00:00,Kurpark - Zentrum Süd,26.0,8.85,415.0,50.36648,8.73834,False
2025-07-01 08:00:00+00:00,Kurpark - Zentrum Süd,23.0,10.66,415.0,50.36648,8.73834,False
2025-07-01 09:00:00+00:00,Kurpark - Zentrum Süd,32.0,9.78,415.0,50.36648,8.73834,False
2025-07-01 10:00:00+00:00,Kurpark - Zentrum Süd,17.0,11.19,415.0,50.36648,8.73834,False
2025-07-01 11:00:00+00:00,Kurpark - Zentrum Süd,21.0,6.77,415.0,50.36648,8.73834,False
2025-07-01 12:00:00+00:00,Kurpark - Zentrum Süd,29.5,7.55,415.0,50.36648,8.73834,False
2025-07-01 13:00:00+00:00,Kurpark - Zentrum Süd,40.0,10.78,415.0,50.36648,8.73834,False
2025-07-01 14:00:00+00:00,Kurpark - Zentrum Süd,31.0,15.525,415.0,50.36648,8.73834,False
2025-07-01 15:00:00+00:00,Kurpark - Zentrum Süd,34.0,12.46,415.0,50.36648,8.73834,False
2025-07-01 16:00:00+00:00,Kurpark - Zentrum Süd,20.5,7.12,415.0,50.36648,8.73834,False
2025-07-01 17:00:00+00:00,Kurpark - Zentrum Süd,29.0,8.91,415.0,50.36648,8.73834,False
2025-07-01 18:00:00+00:00,Kurpark - Zentrum Süd,25.0,8.105,415.0,50.36648,8.73834,False
2025-07-01 19:00:00+00:00,Kurpark - Zentrum Süd,13.5,8.940000000000001,415.0,50.36648,8.73834,False
2025-07-01 20:00:00+00:00,Kurpark - Zentrum Süd,7.5,9.495000000000001,415.0,50.36648,8.73834,False
2025-07-01 21:00:00+00:00,Kurpark - Zentrum Süd,1.0,7.05,415.0,50.36648,8.73834,False
2025-07-01 22:00:00+00:00,Kurpark - Zentrum Süd,2.0,24.35,415.0,50.36648,8.73834,False
2025-07-01 23:00:00+00:00,Kurpark - Zentrum Süd,4.0,1.24,415.0,50.36648,8.73834,False
2025-07-02 00:00:00+00:00,Kurpark - Zentrum Süd,1.0,80.22,415.0,50.36648,8.73834,False
2025-07-02 01:00:00+00:00,Kurpark - Zentrum Süd,0.5,40.11,415.0,50.36648,8.73834,True
2025-07-02 02:00:00+00:00,Kurpark - Zentrum Süd,0.0,0.0,415.0,50.36648,8.73834,False
2025-07-02 03:00:00+00:00,Kurpark - Zentrum Süd,3.0,1.92,415.0,50.36648,8.73834,False
2025-07-02 04:00:00+00:00,Kurpark - Zentrum Süd,12.0,2.21,415.0,50.36648,8.73834,False
2025-07-02 05:00:00+00:00,Kurpark - Zentrum Süd,14.0,5.07,415.0,50.36648,8.73834,False
2025-07-02 06:00:00+00:00,Kurpark - Zentrum Süd,24.0,13.29,415.0,50.36648,8.73834,False
2025-07-02 07:00:00+00:00,Kurpark - Zentrum Süd,21.0,10.53,415.0,50.36648,8.73834,False
2025-07-02 08:00:00+00:00,Kurpark - Zentrum Süd,23.0,8.76,415.0,50.36648,8.73834,False
2025-07-02 09:00:00+00:00,Kurpark - Zentrum Süd,26.0,8.57,415.0,50.36648,8.73834,False
2025-07-02 10:00:00+00:00,Kurpark - Zentrum Süd,22.0,14.58,415.0,50.36648,8.73834,False
2025-07-02 11:00:00+00:00,Kurpark - Zentrum Süd,13.5,11.805,415.0,50.36648,8.73834,False
2025-07-02 12:00:00+00:00,Kurpark - Zentrum Süd,9.0,11.47,415.0,50.36648,8.73834,False
2025-07-02 13:00:00+00:00,Kurpark - Zentrum Süd,9.0,1.58,415.0,50.36648,8.73834,False
2025-07-02 14:00:00+00:00,Kurpark - Zentrum Süd,18.0,12.55,415.0,50.36648,8.73834,False
2025-07-02 15:00:00+00:00,Kurpark - Zentrum Süd,25.0,11.5,415.0,50.36648,8.73834,False
2025-07-02 16:00:00+00:00,Kurpark - Zentrum Süd,35.0,6.025,415.0,50.36648,8.73834,False
2025-07-02 17:00:00+00:00,Kurpark - Zentrum Süd,24.0,11.440000000000001,415.0,50.36648,8.73834,False
2025-07-02 18:00:00+00:00,Kurpark - Zentrum Süd,22.0,7.36,415.0,50.36648,8.73834,False
2025-07-02 19:00:00+00:00,Kurpark - Zentrum Süd,20.0,14.23,415.0,50.36648,8.73834,False
2025-07-02 20:00:00+00:00,Kurpark - Zentrum Süd,13.833333333333332,9.821666666666667,415.0,50.36648,8.73834,True
2025-07-02 21:00:00+00:00,Kurpark - Zentrum Süd,7.666666666666666,5.413333333333334,415.0,50.36648,8.73834,True
2025-07-02 22:00:00+00:00,Kurpark - Zentrum Süd,1.5,1.0050000000000001,415.0,50.36648,8.73834,False
2025-07-02 23:00:00+00:00,Kurpark - Zentrum Süd,1.0,0.6700000000000002,415.0,50.36648,8.73834,True
2025-07-03 00:00:00+00:00,Kurpark - Zentrum Süd,0.5,0.3350000000000001,415.0,50.36648,8.73834,True
2025-07-03 01:00:00+00:00,Kurpark - Zentrum Süd,0.0,0.0,415.0,50.36648,8.73834,False
2025-07-03 02:00:00+00:00,Kurpark - Zentrum Süd,3.0,2.14,415.0,50.36648,8.73834,False
2025-07-03 03:00:00+00:00,Kurpark - Zentrum Süd,6.0,8.165,415.0,50.36648,8.73834,False
2025-07-03 04:00:00+00:00,Kurpark - Zentrum Süd,7.0,4.324999999999999,415.0,50.36648,8.73834,False
2025-07-03 05:00:00+00:00,Kurpark - Zentrum Süd,13.0,3.165,415.0,50.36648,8.73834,False
2025-07-03 06:00:00+00:00,Kurpark - Zentrum Süd,14.0,5.285,415.0,50.36648,8.73834,False
2025-07-03 07:00:00+00:00,Kurpark - Zentrum Süd,24.0,17.845,415.0,50.36648,8.73834,False
2025-07-03 08:00:00+00:00,Kurpark - Zentrum Süd,19.5,14.375,415.0,50.36648,8.73834,False
2025-07-03 09:00:00+00:00,Kurpark - Zentrum Süd,32.0,6.16,415.0,50.36648,8.73834,False
2025-07-03 10:00:00+00:00,Kurpark - Zentrum Süd,28.0,9.29,415.0,50.36648,8.73834,False
2025-07-03 11:00:00+00:00,Kurpark - Zentrum Süd,36.0,5.6,415.0,50.36648,8.73834,False
2025-07-03 12:00:00+00:00,Kurpark - Zentrum Süd,35.0,14.11,415.0,50.36648,8.73834,False
2025-07-03 13:00:00+00:00,Kurpark - Zentrum Süd,58.0,12.145,415.0,50.36648,8.73834,False
2025-07-03 14:00:00+00:00,Kurpark - Zentrum Süd,48.5,17.765,415.0,50.36648,8.73834,False
2025-07-03 15:00:00+00:00,Kurpark - Zentrum Süd,69.5,12.545,415.0,50.36648,8.73834,False
2025-07-03 16:00:00+00:00,Kurpark - Zentrum Süd,34.5,12.670000000000002,415.0,50.36648,8.73834,False
2025-07-03 17:00:00+00:00,Kurpark - Zentrum Süd,41.5,7.24,415.0,50.36648,8.73834,False
2025-07-03 18:00:00+00:00,Kurpark - Zentrum Süd,38.0,8.38,415.0,50.36648,8.73834,False
2025-07-03 19:00:00+00:00,Kurpark - Zentrum Süd,17.0,7.529999999999999,415.0,50.36648,8.73834,False
2025-07-03 20:00:00+00:00,Kurpark - Zentrum Süd,11.666666666666668,5.043333333333333,415.0,50.36648,8.73834,True
2025-07-03 21:00:00+00:00,Kurpark - Zentrum Süd,6.333333333333334,2.5566666666666666,415.0,50.36648,8.73834,True
2025-07-03 22:00:00+00:00,Kurpark - Zentrum Süd,1.0,0.07,415.0,50.36648,8.73834,False
2025-07-03 23:00:00+00:00,Kurpark - Zentrum Süd,2.0,5.19,415.0,50.36648,8.73834,False
2025-07-04 00:00:00+00:00,Kurpark - Zentrum Süd,3.0,8.97,415.0,50.36648,8.73834,False
2025-07-04 01:00:00+00:00,Kurpark - Zentrum Süd,1.0,4.97,415.0,50.36648,8.73834,False
2025-07-04 02:00:00+00:00,Kurpark - Zentrum Süd,1.0,0.25,415.0,50.36648,8.73834,False
2025-07-04 03:00:00+00:00,Kurpark - Zentrum Süd,3.0,8.47,415.0,50.36648,8.73834,False
2025-07-04 04:00:00+00:00,Kurpark - Zentrum Süd,5.0,1.03,415.0,50.36648,8.73834,False
2025-07-04 05:00:00+00:00,Kurpark - Zentrum Süd,15.0,7.92,415.0,50.36648,8.73834,False
2025-07-04 06:00:00+00:00,Kurpark - Zentrum Süd,27.5,10.11,415.0,50.36648,8.73834,False
2025-07-04 07:00:00+00:00,Kurpark - Zentrum Süd,25.0,11.53,415.0,50.36648,8.73834,False
2025-07-04 08:00:00+00:00,Kurpark - Zentrum Süd,31.5,9.615,415.0,50.36648,8.73834,False
2025-07-04 09:00:00+00:00,Kurpark - Zentrum Süd,56.0,8.66,415.0,50.36648,8.73834,False
2025-07-04 10:00:00+00:00,Kurpark - Zentrum Süd,51.0,9.58,415.0,50.36648,8.73834,False
2025-07-04 11:00:00+00:00,Kurpark - Zentrum Süd,51.0,11.535,415.0,50.36648,8.73834,False
2025-07-04 12:00:00+00:00,Kurpark - Zentrum Süd,43.0,9.89,415.0,50.36648,8.73834,False
2025-07-04 13:00:00+00:00,Kurpark - Zentrum Süd,27.0,3.32,415.0,50.36648,8.73834,False
2025-07-04 14:00:00+00:00,Kurpark - Zentrum Süd,27.0,6.52,415.0,50.36648,8.73834,False
2025-07-04 15:00:00+00:00,Kurpark - Zentrum Süd,75.0,8.61,415.0,50.36648,8.73834,False
2025-07-04 16:00:00+00:00,Kurpark - Zentrum Süd,62.0,9.315000000000001,415.0,50.36648,8.73834,False
2025-07-04 17:00:00+00:00,Kurpark - Zentrum Süd,42.0,7.45,415.0,50.36648,8.73834,False
2025-07-04 18:00:00+00:00,Kurpark - Zentrum Süd,30.0,9.43,415.0,50.36648,8.73834,False
2025-07-04 19:00:00+00:00,Kurpark - Zentrum Süd,18.0,3.9899999999999998,415.0,50.36648,8.73834,False
2025-07-04 20:00:00+00:00,Kurpark - Zentrum Süd,9.0,1.9949999999999999,415.0,50.36648,8.73834,True
2025-07-04 21:00:00+00:00,Kurpark - Zentrum Süd,0.0,0.0,415.0,50.36648,8.73834,False
2025-07-04 22:00:00+00:00,Kurpark - Zentrum Süd,7.0,2.97,415.0,50.36648,8.73834,False
2025-07-04 23:00:00+00:00,Kurpark - Zentrum Süd,2.0,11.22,415.0,50.36648,8.73834,False
2025-07-05 00:00:00+00:00,Kurpark - Zentrum Süd,1.0,20.47,415.0,50.36648,8.73834,False
2025-07-05 01:00:00+00:00,Kurpark - Zentrum Süd,4.0,12.405000000000001,415.0,50.36648,8.73834,False
2025-07-05 02:00:00+00:00,Kurpark - Zentrum Süd,2.0,11.22,415.0,50.36648,8.73834,False
2025-07-05 03:00:00+00:00,Kurpark - Zentrum Süd,2.0,6.67,415.0,50.36648,8.73834,False
2025-07-05 04:00:00+00:00,Kurpark - Zentrum Süd,8.0,3.26,415.0,50.36648,8.73834,False
2025-07-05 05:00:00+00:00,Kurpark - Zentrum Süd,14.0,10.49,415.0,50.36648,8.73834,False
2025-07-05 06:00:00+00:00,Kurpark - Zentrum Süd,25.0,3.74,415.0,50.36648,8.73834,False
2025-07-05 07:00:00+00:00,Kurpark - Zentrum Süd,12.5,1.87,415.0,50.36648,8.73834,True
2025-07-05 08:00:00+00:00,Kurpark - Zentrum Süd,0.0,0.0,415.0,50.36648,8.73834,False
2025-07-05 09:00:00+00:00,Kurpark - Zentrum Süd,42.5,6.12,415.0,50.36648,8.73834,False
2025-07-05 10:00:00+00:00,Kurpark - Zentrum Süd,82.0,7.255000000000001,415.0,50.36648,8.73834,False
2025-07-05 11:00:00+00:00,Kurpark - Zentrum Süd,71.5,12.53,415.0,50.36648,8.73834,False
2025-07-05 12:00:00+00:00,Kurpark - Zentrum Süd,147.0,13.465,415.0,50.36648,8.73834,False
2025-07-05 13:00:00+00:00,Kurpark - Zentrum Süd,122.0,8.32,415.0,50.36648,8.73834,False
2025-07-05 14:00:00+00:00,Kurpark - Zentrum Süd,98.33333333333333,8.44,415.0,50.36648,8.73834,True
2025-07-05 15:00:00+00:00,Kurpark - Zentrum Süd,74.66666666666666,8.56,415.0,50.36648,8.73834,True
2025-07-05 16:00:00+00:00,Kurpark - Zentrum Süd,51.0,8.68,415.0,50.36648,8.73834,False
2025-07-05 17:00:00+00:00,Kurpark - Zentrum Süd,35.0,8.26,415.0,50.36648,8.73834,False
2025-07-05 18:00:00+00:00,Kurpark - Zentrum Süd,18.0,8.73,415.0,50.36648,8.73834,False
2025-07-05 19:00:00+00:00,Kurpark - Zentrum Süd,10.5,5.5200000000000005,415.0,50.36648,8.73834,True
2025-07-05 20:00:00+00:00,Kurpark - Zentrum Süd,3.0,2.31,415.0,50.36648,8.73834,False
2025-07-05 21:00:00+00:00,Kurpark - Zentrum Süd,3.0,2.46,415.0,50.36648,8.73834,False
2025-07-05 22:00:00+00:00,Kurpark - Zentrum Süd,3.5,2.4,415.0,50.36648,8.73834,True
2025-07-05 23:00:00+00:00,Kurpark - Zentrum Süd,4.0,2.34,415.0,50.36648,8.73834,False
2025-07-06 00:00:00+00:00,Kurpark - Zentrum Süd,2.0,5.57,415.0,50.36648,8.73834,False
2025-07-06 01:00:00+00:00,Kurpark - Zentrum Süd,1.0,2.785,415.0,50.36648,8.73834,True
2025-07-06 02:00:00+00:00,Kurpark - Zentrum Süd,0.0,0.0,415.0,50.36648,8.73834,False
2025-07-06 03:00:00+00:00,Kurpark - Zentrum Süd,2.5,4.075,415.0,50.36648,8.73834,True
2025-07-06 04:00:00+00:00,Kurpark - Zentrum Süd,5.0,8.15,415.0,50.36648,8.73834,True
2025-07-06 05:00:00+00:00,Kurpark - Zentrum Süd,7.5,12.225,415.0,50.36648,8.73834,False
2025-07-06 06:00:00+00:00,Kurpark - Zentrum Süd,12.0,9.415,415.0,50.36648,8.73834,False
2025-07-06 07:00:00+00:00,Kurpark - Zentrum Süd,21.0,9.99,415.0,50.36648,8.73834,False
2025-07-06 08:00:00+00:00,Kurpark - Zentrum Süd,54.0,9.99,415.0,50.36648,8.73834,False
2025-07-06 09:00:00+00:00,Kurpark - Zentrum Süd,102.0,7.7,415.0,50.36648,8.73834,False
2025-07-06 10:00:00+00:00,Kurpark - Zentrum Süd,83.5,9.315,415.0,50.36648,8.73834,False
2025-07-06 11:00:00+00:00,Kurpark - Zentrum Süd,73.0,7.14,415.0,50.36648,8.73834,False
2025-07-06 12:00:00+00:00,Kurpark - Zentrum Süd,107.0,13.26,415.0,50.36648,8.73834,False
2025-07-06 13:00:00+00:00,Kurpark - Zentrum Süd,85.0,9.27,415.0,50.36648,8.73834,False
2025-07-06 14:00:00+00:00,Kurpark - Zentrum Süd,76.0,7.78,415.0,50.36648,8.73834,False
2025-07-06 15:00:00+00:00,Kurpark - Zentrum Süd,35.5,8.51,415.0,50.36648,8.73834,False
2025-07-06 16:00:00+00:00,Kurpark - Zentrum Süd,32.0,5.33,415.0,50.36648,8.73834,False
2025-07-06 17:00:00+00:00,Kurpark - Zentrum Süd,27.5,7.995,415.0,50.36648,8.73834,False
2025-07-06 18:00:00+00:00,Kurpark - Zentrum Süd,15.0,7.46,415.0,50.36648,8.73834,False
2025-07-06 19:00:00+00:00,Kurpark - Zentrum Süd,11.0,13.38,415.0,50.36648,8.73834,False
2025-07-06 20:00:00+00:00,Kurpark - Zentrum Süd,,,415.0,50.36648,8.73834,True
2025-07-06 21:00:00+00:00,Kurpark - Zentrum Süd,,,415.0,50.36648,8.73834,True
2025-07-06 22:00:00+00:00,Kurpark - Zentrum Süd,,,415.0,50.36648,8.73834,True
2025-07-06 23:00:00+00:00,Kurpark - Zentrum Süd,,,415.0,50.36648,8.73834,True
2025-07-07 00:00:00+00:00,Kurpark - Zentrum Süd,0.0,0.0,415.0,50.36648,8.73834,False
2025-07-07 01:00:00+00:00,Kurpark - Zentrum Süd,0.0,0.0,415.0,50.36648,8.73834,True
2025-07-07 02:00:00+00:00,Kurpark - Zentrum Süd,0.0,0.0,415.0,50.36648,8.73834,False
2025-07-07 03:00:00+00:00,Kurpark - Zentrum Süd,5.5,11.83,415.0,50.36648,8.73834,False
2025-07-07 04:00:00+00:00,Kurpark - Zentrum Süd,9.0,2.2249999999999996,415.0,50.36648,8.73834,False
2025-07-07 05:00:00+00:00,Kurpark - Zentrum Süd,6.0,8.23,415.0,50.36648,8.73834,False
2025-07-07 06:00:00+00:00,Kurpark - Zentrum Süd,11.0,1.75,415.0,50.36648,8.73834,False
2025-07-07 07:00:00+00:00,Kurpark - Zentrum Süd,20.5,8.844999999999999,415.0,50.36648,8.73834,False
2025-07-07 08:00:00+00:00,Kurpark - Zentrum Süd,31.0,4.55,415.0,50.36648,8.73834,False
2025-07-07 09:00:00+00:00,Kurpark - Zentrum Süd,22.5,5.2,415.0,50.36648,8.73834,False
2025-07-07 10:00:00+00:00,Kurpark - Zentrum Süd,20.5,6.92,415.0,50.36648,8.73834,False
2025-07-07 11:00:00+00:00,Kurpark - Zentrum Süd,27.75,6.3100000000000005,415.0,50.36648,8.73834,True
2025-07-07 12:00:00+00:00,Kurpark - Zentrum Süd,35.0,5.7,415.0,50.36648,8.73834,False
2025-07-07 13:00:00+00:00,Kurpark - Zentrum Süd,37.0,5.7,415.0,50.36648,8.73834,False
2025-07-07 14:00:00+00:00,Kurpark - Zentrum Süd,33.5,7.3,415.0,50.36648,8.73834,False
2025-07-07 15:00:00+00:00,Kurpark - Zentrum Süd,42.0,11.975000000000001,415.0,50.36648,8.73834,False
2025-07-07 16:00:00+00:00,Kurpark - Zentrum Süd,17.0,6.93,415.0,50.36648,8.73834,False
2025-07-07 17:00:00+00:00,Kurpark - Zentrum Süd,6.0,24.32,415.0,50.36648,8.73834,False
2025-07-07 18:00:00+00:00,Kurpark - Zentrum Süd,18.0,10.34,415.0,50.36648,8.73834,False
2025-07-07 19:00:00+00:00,Kurpark - Zentrum Süd,10.0,5.49,415.0,50.36648,8.73834,False
2025-07-07 20:00:00+00:00,Kurpark - Zentrum Süd,7.0,5.343333333333334,415.0,50.36648,8.73834,True
2025-07-07 21:00:00+00:00,Kurpark - Zentrum Süd,4.0,5.196666666666666,415.0,50.36648,8.73834,True
2025-07-07 22:00:00+00:00,Kurpark - Zentrum Süd,1.0,5.05,415.0,50.36648,8.73834,False
2025-07-07 23:00:00+00:00,Kurpark - Zentrum Süd,0.6666666666666667,3.3666666666666663,415.0,50.36648,8.73834,True
2025-07-08 00:00:00+00:00,Kurpark - Zentrum Süd,0.33333333333333337,1.6833333333333331,415.0,50.36648,8.73834,True
2025-07-08 01:00:00+00:00,Kurpark - Zentrum Süd,0.0,0.0,415.0,50.36648,8.73834,False
2025-07-08 02:00:00+00:00,Kurpark - Zentrum Süd,1.0,0.18,415.0,50.36648,8.73834,False
2025-07-08 03:00:00+00:00,Kurpark - Zentrum Süd,9.0,5.92,415.0,50.36648,8.73834,False
2025-07-08 04:00:00+00:00,Kurpark - Zentrum Süd,10.25,5.18,415.0,50.36648,8.73834,True
2025-07-08 05:00:00+00:00,Kurpark - Zentrum Süd,11.5,4.4399999999999995,415.0,50.36648,8.73834,False
2025-07-08 06:00:00+00:00,Kurpark - Zentrum Süd,12.0,3.34,415.0,50.36648,8.73834,False
2025-07-08 07:00:00+00:00,Kurpark - Zentrum Süd,15.0,4.295,415.0,50.36648,8.73834,False
2025-07-08 08:00:00+00:00,Kurpark - Zentrum Süd,22.5,6.6525,415.0,50.36648,8.73834,True
2025-07-08 09:00:00+00:00,Kurpark - Zentrum Süd,30.0,9.01,415.0,50.36648,8.73834,False
2025-07-08 10:00:00+00:00,Kurpark - Zentrum Süd,38.5,7.15,415.0,50.36648,8.73834,False
2025-07-08 11:00:00+00:00,Kurpark - Zentrum Süd,34.5,7.470000000000001,415.0,50.36648,8.73834,False
2025-07-08 12:00:00+00:00,Kurpark - Zentrum Süd,43.0,10.74,415.0,50.36648,8.73834,False
2025-07-08 13:00:00+00:00,Kurpark - Zentrum Süd,40.0,10.25,415.0,50.36648,8.73834,False
2025-07-08 14:00:00+00:00,Kurpark - Zentrum Süd,,,415.0,50.36648,8.73834,True
2025-07-08 15:00:00+00:00,Kurpark - Zentrum Süd,,,415.0,50.36648,8.73834,True
2025-07-08 16:00:00+00:00,Kurpark - Zentrum Süd,,,415.0,50.36648,8.73834,True
2025-07-08 17:00:00+00:00,Kurpark - Zentrum Süd,,,415.0,50.36648,8.73834,True
2025-07-08 18:00:00+00:00,Kurpark - Zentrum Süd,,,415.0,50.36648,8.73834,True
2025-07-08 19:00:00+00:00,Kurpark - Zentrum Süd,,,415.0,50.36648,8.73834,True
2025-07-08 20:00:00+00:00,Kurpark - Zentrum Süd,,,415.0,50.36648,8.73834,True
2025-07-08 21:00:00+00:00,Kurpark - Zentrum Süd,,,415.0,50.36648,8.73834,True
2025-07-08 22:00:00+00:00,Kurpark - Zentrum Süd,,,415.0,50.36648,8.73834,True
2025-07-08 23:00:00+00:00,Kurpark - Zentrum Süd,,,415.0,50.36648,8.73834,True
2025-07-09 00:00:00+00:00,Kurpark - Zentrum Süd,,,415.0,50.36648,8.73834,True
2025-07-09 01:00:00+00:00,Kurpark - Zentrum Süd,,,415.0,50.36648,8.73834,True
2025-07-09 02:00:00+00:00,Kurpark - Zentrum Süd,,,415.0,50.36648,8.73834,True
2025-07-09 03:00:00+00:00,Kurpark - Zentrum Süd,,,415.0,50.36648,8.73834,True
2025-07-09 04:00:00+00:00,Kurpark - Zentrum Süd,,,415.0,50.36648,8.73834,True
2025-07-09 05:00:00+00:00,Kurpark - Zentrum Süd,,,415.0,50.36648,8.73834,True
2025-07-09 06:00:00+00:00,Kurpark - Zentrum Süd,,,415.0,50.36648,8.73834,True
2025-07-09 07:00:00+00:00,Kurpark - Zentrum Süd,16.0,4.23,415.0,50.36648,8.73834,False
2025-07-09 08:00:00+00:00,Kurpark - Zentrum Süd,18.0,15.55,415.0,50.36648,8.73834,False
2025-07-09 09:00:00+00:00,Kurpark - Zentrum Süd,36.0,8.47,415.0,50.36648,8.73834,False
2025-07-09 10:00:00+00:00,Kurpark - Zentrum Süd,33.5,6.875,415.0,50.36648,8.73834,False
2025-07-09 11:00:00+00:00,Kurpark - Zentrum Süd,38.0,7.59,415.0,50.36648,8.73834,True
2025-07-09 12:00:00+00:00,Kurpark - Zentrum Süd,42.5,8.305,415.0,50.36648,8.73834,True
2025-07-09 13:00:00+00:00,Kurpark - Zentrum Süd,47.0,9.02,415.0,50.36648,8.73834,False
2025-07-09 14:00:00+00:00,Kurpark - Zentrum Süd,84.0,10.45,415.0,50.36648,8.73834,False
2025-07-09 15:00:00+00:00,Kurpark - Zentrum Süd,66.0,7.2,415.0,50.36648,8.73834,False
2025-07-09 16:00:00+00:00,Kurpark - Zentrum Süd,44.0,8.56,415.0,50.36648,8.73834,False
2025-07-09 17:00:00+00:00,Kurpark - Zentrum Süd,28.0,12.71,415.0,50.36648,8.73834,False
2025-07-09 18:00:00+00:00,Kurpark - Zentrum Süd,16.0,15.84,415.0,50.36648,8.73834,False
2025-07-09 19:00:00+00:00,Kurpark - Zentrum Süd,7.0,5.87,415.0,50.36648,8.73834,False
2025-07-09 20:00:00+00:00,Kurpark - Zentrum Süd,8.0,41.8,415.0,50.36648,8.73834,False
2025-07-09 21:00:00+00:00,Kurpark - Zentrum Süd,,,415.0,50.36648,8.73834,True
2025-07-09 22:00:00+00:00,Kurpark - Zentrum Süd,,,415.0,50.36648,8.73834,True
2025-07-09 23:00:00+00:00,Kurpark - Zentrum Süd,,,415.0,50.36648,8.73834,True
2025-07-10 00:00:00+00:00,Kurpark - Zentrum Süd,,,415.0,50.36648,8.73834,True
2025-07-10 01:00:00+00:00,Kurpark - Zentrum Süd,,,415.0,50.36648,8.73834,True
2025-07-10 02:00:00+00:00,Kurpark - Zentrum Süd,,,415.0,50.36648,8.73834,True
2025-07-10 03:00:00+00:00,Kurpark - Zentrum Süd,,,415.0,50.36648,8.73834,True
2025-07-10 04:00:00+00:00,Kurpark - Zentrum Süd,,,415.0,50.36648,8.73834,True
2025-07-10 05:00:00+00:00,Kurpark - Zentrum Süd,,,415.0,50.36648,8.73834,True
2025-07-10 06:00:00+00:00,Kurpark - Zentrum Süd,,,415.0,50.36648,8.73834,True
2025-07-10 07:00:00+00:00,Kurpark - Zentrum Süd,13.0,6.29,415.0,50.36648,8.73834,False
2025-07-10 08:00:00+00:00,Kurpark - Zentrum Süd,29.0,6.68,415.0,50.36648,8.73834,False
2025-07-10 09:00:00+00:00,Kurpark - Zentrum Süd,53.5,6.745,415.0,50.36648,8.73834,False
2025-07-10 10:00:00+00:00,Kurpark - Zentrum Süd,47.5,14.66,415.0,50.36648,8.73834,False
2025-07-10 11:00:00+00:00,Kurpark - Zentrum Süd,58.0,6.375,415.0,50.36648,8.73834,False
2025-07-10 12:00:00+00:00,Kurpark - Zentrum Süd,32.0,6.3,415.0,50.36648,8.73834,False
2025-07-10 13:00:00+00:00,Kurpark - Zentrum Süd,74.5,10.155,415.0,50.36648,8.73834,False
2025-07-10 14:00:00+00:00,Kurpark - Zentrum Süd,48.0,7.76,415.0,50.36648,8.73834,False
2025-07-10 15:00:00+00:00,Kurpark - Zentrum Süd,38.0,9.76,415.0,50.36648,8.73834,False
2025-07-10 16:00:00+00:00,Kurpark - Zentrum Süd,42.0,7.5649999999999995,415.0,50.36648,8.73834,False
2025-07-10 17:00:00+00:00,Kurpark - Zentrum Süd,29.5,10.445,415.0,50.36648,8.73834,False
2025-07-10 18:00:00+00:00,Kurpark - Zentrum Süd,27.0,5.78,415.0,50.36648,8.73834,False
2025-07-10 19:00:00+00:00,Kurpark - Zentrum Süd,9.0,10.01,415.0,50.36648,8.73834,False
2025-07-10 20:00:00+00:00,Kurpark - Zentrum Süd,3.5,3.69,415.0,50.36648,8.73834,False
2025-07-10 21:00:00+00:00,Kurpark - Zentrum Süd,2.0,3.83,415.0,50.36648,8.73834,False
2025-07-10 22:00:00+00:00,Kurpark - Zentrum Süd,6.5,7.2700000000000005,415.0,50.36648,8.73834,False
2025-07-10 23:00:00+00:00,Kurpark - Zentrum Süd,4.333333333333334,4.846666666666668,415.0,50.36648,8.73834,True
2025-07-11 00:00:00+00:00,Kurpark - Zentrum Süd,2.166666666666667,2.423333333333334,415.0,50.36648,8.73834,True
2025-07-11 01:00:00+00:00,Kurpark - Zentrum Süd,0.0,0.0,415.0,50.36648,8.73834,False
2025-07-11 02:00:00+00:00,Kurpark - Zentrum Süd,2.0,0.95,415.0,50.36648,8.73834,False
2025-07-11 03:00:00+00:00,Kurpark - Zentrum Süd,5.0,2.71,415.0,50.36648,8.73834,False
2025-07-11 04:00:00+00:00,Kurpark - Zentrum Süd,18.0,4.46,415.0,50.36648,8.73834,False
2025-07-11 05:00:00+00:00,Kurpark - Zentrum Süd,5.0,1.13,415.0,50.36648,8.73834,False
2025-07-11 06:00:00+00:00,Kurpark - Zentrum Süd,16.0,9.83,415.0,50.36648,8.73834,False
2025-07-11 07:00:00+00:00,Kurpark - Zentrum Süd,,,415.0,50.36648,8.73834,True
2025-07-11 08:00:00+00:00,Kurpark - Zentrum Süd,,,415.0,50.36648,8.73834,True
2025-07-11 09:00:00+00:00,Kurpark - Zentrum Süd,,,415.0,50.36648,8.73834,True
2025-07-11 10:00:00+00:00,Kurpark - Zentrum Süd,,,415.0,50.36648,8.73834,True
2025-07-11 11:00:00+00:00,Kurpark - Zentrum Süd,,,415.0,50.36648,8.73834,True
2025-07-11 12:00:00+00:00,Kurpark - Zentrum Süd,,,415.0,50.36648,8.73834,True
2025-07-11 13:00:00+00:00,Kurpark - Zentrum Süd,,,415.0,50.36648,8.73834,True
2025-07-11 14:00:00+00:00,Kurpark - Zentrum Süd,,,415.0,50.36648,8.73834,True
2025-07-11 15:00:00+00:00,Kurpark - Zentrum Süd,,,415.0,50.36648,8.73834,True
2025-07-11 16:00:00+00:00,Kurpark - Zentrum Süd,,,415.0,50.36648,8.73834,True
2025-07-11 17:00:00+00:00,Kurpark - Zentrum Süd,26.0,11.03,415.0,50.36648,8.73834,False
2025-07-11 18:00:00+00:00,Kurpark - Zentrum Süd,19.5,7.685,415.0,50.36648,8.73834,True
2025-07-11 19:00:00+00:00,Kurpark - Zentrum Süd,13.0,4.34,415.0,50.36648,8.73834,False
2025-07-11 20:00:00+00:00,Kurpark - Zentrum Süd,16.0,7.91,415.0,50.36648,8.73834,False
2025-07-11 21:00:00+00:00,Kurpark - Zentrum Süd,11.333333333333332,5.733333333333333,415.0,50.36648,8.73834,True
2025-07-11 22:00:00+00:00,Kurpark - Zentrum Süd,6.666666666666666,3.5566666666666666,415.0,50.36648,8.73834,True
2025-07-11 23:00:00+00:00,Kurpark - Zentrum Süd,2.0,1.38,415.0,50.36648,8.73834,False
2025-07-12 00:00:00+00:00,Kurpark - Zentrum Süd,,,415.0,50.36648,8.73834,True
2025-07-12 01:00:00+00:00,Kurpark - Zentrum Süd,,,415.0,50.36648,8.73834,True
2025-07-12 02:00:00+00:00,Kurpark - Zentrum Süd,,,415.0,50.36648,8.73834,True
2025-07-12 03:00:00+00:00,Kurpark - Zentrum Süd,,,415.0,50.36648,8.73834,True
2025-07-12 04:00:00+00:00,Kurpark - Zentrum Süd,,,415.0,50.36648,8.73834,True
2025-07-12 05:00:00+00:00,Kurpark - Zentrum Süd,8.0,5.55,415.0,50.36648,8.73834,False
2025-07-12 06:00:00+00:00,Kurpark - Zentrum Süd,16.0,5.734999999999999,415.0,50.36648,8.73834,True
2025-07-12 07:00:00+00:00,Kurpark - Zentrum Süd,24.0,5.92,415.0,50.36648,8.73834,False
2025-07-12 08:00:00+00:00,Kurpark - Zentrum Süd,39.666666666666664,7.155,415.0,50.36648,8.73834,True
2025-07-12 09:00:00+00:00,Kurpark - Zentrum Süd,55.33333333333333,8.39,415.0,50.36648,8.73834,True
2025-07-12 10:00:00+00:00,Kurpark - Zentrum Süd,71.0,9.625,415.0,50.36648,8.73834,False
2025-07-12 11:00:00+00:00,Kurpark - Zentrum Süd,58.5,9.455,415.0,50.36648,8.73834,False
2025-07-12 12:00:00+00:00,Kurpark - Zentrum Süd,66.0,10.370000000000001,415.0,50.36648,8.73834,False
2025-07-12 13:00:00+00:00,Kurpark - Zentrum Süd,107.0,9.94,415.0,50.36648,8.73834,False
2025-07-12 14:00:00+00:00,Kurpark - Zentrum Süd,52.0,10.254999999999999,415.0,50.36648,8.73834,False
2025-07-12 15:00:00+00:00,Kurpark - Zentrum Süd,42.0,11.195,415.0,50.36648,8.73834,False
2025-07-12 16:00:00+00:00,Kurpark - Zentrum Süd,51.5,6.6,415.0,50.36648,8.73834,False
2025-07-12 17:00:00+00:00,Kurpark - Zentrum Süd,30.0,9.16,415.0,50.36648,8.73834,False
2025-07-12 18:00:00+00:00,Kurpark - Zentrum Süd,19.0,7.27,415.0,50.36648,8.73834,False
2025-07-12 19:00:00+00:00,Kurpark - Zentrum Süd,6.0,3.47,415.0,50.36648,8.73834,False
2025-07-12 20:00:00+00:00,Kurpark - Zentrum Süd,8.0,3.84,415.0,50.36648,8.73834,False
2025-07-12 21:00:00+00:00,Kurpark - Zentrum Süd,0.0,0.0,415.0,50.36648,8.73834,False
2025-07-12 22:00:00+00:00,Kurpark - Zentrum Süd,5.0,2.11,415.0,50.36648,8.73834,False
2025-07-12 23:00:00+00:00,Kurpark - Zentrum Süd,1.0,0.48,415.0,50.36648,8.73834,False
2025-07-13 00:00:00+00:00,Kurpark - Zentrum Süd,0.5,0.24,415.0,50.36648,8.73834,True
2025-07-13 01:00:00+00:00,Kurpark - Zentrum Süd,0.0,0.0,415.0,50.36648,8.73834,False
2025-07-13 02:00:00+00:00,Kurpark - Zentrum Süd,1.0,15.15,415.0,50.36648,8.73834,False
2025-07-13 03:00:00+00:00,Kurpark - Zentrum Süd,1.0,9.13,415.0,50.36648,8.73834,False
2025-07-13 04:00:00+00:00,Kurpark - Zentrum Süd,,,415.0,50.36648,8.73834,True
2025-07-13 05:00:00+00:00,Kurpark - Zentrum Süd,,,415.0,50.36648,8.73834,True
2025-07-13 06:00:00+00:00,Kurpark - Zentrum Süd,,,415.0,50.36648,8.73834,True
2025-07-13 07:00:00+00:00,Kurpark - Zentrum Süd,,,415.0,50.36648,8.73834,True
2025-07-13 08:00:00+00:00,Kurpark - Zentrum Süd,,,415.0,50.36648,8.73834,True
2025-07-13 09:00:00+00:00,Kurpark - Zentrum Süd,,,415.0,50.36648,8.73834,True
2025-07-13 10:00:00+00:00,Kurpark - Zentrum Süd,,,415.0,50.36648,8.73834,True
2025-07-13 11:00:00+00:00,Kurpark - Zentrum Süd,,,415.0,50.36648,8.73834,True
2025-07-13 12:00:00+00:00,Kurpark - Zentrum Süd,,,415.0,50.36648,8.73834,True
2025-07-13 13:00:00+00:00,Kurpark - Zentrum Süd,,,415.0,50.36648,8.73834,True
2025-07-13 14:00:00+00:00,Kurpark - Zentrum Süd,,,415.0,50.36648,8.73834,True
2025-07-13 15:00:00+00:00,Kurpark - Zentrum Süd,,,415.0,50.36648,8.73834,True
2025-07-13 16:00:00+00:00,Kurpark - Zentrum Süd,,,415.0,50.36648,8.73834,True
2025-07-13 17:00:00+00:00,Kurpark - Zentrum Süd,,,415.0,50.36648,8.73834,True
2025-07-13 18:00:00+00:00,Kurpark - Zentrum Süd,,,415.0,50.36648,8.73834,True
2025-07-13 19:00:00+00:00,Kurpark - Zentrum Süd,,,415.0,50.36648,8.73834,True
2025-07-13 20:00:00+00:00,Kurpark - Zentrum Süd,,,415.0,50.36648,8.73834,True
2025-07-13 21:00:00+00:00,Kurpark - Zentrum Süd,1.0,0.665,415.0,50.36648,8.73834,False
2025-07-13 22:00:00+00:00,Kurpark - Zentrum Süd,6.0,86.97,415.0,50.36648,8.73834,False
2025-07-13 23:00:00+00:00,Kurpark - Zentrum Süd,,,415.0,50.36648,8.73834,True
2025-06-30 01:00:00+00:00,Kurstraße 13,0.0,0.0,415.0,50.36401,8.74069,False
2025-06-30 02:00:00+00:00,Kurstraße 13,1.0,3.07,415.0,50.36401,8.74069,False
2025-06-30 03:00:00+00:00,Kurstraße 13,15.0,6.55,415.0,50.36401,8.74069,False
2025-06-30 04:00:00+00:00,Kurstraße 13,19.0,4.34,415.0,50.36401,8.74069,False
2025-06-30 05:00:00+00:00,Kurstraße 13,51.0,7.995,415.0,50.36401,8.74069,False
2025-06-30 06:00:00+00:00,Kurstraße 13,59.0,5.93,415.0,50.36401,8.74069,False
2025-06-30 07:00:00+00:00,Kurstraße 13,67.0,6.62,415.0,50.36401,8.74069,False
2025-06-30 08:00:00+00:00,Kurstraße 13,71.75,6.4275,415.0,50.36401,8.74069,True
2025-06-30 09:00:00+00:00,Kurstraße 13,76.5,6.234999999999999,415.0,50.36401,8.74069,False
2025-06-30 10:00:00+00:00,Kurstraße 13,68.5,8.85,415.0,50.36401,8.74069,False
2025-06-30 11:00:00+00:00,Kurstraße 13,49.0,6.96,415.0,50.36401,8.74069,False
2025-06-30 12:00:00+00:00,Kurstraße 13,65.0,6.984999999999999,415.0,50.36401,8.74069,False
2025-06-30 13:00:00+00:00,Kurstraße 13,70.0,8.385,415.0,50.36401,8.74069,False
2025-06-30 14:00:00+00:00,Kurstraße 13,72.0,11.315,415.0,50.36401,8.74069,False
2025-06-30 15:00:00+00:00,Kurstraße 13,49.0,5.27,415.0,50.36401,8.74069,False
2025-06-30 16:00:00+00:00,Kurstraße 13,46.5,6.085,415.0,50.36401,8.74069,False
2025-06-30 17:00:00+00:00,Kurstraße 13,44.0,7.08,415.0,50.36401,8.74069,False
2025-06-30 18:00:00+00:00,Kurstraße 13,29.0,7.15,415.0,50.36401,8.74069,False
2025-06-30 19:00:00+00:00,Kurstraße 13,24.0,4.71,415.0,50.36401,8.74069,False
2025-06-30 20:00:00+00:00,Kurstraße 13,13.5,4.73,415.0,50.36401,8.74069,False
2025-06-30 21:00:00+00:00,Kurstraße 13,1.0,0.17,415.0,50.36401,8.74069,False
2025-06-30 22:00:00+00:00,Kurstraße 13,16.0,1.42,415.0,50.36401,8.74069,False
2025-06-30 23:00:00+00:00,Kurstraße 13,4.0,4.865,415.0,50.36401,8.74069,False
2025-07-01 00:00:00+00:00,Kurstraße 13,4.0,7.89,415.0,50.36401,8.74069,False
2025-07-01 01:00:00+00:00,Kurstraße 13,1.0,0.33,415.0,50.36401,8.74069,False
2025-07-01 02:00:00+00:00,Kurstraße 13,5.0,12.32,415.0,50.36401,8.74069,False
2025-07-01 03:00:00+00:00,Kurstraße 13,13.0,6.615,415.0,50.36401,8.74069,False
2025-07-01 04:00:00+00:00,Kurstraße 13,25.5,7.905,415.0,50.36401,8.74069,False
2025-07-01 05:00:00+00:00,Kurstraße 13,50.0,9.3,415.0,50.36401,8.74069,False
2025-07-01 06:00:00+00:00,Kurstraße 13,67.0,8.11,415.0,50.36401,8.74069,False
2025-07-01 07:00:00+00:00,Kurstraße 13,90.0,6.5,415.0,50.36401,8.74069,False
2025-07-01 08:00:00+00:00,Kurstraße 13,72.0,8.53,415.0,50.36401,8.74069,False
2025-07-01 09:00:00+00:00,Kurstraße 13,88.5,9.82,415.0,50.36401,8.74069,False
2025-07-01 10:00:00+00:00,Kurstraße 13,76.5,8.01,415.0,50.36401,8.74069,False
2025-07-01 11:00:00+00:00,Kurstraße 13,75.0,6.72,415.0,50.36401,8.74069,False
2025-07-01 12:00:00+00:00,Kurstraße 13,66.5,7.015000000000001,415.0,50.36401,8.74069,False
2025-07-01 13:00:00+00:00,Kurstraße 13,54.0,8.25,415.0,50.36401,8.74069,False
2025-07-01 14:00:00+00:00,Kurstraße 13,72.0,6.28,415.0,50.36401,8.74069,False
2025-07-01 15:00:00+00:00,Kurstraße 13,74.0,6.029999999999999,415.0,50.36401,8.74069,False
2025-07-01 16:00:00+00:00,Kurstraße 13,61.5,8.51,415.0,50.36401,8.74069,False
2025-07-01 17:00:00+00:00,Kurstraße 13,39.5,8.29,415.0,50.36401,8.74069,False
2025-07-01 18:00:00+00:00,Kurstraße 13,28.5,5.57,415.0,50.36401,8.74069,False
2025-07-01 19:00:00+00:00,Kurstraße 13,16.0,7.04,415.0,50.36401,8.74069,False
2025-07-01 20:00:00+00:00,Kurstraße 13,10.5,3.035,415.0,50.36401,8.74069,False
2025-07-01 21:00:00+00:00,Kurstraße 13,3.0,0.82,415.0,50.36401,8.74069,False
2025-07-01 22:00:00+00:00,Kurstraße 13,13.0,20.56,415.0,50.36401,8.74069,False
2025-07-01 23:00:00+00:00,Kurstraße 13,6.5,10.28,415.0,50.36401,8.74069,True
2025-07-02 00:00:00+00:00,Kurstraße 13,0.0,0.0,415.0,50.36401,8.74069,False
2025-07-02 01:00:00+00:00,Kurstraße 13,2.0,7.22,415.0,50.36401,8.74069,False
2025-07-02 02:00:00+00:00,Kurstraße 13,6.0,3.5949999999999998,415.0,50.36401,8.74069,False
2025-07-02 03:00:00+00:00,Kurstraße 13,8.0,4.5649999999999995,415.0,50.36401,8.74069,False
2025-07-02 04:00:00+00:00,Kurstraße 13,21.0,6.074999999999999,415.0,50.36401,8.74069,False
2025-07-02 05:00:00+00:00,Kurstraße 13,48.0,8.89,415.0,50.36401,8.74069,False
2025-07-02 06:00:00+00:00,Kurstraße 13,64.5,6.85,415.0,50.36401,8.74069,False
2025-07-02 07:00:00+00:00,Kurstraße 13,66.0,11.62,415.0,50.36401,8.74069,False
2025-07-02 08:00:00+00:00,Kurstraße 13,58.5,7.785,415.0,50.36401,8.74069,False
2025-07-02 09:00:00+00:00,Kurstraße 13,55.0,7.125,415.0,50.36401,8.74069,False
2025-07-02 10:00:00+00:00,Kurstraße 13,62.0,7.01,415.0,50.36401,8.74069,False
2025-07-02 11:00:00+00:00,Kurstraße 13,37.0,9.235,415.0,50.36401,8.74069,False
2025-07-02 12:00:00+00:00,Kurstraße 13,42.0,5.92,415.0,50.36401,8.74069,False
2025-07-02 13:00:00+00:00,Kurstraße 13,46.0,2.88,415.0,50.36401,8.74069,False
2025-07-02 14:00:00+00:00,Kurstraße 13,51.0,6.945,415.0,50.36401,8.74069,False
2025-07-02 15:00:00+00:00,Kurstraße 13,45.0,7.525,415.0,50.36401,8.74069,False
2025-07-02 16:00:00+00:00,Kurstraße 13,40.0,5.125,415.0,50.36401,8.74069,False
2025-07-02 17:00:00+00:00,Kurstraße 13,40.5,4.87,415.0,50.36401,8.74069,False
2025-07-02 18:00:00+00:00,Kurstraße 13,16.0,5.74,415.0,50.36401,8.74069,False
2025-07-02 19:00:00+00:00,Kurstraße 13,20.5,3.425,415.0,50.36401,8.74069,False
2025-07-02 20:00:00+00:00,Kurstraße 13,10.5,4.550000000000001,415.0,50.36401,8.74069,False
2025-07-02 21:00:00+00:00,Kurstraße 13,7.0,3.033333333333334,415.0,50.36401,8.74069,True
2025-07-02 22:00:00+00:00,Kurstraße 13,3.5,1.516666666666667,415.0,50.36401,8.74069,True
2025-07-02 23:00:00+00:00,Kurstraße 13,0.0,0.0,415.0,50.36401,8.74069,False
2025-07-03 00:00:00+00:00,Kurstraße 13,6.0,4.67,415.0,50.36401,8.74069,False
2025-07-03 01:00:00+00:00,Kurstraße 13,1.0,3.13,415.0,50.36401,8.74069,False
2025-07-03 02:00:00+00:00,Kurstraße 13,1.0,2.68,415.0,50.36401,8.74069,False
2025-07-03 03:00:00+00:00,Kurstraße 13,12.0,4.065,415.0,50.36401,8.74069,False
2025-07-03 04:00:00+00:00,Kurstraße 13,8.0,4.94,415.0,50.36401,8.74069,False
2025-07-03 05:00:00+00:00,Kurstraße 13,61.0,9.1,415.0,50.36401,8.74069,False
2025-07-03 06:00:00+00:00,Kurstraße 13,58.0,7.02,415.0,50.36401,8.74069,False
2025-07-03 07:00:00+00:00,Kurstraße 13,65.0,7.734999999999999,415.0,50.36401,8.74069,False
2025-07-03 08:00:00+00:00,Kurstraße 13,76.0,7.465,415.0,50.36401,8.74069,False
2025-07-03 09:00:00+00:00,Kurstraße 13,72.5,6.6899999999999995,415.0,50.36401,8.74069,False
2025-07-03 10:00:00+00:00,Kurstraße 13,69.5,6.375,415.0,50.36401,8.74069,False
2025-07-03 11:00:00+00:00,Kurstraße 13,59.0,7.61,415.0,50.36401,8.74069,False
2025-07-03 12:00:00+00:00,Kurstraße 13,57.0,7.95,415.0,50.36401,8.74069,False
2025-07-03 13:00:00+00:00,Kurstraße 13,67.5,6.875,415.0,50.36401,8.74069,False
2025-07-03 14:00:00+00:00,Kurstraße 13,81.0,6.015000000000001,415.0,50.36401,8.74069,False
2025-07-03 15:00:00+00:00,Kurstraße 13,78.5,9.370000000000001,415.0,50.36401,8.74069,False
2025-07-03 16:00:00+00:00,Kurstraße 13,87.5,7.720000000000001,415.0,50.36401,8.74069,False
2025-07-03 17:00:00+00:00,Kurstraße 13,22.0,6.79,415.0,50.36401,8.74069,False
2025-07-03 18:00:00+00:00,Kurstraße 13,23.0,5.38,415.0,50.36401,8.74069,False
2025-07-03 19:00:00+00:00,Kurstraße 13,14.5,4.05,415.0,50.36401,8.74069,False
2025-07-03 20:00:00+00:00,Kurstraße 13,8.0,5.285,415.0,50.36401,8.74069,False
2025-07-03 21:00:00+00:00,Kurstraße 13,7.0,4.8025,415.0,50.36401,8.74069,True
2025-07-03 22:00:00+00:00,Kurstraße 13,6.0,4.32,415.0,50.36401,8.74069,False
2025-07-03 23:00:00+00:00,Kurstraße 13,3.0,2.2,415.0,50.36401,8.74069,False
2025-07-04 00:00:00+00:00,Kurstraße 13,1.5,1.1,415.0,50.36401,8.74069,True
2025-07-04 01:00:00+00:00,Kurstraße 13,0.0,0.0,415.0,50.36401,8.74069,False
2025-07-04 02:00:00+00:00,Kurstraße 13,4.0,2.76,415.0,50.36401,8.74069,False
2025-07-04 03:00:00+00:00,Kurstraße 13,9.0,5.975,415.0,50.36401,8.74069,False
2025-07-04 04:00:00+00:00,Kurstraße 13,20.0,5.025,415.0,50.36401,8.74069,False
2025-07-04 05:00:00+00:00,Kurstraße 13,50.5,6.425,415.0,50.36401,8.74069,False
2025-07-04 06:00:00+00:00,Kurstraße 13,54.5,6.865,415.0,50.36401,8.74069,False
2025-07-04 07:00:00+00:00,Kurstraße 13,76.5,7.994999999999999,415.0,50.36401,8.74069,False
2025-07-04 08:00:00+00:00,Kurstraße 13,110.5,8.63,415.0,50.36401,8.74069,False
2025-07-04 09:00:00+00:00,Kurstraße 13,105.0,6.33,415.0,50.36401,8.74069,False
2025-07-04 10:00:00+00:00,Kurstraße 13,89.0,6.720000000000001,415.0,50.36401,8.74069,False
2025-07-04 11:00:00+00:00,Kurstraße 13,75.0,5.22,415.0,50.36401,8.74069,False
2025-07-04 12:00:00+00:00,Kurstraße 13,56.0,10.73,415.0,50.36401,8.74069,False
2025-07-04 13:00:00+00:00,Kurstraße 13,39.0,1.89,415.0,50.36401,8.74069,False
2025-07-04 14:00:00+00:00,Kurstraße 13,26.0,4.92,415.0,50.36401,8.74069,False
2025-07-04 15:00:00+00:00,Kurstraße 13,104.0,8.945,415.0,50.36401,8.74069,False
2025-07-04 16:00:00+00:00,Kurstraße 13,71.5,6.09,415.0,50.36401,8.74069,False
2025-07-04 17:00:00+00:00,Kurstraße 13,51.0,6.58,415.0,50.36401,8.74069,False
2025-07-04 18:00:00+00:00,Kurstraße 13,32.0,11.565,415.0,50.36401,8.74069,False
2025-07-04 19:00:00+00:00,Kurstraße 13,32.0,6.9,415.0,50.36401,8.74069,False
2025-07-04 20:00:00+00:00,Kurstraße 13,26.0,2.31,415.0,50.36401,8.74069,False
2025-07-04 21:00:00+00:00,Kurstraße 13,4.0,1.39,415.0,50.36401,8.74069,False
2025-07-04 22:00:00+00:00,Kurstraße 13,4.5,1.29,415.0,50.36401,8.74069,True
2025-07-04 23:00:00+00:00,Kurstraße 13,5.0,1.19,415.0,50.36401,8.74069,False
2025-07-05 00:00:00+00:00,Kurstraße 13,3.0,2.42,415.0,50.36401,8.74069,False
2025-07-05 01:00:00+00:00,Kurstraße 13,2.0,4.64,415.0,50.36401,8.74069,False
2025-07-05 02:00:00+00:00,Kurstraße 13,1.5,39.995000000000005,415.0,50.36401,8.74069,False
2025-07-05 03:00:00+00:00,Kurstraße 13,8.0,8.89,415.0,50.36401,8.74069,False
2025-07-05 04:00:00+00:00,Kurstraße 13,11.0,2.92,415.0,50.36401,8.74069,False
2025-07-05 05:00:00+00:00,Kurstraße 13,14.0,8.530000000000001,415.0,50.36401,8.74069,False
2025-07-05 06:00:00+00:00,Kurstraße 13,50.0,6.29,415.0,50.36401,8.74069,False
2025-07-05 07:00:00+00:00,Kurstraße 13,25.0,3.145,415.0,50.36401,8.74069,True
2025-07-05 08:00:00+00:00,Kurstraße 13,0.0,0.0,415.0,50.36401,8.74069,False
2025-07-05 09:00:00+00:00,Kurstraße 13,51.5,4.405,415.0,50.36401,8.74069,False
2025-07-05 10:00:00+00:00,Kurstraße 13,111.5,7.46,415.0,50.36401,8.74069,False
2025-07-05 11:00:00+00:00,Kurstraße 13,103.5,9.995000000000001,415.0,50.36401,8.74069,False
2025-07-05 12:00:00+00:00,Kurstraße 13,86.0,9.184999999999999,415.0,50.36401,8.74069,False
2025-07-05 13:00:00+00:00,Kurstraße 13,80.0,6.55,415.0,50.36401,8.74069,False
2025-07-05 14:00:00+00:00,Kurstraße 13,68.66666666666667,5.89,415.0,50.36401,8.74069,True
2025-07-05 15:00:00+00:00,Kurstraße 13,57.33333333333333,5.23,415.0,50.36401,8.74069,True
2025-07-05 16:00:00+00:00,Kurstraße 13,46.0,4.57,415.0,50.36401,8.74069,False
2025-07-05 17:00:00+00:00,Kurstraße 13,40.0,5.47,415.0,50.36401,8.74069,False
2025-07-05 18:00:00+00:00,Kurstraße 13,29.5,6.0600000000000005,415.0,50.36401,8.74069,False
2025-07-05 19:00:00+00:00,Kurstraße 13,19.25,6.025,415.0,50.36401,8.74069,True
2025-07-05 20:00:00+00:00,Kurstraße 13,9.0,5.99,415.0,50.36401,8.74069,False
2025-07-05 21:00:00+00:00,Kurstraße 13,2.0,3.17,415.0,50.36401,8.74069,False
2025-07-05 22:00:00+00:00,Kurstraße 13,3.0,3.2075,415.0,50.36401,8.74069,True
2025-07-05 23:00:00+00:00,Kurstraße 13,4.0,3.245,415.0,50.36401,8.74069,False
2025-07-06 00:00:00+00:00,Kurstraße 13,3.0,4.03,415.0,50.36401,8.74069,False
2025-07-06 01:00:00+00:00,Kurstraße 13,4.0,7.86,415.0,50.36401,8.74069,False
2025-07-06 02:00:00+00:00,Kurstraße 13,1.0,14.85,415.0,50.36401,8.74069,False
2025-07-06 03:00:00+00:00,Kurstraße 13,2.0,3.96,415.0,50.36401,8.74069,False
2025-07-06 04:00:00+00:00,Kurstraße 13,4.0,4.4,415.0,50.36401,8.74069,True
2025-07-06 05:00:00+00:00,Kurstraße 13,6.0,4.84,415.0,50.36401,8.74069,False
2025-07-06 06:00:00+00:00,Kurstraße 13,24.0,7.085,415.0,50.36401,8.74069,False
2025-07-06 07:00:00+00:00,Kurstraße 13,34.5,6.96,415.0,50.36401,8.74069,False
2025-07-06 08:00:00+00:00,Kurstraße 13,48.0,5.7,415.0,50.36401,8.74069,False
2025-07-06 09:00:00+00:00,Kurstraße 13,71.5,8.105,415.0,50.36401,8.74069,False
2025-07-06 10:00:00+00:00,Kurstraße 13,60.5,8.985,415.0,50.36401,8.74069,False
2025-07-06 11:00:00+00:00,Kurstraße 13,78.0,7.2,415.0,50.36401,8.74069,False
2025-07-06 12:00:00+00:00,Kurstraße 13,98.0,9.02,415.0,50.36401,8.74069,False
2025-07-06 13:00:00+00:00,Kurstraße 13,88.0,6.42,415.0,50.36401,8.74069,False
2025-07-06 14:00:00+00:00,Kurstraße 13,56.0,7.73,415.0,50.36401,8.74069,False
2025-07-06 15:00:00+00:00,Kurstraße 13,52.5,7.35,415.0,50.36401,8.74069,False
2025-07-06 16:00:00+00:00,Kurstraße 13,33.0,6.38,415.0,50.36401,8.74069,False
2025-07-06 17:00:00+00:00,Kurstraße 13,39.0,5.16,415.0,50.36401,8.74069,False
2025-07-06 18:00:00+00:00,Kurstraße 13,20.0,6.2,415.0,50.36401,8.74069,False
2025-07-06 19:00:00+00:00,Kurstraße 13,14.0,4.12,415.0,50.36401,8.74069,False
2025-07-06 20:00:00+00:00,Kurstraße 13,7.0,2.06,415.0,50.36401,8.74069,True
2025-07-06 21:00:00+00:00,Kurstraße 13,0.0,0.0,415.0,50.36401,8.74069,False
2025-07-06 22:00:00+00:00,Kurstraße 13,,,415.0,50.36401,8.74069,True
2025-07-06 23:00:00+00:00,Kurstraße 13,,,415.0,50.36401,8.74069,True
2025-07-07 00:00:00+00:00,Kurstraße 13,,,415.0,50.36401,8.74069,True
2025-07-07 01:00:00+00:00,Kurstraße 13,2.0,23.55,415.0,50.36401,8.74069,False
2025-07-07 02:00:00+00:00,Kurstraße 13,4.0,1.74,415.0,50.36401,8.74069,False
2025-07-07 03:00:00+00:00,Kurstraße 13,12.0,5.34,415.0,50.36401,8.74069,False
2025-07-07 04:00:00+00:00,Kurstraße 13,19.0,3.685,415.0,50.36401,8.74069,False
2025-07-07 05:00:00+00:00,Kurstraße 13,36.0,6.84,415.0,50.36401,8.74069,False
2025-07-07 06:00:00+00:00,Kurstraße 13,54.5,8.19,415.0,50.36401,8.74069,False
2025-07-07 07:00:00+00:00,Kurstraße 13,54.0,9.75,415.0,50.36401,8.74069,False
2025-07-07 08:00:00+00:00,Kurstraße 13,73.0,6.53,415.0,50.36401,8.74069,False
2025-07-07 09:00:00+00:00,Kurstraße 13,60.0,5.2,415.0,50.36401,8.74069,False
2025-07-07 10:00:00+00:00,Kurstraße 13,63.5,11.275,415.0,50.36401,8.74069,False
2025-07-07 11:00:00+00:00,Kurstraße 13,62.75,9.5275,415.0,50.36401,8.74069,True
2025-07-07 12:00:00+00:00,Kurstraße 13,62.0,7.78,415.0,50.36401,8.74069,False
2025-07-07 13:00:00+00:00,Kurstraße 13,50.0,8.58,415.0,50.36401,8.74069,False
2025-07-07 14:00:00+00:00,Kurstraße 13,57.5,8.645,415.0,50.36401,8.74069,False
2025-07-07 15:00:00+00:00,Kurstraße 13,63.0,6.53,415.0,50.36401,8.74069,False
2025-07-07 16:00:00+00:00,Kurstraße 13,57.0,5.1,415.0,50.36401,8.74069,False
2025-07-07 17:00:00+00:00,Kurstraße 13,26.5,8.0,415.0,50.36401,8.74069,False
2025-07-07 18:00:00+00:00,Kurstraße 13,16.0,2.48,415.0,50.36401,8.74069,False
2025-07-07 19:00:00+00:00,Kurstraße 13,12.0,5.79,415.0,50.36401,8.74069,False
2025-07-07 20:00:00+00:00,Kurstraße 13,7.0,1.43,415.0,50.36401,8.74069,False
2025-07-07 21:00:00+00:00,Kurstraße 13,1.0,0.05,415.0,50.36401,8.74069,False
2025-07-07 22:00:00+00:00,Kurstraße 13,21.0,8.89,415.0,50.36401,8.74069,False
2025-07-07 23:00:00+00:00,Kurstraße 13,2.0,14.010000000000002,415.0,50.36401,8.74069,False
2025-07-08 00:00:00+00:00,Kurstraße 13,1.0,2.7,415.0,50.36401,8.74069,False
2025-07-08 01:00:00+00:00,Kurstraße 13,2.0,5.78,415.0,50.36401,8.74069,False
2025-07-08 02:00:00+00:00,Kurstraße 13,1.0,3.25,415.0,50.36401,8.74069,False
2025-07-08 03:00:00+00:00,Kurstraße 13,15.0,4.583333333333333,415.0,50.36401,8.74069,True
2025-07-08 04:00:00+00:00,Kurstraße 13,29.0,5.916666666666666,415.0,50.36401,8.74069,True
2025-07-08 05:00:00+00:00,Kurstraße 13,43.0,7.25,415.0,50.36401,8.74069,False
2025-07-08 06:00:00+00:00,Kurstraße 13,54.0,6.3149999999999995,415.0,50.36401,8.74069,False
2025-07-08 07:00:00+00:00,Kurstraße 13,72.5,7.32,415.0,50.36401,8.74069,False
2025-07-08 08:00:00+00:00,Kurstraße 13,73.25,6.21,415.0,50.36401,8.74069,True
2025-07-08 09:00:00+00:00,Kurstraße 13,74.0,5.1,415.0,50.36401,8.74069,False
2025-07-08 10:00:00+00:00,Kurstraße 13,77.0,7.62,415.0,50.36401,8.74069,False
2025-07-08 11:00:00+00:00,Kurstraße 13,63.0,8.399999999999999,415.0,50.36401,8.74069,False
2025-07-08 12:00:00+00:00,Kurstraße 13,82.0,9.4,415.0,50.36401,8.74069,False
2025-07-08 13:00:00+00:00,Kurstraße 13,96.0,6.86,415.0,50.36401,8.74069,False
2025-07-08 14:00:00+00:00,Kurstraße 13,,,415.0,50.36401,8.74069,True
2025-07-08 15:00:00+00:00,Kurstraße 13,,,415.0,50.36401,8.74069,True
2025-07-08 16:00:00+00:00,Kurstraße 13,,,415.0,50.36401,8.74069,True
2025-07-08 17:00:00+00:00,Kurstraße 13,,,415.0,50.36401,8.74069,True
2025-07-08 18:00:00+00:00,Kurstraße 13,,,415.0,50.36401,8.74069,True
2025-07-08 19:00:00+00:00,Kurstraße 13,,,415.0,50.36401,8.74069,True
2025-07-08 20:00:00+00:00,Kurstraße 13,,,415.0,50.36401,8.74069,True
2025-07-08 21:00:00+00:00,Kurstraße 13,,,415.0,50.36401,8.74069,True
2025-07-08 22:00:00+00:00,Kurstraße 13,,,415.0,50.36401,8.74069,True
2025-07-08 23:00:00+00:00,Kurstraße 13,,,415.0,50.36401,8.74069,True
2025-07-09 00:00:00+00:00,Kurstraße 13,,,415.0,50.36401,8.74069,True
2025-07-09 01:00:00+00:00,Kurstraße 13,,,415.0,50.36401,8.74069,True
2025-07-09 02:00:00+00:00,Kurstraße 13,,,415.0,50.36401,8.74069,True
2025-07-09 03:00:00+00:00,Kurstraße 13,,,415.0,50.36401,8.74069,True
2025-07-09 04:00:00+00:00,Kurstraße 13,,,415.0,50.36401,8.74069,True
2025-07-09 05:00:00+00:00,Kurstraße 13,,,415.0,50.36401,8.74069,True
2025-07-09 06:00:00+00:00,Kurstraße 13,,,415.0,50.36401,8.74069,True
2025-07-09 07:00:00+00:00,Kurstraße 13,62.0,6.529999999999999,415.0,50.36401,8.74069,False
2025-07-09 08:00:00+00:00,Kurstraße 13,74.0,6.72,415.0,50.36401,8.74069,False
2025-07-09 09:00:00+00:00,Kurstraße 13,61.0,8.88,415.0,50.36401,8.74069,False
2025-07-09 10:00:00+00:00,Kurstraße 13,53.0,5.98,415.0,50.36401,8.74069,False
2025-07-09 11:00:00+00:00,Kurstraße 13,49.0,9.07,415.0,50.36401,8.74069,False
2025-07-09 12:00:00+00:00,Kurstraße 13,54.0,9.055,415.0,50.36401,8.74069,False
2025-07-09 13:00:00+00:00,Kurstraße 13,59.0,10.7925,415.0,50.36401,8.74069,True
2025-07-09 14:00:00+00:00,Kurstraße 13,64.0,12.53,415.0,50.36401,8.74069,False
2025-07-09 15:00:00+00:00,Kurstraße 13,79.0,5.975,415.0,50.36401,8.74069,False
2025-07-09 16:00:00+00:00,Kurstraße 13,54.0,5.35,415.0,50.36401,8.74069,False
2025-07-09 17:00:00+00:00,Kurstraße 13,30.5,7.359999999999999,415.0,50.36401,8.74069,False
2025-07-09 18:00:00+00:00,Kurstraße 13,24.5,2.8899999999999997,415.0,50.36401,8.74069,False
2025-07-09 19:00:00+00:00,Kurstraße 13,21.0,7.2,415.0,50.36401,8.74069,False
2025-07-09 20:00:00+00:00,Kurstraße 13,13.0,4.26,415.0,50.36401,8.74069,False
2025-07-09 21:00:00+00:00,Kurstraße 13,2.5,0.585,415.0,50.36401,8.74069,False
2025-07-09 22:00:00+00:00,Kurstraße 13,,,415.0,50.36401,8.74069,True
2025-07-09 23:00:00+00:00,Kurstraße 13,,,415.0,50.36401,8.74069,True
2025-07-10 00:00:00+00:00,Kurstraße 13,,,415.0,50.36401,8.74069,True
2025-07-10 01:00:00+00:00,Kurstraße 13,,,415.0,50.36401,8.74069,True
2025-07-10 02:00:00+00:00,Kurstraße 13,,,415.0,50.36401,8.74069,True
2025-07-10 03:00:00+00:00,Kurstraße 13,,,415.0,50.36401,8.74069,True
2025-07-10 04:00:00+00:00,Kurstraße 13,,,415.0,50.36401,8.74069,True
2025-07-10 05:00:00+00:00,Kurstraße 13,,,415.0,50.36401,8.74069,True
2025-07-10 06:00:00+00:00,Kurstraße 13,,,415.0,50.36401,8.74069,True
2025-07-10 07:00:00+00:00,Kurstraße 13,65.0,8.055,415.0,50.36401,8.74069,False
2025-07-10 08:00:00+00:00,Kurstraße 13,55.0,6.58,415.0,50.36401,8.74069,False
2025-07-10 09:00:00+00:00,Kurstraße 13,75.0,7.484999999999999,415.0,50.36401,8.74069,False
2025-07-10 10:00:00+00:00,Kurstraße 13,66.5,7.3100000000000005,415.0,50.36401,8.74069,False
2025-07-10 11:00:00+00:00,Kurstraße 13,62.0,7.655,415.0,50.36401,8.74069,False
2025-07-10 12:00:00+00:00,Kurstraße 13,69.5,3.9050000000000002,415.0,50.36401,8.74069,False
2025-07-10 13:00:00+00:00,Kurstraße 13,61.0,8.15,415.0,50.36401,8.74069,False
2025-07-10 14:00:00+00:00,Kurstraße 13,77.0,8.31,415.0,50.36401,8.74069,False
2025-07-10 15:00:00+00:00,Kurstraße 13,97.0,8.030000000000001,415.0,50.36401,8.74069,False
2025-07-10 16:00:00+00:00,Kurstraße 13,91.5,9.365,415.0,50.36401,8.74069,False
2025-07-10 17:00:00+00:00,Kurstraße 13,72.5,6.09,415.0,50.36401,8.74069,False
2025-07-10 18:00:00+00:00,Kurstraße 13,39.5,7.575,415.0,50.36401,8.74069,False
2025-07-10 19:00:00+00:00,Kurstraße 13,36.0,6.66,415.0,50.36401,8.74069,False
2025-07-10 20:00:00+00:00,Kurstraße 13,18.0,4.96,415.0,50.36401,8.74069,False
2025-07-10 21:00:00+00:00,Kurstraße 13,2.0,6.08,415.0,50.36401,8.74069,False
2025-07-10 22:00:00+00:00,Kurstraße 13,4.0,10.379999999999999,415.0,50.36401,8.74069,True
2025-07-10 23:00:00+00:00,Kurstraße 13,6.0,14.68,415.0,50.36401,8.74069,False
2025-07-11 00:00:00+00:00,Kurstraße 13,3.25,10.0725,415.0,50.36401,8.74069,True
2025-07-11 01:00:00+00:00,Kurstraße 13,0.5,5.465,415.0,50.36401,8.74069,False
2025-07-11 02:00:00+00:00,Kurstraße 13,7.0,8.93,415.0,50.36401,8.74069,False
2025-07-11 03:00:00+00:00,Kurstraße 13,7.0,2.585,415.0,50.36401,8.74069,False
2025-07-11 04:00:00+00:00,Kurstraße 13,16.0,9.64,415.0,50.36401,8.74069,False
2025-07-11 05:00:00+00:00,Kurstraße 13,37.0,6.890000000000001,415.0,50.36401,8.74069,False
2025-07-11 06:00:00+00:00,Kurstraße 13,34.0,4.64,415.0,50.36401,8.74069,False
2025-07-11 07:00:00+00:00,Kurstraße 13,,,415.0,50.36401,8.74069,True
2025-07-11 08:00:00+00:00,Kurstraße 13,,,415.0,50.36401,8.74069,True
2025-07-11 09:00:00+00:00,Kurstraße 13,,,415.0,50.36401,8.74069,True
2025-07-11 10:00:00+00:00,Kurstraße 13,,,415.0,50.36401,8.74069,True
2025-07-11 11:00:00+00:00,Kurstraße 13,,,415.0,50.36401,8.74069,True
2025-07-11 12:00:00+00:00,Kurstraße 13,,,415.0,50.36401,8.74069,True
2025-07-11 13:00:00+00:00,Kurstraße 13,,,415.0,50.36401,8.74069,True
2025-07-11 14:00:00+00:00,Kurstraße 13,,,415.0,50.36401,8.74069,True
2025-07-11 15:00:00+00:00,Kurstraße 13,,,415.0,50.36401,8.74069,True
2025-07-11 16:00:00+00:00,Kurstraße 13,,,415.0,50.36401,8.74069,True
2025-07-11 17:00:00+00:00,Kurstraße 13,41.0,8.77,415.0,50.36401,8.74069,False
2025-07-11 18:00:00+00:00,Kurstraße 13,32.0,9.035,415.0,50.36401,8.74069,True
2025-07-11 19:00:00+00:00,Kurstraße 13,23.0,9.3,415.0,50.36401,8.74069,False
2025-07-11 20:00:00+00:00,Kurstraße 13,26.5,3.225,415.0,50.36401,8.74069,False
2025-07-11 21:00:00+00:00,Kurstraße 13,4.0,2.32,415.0,50.36401,8.74069,False
2025-07-11 22:00:00+00:00,Kurstraße 13,5.5,1.64,415.0,50.36401,8.74069,True
2025-07-11 23:00:00+00:00,Kurstraße 13,7.0,0.96,415.0,50.36401,8.74069,False
2025-07-12 00:00:00+00:00,Kurstraße 13,,,415.0,50.36401,8.74069,True
2025-07-12 01:00:00+00:00,Kurstraße 13,,,415.0,50.36401,8.74069,True
2025-07-12 02:00:00+00:00,Kurstraße 13,,,415.0,50.36401,8.74069,True
2025-07-12 03:00:00+00:00,Kurstraße 13,,,415.0,50.36401,8.74069,True
2025-07-12 04:00:00+00:00,Kurstraße 13,,,415.0,50.36401,8.74069,True
2025-07-12 05:00:00+00:00,Kurstraße 13,,,415.0,50.36401,8.74069,True
2025-07-12 06:00:00+00:00,Kurstraße 13,20.0,3.42,415.0,50.36401,8.74069,False
2025-07-12 07:00:00+00:00,Kurstraße 13,55.0,7.69,415.0,50.36401,8.74069,False
2025-07-12 08:00:00+00:00,Kurstraße 13,67.0,8.471666666666668,415.0,50.36401,8.74069,True
2025-07-12 09:00:00+00:00,Kurstraße 13,79.0,9.253333333333334,415.0,50.36401,8.74069,True
2025-07-12 10:00:00+00:00,Kurstraße 13,91.0,10.035,415.0,50.36401,8.74069,False
2025-07-12 11:00:00+00:00,Kurstraße 13,89.0,6.859999999999999,415.0,50.36401,8.74069,False
2025-07-12 12:00:00+00:00,Kurstraße 13,65.5,12.0,415.0,50.36401,8.74069,False
2025-07-12 13:00:00+00:00,Kurstraße 13,96.0,7.654999999999999,415.0,50.36401,8.74069,False
2025-07-12 14:00:00+00:00,Kurstraße 13,76.5,5.23,415.0,50.36401,8.74069,False
2025-07-12 15:00:00+00:00,Kurstraße 13,65.0,7.05,415.0,50.36401,8.74069,False
2025-07-12 16:00:00+00:00,Kurstraße 13,64.5,4.725,415.0,50.36401,8.74069,False
2025-07-12 17:00:00+00:00,Kurstraße 13,35.5,5.635,415.0,50.36401,8.74069,False
2025-07-12 18:00:00+00:00,Kurstraße 13,32.0,6.085,415.0,50.36401,8.74069,False
2025-07-12 19:00:00+00:00,Kurstraße 13,26.0,4.21,415.0,50.36401,8.74069,False
2025-07-12 20:00:00+00:00,Kurstraße 13,11.0,3.275,415.0,50.36401,8.74069,False
2025-07-12 21:00:00+00:00,Kurstraße 13,6.0,0.555,415.0,50.36401,8.74069,False
2025-07-12 22:00:00+00:00,Kurstraße 13,23.0,15.2,415.0,50.36401,8.74069,False
2025-07-12 23:00:00+00:00,Kurstraße 13,4.0,7.825,415.0,50.36401,8.74069,False
2025-07-13 00:00:00+00:00,Kurstraße 13,3.0,1.38,415.0,50.36401,8.74069,False
2025-07-13 01:00:00+00:00,Kurstraße 13,3.0,39.41,415.0,50.36401,8.74069,False
2025-07-13 02:00:00+00:00,Kurstraße 13,1.5,19.705,415.0,50.36401,8.74069,True
2025-07-13 03:00:00+00:00,Kurstraße 13,0.0,0.0,415.0,50.36401,8.74069,False
2025-07-13 04:00:00+00:00,Kurstraße 13,,,415.0,50.36401,8.74069,True
2025-07-13 05:00:00+00:00,Kurstraße 13,,,415.0,50.36401,8.74069,True
2025-07-13 06:00:00+00:00,Kurstraße 13,,,415.0,50.36401,8.74069,True
2025-07-13 07:00:00+00:00,Kurstraße 13,,,415.0,50.36401,8.74069,True
2025-07-13 08:00:00+00:00,Kurstraße 13,,,415.0,50.36401,8.74069,True
2025-07-13 09:00:00+00:00,Kurstraße 13,,,415.0,50.36401,8.74069,True
2025-07-13 10:00:00+00:00,Kurstraße 13,,,415.0,50.36401,8.74069,True
2025-07-13 11:00:00+00:00,Kurstraße 13,,,415.0,50.36401,8.74069,True
2025-07-13 12:00:00+00:00,Kurstraße 13,,,415.0,50.36401,8.74069,True
2025-07-13 13:00:00+00:00,Kurstraße 13,,,415.0,50.36401,8.74069,True
2025-07-13 14:00:00+00:00,Kurstraße 13,,,415.0,50.36401,8.74069,True
2025-07-13 15:00:00+00:00,Kurstraße 13,,,415.0,50.36401,8.74069,True
2025-07-13 16:00:00+00:00,Kurstraße 13,,,415.0,50.36401,8.74069,True
2025-07-13 17:00:00+00:00,Kurstraße 13,,,415.0,50.36401,8.74069,True
2025-07-13 18:00:00+00:00,Kurstraße 13,,,415.0,50.36401,8.74069,True
2025-07-13 19:00:00+00:00,Kurstraße 13,,,415.0,50.36401,8.74069,True
2025-07-13 20:00:00+00:00,Kurstraße 13,,,415.0,50.36401,8.74069,True
2025-07-13 21:00:00+00:00,Kurstraße 13,1.0,0.225,415.0,50.36401,8.74069,False
2025-07-13 22:00:00+00:00,Kurstraße 13,2.0,5.2725,415.0,50.36401,8.74069,True
2025-07-13 23:00:00+00:00,Kurstraße 13,3.0,10.32,415.0,50.36401,8.74069,False
2025-06-30 01:00:00+00:00,Kurstraße 7,2.0,11.555,415.0,50.36498,8.74071,False
2025-06-30 02:00:00+00:00,Kurstraße 7,1.0,1.07,415.0,50.36498,8.74071,False
2025-06-30 03:00:00+00:00,Kurstraße 7,16.0,5.1899999999999995,415.0,50.36498,8.74071,False
2025-06-30 04:00:00+00:00,Kurstraße 7,38.0,10.02,415.0,50.36498,8.74071,False
2025-06-30 05:00:00+00:00,Kurstraße 7,43.0,11.175,415.0,50.36498,8.74071,False
2025-06-30 06:00:00+00:00,Kurstraße 7,102.0,12.35,415.0,50.36498,8.74071,False
2025-06-30 07:00:00+00:00,Kurstraße 7,128.0,13.19,415.0,50.36498,8.74071,False
2025-06-30 08:00:00+00:00,Kurstraße 7,141.25,11.6625,415.0,50.36498,8.74071,True
2025-06-30 09:00:00+00:00,Kurstraße 7,154.5,10.135,415.0,50.36498,8.74071,False
2025-06-30 10:00:00+00:00,Kurstraße 7,145.0,11.68,415.0,50.36498,8.74071,False
2025-06-30 11:00:00+00:00,Kurstraße 7,152.0,10.91,415.0,50.36498,8.74071,False
2025-06-30 12:00:00+00:00,Kurstraße 7,145.5,10.95,415.0,50.36498,8.74071,False
2025-06-30 13:00:00+00:00,Kurstraße 7,125.0,8.8,415.0,50.36498,8.74071,False
2025-06-30 14:00:00+00:00,Kurstraße 7,120.0,12.055,415.0,50.36498,8.74071,False
2025-06-30 15:00:00+00:00,Kurstraße 7,129.5,11.309999999999999,415.0,50.36498,8.74071,False
2025-06-30 16:00:00+00:00,Kurstraße 7,96.5,10.895,415.0,50.36498,8.74071,False
2025-06-30 17:00:00+00:00,Kurstraße 7,101.5,10.175,415.0,50.36498,8.74071,False
2025-06-30 18:00:00+00:00,Kurstraße 7,40.0,12.399999999999999,415.0,50.36498,8.74071,False
2025-06-30 19:00:00+00:00,Kurstraße 7,42.5,8.765,415.0,50.36498,8.74071,False
2025-06-30 20:00:00+00:00,Kurstraße 7,29.5,7.359999999999999,415.0,50.36498,8.74071,False
2025-06-30 21:00:00+00:00,Kurstraße 7,7.0,3.54,415.0,50.36498,8.74071,False
2025-06-30 22:00:00+00:00,Kurstraße 7,20.0,4.74,415.0,50.36498,8.74071,False
2025-06-30 23:00:00+00:00,Kurstraße 7,4.0,1.06,415.0,50.36498,8.74071,False
2025-07-01 00:00:00+00:00,Kurstraße 7,2.0,0.53,415.0,50.36498,8.74071,True
2025-07-01 01:00:00+00:00,Kurstraße 7,0.0,0.0,415.0,50.36498,8.74071,False
2025-07-01 02:00:00+00:00,Kurstraße 7,8.0,6.62,415.0,50.36498,8.74071,False
2025-07-01 03:00:00+00:00,Kurstraße 7,18.0,4.645,415.0,50.36498,8.74071,False
2025-07-01 04:00:00+00:00,Kurstraße 7,46.0,7.38,415.0,50.36498,8.74071,False
2025-07-01 05:00:00+00:00,Kurstraße 7,65.0,6.385,415.0,50.36498,8.74071,False
2025-07-01 06:00:00+00:00,Kurstraße 7,110.0,12.504999999999999,415.0,50.36498,8.74071,False
2025-07-01 07:00:00+00:00,Kurstraße 7,144.0,12.39,415.0,50.36498,8.74071,False
2025-07-01 08:00:00+00:00,Kurstraße 7,143.5,8.185,415.0,50.36498,8.74071,False
2025-07-01 09:00:00+00:00,Kurstraße 7,166.0,10.08,415.0,50.36498,8.74071,False
2025-07-01 10:00:00+00:00,Kurstraße 7,178.0,9.765,415.0,50.36498,8.74071,False
2025-07-01 11:00:00+00:00,Kurstraße 7,143.0,8.68,415.0,50.36498,8.74071,False
2025-07-01 12:00:00+00:00,Kurstraße 7,120.5,13.785,415.0,50.36498,8.74071,False
2025-07-01 13:00:00+00:00,Kurstraße 7,119.0,10.415,415.0,50.36498,8.74071,False
2025-07-01 14:00:00+00:00,Kurstraße 7,154.0,11.38,415.0,50.36498,8.74071,False
2025-07-01 15:00:00+00:00,Kurstraße 7,132.5,10.915,415.0,50.36498,8.74071,False
2025-07-01 16:00:00+00:00,Kurstraße 7,106.0,8.7,415.0,50.36498,8.74071,False
2025-07-01 17:00:00+00:00,Kurstraße 7,69.0,9.015,415.0,50.36498,8.74071,False
2025-07-01 18:00:00+00:00,Kurstraße 7,71.0,11.57,415.0,50.36498,8.74071,False
2025-07-01 19:00:00+00:00,Kurstraße 7,47.0,8.665,415.0,50.36498,8.74071,False
2025-07-01 20:00:00+00:00,Kurstraße 7,23.0,6.88,415.0,50.36498,8.74071,False
2025-07-01 21:00:00+00:00,Kurstraße 7,11.0,1.93,415.0,50.36498,8.74071,False
2025-07-01 22:00:00+00:00,Kurstraße 7,17.0,8.76,415.0,50.36498,8.74071,False
2025-07-01 23:00:00+00:00,Kurstraße 7,8.5,4.38,415.0,50.36498,8.74071,True
2025-07-02 00:00:00+00:00,Kurstraße 7,0.0,0.0,415.0,50.36498,8.74071,False
2025-07-02 01:00:00+00:00,Kurstraße 7,3.0,6.51,415.0,50.36498,8.74071,False
2025-07-02 02:00:00+00:00,Kurstraße 7,3.0,4.08,415.0,50.36498,8.74071,False
2025-07-02 03:00:00+00:00,Kurstraße 7,16.0,9.685,415.0,50.36498,8.74071,False
2025-07-02 04:00:00+00:00,Kurstraße 7,41.0,11.215,415.0,50.36498,8.74071,False
2025-07-02 05:00:00+00:00,Kurstraße 7,52.0,8.59,415.0,50.36498,8.74071,False
2025-07-02 06:00:00+00:00,Kurstraße 7,103.0,11.379999999999999,415.0,50.36498,8.74071,False
2025-07-02 07:00:00+00:00,Kurstraße 7,137.0,11.835,415.0,50.36498,8.74071,False
2025-07-02 08:00:00+00:00,Kurstraße 7,121.0,8.965,415.0,50.36498,8.74071,False
2025-07-02 09:00:00+00:00,Kurstraße 7,145.0,9.465,415.0,50.36498,8.74071,False
2025-07-02 10:00:00+00:00,Kurstraße 7,115.5,11.780000000000001,415.0,50.36498,8.74071,False
2025-07-02 11:00:00+00:00,Kurstraße 7,79.5,10.25,415.0,50.36498,8.74071,False
2025-07-02 12:00:00+00:00,Kurstraße 7,82.0,7.4,415.0,50.36498,8.74071,False
2025-07-02 13:00:00+00:00,Kurstraße 7,97.0,11.274999999999999,415.0,50.36498,8.74071,False
2025-07-02 14:00:00+00:00,Kurstraße 7,101.5,12.115,415.0,50.36498,8.74071,False
2025-07-02 15:00:00+00:00,Kurstraße 7,109.0,9.14,415.0,50.36498,8.74071,False
2025-07-02 16:00:00+00:00,Kurstraße 7,101.5,10.66,415.0,50.36498,8.74071,False
2025-07-02 17:00:00+00:00,Kurstraße 7,78.0,8.63,415.0,50.36498,8.74071,False
2025-07-02 18:00:00+00:00,Kurstraße 7,48.0,8.59,415.0,50.36498,8.74071,False
2025-07-02 19:00:00+00:00,Kurstraße 7,36.5,6.18,415.0,50.36498,8.74071,False
2025-07-02 20:00:00+00:00,Kurstraße 7,17.5,4.705,415.0,50.36498,8.74071,False
2025-07-02 21:00:00+00:00,Kurstraße 7,13.666666666666666,8.851666666666667,415.0,50.36498,8.74071,True
2025-07-02 22:00:00+00:00,Kurstraße 7,9.833333333333332,12.998333333333335,415.0,50.36498,8.74071,True
2025-07-02 23:00:00+00:00,Kurstraße 7,6.0,17.145000000000003,415.0,50.36498,8.74071,False
2025-07-03 00:00:00+00:00,Kurstraße 7,4.0,6.94,415.0,50.36498,8.74071,False
2025-07-03 01:00:00+00:00,Kurstraße 7,1.0,2.57,415.0,50.36498,8.74071,False
2025-07-03 02:00:00+00:00,Kurstraße 7,3.0,2.0,415.0,50.36498,8.74071,False
2025-07-03 03:00:00+00:00,Kurstraße 7,14.0,12.33,415.0,50.36498,8.74071,False
2025-07-03 04:00:00+00:00,Kurstraße 7,29.5,10.075,415.0,50.36498,8.74071,False
2025-07-03 05:00:00+00:00,Kurstraße 7,63.5,8.25,415.0,50.36498,8.74071,False
2025-07-03 06:00:00+00:00,Kurstraße 7,95.0,10.135,415.0,50.36498,8.74071,False
2025-07-03 07:00:00+00:00,Kurstraße 7,117.0,13.815,415.0,50.36498,8.74071,False
2025-07-03 08:00:00+00:00,Kurstraße 7,132.5,12.75,415.0,50.36498,8.74071,False
2025-07-03 09:00:00+00:00,Kurstraße 7,118.5,11.835,415.0,50.36498,8.74071,False
2025-07-03 10:00:00+00:00,Kurstraße 7,148.0,10.525,415.0,50.36498,8.74071,False
2025-07-03 11:00:00+00:00,Kurstraße 7,128.5,11.065000000000001,415.0,50.36498,8.74071,False
2025-07-03 12:00:00+00:00,Kurstraße 7,136.0,10.605,415.0,50.36498,8.74071,False
2025-07-03 13:00:00+00:00,Kurstraße 7,182.5,9.895,415.0,50.36498,8.74071,False
2025-07-03 14:00:00+00:00,Kurstraße 7,182.5,12.09,415.0,50.36498,8.74071,False
2025-07-03 15:00:00+00:00,Kurstraße 7,171.0,12.48,415.0,50.36498,8.74071,False
2025-07-03 16:00:00+00:00,Kurstraße 7,172.0,9.675,415.0,50.36498,8.74071,False
2025-07-03 17:00:00+00:00,Kurstraße 7,91.0,8.71,415.0,50.36498,8.74071,False
2025-07-03 18:00:00+00:00,Kurstraße 7,71.5,11.335,415.0,50.36498,8.74071,False
2025-07-03 19:00:00+00:00,Kurstraße 7,48.0,7.235,415.0,50.36498,8.74071,False
2025-07-03 20:00:00+00:00,Kurstraße 7,29.0,6.27,415.0,50.36498,8.74071,False
2025-07-03 21:00:00+00:00,Kurstraße 7,9.0,4.23,415.0,50.36498,8.74071,False
2025-07-03 22:00:00+00:00,Kurstraße 7,5.0,3.58,415.0,50.36498,8.74071,False
2025-07-03 23:00:00+00:00,Kurstraße 7,12.0,5.25,415.0,50.36498,8.74071,False
2025-07-04 00:00:00+00:00,Kurstraße 7,3.0,3.43,415.0,50.36498,8.74071,False
2025-07-04 01:00:00+00:00,Kurstraße 7,2.0,17.96,415.0,50.36498,8.74071,False
2025-07-04 02:00:00+00:00,Kurstraße 7,9.0,11.01,415.0,50.36498,8.74071,False
2025-07-04 03:00:00+00:00,Kurstraße 7,18.0,8.690000000000001,415.0,50.36498,8.74071,False
2025-07-04 04:00:00+00:00,Kurstraße 7,35.5,13.565000000000001,415.0,50.36498,8.74071,False
2025-07-04 05:00:00+00:00,Kurstraße 7,83.5,8.895,415.0,50.36498,8.74071,False
2025-07-04 06:00:00+00:00,Kurstraße 7,99.0,10.92,415.0,50.36498,8.74071,False
2025-07-04 07:00:00+00:00,Kurstraße 7,146.5,9.86,415.0,50.36498,8.74071,False
2025-07-04 08:00:00+00:00,Kurstraße 7,209.0,10.18,415.0,50.36498,8.74071,False
2025-07-04 09:00:00+00:00,Kurstraße 7,169.0,11.495000000000001,415.0,50.36498,8.74071,False
2025-07-04 10:00:00+00:00,Kurstraße 7,202.5,10.675,415.0,50.36498,8.74071,False
2025-07-04 11:00:00+00:00,Kurstraße 7,199.0,11.54,415.0,50.36498,8.74071,False
2025-07-04 12:00:00+00:00,Kurstraße 7,188.0,9.41,415.0,50.36498,8.74071,False
2025-07-04 13:00:00+00:00,Kurstraße 7,119.0,3.82,415.0,50.36498,8.74071,False
2025-07-04 14:00:00+00:00,Kurstraße 7,62.0,8.575,415.0,50.36498,8.74071,False
2025-07-04 15:00:00+00:00,Kurstraße 7,181.0,9.905,415.0,50.36498,8.74071,False
2025-07-04 16:00:00+00:00,Kurstraße 7,201.0,10.18,415.0,50.36498,8.74071,False
2025-07-04 17:00:00+00:00,Kurstraße 7,135.5,11.915,415.0,50.36498,8.74071,False
2025-07-04 18:00:00+00:00,Kurstraße 7,69.5,11.985,415.0,50.36498,8.74071,False
2025-07-04 19:00:00+00:00,Kurstraße 7,81.0,10.55,415.0,50.36498,8.74071,False
2025-07-04 20:00:00+00:00,Kurstraße 7,49.0,4.785,415.0,50.36498,8.74071,False
2025-07-04 21:00:00+00:00,Kurstraße 7,7.0,2.46,415.0,50.36498,8.74071,False
2025-07-04 22:00:00+00:00,Kurstraße 7,11.0,8.7,415.0,50.36498,8.74071,True
2025-07-04 23:00:00+00:00,Kurstraße 7,15.0,14.94,415.0,50.36498,8.74071,False
2025-07-05 00:00:00+00:00,Kurstraße 7,5.0,6.824999999999999,415.0,50.36498,8.74071,False
2025-07-05 01:00:00+00:00,Kurstraße 7,7.0,9.61,415.0,50.36498,8.74071,False
2025-07-05 02:00:00+00:00,Kurstraße 7,1.0,8.2,415.0,50.36498,8.74071,False
2025-07-05 03:00:00+00:00,Kurstraße 7,7.0,3.22,415.0,50.36498,8.74071,False
2025-07-05 04:00:00+00:00,Kurstraße 7,21.5,11.93,415.0,50.36498,8.74071,False
2025-07-05 05:00:00+00:00,Kurstraße 7,28.5,12.530000000000001,415.0,50.36498,8.74071,False
2025-07-05 06:00:00+00:00,Kurstraße 7,63.0,10.23,415.0,50.36498,8.74071,False
2025-07-05 07:00:00+00:00,Kurstraße 7,31.5,5.115,415.0,50.36498,8.74071,True
2025-07-05 08:00:00+00:00,Kurstraße 7,0.0,0.0,415.0,50.36498,8.74071,False
2025-07-05 09:00:00+00:00,Kurstraße 7,126.0,6.574999999999999,415.0,50.36498,8.74071,False
2025-07-05 10:00:00+00:00,Kurstraße 7,262.5,10.504999999999999,415.0,50.36498,8.74071,False
2025-07-05 11:00:00+00:00,Kurstraße 7,249.5,11.73,415.0,50.36498,8.74071,False
2025-07-05 12:00:00+00:00,Kurstraße 7,291.5,12.305,415.0,50.36498,8.74071,False
2025-07-05 13:00:00+00:00,Kurstraße 7,186.0,8.74,415.0,50.36498,8.74071,False
2025-07-05 14:00:00+00:00,Kurstraße 7,167.33333333333334,8.946666666666667,415.0,50.36498,8.74071,True
2025-07-05 15:00:00+00:00,Kurstraße 7,148.66666666666666,9.153333333333332,415.0,50.36498,8.74071,True
2025-07-05 16:00:00+00:00,Kurstraße 7,130.0,9.36,415.0,50.36498,8.74071,False
2025-07-05 17:00:00+00:00,Kurstraße 7,109.0,10.95,415.0,50.36498,8.74071,False
2025-07-05 18:00:00+00:00,Kurstraße 7,89.0,9.17,415.0,50.36498,8.74071,False
2025-07-05 19:00:00+00:00,Kurstraße 7,60.5,10.265,415.0,50.36498,8.74071,True
2025-07-05 20:00:00+00:00,Kurstraße 7,32.0,11.36,415.0,50.36498,8.74071,False
2025-07-05 21:00:00+00:00,Kurstraße 7,3.0,1.68,415.0,50.36498,8.74071,False
2025-07-05 22:00:00+00:00,Kurstraße 7,6.0,3.0250000000000004,415.0,50.36498,8.74071,True
2025-07-05 23:00:00+00:00,Kurstraße 7,9.0,4.37,415.0,50.36498,8.74071,False
2025-07-06 00:00:00+00:00,Kurstraße 7,3.0,5.8100000000000005,415.0,50.36498,8.74071,False
2025-07-06 01:00:00+00:00,Kurstraße 7,2.0,19.22,415.0,50.36498,8.74071,False
2025-07-06 02:00:00+00:00,Kurstraße 7,3.0,7.84,415.0,50.36498,8.74071,False
2025-07-06 03:00:00+00:00,Kurstraße 7,4.0,27.3,415.0,50.36498,8.74071,False
2025-07-06 04:00:00+00:00,Kurstraße 7,8.5,16.177500000000002,415.0,50.36498,8.74071,True
2025-07-06 05:00:00+00:00,Kurstraße 7,13.0,5.055,415.0,50.36498,8.74071,False
2025-07-06 06:00:00+00:00,Kurstraße 7,38.5,8.885000000000002,415.0,50.36498,8.74071,False
2025-07-06 07:00:00+00:00,Kurstraße 7,67.0,7.87,415.0,50.36498,8.74071,False
2025-07-06 08:00:00+00:00,Kurstraße 7,141.0,13.0,415.0,50.36498,8.74071,False
2025-07-06 09:00:00+00:00,Kurstraße 7,194.5,10.455,415.0,50.36498,8.74071,False
2025-07-06 10:00:00+00:00,Kurstraße 7,219.0,10.785,415.0,50.36498,8.74071,False
2025-07-06 11:00:00+00:00,Kurstraße 7,190.0,7.94,415.0,50.36498,8.74071,False
2025-07-06 12:00:00+00:00,Kurstraße 7,264.0,15.02,415.0,50.36498,8.74071,False
2025-07-06 13:00:00+00:00,Kurstraße 7,269.0,12.6,415.0,50.36498,8.74071,False
2025-07-06 14:00:00+00:00,Kurstraße 7,158.0,9.51,415.0,50.36498,8.74071,False
2025-07-06 15:00:00+00:00,Kurstraße 7,123.0,7.42,415.0,50.36498,8.74071,False
2025-07-06 16:00:00+00:00,Kurstraße 7,69.0,5.05,415.0,50.36498,8.74071,False
2025-07-06 17:00:00+00:00,Kurstraße 7,63.0,6.07,415.0,50.36498,8.74071,False
2025-07-06 18:00:00+00:00,Kurstraße 7,25.0,6.9399999999999995,415.0,50.36498,8.74071,False
2025-07-06 19:00:00+00:00,Kurstraße 7,16.5,7.1049999999999995,415.0,50.36498,8.74071,True
2025-07-06 20:00:00+00:00,Kurstraße 7,8.0,7.27,415.0,50.36498,8.74071,False
2025-07-06 21:00:00+00:00,Kurstraße 7,3.0,1.81,415.0,50.36498,8.74071,False
2025-07-06 22:00:00+00:00,Kurstraße 7,,,415.0,50.36498,8.74071,True
2025-07-06 23:00:00+00:00,Kurstraße 7,,,415.0,50.36498,8.74071,True
2025-07-07 00:00:00+00:00,Kurstraße 7,,,415.0,50.36498,8.74071,True
2025-07-07 01:00:00+00:00,Kurstraße 7,1.0,43.135000000000005,415.0,50.36498,8.74071,False
2025-07-07 02:00:00+00:00,Kurstraße 7,3.0,1.93,415.0,50.36498,8.74071,False
2025-07-07 03:00:00+00:00,Kurstraße 7,6.0,3.83,415.0,50.36498,8.74071,False
2025-07-07 04:00:00+00:00,Kurstraße 7,35.5,9.879999999999999,415.0,50.36498,8.74071,False
2025-07-07 05:00:00+00:00,Kurstraße 7,41.0,11.22,415.0,50.36498,8.74071,False
2025-07-07 06:00:00+00:00,Kurstraße 7,62.0,7.99,415.0,50.36498,8.74071,False
2025-07-07 07:00:00+00:00,Kurstraße 7,104.0,12.01,415.0,50.36498,8.74071,False
2025-07-07 08:00:00+00:00,Kurstraße 7,138.0,12.45,415.0,50.36498,8.74071,False
2025-07-07 09:00:00+00:00,Kurstraße 7,146.5,9.73,415.0,50.36498,8.74071,False
2025-07-07 10:00:00+00:00,Kurstraße 7,113.0,8.98,415.0,50.36498,8.74071,False
2025-07-07 11:00:00+00:00,Kurstraße 7,120.5,9.485,415.0,50.36498,8.74071,True
2025-07-07 12:00:00+00:00,Kurstraße 7,128.0,9.99,415.0,50.36498,8.74071,False
2025-07-07 13:00:00+00:00,Kurstraße 7,129.0,10.02,415.0,50.36498,8.74071,False
2025-07-07 14:00:00+00:00,Kurstraße 7,124.0,10.575,415.0,50.36498,8.74071,False
2025-07-07 15:00:00+00:00,Kurstraße 7,145.0,9.22,415.0,50.36498,8.74071,False
2025-07-07 16:00:00+00:00,Kurstraße 7,106.0,6.15,415.0,50.36498,8.74071,False
2025-07-07 17:00:00+00:00,Kurstraße 7,65.0,5.86,415.0,50.36498,8.74071,False
2025-07-07 18:00:00+00:00,Kurstraße 7,34.0,8.56,415.0,50.36498,8.74071,False
2025-07-07 19:00:00+00:00,Kurstraße 7,13.0,9.72,415.0,50.36498,8.74071,False
2025-07-07 20:00:00+00:00,Kurstraße 7,11.0,7.26,415.0,50.36498,8.74071,False
2025-07-07 21:00:00+00:00,Kurstraße 7,2.0,2.95,415.0,50.36498,8.74071,False
2025-07-07 22:00:00+00:00,Kurstraße 7,18.0,10.15,415.0,50.36498,8.74071,False
2025-07-07 23:00:00+00:00,Kurstraße 7,5.0,3.87,415.0,50.36498,8.74071,False
2025-07-08 00:00:00+00:00,Kurstraße 7,1.0,7.6,415.0,50.36498,8.74071,False
2025-07-08 01:00:00+00:00,Kurstraße 7,1.0,5.38,415.0,50.36498,8.74071,False
2025-07-08 02:00:00+00:00,Kurstraße 7,5.0,3.63,415.0,50.36498,8.74071,False
2025-07-08 03:00:00+00:00,Kurstraße 7,27.0,6.466666666666667,415.0,50.36498,8.74071,True
2025-07-08 04:00:00+00:00,Kurstraße 7,49.0,9.303333333333335,415.0,50.36498,8.74071,True
2025-07-08 05:00:00+00:00,Kurstraße 7,71.0,12.14,415.0,50.36498,8.74071,False
2025-07-08 06:00:00+00:00,Kurstraße 7,73.0,15.07,415.0,50.36498,8.74071,False
2025-07-08 07:00:00+00:00,Kurstraße 7,112.5,13.579999999999998,415.0,50.36498,8.74071,False
2025-07-08 08:00:00+00:00,Kurstraße 7,130.25,11.855,415.0,50.36498,8.74071,True
2025-07-08 09:00:00+00:00,Kurstraße 7,148.0,10.13,415.0,50.36498,8.74071,False
2025-07-08 10:00:00+00:00,Kurstraße 7,145.5,7.17,415.0,50.36498,8.74071,False
2025-07-08 11:00:00+00:00,Kurstraße 7,138.0,9.850000000000001,415.0,50.36498,8.74071,False
2025-07-08 12:00:00+00:00,Kurstraße 7,183.0,13.92,415.0,50.36498,8.74071,False
2025-07-08 13:00:00+00:00,Kurstraße 7,196.0,9.37,415.0,50.36498,8.74071,False
2025-07-08 14:00:00+00:00,Kurstraße 7,,,415.0,50.36498,8.74071,True
2025-07-08 15:00:00+00:00,Kurstraße 7,,,415.0,50.36498,8.74071,True
2025-07-08 16:00:00+00:00,Kurstraße 7,,,415.0,50.36498,8.74071,True
2025-07-08 17:00:00+00:00,Kurstraße 7,,,415.0,50.36498,8.74071,True
2025-07-08 18:00:00+00:00,Kurstraße 7,,,415.0,50.36498,8.74071,True
2025-07-08 19:00:00+00:00,Kurstraße 7,,,415.0,50.36498,8.74071,True
2025-07-08 20:00:00+00:00,Kurstraße 7,,,415.0,50.36498,8.74071,True
2025-07-08 21:00:00+00:00,Kurstraße 7,,,415.0,50.36498,8.74071,True
2025-07-08 22:00:00+00:00,Kurstraße 7,,,415.0,50.36498,8.74071,True
2025-07-08 23:00:00+00:00,Kurstraße 7,,,415.0,50.36498,8.74071,True
2025-07-09 00:00:00+00:00,Kurstraße 7,,,415.0,50.36498,8.74071,True
2025-07-09 01:00:00+00:00,Kurstraße 7,,,415.0,50.36498,8.74071,True
2025-07-09 02:00:00+00:00,Kurstraße 7,,,415.0,50.36498,8.74071,True
2025-07-09 03:00:00+00:00,Kurstraße 7,,,415.0,50.36498,8.74071,True
2025-07-09 04:00:00+00:00,Kurstraße 7,,,415.0,50.36498,8.74071,True
2025-07-09 05:00:00+00:00,Kurstraße 7,,,415.0,50.36498,8.74071,True
2025-07-09 06:00:00+00:00,Kurstraße 7,,,415.0,50.36498,8.74071,True
2025-07-09 07:00:00+00:00,Kurstraße 7,120.0,10.195,415.0,50.36498,8.74071,False
2025-07-09 08:00:00+00:00,Kurstraße 7,146.0,9.82,415.0,50.36498,8.74071,False
2025-07-09 09:00:00+00:00,Kurstraße 7,119.0,9.82,415.0,50.36498,8.74071,False
2025-07-09 10:00:00+00:00,Kurstraße 7,117.0,8.99,415.0,50.36498,8.74071,False
2025-07-09 11:00:00+00:00,Kurstraße 7,129.0,9.4,415.0,50.36498,8.74071,False
2025-07-09 12:00:00+00:00,Kurstraße 7,151.0,9.295,415.0,50.36498,8.74071,False
2025-07-09 13:00:00+00:00,Kurstraße 7,154.5,11.2075,415.0,50.36498,8.74071,True
2025-07-09 14:00:00+00:00,Kurstraße 7,158.0,13.12,415.0,50.36498,8.74071,False
2025-07-09 15:00:00+00:00,Kurstraße 7,163.5,11.395,415.0,50.36498,8.74071,False
2025-07-09 16:00:00+00:00,Kurstraße 7,113.5,8.98,415.0,50.36498,8.74071,False
2025-07-09 17:00:00+00:00,Kurstraße 7,87.0,8.49,415.0,50.36498,8.74071,False
2025-07-09 18:00:00+00:00,Kurstraße 7,70.0,7.63,415.0,50.36498,8.74071,False
2025-07-09 19:00:00+00:00,Kurstraße 7,41.0,8.4,415.0,50.36498,8.74071,False
2025-07-09 20:00:00+00:00,Kurstraße 7,26.5,3.285,415.0,50.36498,8.74071,False
2025-07-09 21:00:00+00:00,Kurstraße 7,4.5,1.87,415.0,50.36498,8.74071,False
2025-07-09 22:00:00+00:00,Kurstraße 7,,,415.0,50.36498,8.74071,True
2025-07-09 23:00:00+00:00,Kurstraße 7,,,415.0,50.36498,8.74071,True
2025-07-10 00:00:00+00:00,Kurstraße 7,,,415.0,50.36498,8.74071,True
2025-07-10 01:00:00+00:00,Kurstraße 7,,,415.0,50.36498,8.74071,True
2025-07-10 02:00:00+00:00,Kurstraße 7,,,415.0,50.36498,8.74071,True
2025-07-10 03:00:00+00:00,Kurstraße 7,,,415.0,50.36498,8.74071,True
2025-07-10 04:00:00+00:00,Kurstraße 7,,,415.0,50.36498,8.74071,True
2025-07-10 05:00:00+00:00,Kurstraße 7,,,415.0,50.36498,8.74071,True
2025-07-10 06:00:00+00:00,Kurstraße 7,,,415.0,50.36498,8.74071,True
2025-07-10 07:00:00+00:00,Kurstraße 7,91.5,13.57,415.0,50.36498,8.74071,False
2025-07-10 08:00:00+00:00,Kurstraße 7,128.5,8.54,415.0,50.36498,8.74071,False
2025-07-10 09:00:00+00:00,Kurstraße 7,131.0,9.92,415.0,50.36498,8.74071,False
2025-07-10 10:00:00+00:00,Kurstraße 7,153.0,9.965,415.0,50.36498,8.74071,False
2025-07-10 11:00:00+00:00,Kurstraße 7,176.5,9.780000000000001,415.0,50.36498,8.74071,False
2025-07-10 12:00:00+00:00,Kurstraße 7,114.5,7.87,415.0,50.36498,8.74071,False
2025-07-10 13:00:00+00:00,Kurstraße 7,182.0,12.165,415.0,50.36498,8.74071,False
2025-07-10 14:00:00+00:00,Kurstraße 7,166.5,10.955,415.0,50.36498,8.74071,False
2025-07-10 15:00:00+00:00,Kurstraße 7,176.0,10.925,415.0,50.36498,8.74071,False
2025-07-10 16:00:00+00:00,Kurstraße 7,139.0,9.5,415.0,50.36498,8.74071,False
2025-07-10 17:00:00+00:00,Kurstraße 7,116.5,11.225,415.0,50.36498,8.74071,False
2025-07-10 18:00:00+00:00,Kurstraße 7,74.5,10.735,415.0,50.36498,8.74071,False
2025-07-10 19:00:00+00:00,Kurstraße 7,80.0,7.785,415.0,50.36498,8.74071,False
2025-07-10 20:00:00+00:00,Kurstraße 7,40.0,4.72,415.0,50.36498,8.74071,False
2025-07-10 21:00:00+00:00,Kurstraße 7,3.0,1.35,415.0,50.36498,8.74071,False
2025-07-10 22:00:00+00:00,Kurstraße 7,7.5,12.68,415.0,50.36498,8.74071,True
2025-07-10 23:00:00+00:00,Kurstraße 7,12.0,24.01,415.0,50.36498,8.74071,False
2025-07-11 00:00:00+00:00,Kurstraße 7,4.0,3.08,415.0,50.36498,8.74071,False
2025-07-11 01:00:00+00:00,Kurstraße 7,3.0,2.55,415.0,50.36498,8.74071,False
2025-07-11 02:00:00+00:00,Kurstraße 7,11.0,9.05,415.0,50.36498,8.74071,False
2025-07-11 03:00:00+00:00,Kurstraße 7,11.0,7.04,415.0,50.36498,8.74071,False
2025-07-11 04:00:00+00:00,Kurstraße 7,32.0,10.0,415.0,50.36498,8.74071,False
2025-07-11 05:00:00+00:00,Kurstraße 7,51.0,14.399999999999999,415.0,50.36498,8.74071,False
2025-07-11 06:00:00+00:00,Kurstraße 7,86.5,10.254999999999999,415.0,50.36498,8.74071,False
2025-07-11 07:00:00+00:00,Kurstraße 7,,,415.0,50.36498,8.74071,True
2025-07-11 08:00:00+00:00,Kurstraße 7,,,415.0,50.36498,8.74071,True
2025-07-11 09:00:00+00:00,Kurstraße 7,,,415.0,50.36498,8.74071,True
2025-07-11 10:00:00+00:00,Kurstraße 7,,,415.0,50.36498,8.74071,True
2025-07-11 11:00:00+00:00,Kurstraße 7,,,415.0,50.36498,8.74071,True
2025-07-11 12:00:00+00:00,Kurstraße 7,,,415.0,50.36498,8.74071,True
2025-07-11 13:00:00+00:00,Kurstraße 7,,,415.0,50.36498,8.74071,True
2025-07-11 14:00:00+00:00,Kurstraße 7,,,415.0,50.36498,8.74071,True
2025-07-11 15:00:00+00:00,Kurstraße 7,,,415.0,50.36498,8.74071,True
2025-07-11 16:00:00+00:00,Kurstraße 7,,,415.0,50.36498,8.74071,True
2025-07-11 17:00:00+00:00,Kurstraße 7,154.0,13.5,415.0,50.36498,8.74071,False
2025-07-11 18:00:00+00:00,Kurstraße 7,128.0,14.01,415.0,50.36498,8.74071,True
2025-07-11 19:00:00+00:00,Kurstraße 7,102.0,14.52,415.0,50.36498,8.74071,False
2025-07-11 20:00:00+00:00,Kurstraße 7,90.5,8.145,415.0,50.36498,8.74071,False
2025-07-11 21:00:00+00:00,Kurstraße 7,10.0,5.47,415.0,50.36498,8.74071,False
2025-07-11 22:00:00+00:00,Kurstraße 7,37.0,5.79,415.0,50.36498,8.74071,False
2025-07-11 23:00:00+00:00,Kurstraße 7,,,415.0,50.36498,8.74071,True
2025-07-12 00:00:00+00:00,Kurstraße 7,,,415.0,50.36498,8.74071,True
2025-07-12 01:00:00+00:00,Kurstraße 7,,,415.0,50.36498,8.74071,True
2025-07-12 02:00:00+00:00,Kurstraße 7,,,415.0,50.36498,8.74071,True
2025-07-12 03:00:00+00:00,Kurstraße 7,,,415.0,50.36498,8.74071,True
2025-07-12 04:00:00+00:00,Kurstraße 7,,,415.0,50.36498,8.74071,True
2025-07-12 05:00:00+00:00,Kurstraße 7,,,415.0,50.36498,8.74071,True
2025-07-12 06:00:00+00:00,Kurstraße 7,45.0,8.14,415.0,50.36498,8.74071,False
2025-07-12 07:00:00+00:00,Kurstraße 7,97.0,13.01,415.0,50.36498,8.74071,False
2025-07-12 08:00:00+00:00,Kurstraße 7,134.83333333333334,12.916666666666666,415.0,50.36498,8.74071,True
2025-07-12 09:00:00+00:00,Kurstraße 7,172.66666666666669,12.823333333333334,415.0,50.36498,8.74071,True
2025-07-12 10:00:00+00:00,Kurstraße 7,210.5,12.73,415.0,50.36498,8.74071,False
2025-07-12 11:00:00+00:00,Kurstraße 7,230.0,11.33,415.0,50.36498,8.74071,False
2025-07-12 12:00:00+00:00,Kurstraße 7,197.0,12.745000000000001,415.0,50.36498,8.74071,False
2025-07-12 13:00:00+00:00,Kurstraße 7,213.0,11.9,415.0,50.36498,8.74071,False
2025-07-12 14:00:00+00:00,Kurstraße 7,226.5,11.225,415.0,50.36498,8.74071,False
2025-07-12 15:00:00+00:00,Kurstraße 7,159.0,9.32,415.0,50.36498,8.74071,False
2025-07-12 16:00:00+00:00,Kurstraße 7,139.0,9.0,415.0,50.36498,8.74071,False
2025-07-12 17:00:00+00:00,Kurstraße 7,64.0,9.98,415.0,50.36498,8.74071,False
2025-07-12 18:00:00+00:00,Kurstraße 7,68.0,10.934999999999999,415.0,50.36498,8.74071,False
2025-07-12 19:00:00+00:00,Kurstraße 7,55.0,9.25,415.0,50.36498,8.74071,False
2025-07-12 20:00:00+00:00,Kurstraße 7,24.0,10.48,415.0,50.36498,8.74071,False
2025-07-12 21:00:00+00:00,Kurstraße 7,10.5,3.8449999999999998,415.0,50.36498,8.74071,False
2025-07-12 22:00:00+00:00,Kurstraße 7,22.0,3.6,415.0,50.36498,8.74071,False
2025-07-12 23:00:00+00:00,Kurstraße 7,7.5,4.085,415.0,50.36498,8.74071,False
2025-07-13 00:00:00+00:00,Kurstraße 7,5.0,6.25,415.0,50.36498,8.74071,False
2025-07-13 01:00:00+00:00,Kurstraße 7,3.0,19.545,415.0,50.36498,8.74071,False
2025-07-13 02:00:00+00:00,Kurstraße 7,3.0,3.22,415.0,50.36498,8.74071,False
2025-07-13 03:00:00+00:00,Kurstraße 7,2.0,1.14,415.0,50.36498,8.74071,False
2025-07-13 04:00:00+00:00,Kurstraße 7,6.0,4.32,415.0,50.36498,8.74071,False
2025-07-13 05:00:00+00:00,Kurstraße 7,,,415.0,50.36498,8.74071,True
2025-07-13 06:00:00+00:00,Kurstraße 7,,,415.0,50.36498,8.74071,True
2025-07-13 07:00:00+00:00,Kurstraße 7,,,415.0,50.36498,8.74071,True
2025-07-13 08:00:00+00:00,Kurstraße 7,,,415.0,50.36498,8.74071,True
2025-07-13 09:00:00+00:00,Kurstraße 7,,,415.0,50.36498,8.74071,True
2025-07-13 10:00:00+00:00,Kurstraße 7,,,415.0,50.36498,8.74071,True
2025-07-13 11:00:00+00:00,Kurstraße 7,,,415.0,50.36498,8.74071,True
2025-07-13 12:00:00+00:00,Kurstraße 7,,,415.0,50.36498,8.74071,True
2025-07-13 13:00:00+00:00,Kurstraße 7,,,415.0,50.36498,8.74071,True
2025-07-13 14:00:00+00:00,Kurstraße 7,,,415.0,50.36498,8.74071,True
2025-07-13 15:00:00+00:00,Kurstraße 7,,,415.0,50.36498,8.74071,True
2025-07-13 16:00:00+00:00,Kurstraße 7,,,415.0,50.36498,8.74071,True
2025-07-13 17:00:00+00:00,Kurstraße 7,,,415.0,50.36498,8.74071,True
2025-07-13 18:00:00+00:00,Kurstraße 7,,,415.0,50.36498,8.74071,True
2025-07-13 19:00:00+00:00,Kurstraße 7,,,415.0,50.36498,8.74071,True
2025-07-13 20:00:00+00:00,Kurstraße 7,,,415.0,50.36498,8.74071,True
2025-07-13 21:00:00+00:00,Kurstraße 7,2.0,0.865,415.0,50.36498,8.74071,False
2025-07-13 22:00:00+00:00,Kurstraße 7,3.0,12.322500000000002,415.0,50.36498,8.74071,True
2025-07-13 23:00:00+00:00,Kurstraße 7,4.0,23.78,415.0,50.36498,8.74071,False
2025-06-30 01:00:00+00:00,Parkstraße 24,2.0,7.97,415.0,50.36557,8.73654,False
2025-06-30 02:00:00+00:00,Parkstraße 24,9.0,12.71,415.0,50.36557,8.73654,False
2025-06-30 03:00:00+00:00,Parkstraße 24,5.0,27.97,415.0,50.36557,8.73654,False
2025-06-30 04:00:00+00:00,Parkstraße 24,17.0,9.97,415.0,50.36557,8.73654,False
2025-06-30 05:00:00+00:00,Parkstraße 24,49.0,7.109999999999999,415.0,50.36557,8.73654,False
2025-06-30 06:00:00+00:00,Parkstraße 24,54.0,8.95,415.0,50.36557,8.73654,False
2025-06-30 07:00:00+00:00,Parkstraße 24,58.0,7.03,415.0,50.36557,8.73654,False
2025-06-30 08:00:00+00:00,Parkstraße 24,66.0,9.405,415.0,50.36557,8.73654,True
2025-06-30 09:00:00+00:00,Parkstraße 24,74.0,11.78,415.0,50.36557,8.73654,False
2025-06-30 10:00:00+00:00,Parkstraße 24,79.0,9.84,415.0,50.36557,8.73654,False
2025-06-30 11:00:00+00:00,Parkstraße 24,61.5,10.485,415.0,50.36557,8.73654,False
2025-06-30 12:00:00+00:00,Parkstraße 24,27.0,4.2,415.0,50.36557,8.73654,False
2025-06-30 13:00:00+00:00,Parkstraße 24,17.0,5.155,415.0,50.36557,8.73654,False
2025-06-30 14:00:00+00:00,Parkstraße 24,8.0,8.48,415.0,50.36557,8.73654,False
2025-06-30 15:00:00+00:00,Parkstraße 24,9.0,7.33,415.0,50.36557,8.73654,False
2025-06-30 16:00:00+00:00,Parkstraße 24,10.5,3.615,415.0,50.36557,8.73654,False
2025-06-30 17:00:00+00:00,Parkstraße 24,7.0,7.13,415.0,50.36557,8.73654,False
2025-06-30 18:00:00+00:00,Parkstraße 24,3.5,3.565,415.0,50.36557,8.73654,True
2025-06-30 19:00:00+00:00,Parkstraße 24,0.0,0.0,415.0,50.36557,8.73654,False
2025-06-30 20:00:00+00:00,Parkstraße 24,16.0,4.655,415.0,50.36557,8.73654,False
2025-06-30 21:00:00+00:00,Parkstraße 24,19.5,15.7625,415.0,50.36557,8.73654,True
2025-06-30 22:00:00+00:00,Parkstraße 24,23.0,26.87,415.0,50.36557,8.73654,False
2025-06-30 23:00:00+00:00,Parkstraße 24,7.5,23.025,415.0,50.36557,8.73654,False
2025-07-01 00:00:00+00:00,Parkstraße 24,5.0,9.03,415.0,50.36557,8.73654,False
2025-07-01 01:00:00+00:00,Parkstraße 24,5.0,8.87,415.0,50.36557,8.73654,False
2025-07-01 02:00:00+00:00,Parkstraße 24,6.0,4.85,415.0,50.36557,8.73654,False
2025-07-01 03:00:00+00:00,Parkstraße 24,4.0,18.7,415.0,50.36557,8.73654,False
2025-07-01 04:00:00+00:00,Parkstraße 24,27.0,8.19,415.0,50.36557,8.73654,False
2025-07-01 05:00:00+00:00,Parkstraße 24,48.0,10.22,415.0,50.36557,8.73654,False
2025-07-01 06:00:00+00:00,Parkstraße 24,73.0,8.19,415.0,50.36557,8.73654,False
2025-07-01 07:00:00+00:00,Parkstraße 24,67.5,10.620000000000001,415.0,50.36557,8.73654,False
2025-07-01 08:00:00+00:00,Parkstraße 24,73.5,6.505,415.0,50.36557,8.73654,False
2025-07-01 09:00:00+00:00,Parkstraße 24,95.5,9.15,415.0,50.36557,8.73654,False
2025-07-01 10:00:00+00:00,Parkstraße 24,111.0,11.26,415.0,50.36557,8.73654,False
2025-07-01 11:00:00+00:00,Parkstraße 24,62.0,10.684999999999999,415.0,50.36557,8.73654,False
2025-07-01 12:00:00+00:00,Parkstraße 24,51.5,4.2299999999999995,415.0,50.36557,8.73654,False
2025-07-01 13:00:00+00:00,Parkstraße 24,11.0,11.97,415.0,50.36557,8.73654,False
2025-07-01 14:00:00+00:00,Parkstraße 24,7.0,20.33,415.0,50.36557,8.73654,False
2025-07-01 15:00:00+00:00,Parkstraße 24,8.0,4.13,415.0,50.36557,8.73654,False
2025-07-01 16:00:00+00:00,Parkstraße 24,7.0,7.9799999999999995,415.0,50.36557,8.73654,False
2025-07-01 17:00:00+00:00,Parkstraße 24,3.0,0.74,415.0,50.36557,8.73654,False
2025-07-01 18:00:00+00:00,Parkstraße 24,2.0,14.94,415.0,50.36557,8.73654,False
2025-07-01 19:00:00+00:00,Parkstraße 24,3.0,6.36,415.0,50.36557,8.73654,False
2025-07-01 20:00:00+00:00,Parkstraße 24,11.0,6.76,415.0,50.36557,8.73654,False
2025-07-01 21:00:00+00:00,Parkstraße 24,16.0,14.860000000000001,415.0,50.36557,8.73654,True
2025-07-01 22:00:00+00:00,Parkstraße 24,21.0,22.96,415.0,50.36557,8.73654,False
2025-07-01 23:00:00+00:00,Parkstraße 24,4.0,7.88,415.0,50.36557,8.73654,False
2025-07-02 00:00:00+00:00,Parkstraße 24,1.0,12.7,415.0,50.36557,8.73654,False
2025-07-02 01:00:00+00:00,Parkstraße 24,7.0,4.11,415.0,50.36557,8.73654,False
2025-07-02 02:00:00+00:00,Parkstraße 24,9.5,7.98,415.0,50.36557,8.73654,False
2025-07-02 03:00:00+00:00,Parkstraße 24,17.0,9.809999999999999,415.0,50.36557,8.73654,False
2025-07-02 04:00:00+00:00,Parkstraße 24,16.5,6.495,415.0,50.36557,8.73654,False
2025-07-02 05:00:00+00:00,Parkstraße 24,35.0,6.195,415.0,50.36557,8.73654,False
2025-07-02 06:00:00+00:00,Parkstraße 24,71.0,9.805,415.0,50.36557,8.73654,False
2025-07-02 07:00:00+00:00,Parkstraße 24,66.5,11.35,415.0,50.36557,8.73654,False
2025-07-02 08:00:00+00:00,Parkstraße 24,86.5,8.84,415.0,50.36557,8.73654,False
2025-07-02 09:00:00+00:00,Parkstraße 24,83.5,9.98,415.0,50.36557,8.73654,False
2025-07-02 10:00:00+00:00,Parkstraße 24,78.5,11.34,415.0,50.36557,8.73654,False
2025-07-02 11:00:00+00:00,Parkstraße 24,58.5,10.625,415.0,50.36557,8.73654,False
2025-07-02 12:00:00+00:00,Parkstraße 24,33.5,5.9,415.0,50.36557,8.73654,False
2025-07-02 13:00:00+00:00,Parkstraße 24,3.0,7.22,415.0,50.36557,8.73654,False
2025-07-02 14:00:00+00:00,Parkstraße 24,6.5,7.145,415.0,50.36557,8.73654,False
2025-07-02 15:00:00+00:00,Parkstraße 24,9.0,12.2,415.0,50.36557,8.73654,False
2025-07-02 16:00:00+00:00,Parkstraße 24,6.0,4.81,415.0,50.36557,8.73654,False
2025-07-02 17:00:00+00:00,Parkstraße 24,9.0,7.33,415.0,50.36557,8.73654,False
2025-07-02 18:00:00+00:00,Parkstraße 24,3.5,6.31,415.0,50.36557,8.73654,False
2025-07-02 19:00:00+00:00,Parkstraße 24,16.0,13.37,415.0,50.36557,8.73654,False
2025-07-02 20:00:00+00:00,Parkstraße 24,21.0,10.085,415.0,50.36557,8.73654,False
2025-07-02 21:00:00+00:00,Parkstraße 24,16.333333333333332,15.726666666666667,415.0,50.36557,8.73654,True
2025-07-02 22:00:00+00:00,Parkstraße 24,11.666666666666666,21.368333333333332,415.0,50.36557,8.73654,True
2025-07-02 23:00:00+00:00,Parkstraße 24,7.0,27.01,415.0,50.36557,8.73654,False
2025-07-03 00:00:00+00:00,Parkstraße 24,4.0,34.325,415.0,50.36557,8.73654,False
2025-07-03 01:00:00+00:00,Parkstraße 24,4.0,30.555,415.0,50.36557,8.73654,False
2025-07-03 02:00:00+00:00,Parkstraße 24,4.0,17.46,415.0,50.36557,8.73654,False
2025-07-03 03:00:00+00:00,Parkstraße 24,12.5,12.825000000000001,415.0,50.36557,8.73654,False
2025-07-03 04:00:00+00:00,Parkstraße 24,19.0,3.05,415.0,50.36557,8.73654,False
2025-07-03 05:00:00+00:00,Parkstraße 24,43.0,6.800000000000001,415.0,50.36557,8.73654,False
2025-07-03 06:00:00+00:00,Parkstraße 24,44.5,8.985,415.0,50.36557,8.73654,False
2025-07-03 07:00:00+00:00,Parkstraße 24,58.0,9.489999999999998,415.0,50.36557,8.73654,False
2025-07-03 08:00:00+00:00,Parkstraße 24,81.0,13.85,415.0,50.36557,8.73654,False
2025-07-03 09:00:00+00:00,Parkstraße 24,90.0,9.605,415.0,50.36557,8.73654,False
2025-07-03 10:00:00+00:00,Parkstraße 24,72.0,8.7,415.0,50.36557,8.73654,False
2025-07-03 11:00:00+00:00,Parkstraße 24,81.0,10.0,415.0,50.36557,8.73654,False
2025-07-03 12:00:00+00:00,Parkstraße 24,66.0,7.91,415.0,50.36557,8.73654,False
2025-07-03 13:00:00+00:00,Parkstraße 24,11.0,7.81,415.0,50.36557,8.73654,False
2025-07-03 14:00:00+00:00,Parkstraße 24,11.0,3.37,415.0,50.36557,8.73654,False
2025-07-03 15:00:00+00:00,Parkstraße 24,6.0,1.61,415.0,50.36557,8.73654,False
2025-07-03 16:00:00+00:00,Parkstraße 24,14.0,10.595,415.0,50.36557,8.73654,False
2025-07-03 17:00:00+00:00,Parkstraße 24,8.0,7.77,415.0,50.36557,8.73654,False
2025-07-03 18:00:00+00:00,Parkstraße 24,8.0,11.815,415.0,50.36557,8.73654,False
2025-07-03 19:00:00+00:00,Parkstraße 24,4.0,14.739999999999998,415.0,50.36557,8.73654,False
2025-07-03 20:00:00+00:00,Parkstraße 24,25.0,11.11,415.0,50.36557,8.73654,False
2025-07-03 21:00:00+00:00,Parkstraße 24,5.0,7.03,415.0,50.36557,8.73654,False
2025-07-03 22:00:00+00:00,Parkstraße 24,10.0,13.42,415.0,50.36557,8.73654,False
2025-07-03 23:00:00+00:00,Parkstraße 24,17.0,45.38,415.0,50.36557,8.73654,False
2025-07-04 00:00:00+00:00,Parkstraße 24,1.0,2.93,415.0,50.36557,8.73654,False
2025-07-04 01:00:00+00:00,Parkstraße 24,4.0,9.295,415.0,50.36557,8.73654,False
2025-07-04 02:00:00+00:00,Parkstraße 24,5.0,25.41,415.0,50.36557,8.73654,False
2025-07-04 03:00:00+00:00,Parkstraße 24,16.5,6.345,415.0,50.36557,8.73654,False
2025-07-04 04:00:00+00:00,Parkstraße 24,18.0,4.87,415.0,50.36557,8.73654,False
2025-07-04 05:00:00+00:00,Parkstraße 24,47.0,9.51,415.0,50.36557,8.73654,False
2025-07-04 06:00:00+00:00,Parkstraße 24,81.5,7.61,415.0,50.36557,8.73654,False
2025-07-04 07:00:00+00:00,Parkstraße 24,84.0,13.969999999999999,415.0,50.36557,8.73654,False
2025-07-04 08:00:00+00:00,Parkstraße 24,109.0,9.440000000000001,415.0,50.36557,8.73654,False
2025-07-04 09:00:00+00:00,Parkstraße 24,116.0,10.355,415.0,50.36557,8.73654,False
2025-07-04 10:00:00+00:00,Parkstraße 24,93.0,11.41,415.0,50.36557,8.73654,False
2025-07-04 11:00:00+00:00,Parkstraße 24,83.5,10.41,415.0,50.36557,8.73654,False
2025-07-04 12:00:00+00:00,Parkstraße 24,95.0,8.715,415.0,50.36557,8.73654,False
2025-07-04 13:00:00+00:00,Parkstraße 24,4.0,5.35,415.0,50.36557,8.73654,False
2025-07-04 14:00:00+00:00,Parkstraße 24,3.0,1.05,415.0,50.36557,8.73654,False
2025-07-04 15:00:00+00:00,Parkstraße 24,21.0,5.17,415.0,50.36557,8.73654,False
2025-07-04 16:00:00+00:00,Parkstraße 24,19.0,5.525,415.0,50.36557,8.73654,False
2025-07-04 17:00:00+00:00,Parkstraße 24,21.5,5.800000000000001,415.0,50.36557,8.73654,False
2025-07-04 18:00:00+00:00,Parkstraße 24,12.5,4.215,415.0,50.36557,8.73654,False
2025-07-04 19:00:00+00:00,Parkstraße 24,10.0,12.66,415.0,50.36557,8.73654,False
2025-07-04 20:00:00+00:00,Parkstraße 24,40.0,7.795,415.0,50.36557,8.73654,False
2025-07-04 21:00:00+00:00,Parkstraße 24,10.0,5.79,415.0,50.36557,8.73654,False
2025-07-04 22:00:00+00:00,Parkstraße 24,31.0,20.02,415.0,50.36557,8.73654,False
2025-07-04 23:00:00+00:00,Parkstraße 24,5.0,9.530000000000001,415.0,50.36557,8.73654,False
2025-07-05 00:00:00+00:00,Parkstraße 24,2.0,50.54,415.0,50.36557,8.73654,False
2025-07-05 01:00:00+00:00,Parkstraße 24,3.0,41.93,415.0,50.36557,8.73654,False
2025-07-05 02:00:00+00:00,Parkstraße 24,4.5,23.945,415.0,50.36557,8.73654,False
2025-07-05 03:00:00+00:00,Parkstraße 24,6.0,28.29,415.0,50.36557,8.73654,False
2025-07-05 04:00:00+00:00,Parkstraße 24,14.0,4.415,415.0,50.36557,8.73654,False
2025-07-05 05:00:00+00:00,Parkstraße 24,21.0,7.345000000000001,415.0,50.36557,8.73654,False
2025-07-05 06:00:00+00:00,Parkstraße 24,26.0,12.07,415.0,50.36557,8.73654,False
2025-07-05 07:00:00+00:00,Parkstraße 24,13.0,6.035,415.0,50.36557,8.73654,True
2025-07-05 08:00:00+00:00,Parkstraße 24,0.0,0.0,415.0,50.36557,8.73654,False
2025-07-05 09:00:00+00:00,Parkstraße 24,59.5,6.015,415.0,50.36557,8.73654,False
2025-07-05 10:00:00+00:00,Parkstraße 24,140.5,9.149999999999999,415.0,50.36557,8.73654,False
2025-07-05 11:00:00+00:00,Parkstraße 24,107.0,10.315,415.0,50.36557,8.73654,False
2025-07-05 12:00:00+00:00,Parkstraße 24,102.0,8.245,415.0,50.36557,8.73654,False
2025-07-05 13:00:00+00:00,Parkstraße 24,10.0,2.93,415.0,50.36557,8.73654,False
2025-07-05 14:00:00+00:00,Parkstraße 24,8.333333333333334,4.873333333333333,415.0,50.36557,8.73654,True
2025-07-05 15:00:00+00:00,Parkstraße 24,6.666666666666666,6.816666666666666,415.0,50.36557,8.73654,True
2025-07-05 16:00:00+00:00,Parkstraße 24,5.0,8.76,415.0,50.36557,8.73654,False
2025-07-05 17:00:00+00:00,Parkstraße 24,14.0,6.34,415.0,50.36557,8.73654,False
2025-07-05 18:00:00+00:00,Parkstraße 24,10.0,3.825,415.0,50.36557,8.73654,False
2025-07-05 19:00:00+00:00,Parkstraße 24,13.5,5.7725,415.0,50.36557,8.73654,True
2025-07-05 20:00:00+00:00,Parkstraße 24,17.0,7.72,415.0,50.36557,8.73654,False
2025-07-05 21:00:00+00:00,Parkstraße 24,8.0,5.61,415.0,50.36557,8.73654,False
2025-07-05 22:00:00+00:00,Parkstraße 24,12.5,8.71,415.0,50.36557,8.73654,True
2025-07-05 23:00:00+00:00,Parkstraße 24,17.0,11.81,415.0,50.36557,8.73654,False
2025-07-06 00:00:00+00:00,Parkstraße 24,5.5,19.215,415.0,50.36557,8.73654,False
2025-07-06 01:00:00+00:00,Parkstraße 24,3.0,14.11,415.0,50.36557,8.73654,False
2025-07-06 02:00:00+00:00,Parkstraße 24,6.0,18.09,415.0,50.36557,8.73654,False
2025-07-06 03:00:00+00:00,Parkstraße 24,6.0,5.06,415.0,50.36557,8.73654,False
2025-07-06 04:00:00+00:00,Parkstraße 24,6.75,3.835,415.0,50.36557,8.73654,True
2025-07-06 05:00:00+00:00,Parkstraße 24,7.5,2.61,415.0,50.36557,8.73654,False
2025-07-06 06:00:00+00:00,Parkstraße 24,30.0,14.945,415.0,50.36557,8.73654,False
2025-07-06 07:00:00+00:00,Parkstraße 24,49.5,5.880000000000001,415.0,50.36557,8.73654,False
2025-07-06 08:00:00+00:00,Parkstraße 24,55.0,7.71,415.0,50.36557,8.73654,False
2025-07-06 09:00:00+00:00,Parkstraße 24,106.5,8.76,415.0,50.36557,8.73654,False
2025-07-06 10:00:00+00:00,Parkstraße 24,81.0,10.45,415.0,50.36557,8.73654,False
2025-07-06 11:00:00+00:00,Parkstraße 24,100.0,8.05,415.0,50.36557,8.73654,False
2025-07-06 12:00:00+00:00,Parkstraße 24,137.0,9.1,415.0,50.36557,8.73654,False
2025-07-06 13:00:00+00:00,Parkstraße 24,12.0,6.07,415.0,50.36557,8.73654,False
2025-07-06 14:00:00+00:00,Parkstraße 24,9.0,7.25,415.0,50.36557,8.73654,False
2025-07-06 15:00:00+00:00,Parkstraße 24,9.0,7.58,415.0,50.36557,8.73654,False
2025-07-06 16:00:00+00:00,Parkstraße 24,8.0,7.955,415.0,50.36557,8.73654,False
2025-07-06 17:00:00+00:00,Parkstraße 24,5.0,8.51,415.0,50.36557,8.73654,False
2025-07-06 18:00:00+00:00,Parkstraße 24,3.0,24.62,415.0,50.36557,8.73654,False
2025-07-06 19:00:00+00:00,Parkstraße 24,10.0,21.94,415.0,50.36557,8.73654,False
2025-07-06 20:00:00+00:00,Parkstraße 24,20.5,8.475,415.0,50.36557,8.73654,False
2025-07-06 21:00:00+00:00,Parkstraße 24,4.0,1.08,415.0,50.36557,8.73654,False
2025-07-06 22:00:00+00:00,Parkstraße 24,,,415.0,50.36557,8.73654,True
2025-07-06 23:00:00+00:00,Parkstraße 24,,,415.0,50.36557,8.73654,True
2025-07-07 00:00:00+00:00,Parkstraße 24,,,415.0,50.36557,8.73654,True
2025-07-07 01:00:00+00:00,Parkstraße 24,2.0,18.61,415.0,50.36557,8.73654,False
2025-07-07 02:00:00+00:00,Parkstraße 24,6.0,20.195,415.0,50.36557,8.73654,True
2025-07-07 03:00:00+00:00,Parkstraße 24,10.0,21.78,415.0,50.36557,8.73654,False
2025-07-07 04:00:00+00:00,Parkstraße 24,12.5,9.73,415.0,50.36557,8.73654,False
2025-07-07 05:00:00+00:00,Parkstraße 24,47.0,8.31,415.0,50.36557,8.73654,False
2025-07-07 06:00:00+00:00,Parkstraße 24,46.5,9.274999999999999,415.0,50.36557,8.73654,False
2025-07-07 07:00:00+00:00,Parkstraße 24,63.0,6.75,415.0,50.36557,8.73654,False
2025-07-07 08:00:00+00:00,Parkstraße 24,111.0,11.82,415.0,50.36557,8.73654,False
2025-07-07 09:00:00+00:00,Parkstraße 24,82.0,8.925,415.0,50.36557,8.73654,False
2025-07-07 10:00:00+00:00,Parkstraße 24,84.5,9.24,415.0,50.36557,8.73654,False
2025-07-07 11:00:00+00:00,Parkstraße 24,66.25,8.905000000000001,415.0,50.36557,8.73654,True
2025-07-07 12:00:00+00:00,Parkstraße 24,48.0,8.57,415.0,50.36557,8.73654,False
2025-07-07 13:00:00+00:00,Parkstraße 24,10.0,3.05,415.0,50.36557,8.73654,False
2025-07-07 14:00:00+00:00,Parkstraße 24,10.0,2.44,415.0,50.36557,8.73654,False
2025-07-07 15:00:00+00:00,Parkstraße 24,17.0,4.744999999999999,415.0,50.36557,8.73654,False
2025-07-07 16:00:00+00:00,Parkstraße 24,6.5,8.64,415.0,50.36557,8.73654,False
2025-07-07 17:00:00+00:00,Parkstraße 24,7.0,8.36,415.0,50.36557,8.73654,False
2025-07-07 18:00:00+00:00,Parkstraße 24,2.0,5.32,415.0,50.36557,8.73654,False
2025-07-07 19:00:00+00:00,Parkstraße 24,12.0,13.895,415.0,50.36557,8.73654,False
2025-07-07 20:00:00+00:00,Parkstraße 24,6.0,6.9475,415.0,50.36557,8.73654,True
2025-07-07 21:00:00+00:00,Parkstraße 24,0.0,0.0,415.0,50.36557,8.73654,False
2025-07-07 22:00:00+00:00,Parkstraße 24,25.0,24.45,415.0,50.36557,8.73654,False
2025-07-07 23:00:00+00:00,Parkstraße 24,3.0,5.59,415.0,50.36557,8.73654,False
2025-07-08 00:00:00+00:00,Parkstraße 24,4.0,10.725,415.0,50.36557,8.73654,False
2025-07-08 01:00:00+00:00,Parkstraße 24,3.0,24.99,415.0,50.36557,8.73654,False
2025-07-08 02:00:00+00:00,Parkstraße 24,3.0,22.54,415.0,50.36557,8.73654,False
2025-07-08 03:00:00+00:00,Parkstraße 24,8.0,20.26,415.0,50.36557,8.73654,False
2025-07-08 04:00:00+00:00,Parkstraße 24,19.0,14.412500000000001,415.0,50.36557,8.73654,True
2025-07-08 05:00:00+00:00,Parkstraße 24,30.0,8.565,415.0,50.36557,8.73654,False
2025-07-08 06:00:00+00:00,Parkstraße 24,38.0,10.55,415.0,50.36557,8.73654,False
2025-07-08 07:00:00+00:00,Parkstraße 24,66.0,8.805,415.0,50.36557,8.73654,False
2025-07-08 08:00:00+00:00,Parkstraße 24,78.0,8.5275,415.0,50.36557,8.73654,True
2025-07-08 09:00:00+00:00,Parkstraße 24,90.0,8.25,415.0,50.36557,8.73654,False
2025-07-08 10:00:00+00:00,Parkstraße 24,85.5,10.255,415.0,50.36557,8.73654,False
2025-07-08 11:00:00+00:00,Parkstraße 24,102.5,11.08,415.0,50.36557,8.73654,False
2025-07-08 12:00:00+00:00,Parkstraße 24,88.0,9.19,415.0,50.36557,8.73654,False
2025-07-08 13:00:00+00:00,Parkstraße 24,16.0,6.86,415.0,50.36557,8.73654,False
2025-07-08 14:00:00+00:00,Parkstraße 24,,,415.0,50.36557,8.73654,True
2025-07-08 15:00:00+00:00,Parkstraße 24,,,415.0,50.36557,8.73654,True
2025-07-08 16:00:00+00:00,Parkstraße 24,,,415.0,50.36557,8.73654,True
2025-07-08 17:00:00+00:00,Parkstraße 24,,,415.0,50.36557,8.73654,True
2025-07-08 18:00:00+00:00,Parkstraße 24,,,415.0,50.36557,8.73654,True
2025-07-08 19:00:00+00:00,Parkstraße 24,,,415.0,50.36557,8.73654,True
2025-07-08 20:00:00+00:00,Parkstraße 24,,,415.0,50.36557,8.73654,True
2025-07-08 21:00:00+00:00,Parkstraße 24,,,415.0,50.36557,8.73654,True
2025-07-08 22:00:00+00:00,Parkstraße 24,,,415.0,50.36557,8.73654,True
2025-07-08 23:00:00+00:00,Parkstraße 24,,,415.0,50.36557,8.73654,True
2025-07-09 00:00:00+00:00,Parkstraße 24,,,415.0,50.36557,8.73654,True
2025-07-09 01:00:00+00:00,Parkstraße 24,,,415.0,50.36557,8.73654,True
2025-07-09 02:00:00+00:00,Parkstraße 24,,,415.0,50.36557,8.73654,True
2025-07-09 03:00:00+00:00,Parkstraße 24,,,415.0,50.36557,8.73654,True
2025-07-09 04:00:00+00:00,Parkstraße 24,,,415.0,50.36557,8.73654,True
2025-07-09 05:00:00+00:00,Parkstraße 24,,,415.0,50.36557,8.73654,True
2025-07-09 06:00:00+00:00,Parkstraße 24,,,415.0,50.36557,8.73654,True
2025-07-09 07:00:00+00:00,Parkstraße 24,77.0,8.895,415.0,50.36557,8.73654,False
2025-07-09 08:00:00+00:00,Parkstraße 24,85.0,8.9,415.0,50.36557,8.73654,False
2025-07-09 09:00:00+00:00,Parkstraße 24,89.0,7.73,415.0,50.36557,8.73654,False
2025-07-09 10:00:00+00:00,Parkstraße 24,71.5,10.17,415.0,50.36557,8.73654,False
2025-07-09 11:00:00+00:00,Parkstraße 24,52.16666666666667,9.885,415.0,50.36557,8.73654,True
2025-07-09 12:00:00+00:00,Parkstraße 24,32.833333333333336,9.6,415.0,50.36557,8.73654,True
2025-07-09 13:00:00+00:00,Parkstraße 24,13.5,9.315,415.0,50.36557,8.73654,False
2025-07-09 14:00:00+00:00,Parkstraße 24,14.0,10.1,415.0,50.36557,8.73654,False
2025-07-09 15:00:00+00:00,Parkstraße 24,8.0,5.38,415.0,50.36557,8.73654,False
2025-07-09 16:00:00+00:00,Parkstraße 24,7.5,11.004999999999999,415.0,50.36557,8.73654,False
2025-07-09 17:00:00+00:00,Parkstraße 24,9.0,7.94,415.0,50.36557,8.73654,False
2025-07-09 18:00:00+00:00,Parkstraße 24,5.5,11.01,415.0,50.36557,8.73654,False
2025-07-09 19:00:00+00:00,Parkstraße 24,11.0,5.36,415.0,50.36557,8.73654,False
2025-07-09 20:00:00+00:00,Parkstraße 24,16.0,8.4,415.0,50.36557,8.73654,False
2025-07-09 21:00:00+00:00,Parkstraße 24,3.0,1.4,415.0,50.36557,8.73654,False
2025-07-09 22:00:00+00:00,Parkstraße 24,,,415.0,50.36557,8.73654,True
2025-07-09 23:00:00+00:00,Parkstraße 24,,,415.0,50.36557,8.73654,True
2025-07-10 00:00:00+00:00,Parkstraße 24,,,415.0,50.36557,8.73654,True
2025-07-10 01:00:00+00:00,Parkstraße 24,,,415.0,50.36557,8.73654,True
2025-07-10 02:00:00+00:00,Parkstraße 24,,,415.0,50.36557,8.73654,True
2025-07-10 03:00:00+00:00,Parkstraße 24,,,415.0,50.36557,8.73654,True
2025-07-10 04:00:00+00:00,Parkstraße 24,,,415.0,50.36557,8.73654,True
2025-07-10 05:00:00+00:00,Parkstraße 24,,,415.0,50.36557,8.73654,True
2025-07-10 06:00:00+00:00,Parkstraße 24,,,415.0,50.36557,8.73654,True
2025-07-10 07:00:00+00:00,Parkstraße 24,75.0,10.665,415.0,50.36557,8.73654,False
2025-07-10 08:00:00+00:00,Parkstraße 24,84.5,11.77,415.0,50.36557,8.73654,False
2025-07-10 09:00:00+00:00,Parkstraße 24,90.0,10.09,415.0,50.36557,8.73654,False
2025-07-10 10:00:00+00:00,Parkstraße 24,123.0,9.93,415.0,50.36557,8.73654,False
2025-07-10 11:00:00+00:00,Parkstraße 24,129.0,12.27,415.0,50.36557,8.73654,False
2025-07-10 12:00:00+00:00,Parkstraße 24,63.0,6.94,415.0,50.36557,8.73654,False
2025-07-10 13:00:00+00:00,Parkstraße 24,11.5,4.46,415.0,50.36557,8.73654,False
2025-07-10 14:00:00+00:00,Parkstraße 24,7.0,3.59,415.0,50.36557,8.73654,False
2025-07-10 15:00:00+00:00,Parkstraße 24,4.0,1.99,415.0,50.36557,8.73654,False
2025-07-10 16:00:00+00:00,Parkstraße 24,8.0,8.32,415.0,50.36557,8.73654,False
2025-07-10 17:00:00+00:00,Parkstraße 24,13.0,5.09,415.0,50.36557,8.73654,False
2025-07-10 18:00:00+00:00,Parkstraße 24,7.5,5.76,415.0,50.36557,8.73654,False
2025-07-10 19:00:00+00:00,Parkstraße 24,17.0,19.83,415.0,50.36557,8.73654,False
2025-07-10 20:00:00+00:00,Parkstraße 24,27.0,6.84,415.0,50.36557,8.73654,False
2025-07-10 21:00:00+00:00,Parkstraße 24,2.0,3.97,415.0,50.36557,8.73654,False
2025-07-10 22:00:00+00:00,Parkstraße 24,5.0,21.555,415.0,50.36557,8.73654,True
2025-07-10 23:00:00+00:00,Parkstraße 24,8.0,39.14,415.0,50.36557,8.73654,False
2025-07-11 00:00:00+00:00,Parkstraße 24,3.0,23.86,415.0,50.36557,8.73654,False
2025-07-11 01:00:00+00:00,Parkstraße 24,6.0,11.4,415.0,50.36557,8.73654,False
2025-07-11 02:00:00+00:00,Parkstraße 24,11.0,13.46,415.0,50.36557,8.73654,False
2025-07-11 03:00:00+00:00,Parkstraße 24,13.0,15.05,415.0,50.36557,8.73654,False
2025-07-11 04:00:00+00:00,Parkstraße 24,19.5,8.815,415.0,50.36557,8.73654,False
2025-07-11 05:00:00+00:00,Parkstraße 24,33.5,12.59,415.0,50.36557,8.73654,False
2025-07-11 06:00:00+00:00,Parkstraße 24,49.0,8.59,415.0,50.36557,8.73654,False
2025-07-11 07:00:00+00:00,Parkstraße 24,,,415.0,50.36557,8.73654,True
2025-07-11 08:00:00+00:00,Parkstraße 24,,,415.0,50.36557,8.73654,True
2025-07-11 09:00:00+00:00,Parkstraße 24,,,415.0,50.36557,8.73654,True
2025-07-11 10:00:00+00:00,Parkstraße 24,,,415.0,50.36557,8.73654,True
2025-07-11 11:00:00+00:00,Parkstraße 24,,,415.0,50.36557,8.73654,True
2025-07-11 12:00:00+00:00,Parkstraße 24,,,415.0,50.36557,8.73654,True
2025-07-11 13:00:00+00:00,Parkstraße 24,,,415.0,50.36557,8.73654,True
2025-07-11 14:00:00+00:00,Parkstraße 24,,,415.0,50.36557,8.73654,True
2025-07-11 15:00:00+00:00,Parkstraße 24,,,415.0,50.36557,8.73654,True
2025-07-11 16:00:00+00:00,Parkstraße 24,,,415.0,50.36557,8.73654,True
2025-07-11 17:00:00+00:00,Parkstraße 24,13.0,9.24,415.0,50.36557,8.73654,False
2025-07-11 18:00:00+00:00,Parkstraße 24,26.5,9.516666666666667,415.0,50.36557,8.73654,True
2025-07-11 19:00:00+00:00,Parkstraße 24,40.0,9.793333333333333,415.0,50.36557,8.73654,True
2025-07-11 20:00:00+00:00,Parkstraße 24,53.5,10.07,415.0,50.36557,8.73654,False
2025-07-11 21:00:00+00:00,Parkstraße 24,9.0,1.21,415.0,50.36557,8.73654,False
2025-07-11 22:00:00+00:00,Parkstraße 24,8.0,7.71,415.0,50.36557,8.73654,True
2025-07-11 23:00:00+00:00,Parkstraße 24,7.0,14.21,415.0,50.36557,8.73654,False
2025-07-12 00:00:00+00:00,Parkstraße 24,,,415.0,50.36557,8.73654,True
2025-07-12 01:00:00+00:00,Parkstraße 24,,,415.0,50.36557,8.73654,True
2025-07-12 02:00:00+00:00,Parkstraße 24,,,415.0,50.36557,8.73654,True
2025-07-12 03:00:00+00:00,Parkstraße 24,,,415.0,50.36557,8.73654,True
2025-07-12 04:00:00+00:00,Parkstraße 24,,,415.0,50.36557,8.73654,True
2025-07-12 05:00:00+00:00,Parkstraße 24,,,415.0,50.36557,8.73654,True
2025-07-12 06:00:00+00:00,Parkstraße 24,25.0,5.03,415.0,50.36557,8.73654,False
2025-07-12 07:00:00+00:00,Parkstraße 24,38.0,7.36,415.0,50.36557,8.73654,False
2025-07-12 08:00:00+00:00,Parkstraße 24,47.166666666666664,8.116666666666667,415.0,50.36557,8.73654,True
2025-07-12 09:00:00+00:00,Parkstraße 24,56.33333333333333,8.873333333333333,415.0,50.36557,8.73654,True
2025-07-12 10:00:00+00:00,Parkstraße 24,65.5,9.629999999999999,415.0,50.36557,8.73654,False
2025-07-12 11:00:00+00:00,Parkstraße 24,100.5,11.504999999999999,415.0,50.36557,8.73654,False
2025-07-12 12:00:00+00:00,Parkstraße 24,97.5,8.935,415.0,50.36557,8.73654,False
2025-07-12 13:00:00+00:00,Parkstraße 24,12.0,1.84,415.0,50.36557,8.73654,False
2025-07-12 14:00:00+00:00,Parkstraße 24,7.0,4.36,415.0,50.36557,8.73654,False
2025-07-12 15:00:00+00:00,Parkstraße 24,14.5,17.18,415.0,50.36557,8.73654,False
2025-07-12 16:00:00+00:00,Parkstraße 24,12.0,5.95,415.0,50.36557,8.73654,False
2025-07-12 17:00:00+00:00,Parkstraße 24,13.0,17.4,415.0,50.36557,8.73654,False
2025-07-12 18:00:00+00:00,Parkstraße 24,14.0,4.28,415.0,50.36557,8.73654,False
2025-07-12 19:00:00+00:00,Parkstraße 24,11.5,4.02,415.0,50.36557,8.73654,False
2025-07-12 20:00:00+00:00,Parkstraße 24,9.0,8.51,415.0,50.36557,8.73654,False
2025-07-12 21:00:00+00:00,Parkstraße 24,2.5,2.265,415.0,50.36557,8.73654,False
2025-07-12 22:00:00+00:00,Parkstraße 24,29.5,12.915,415.0,50.36557,8.73654,False
2025-07-12 23:00:00+00:00,Parkstraße 24,9.0,18.44,415.0,50.36557,8.73654,False
2025-07-13 00:00:00+00:00,Parkstraße 24,6.0,5.69,415.0,50.36557,8.73654,False
2025-07-13 01:00:00+00:00,Parkstraße 24,2.5,19.7,415.0,50.36557,8.73654,False
2025-07-13 02:00:00+00:00,Parkstraße 24,6.0,12.64,415.0,50.36557,8.73654,False
2025-07-13 03:00:00+00:00,Parkstraße 24,3.5,10.870000000000001,415.0,50.36557,8.73654,False
2025-07-13 04:00:00+00:00,Parkstraße 24,10.0,8.26,415.0,50.36557,8.73654,False
2025-07-13 05:00:00+00:00,Parkstraße 24,,,415.0,50.36557,8.73654,True
2025-07-13 06:00:00+00:00,Parkstraße 24,,,415.0,50.36557,8.73654,True
2025-07-13 07:00:00+00:00,Parkstraße 24,,,415.0,50.36557,8.73654,True
2025-07-13 08:00:00+00:00,Parkstraße 24,,,415.0,50.36557,8.73654,True
2025-07-13 09:00:00+00:00,Parkstraße 24,,,415.0,50.36557,8.73654,True
2025-07-13 10:00:00+00:00,Parkstraße 24,,,415.0,50.36557,8.73654,True
2025-07-13 11:00:00+00:00,Parkstraße 24,,,415.0,50.36557,8.73654,True
2025-07-13 12:00:00+00:00,Parkstraße 24,,,415.0,50.36557,8.73654,True
2025-07-13 13:00:00+00:00,Parkstraße 24,,,415.0,50.36557,8.73654,True
2025-07-13 14:00:00+00:00,Parkstraße 24,,,415.0,50.36557,8.73654,True
2025-07-13 15:00:00+00:00,Parkstraße 24,,,415.0,50.36557,8.73654,True
2025-07-13 16:00:00+00:00,Parkstraße 24,,,415.0,50.36557,8.73654,True
2025-07-13 17:00:00+00:00,Parkstraße 24,,,415.0,50.36557,8.73654,True
2025-07-13 18:00:00+00:00,Parkstraße 24,,,415.0,50.36557,8.73654,True
2025-07-13 19:00:00+00:00,Parkstraße 24,,,415.0,50.36557,8.73654,True
2025-07-13 20:00:00+00:00,Parkstraße 24,,,415.0,50.36557,8.73654,True
2025-07-13 21:00:00+00:00,Parkstraße 24,0.5,6.79,415.0,50.36557,8.73654,False
2025-07-13 22:00:00+00:00,Parkstraße 24,3.25,14.865000000000002,415.0,50.36557,8.73654,True
2025-07-13 23:00:00+00:00,Parkstraße 24,6.0,22.94,415.0,50.36557,8.73654,False
2025-06-30 01:00:00+00:00,Parkstraße 4,3.5,17.16,415.0,50.36554,8.74015,False
2025-06-30 02:00:00+00:00,Parkstraße 4,3.0,16.0,415.0,50.36554,8.74015,False
2025-06-30 03:00:00+00:00,Parkstraße 4,4.0,8.225,415.0,50.36554,8.74015,False
2025-06-30 04:00:00+00:00,Parkstraße 4,22.0,6.82,415.0,50.36554,8.74015,False
2025-06-30 05:00:00+00:00,Parkstraße 4,24.5,5.98,415.0,50.36554,8.74015,False
2025-06-30 06:00:00+00:00,Parkstraße 4,31.0,6.54,415.0,50.36554,8.74015,False
2025-06-30 07:00:00+00:00,Parkstraße 4,54.0,9.91,415.0,50.36554,8.74015,False
2025-06-30 08:00:00+00:00,Parkstraße 4,60.0,10.4375,415.0,50.36554,8.74015,True
2025-06-30 09:00:00+00:00,Parkstraße 4,66.0,10.965,415.0,50.36554,8.74015,False
2025-06-30 10:00:00+00:00,Parkstraße 4,80.5,8.175,415.0,50.36554,8.74015,False
2025-06-30 11:00:00+00:00,Parkstraße 4,49.0,8.78,415.0,50.36554,8.74015,False
2025-06-30 12:00:00+00:00,Parkstraße 4,2.0,1.39,415.0,50.36554,8.74015,False
2025-06-30 13:00:00+00:00,Parkstraße 4,3.0,10.68,415.0,50.36554,8.74015,False
2025-06-30 14:00:00+00:00,Parkstraße 4,3.5,19.695,415.0,50.36554,8.74015,False
2025-06-30 15:00:00+00:00,Parkstraße 4,10.0,7.4350000000000005,415.0,50.36554,8.74015,False
2025-06-30 16:00:00+00:00,Parkstraße 4,3.0,16.98,415.0,50.36554,8.74015,False
2025-06-30 17:00:00+00:00,Parkstraße 4,4.0,1.76,415.0,50.36554,8.74015,False
2025-06-30 18:00:00+00:00,Parkstraße 4,2.5,14.094999999999999,415.0,50.36554,8.74015,False
2025-06-30 19:00:00+00:00,Parkstraße 4,1.5,5.165,415.0,50.36554,8.74015,False
2025-06-30 20:00:00+00:00,Parkstraße 4,7.0,5.955,415.0,50.36554,8.74015,False
2025-06-30 21:00:00+00:00,Parkstraße 4,1.0,26.82,415.0,50.36554,8.74015,False
2025-06-30 22:00:00+00:00,Parkstraße 4,6.0,2.1,415.0,50.36554,8.74015,False
2025-06-30 23:00:00+00:00,Parkstraße 4,5.0,26.54,415.0,50.36554,8.74015,False
2025-07-01 00:00:00+00:00,Parkstraße 4,2.0,3.7,415.0,50.36554,8.74015,False
2025-07-01 01:00:00+00:00,Parkstraße 4,1.0,3.67,415.0,50.36554,8.74015,False
2025-07-01 02:00:00+00:00,Parkstraße 4,2.0,24.11,415.0,50.36554,8.74015,False
2025-07-01 03:00:00+00:00,Parkstraße 4,5.0,5.465,415.0,50.36554,8.74015,False
2025-07-01 04:00:00+00:00,Parkstraße 4,18.0,5.0600000000000005,415.0,50.36554,8.74015,False
2025-07-01 05:00:00+00:00,Parkstraße 4,39.5,5.785,415.0,50.36554,8.74015,False
2025-07-01 06:00:00+00:00,Parkstraße 4,37.0,2.98,415.0,50.36554,8.74015,False
2025-07-01 07:00:00+00:00,Parkstraße 4,25.0,12.59,415.0,50.36554,8.74015,False
2025-07-01 08:00:00+00:00,Parkstraße 4,25.0,9.605,415.0,50.36554,8.74015,False
2025-07-01 09:00:00+00:00,Parkstraße 4,34.0,8.364999999999998,415.0,50.36554,8.74015,False
2025-07-01 10:00:00+00:00,Parkstraße 4,36.0,9.235,415.0,50.36554,8.74015,False
2025-07-01 11:00:00+00:00,Parkstraße 4,24.0,6.744999999999999,415.0,50.36554,8.74015,False
2025-07-01 12:00:00+00:00,Parkstraße 4,6.0,4.05,415.0,50.36554,8.74015,False
2025-07-01 13:00:00+00:00,Parkstraße 4,6.0,11.0,415.0,50.36554,8.74015,False
2025-07-01 14:00:00+00:00,Parkstraße 4,4.5,15.325000000000001,415.0,50.36554,8.74015,False
2025-07-01 15:00:00+00:00,Parkstraße 4,8.0,2.04,415.0,50.36554,8.74015,False
2025-07-01 16:00:00+00:00,Parkstraße 4,4.0,17.4,415.0,50.36554,8.74015,False
2025-07-01 17:00:00+00:00,Parkstraße 4,2.5,12.125,415.0,50.36554,8.74015,False
2025-07-01 18:00:00+00:00,Parkstraße 4,5.0,7.28,415.0,50.36554,8.74015,False
2025-07-01 19:00:00+00:00,Parkstraße 4,4.0,5.93,415.0,50.36554,8.74015,False
2025-07-01 20:00:00+00:00,Parkstraße 4,7.0,15.8,415.0,50.36554,8.74015,False
2025-07-01 21:00:00+00:00,Parkstraße 4,8.0,12.45,415.0,50.36554,8.74015,True
2025-07-01 22:00:00+00:00,Parkstraße 4,9.0,9.1,415.0,50.36554,8.74015,False
2025-07-01 23:00:00+00:00,Parkstraße 4,3.0,22.994999999999997,415.0,50.36554,8.74015,False
2025-07-02 00:00:00+00:00,Parkstraße 4,2.0,11.4,415.0,50.36554,8.74015,False
2025-07-02 01:00:00+00:00,Parkstraße 4,3.5,9.765,415.0,50.36554,8.74015,False
2025-07-02 02:00:00+00:00,Parkstraße 4,1.0,2.77,415.0,50.36554,8.74015,False
2025-07-02 03:00:00+00:00,Parkstraße 4,10.0,4.2,415.0,50.36554,8.74015,False
2025-07-02 04:00:00+00:00,Parkstraße 4,23.0,5.07,415.0,50.36554,8.74015,False
2025-07-02 05:00:00+00:00,Parkstraße 4,27.5,6.17,415.0,50.36554,8.74015,False
2025-07-02 06:00:00+00:00,Parkstraße 4,45.0,7.335,415.0,50.36554,8.74015,False
2025-07-02 07:00:00+00:00,Parkstraße 4,73.0,8.085,415.0,50.36554,8.74015,False
2025-07-02 08:00:00+00:00,Parkstraße 4,89.5,11.465,415.0,50.36554,8.74015,False
2025-07-02 09:00:00+00:00,Parkstraße 4,114.5,8.969999999999999,415.0,50.36554,8.74015,False
2025-07-02 10:00:00+00:00,Parkstraße 4,83.0,11.7,415.0,50.36554,8.74015,False
2025-07-02 11:00:00+00:00,Parkstraße 4,42.0,8.39,415.0,50.36554,8.74015,False
2025-07-02 12:00:00+00:00,Parkstraße 4,3.0,1.54,415.0,50.36554,8.74015,False
2025-07-02 13:00:00+00:00,Parkstraße 4,1.5,0.77,415.0,50.36554,8.74015,True
2025-07-02 14:00:00+00:00,Parkstraße 4,0.0,0.0,415.0,50.36554,8.74015,False
2025-07-02 15:00:00+00:00,Parkstraße 4,3.0,1.59,415.0,50.36554,8.74015,False
2025-07-02 16:00:00+00:00,Parkstraße 4,3.0,4.32,415.0,50.36554,8.74015,False
2025-07-02 17:00:00+00:00,Parkstraße 4,1.0,1.03,415.0,50.36554,8.74015,False
2025-07-02 18:00:00+00:00,Parkstraße 4,2.0,3.1100000000000003,415.0,50.36554,8.74015,False
2025-07-02 19:00:00+00:00,Parkstraße 4,6.5,1.195,415.0,50.36554,8.74015,False
2025-07-02 20:00:00+00:00,Parkstraße 4,15.0,3.75,415.0,50.36554,8.74015,False
2025-07-02 21:00:00+00:00,Parkstraße 4,11.666666666666666,14.935,415.0,50.36554,8.74015,True
2025-07-02 22:00:00+00:00,Parkstraße 4,8.333333333333332,26.12,415.0,50.36554,8.74015,True
2025-07-02 23:00:00+00:00,Parkstraße 4,5.0,37.305,415.0,50.36554,8.74015,False
2025-07-03 00:00:00+00:00,Parkstraße 4,3.0,7.73,415.0,50.36554,8.74015,False
2025-07-03 01:00:00+00:00,Parkstraße 4,2.0,0.92,415.0,50.36554,8.74015,False
2025-07-03 02:00:00+00:00,Parkstraße 4,3.0,17.29,415.0,50.36554,8.74015,False
2025-07-03 03:00:00+00:00,Parkstraße 4,7.0,5.135,415.0,50.36554,8.74015,False
2025-07-03 04:00:00+00:00,Parkstraße 4,22.0,9.34,415.0,50.36554,8.74015,False
2025-07-03 05:00:00+00:00,Parkstraße 4,37.0,7.529999999999999,415.0,50.36554,8.74015,False
2025-07-03 06:00:00+00:00,Parkstraße 4,59.5,5.215,415.0,50.36554,8.74015,False
2025-07-03 07:00:00+00:00,Parkstraße 4,66.0,7.74,415.0,50.36554,8.74015,False
2025-07-03 08:00:00+00:00,Parkstraße 4,78.5,8.76,415.0,50.36554,8.74015,False
2025-07-03 09:00:00+00:00,Parkstraße 4,94.0,8.085,415.0,50.36554,8.74015,False
2025-07-03 10:00:00+00:00,Parkstraße 4,77.5,10.75,415.0,50.36554,8.74015,False
2025-07-03 11:00:00+00:00,Parkstraße 4,74.0,9.455,415.0,50.36554,8.74015,False
2025-07-03 12:00:00+00:00,Parkstraße 4,2.5,10.94,415.0,50.36554,8.74015,False
2025-07-03 13:00:00+00:00,Parkstraße 4,10.0,2.33,415.0,50.36554,8.74015,False
2025-07-03 14:00:00+00:00,Parkstraße 4,4.0,1.74,415.0,50.36554,8.74015,False
2025-07-03 15:00:00+00:00,Parkstraße 4,6.0,7.06,415.0,50.36554,8.74015,False
2025-07-03 16:00:00+00:00,Parkstraße 4,9.0,5.17,415.0,50.36554,8.74015,False
2025-07-03 17:00:00+00:00,Parkstraße 4,1.0,0.07,415.0,50.36554,8.74015,False
2025-07-03 18:00:00+00:00,Parkstraße 4,1.25,4.875,415.0,50.36554,8.74015,True
2025-07-03 19:00:00+00:00,Parkstraße 4,1.5,9.68,415.0,50.36554,8.74015,False
2025-07-03 20:00:00+00:00,Parkstraße 4,11.0,4.81,415.0,50.36554,8.74015,False
2025-07-03 21:00:00+00:00,Parkstraße 4,6.5,24.224999999999998,415.0,50.36554,8.74015,True
2025-07-03 22:00:00+00:00,Parkstraße 4,2.0,43.64,415.0,50.36554,8.74015,False
2025-07-03 23:00:00+00:00,Parkstraße 4,9.0,17.94,415.0,50.36554,8.74015,False
2025-07-04 00:00:00+00:00,Parkstraße 4,3.0,9.79,415.0,50.36554,8.74015,False
2025-07-04 01:00:00+00:00,Parkstraße 4,2.0,1.65,415.0,50.36554,8.74015,False
2025-07-04 02:00:00+00:00,Parkstraße 4,1.0,87.15,415.0,50.36554,8.74015,False
2025-07-04 03:00:00+00:00,Parkstraße 4,7.0,4.17,415.0,50.36554,8.74015,False
2025-07-04 04:00:00+00:00,Parkstraße 4,17.0,2.85,415.0,50.36554,8.74015,False
2025-07-04 05:00:00+00:00,Parkstraße 4,45.5,3.58,415.0,50.36554,8.74015,False
2025-07-04 06:00:00+00:00,Parkstraße 4,58.0,7.1850000000000005,415.0,50.36554,8.74015,False
2025-07-04 07:00:00+00:00,Parkstraße 4,79.0,8.765,415.0,50.36554,8.74015,False
2025-07-04 08:00:00+00:00,Parkstraße 4,89.0,8.075,415.0,50.36554,8.74015,False
2025-07-04 09:00:00+00:00,Parkstraße 4,114.5,9.665,415.0,50.36554,8.74015,False
2025-07-04 10:00:00+00:00,Parkstraße 4,99.0,9.84,415.0,50.36554,8.74015,False
2025-07-04 11:00:00+00:00,Parkstraße 4,81.0,6.1,415.0,50.36554,8.74015,False
2025-07-04 12:00:00+00:00,Parkstraße 4,9.5,8.0,415.0,50.36554,8.74015,False
2025-07-04 13:00:00+00:00,Parkstraße 4,4.75,4.0,415.0,50.36554,8.74015,True
2025-07-04 14:00:00+00:00,Parkstraße 4,0.0,0.0,415.0,50.36554,8.74015,False
2025-07-04 15:00:00+00:00,Parkstraße 4,13.0,2.39,415.0,50.36554,8.74015,False
2025-07-04 16:00:00+00:00,Parkstraße 4,6.5,6.84,415.0,50.36554,8.74015,False
2025-07-04 17:00:00+00:00,Parkstraße 4,6.0,3.79,415.0,50.36554,8.74015,False
2025-07-04 18:00:00+00:00,Parkstraße 4,6.0,2.8499999999999996,415.0,50.36554,8.74015,False
2025-07-04 19:00:00+00:00,Parkstraße 4,4.0,2.66,415.0,50.36554,8.74015,False
2025-07-04 20:00:00+00:00,Parkstraße 4,43.5,5.835,415.0,50.36554,8.74015,False
2025-07-04 21:00:00+00:00,Parkstraße 4,8.0,1.78,415.0,50.36554,8.74015,False
2025-07-04 22:00:00+00:00,Parkstraße 4,6.5,4.0,415.0,50.36554,8.74015,True
2025-07-04 23:00:00+00:00,Parkstraße 4,5.0,6.220000000000001,415.0,50.36554,8.74015,False
2025-07-05 00:00:00+00:00,Parkstraße 4,3.0,6.53,415.0,50.36554,8.74015,False
2025-07-05 01:00:00+00:00,Parkstraße 4,1.5,3.265,415.0,50.36554,8.74015,True
2025-07-05 02:00:00+00:00,Parkstraße 4,0.0,0.0,415.0,50.36554,8.74015,False
2025-07-05 03:00:00+00:00,Parkstraße 4,7.0,21.89,415.0,50.36554,8.74015,False
2025-07-05 04:00:00+00:00,Parkstraße 4,7.5,5.225,415.0,50.36554,8.74015,False
2025-07-05 05:00:00+00:00,Parkstraße 4,11.0,17.485,415.0,50.36554,8.74015,False
2025-07-05 06:00:00+00:00,Parkstraße 4,62.0,18.69,415.0,50.36554,8.74015,False
2025-07-05 07:00:00+00:00,Parkstraße 4,31.0,9.345,415.0,50.36554,8.74015,True
2025-07-05 08:00:00+00:00,Parkstraße 4,0.0,0.0,415.0,50.36554,8.74015,False
2025-07-05 09:00:00+00:00,Parkstraße 4,110.0,10.06,415.0,50.36554,8.74015,False
2025-07-05 10:00:00+00:00,Parkstraße 4,224.0,12.62,415.0,50.36554,8.74015,False
2025-07-05 11:00:00+00:00,Parkstraße 4,151.0,9.5,415.0,50.36554,8.74015,False
2025-07-05 12:00:00+00:00,Parkstraße 4,3.0,18.235,415.0,50.36554,8.74015,False
2025-07-05 13:00:00+00:00,Parkstraße 4,8.0,7.76,415.0,50.36554,8.74015,False
2025-07-05 14:00:00+00:00,Parkstraße 4,6.0,6.6850000000000005,415.0,50.36554,8.74015,True
2025-07-05 15:00:00+00:00,Parkstraße 4,4.0,5.61,415.0,50.36554,8.74015,False
2025-07-05 16:00:00+00:00,Parkstraße 4,6.5,5.930000000000001,415.0,50.36554,8.74015,False
2025-07-05 17:00:00+00:00,Parkstraße 4,5.0,5.27,415.0,50.36554,8.74015,False
2025-07-05 18:00:00+00:00,Parkstraße 4,2.0,19.39,415.0,50.36554,8.74015,False
2025-07-05 19:00:00+00:00,Parkstraße 4,8.5,12.065000000000001,415.0,50.36554,8.74015,True
2025-07-05 20:00:00+00:00,Parkstraße 4,15.0,4.74,415.0,50.36554,8.74015,False
2025-07-05 21:00:00+00:00,Parkstraße 4,2.0,4.97,415.0,50.36554,8.74015,False
2025-07-05 22:00:00+00:00,Parkstraße 4,11.0,4.91,415.0,50.36554,8.74015,False
2025-07-05 23:00:00+00:00,Parkstraße 4,7.0,27.68,415.0,50.36554,8.74015,False
2025-07-06 00:00:00+00:00,Parkstraße 4,4.0,15.815,415.0,50.36554,8.74015,True
2025-07-06 01:00:00+00:00,Parkstraße 4,1.0,3.95,415.0,50.36554,8.74015,False
2025-07-06 02:00:00+00:00,Parkstraße 4,1.0,3.71,415.0,50.36554,8.74015,True
2025-07-06 03:00:00+00:00,Parkstraße 4,1.0,3.47,415.0,50.36554,8.74015,False
2025-07-06 04:00:00+00:00,Parkstraße 4,5.0,5.195,415.0,50.36554,8.74015,True
2025-07-06 05:00:00+00:00,Parkstraße 4,9.0,6.92,415.0,50.36554,8.74015,False
2025-07-06 06:00:00+00:00,Parkstraße 4,28.0,18.695,415.0,50.36554,8.74015,False
2025-07-06 07:00:00+00:00,Parkstraße 4,54.0,13.209999999999999,415.0,50.36554,8.74015,False
2025-07-06 08:00:00+00:00,Parkstraße 4,192.0,18.5,415.0,50.36554,8.74015,False
2025-07-06 09:00:00+00:00,Parkstraße 4,340.0,12.43,415.0,50.36554,8.74015,False
2025-07-06 10:00:00+00:00,Parkstraße 4,289.5,10.915,415.0,50.36554,8.74015,False
2025-07-06 11:00:00+00:00,Parkstraße 4,151.0,7.15,415.0,50.36554,8.74015,False
2025-07-06 12:00:00+00:00,Parkstraße 4,6.0,5.58,415.0,50.36554,8.74015,False
2025-07-06 13:00:00+00:00,Parkstraße 4,9.5,5.13,415.0,50.36554,8.74015,False
2025-07-06 14:00:00+00:00,Parkstraße 4,7.0,4.27,415.0,50.36554,8.74015,False
2025-07-06 15:00:00+00:00,Parkstraße 4,4.0,7.14,415.0,50.36554,8.74015,False
2025-07-06 16:00:00+00:00,Parkstraße 4,1.0,0.05,415.0,50.36554,8.74015,False
2025-07-06 17:00:00+00:00,Parkstraße 4,1.0,4.22,415.0,50.36554,8.74015,False
2025-07-06 18:00:00+00:00,Parkstraße 4,3.0,9.995000000000001,415.0,50.36554,8.74015,True
2025-07-06 19:00:00+00:00,Parkstraße 4,5.0,15.77,415.0,50.36554,8.74015,False
2025-07-06 20:00:00+00:00,Parkstraße 4,4.0,4.4799999999999995,415.0,50.36554,8.74015,False
2025-07-06 21:00:00+00:00,Parkstraße 4,4.0,2.58,415.0,50.36554,8.74015,False
2025-07-06 22:00:00+00:00,Parkstraße 4,2.666666666666667,1.7200000000000002,415.0,50.36554,8.74015,True
2025-07-06 23:00:00+00:00,Parkstraße 4,1.3333333333333335,0.8600000000000001,415.0,50.36554,8.74015,True
2025-07-07 00:00:00+00:00,Parkstraße 4,0.0,0.0,415.0,50.36554,8.74015,False
2025-07-07 01:00:00+00:00,Parkstraße 4,0.0,0.0,415.0,50.36554,8.74015,True
2025-07-07 02:00:00+00:00,Parkstraße 4,0.0,0.0,415.0,50.36554,8.74015,False
2025-07-07 03:00:00+00:00,Parkstraße 4,3.0,21.14,415.0,50.36554,8.74015,False
2025-07-07 04:00:00+00:00,Parkstraße 4,9.0,9.5,415.0,50.36554,8.74015,False
2025-07-07 05:00:00+00:00,Parkstraße 4,14.0,5.95,415.0,50.36554,8.74015,False
2025-07-07 06:00:00+00:00,Parkstraße 4,45.0,4.234999999999999,415.0,50.36554,8.74015,False
2025-07-07 07:00:00+00:00,Parkstraße 4,75.0,5.64,415.0,50.36554,8.74015,False
2025-07-07 08:00:00+00:00,Parkstraße 4,56.0,10.02,415.0,50.36554,8.74015,False
2025-07-07 09:00:00+00:00,Parkstraße 4,48.5,9.275,415.0,50.36554,8.74015,False
2025-07-07 10:00:00+00:00,Parkstraße 4,51.0,5.8149999999999995,415.0,50.36554,8.74015,False
2025-07-07 11:00:00+00:00,Parkstraße 4,21.0,4.15,415.0,50.36554,8.74015,False
2025-07-07 12:00:00+00:00,Parkstraße 4,7.0,8.145,415.0,50.36554,8.74015,False
2025-07-07 13:00:00+00:00,Parkstraße 4,4.0,5.94,415.0,50.36554,8.74015,False
2025-07-07 14:00:00+00:00,Parkstraße 4,6.0,3.63,415.0,50.36554,8.74015,False
2025-07-07 15:00:00+00:00,Parkstraße 4,6.0,7.76,415.0,50.36554,8.74015,False
2025-07-07 16:00:00+00:00,Parkstraße 4,2.0,1.2,415.0,50.36554,8.74015,False
2025-07-07 17:00:00+00:00,Parkstraße 4,4.0,7.05,415.0,50.36554,8.74015,False
2025-07-07 18:00:00+00:00,Parkstraße 4,2.0,8.62,415.0,50.36554,8.74015,False
2025-07-07 19:00:00+00:00,Parkstraße 4,7.0,12.53,415.0,50.36554,8.74015,False
2025-07-07 20:00:00+00:00,Parkstraße 4,3.5,6.265,415.0,50.36554,8.74015,True
2025-07-07 21:00:00+00:00,Parkstraße 4,0.0,0.0,415.0,50.36554,8.74015,False
2025-07-07 22:00:00+00:00,Parkstraße 4,10.0,10.73,415.0,50.36554,8.74015,False
2025-07-07 23:00:00+00:00,Parkstraße 4,4.0,8.38,415.0,50.36554,8.74015,False
2025-07-08 00:00:00+00:00,Parkstraße 4,2.0,8.2,415.0,50.36554,8.74015,False
2025-07-08 01:00:00+00:00,Parkstraße 4,1.0,58.25,415.0,50.36554,8.74015,False
2025-07-08 02:00:00+00:00,Parkstraße 4,2.0,30.33,415.0,50.36554,8.74015,False
2025-07-08 03:00:00+00:00,Parkstraße 4,5.0,3.26,415.0,50.36554,8.74015,False
2025-07-08 04:00:00+00:00,Parkstraße 4,15.25,3.905,415.0,50.36554,8.74015,True
2025-07-08 05:00:00+00:00,Parkstraße 4,25.5,4.55,415.0,50.36554,8.74015,False
2025-07-08 06:00:00+00:00,Parkstraße 4,32.0,5.89,415.0,50.36554,8.74015,False
2025-07-08 07:00:00+00:00,Parkstraße 4,36.5,9.26,415.0,50.36554,8.74015,False
2025-07-08 08:00:00+00:00,Parkstraße 4,42.75,7.645,415.0,50.36554,8.74015,True
2025-07-08 09:00:00+00:00,Parkstraße 4,49.0,6.03,415.0,50.36554,8.74015,False
2025-07-08 10:00:00+00:00,Parkstraße 4,44.0,8.525,415.0,50.36554,8.74015,False
2025-07-08 11:00:00+00:00,Parkstraße 4,43.0,5.98,415.0,50.36554,8.74015,False
2025-07-08 12:00:00+00:00,Parkstraße 4,4.0,3.35,415.0,50.36554,8.74015,False
2025-07-08 13:00:00+00:00,Parkstraße 4,10.0,3.08,415.0,50.36554,8.74015,False
2025-07-08 14:00:00+00:00,Parkstraße 4,,,415.0,50.36554,8.74015,True
2025-07-08 15:00:00+00:00,Parkstraße 4,,,415.0,50.36554,8.74015,True
2025-07-08 16:00:00+00:00,Parkstraße 4,,,415.0,50.36554,8.74015,True
2025-07-08 17:00:00+00:00,Parkstraße 4,,,415.0,50.36554,8.74015,True
2025-07-08 18:00:00+00:00,Parkstraße 4,,,415.0,50.36554,8.74015,True
2025-07-08 19:00:00+00:00,Parkstraße 4,,,415.0,50.36554,8.74015,True
2025-07-08 20:00:00+00:00,Parkstraße 4,,,415.0,50.36554,8.74015,True
2025-07-08 21:00:00+00:00,Parkstraße 4,,,415.0,50.36554,8.74015,True
2025-07-08 22:00:00+00:00,Parkstraße 4,,,415.0,50.36554,8.74015,True
2025-07-08 23:00:00+00:00,Parkstraße 4,,,415.0,50.36554,8.74015,True
2025-07-09 00:00:00+00:00,Parkstraße 4,,,415.0,50.36554,8.74015,True
2025-07-09 01:00:00+00:00,Parkstraße 4,,,415.0,50.36554,8.74015,True
2025-07-09 02:00:00+00:00,Parkstraße 4,,,415.0,50.36554,8.74015,True
2025-07-09 03:00:00+00:00,Parkstraße 4,,,415.0,50.36554,8.74015,True
2025-07-09 04:00:00+00:00,Parkstraße 4,,,415.0,50.36554,8.74015,True
2025-07-09 05:00:00+00:00,Parkstraße 4,,,415.0,50.36554,8.74015,True
2025-07-09 06:00:00+00:00,Parkstraße 4,,,415.0,50.36554,8.74015,True
2025-07-09 07:00:00+00:00,Parkstraße 4,42.5,6.890000000000001,415.0,50.36554,8.74015,False
2025-07-09 08:00:00+00:00,Parkstraße 4,68.0,7.81,415.0,50.36554,8.74015,False
2025-07-09 09:00:00+00:00,Parkstraße 4,81.0,8.85,415.0,50.36554,8.74015,False
2025-07-09 10:00:00+00:00,Parkstraße 4,100.0,9.4,415.0,50.36554,8.74015,False
2025-07-09 11:00:00+00:00,Parkstraße 4,42.0,6.08,415.0,50.36554,8.74015,False
2025-07-09 12:00:00+00:00,Parkstraße 4,4.0,2.75,415.0,50.36554,8.74015,False
2025-07-09 13:00:00+00:00,Parkstraße 4,4.5,1.805,415.0,50.36554,8.74015,True
2025-07-09 14:00:00+00:00,Parkstraße 4,5.0,0.86,415.0,50.36554,8.74015,False
2025-07-09 15:00:00+00:00,Parkstraße 4,8.0,2.75,415.0,50.36554,8.74015,False
2025-07-09 16:00:00+00:00,Parkstraße 4,6.0,11.12,415.0,50.36554,8.74015,False
2025-07-09 17:00:00+00:00,Parkstraße 4,3.0,16.39,415.0,50.36554,8.74015,False
2025-07-09 18:00:00+00:00,Parkstraße 4,1.0,0.08,415.0,50.36554,8.74015,False
2025-07-09 19:00:00+00:00,Parkstraße 4,5.0,4.05,415.0,50.36554,8.74015,False
2025-07-09 20:00:00+00:00,Parkstraße 4,2.5,2.025,415.0,50.36554,8.74015,True
2025-07-09 21:00:00+00:00,Parkstraße 4,0.0,0.0,415.0,50.36554,8.74015,False
2025-07-09 22:00:00+00:00,Parkstraße 4,,,415.0,50.36554,8.74015,True
2025-07-09 23:00:00+00:00,Parkstraße 4,,,415.0,50.36554,8.74015,True
2025-07-10 00:00:00+00:00,Parkstraße 4,,,415.0,50.36554,8.74015,True
2025-07-10 01:00:00+00:00,Parkstraße 4,,,415.0,50.36554,8.74015,True
2025-07-10 02:00:00+00:00,Parkstraße 4,,,415.0,50.36554,8.74015,True
2025-07-10 03:00:00+00:00,Parkstraße 4,,,415.0,50.36554,8.74015,True
2025-07-10 04:00:00+00:00,Parkstraße 4,,,415.0,50.36554,8.74015,True
2025-07-10 05:00:00+00:00,Parkstraße 4,,,415.0,50.36554,8.74015,True
2025-07-10 06:00:00+00:00,Parkstraße 4,,,415.0,50.36554,8.74015,True
2025-07-10 07:00:00+00:00,Parkstraße 4,62.0,6.975,415.0,50.36554,8.74015,False
2025-07-10 08:00:00+00:00,Parkstraße 4,71.5,7.15,415.0,50.36554,8.74015,False
2025-07-10 09:00:00+00:00,Parkstraße 4,89.5,9.094999999999999,415.0,50.36554,8.74015,False
2025-07-10 10:00:00+00:00,Parkstraße 4,112.5,7.225,415.0,50.36554,8.74015,False
2025-07-10 11:00:00+00:00,Parkstraße 4,27.0,3.57,415.0,50.36554,8.74015,False
2025-07-10 12:00:00+00:00,Parkstraße 4,4.0,4.82,415.0,50.36554,8.74015,False
2025-07-10 13:00:00+00:00,Parkstraße 4,3.0,10.2,415.0,50.36554,8.74015,False
2025-07-10 14:00:00+00:00,Parkstraße 4,5.5,4.285,415.0,50.36554,8.74015,False
2025-07-10 15:00:00+00:00,Parkstraße 4,6.0,7.34,415.0,50.36554,8.74015,False
2025-07-10 16:00:00+00:00,Parkstraße 4,3.0,4.63,415.0,50.36554,8.74015,False
2025-07-10 17:00:00+00:00,Parkstraße 4,3.0,2.13,415.0,50.36554,8.74015,False
2025-07-10 18:00:00+00:00,Parkstraße 4,3.0,0.49,415.0,50.36554,8.74015,False
2025-07-10 19:00:00+00:00,Parkstraße 4,14.0,23.735,415.0,50.36554,8.74015,False
2025-07-10 20:00:00+00:00,Parkstraße 4,24.0,9.33,415.0,50.36554,8.74015,False
2025-07-10 21:00:00+00:00,Parkstraße 4,4.0,5.76,415.0,50.36554,8.74015,False
2025-07-10 22:00:00+00:00,Parkstraße 4,5.0,22.545,415.0,50.36554,8.74015,True
2025-07-10 23:00:00+00:00,Parkstraße 4,6.0,39.33,415.0,50.36554,8.74015,False
2025-07-11 00:00:00+00:00,Parkstraße 4,3.0,1.78,415.0,50.36554,8.74015,False
2025-07-11 01:00:00+00:00,Parkstraße 4,1.0,2.03,415.0,50.36554,8.74015,False
2025-07-11 02:00:00+00:00,Parkstraße 4,4.0,13.73,415.0,50.36554,8.74015,False
2025-07-11 03:00:00+00:00,Parkstraße 4,7.0,1.64,415.0,50.36554,8.74015,False
2025-07-11 04:00:00+00:00,Parkstraße 4,27.0,8.62,415.0,50.36554,8.74015,False
2025-07-11 05:00:00+00:00,Parkstraße 4,20.5,9.015,415.0,50.36554,8.74015,False
2025-07-11 06:00:00+00:00,Parkstraße 4,49.0,3.94,415.0,50.36554,8.74015,False
2025-07-11 07:00:00+00:00,Parkstraße 4,,,415.0,50.36554,8.74015,True
2025-07-11 08:00:00+00:00,Parkstraße 4,,,415.0,50.36554,8.74015,True
2025-07-11 09:00:00+00:00,Parkstraße 4,,,415.0,50.36554,8.74015,True
2025-07-11 10:00:00+00:00,Parkstraße 4,,,415.0,50.36554,8.74015,True
2025-07-11 11:00:00+00:00,Parkstraße 4,,,415.0,50.36554,8.74015,True
2025-07-11 12:00:00+00:00,Parkstraße 4,,,415.0,50.36554,8.74015,True
2025-07-11 13:00:00+00:00,Parkstraße 4,,,415.0,50.36554,8.74015,True
2025-07-11 14:00:00+00:00,Parkstraße 4,,,415.0,50.36554,8.74015,True
2025-07-11 15:00:00+00:00,Parkstraße 4,,,415.0,50.36554,8.74015,True
2025-07-11 16:00:00+00:00,Parkstraße 4,,,415.0,50.36554,8.74015,True
2025-07-11 17:00:00+00:00,Parkstraße 4,4.0,3.89,415.0,50.36554,8.74015,False
2025-07-11 18:00:00+00:00,Parkstraße 4,14.0,4.626666666666667,415.0,50.36554,8.74015,True
2025-07-11 19:00:00+00:00,Parkstraße 4,24.0,5.363333333333333,415.0,50.36554,8.74015,True
2025-07-11 20:00:00+00:00,Parkstraße 4,34.0,6.1,415.0,50.36554,8.74015,False
2025-07-11 21:00:00+00:00,Parkstraße 4,2.0,1.63,415.0,50.36554,8.74015,False
2025-07-11 22:00:00+00:00,Parkstraße 4,4.0,9.475000000000001,415.0,50.36554,8.74015,True
2025-07-11 23:00:00+00:00,Parkstraße 4,6.0,17.32,415.0,50.36554,8.74015,False
2025-07-12 00:00:00+00:00,Parkstraße 4,,,415.0,50.36554,8.74015,True
2025-07-12 01:00:00+00:00,Parkstraße 4,,,415.0,50.36554,8.74015,True
2025-07-12 02:00:00+00:00,Parkstraße 4,,,415.0,50.36554,8.74015,True
2025-07-12 03:00:00+00:00,Parkstraße 4,,,415.0,50.36554,8.74015,True
2025-07-12 04:00:00+00:00,Parkstraße 4,,,415.0,50.36554,8.74015,True
2025-07-12 05:00:00+00:00,Parkstraße 4,,,415.0,50.36554,8.74015,True
2025-07-12 06:00:00+00:00,Parkstraße 4,14.0,5.65,415.0,50.36554,8.74015,False
2025-07-12 07:00:00+00:00,Parkstraße 4,62.0,8.25,415.0,50.36554,8.74015,False
2025-07-12 08:00:00+00:00,Parkstraße 4,94.0,10.443333333333333,415.0,50.36554,8.74015,True
2025-07-12 09:00:00+00:00,Parkstraße 4,126.0,12.636666666666667,415.0,50.36554,8.74015,True
2025-07-12 10:00:00+00:00,Parkstraße 4,158.0,14.83,415.0,50.36554,8.74015,False
2025-07-12 11:00:00+00:00,Parkstraße 4,96.0,9.6,415.0,50.36554,8.74015,False
2025-07-12 12:00:00+00:00,Parkstraße 4,3.0,6.57,415.0,50.36554,8.74015,False
2025-07-12 13:00:00+00:00,Parkstraße 4,6.5,5.6049999999999995,415.0,50.36554,8.74015,False
2025-07-12 14:00:00+00:00,Parkstraße 4,3.0,8.864999999999998,415.0,50.36554,8.74015,False
2025-07-12 15:00:00+00:00,Parkstraße 4,9.0,10.35,415.0,50.36554,8.74015,False
2025-07-12 16:00:00+00:00,Parkstraße 4,2.0,5.82,415.0,50.36554,8.74015,False
2025-07-12 17:00:00+00:00,Parkstraße 4,1.0,0.75,415.0,50.36554,8.74015,False
2025-07-12 18:00:00+00:00,Parkstraße 4,3.5,17.715,415.0,50.36554,8.74015,False
2025-07-12 19:00:00+00:00,Parkstraße 4,7.0,11.29,415.0,50.36554,8.74015,False
2025-07-12 20:00:00+00:00,Parkstraße 4,10.0,9.42,415.0,50.36554,8.74015,False
2025-07-12 21:00:00+00:00,Parkstraße 4,8.0,5.155,415.0,50.36554,8.74015,False
2025-07-12 22:00:00+00:00,Parkstraße 4,8.0,6.852500000000001,415.0,50.36554,8.74015,True
2025-07-12 23:00:00+00:00,Parkstraße 4,8.0,8.55,415.0,50.36554,8.74015,False
2025-07-13 00:00:00+00:00,Parkstraße 4,,,415.0,50.36554,8.74015,True
2025-07-13 01:00:00+00:00,Parkstraße 4,,,415.0,50.36554,8.74015,True
2025-07-13 02:00:00+00:00,Parkstraße 4,,,415.0,50.36554,8.74015,True
2025-07-13 03:00:00+00:00,Parkstraße 4,0.0,0.0,415.0,50.36554,8.74015,False
2025-07-13 04:00:00+00:00,Parkstraße 4,,,415.0,50.36554,8.74015,True
2025-07-13 05:00:00+00:00,Parkstraße 4,,,415.0,50.36554,8.74015,True
2025-07-13 06:00:00+00:00,Parkstraße 4,,,415.0,50.36554,8.74015,True
2025-07-13 07:00:00+00:00,Parkstraße 4,,,415.0,50.36554,8.74015,True
2025-07-13 08:00:00+00:00,Parkstraße 4,,,415.0,50.36554,8.74015,True
2025-07-13 09:00:00+00:00,Parkstraße 4,,,415.0,50.36554,8.74015,True
2025-07-13 10:00:00+00:00,Parkstraße 4,,,415.0,50.36554,8.74015,True
2025-07-13 11:00:00+00:00,Parkstraße 4,,,415.0,50.36554,8.74015,True
2025-07-13 12:00:00+00:00,Parkstraße 4,,,415.0,50.36554,8.74015,True
2025-07-13 13:00:00+00:00,Parkstraße 4,,,415.0,50.36554,8.74015,True
2025-07-13 14:00:00+00:00,Parkstraße 4,,,415.0,50.36554,8.74015,True
2025-07-13 15:00:00+00:00,Parkstraße 4,,,415.0,50.36554,8.74015,True
2025-07-13 16:00:00+00:00,Parkstraße 4,,,415.0,50.36554,8.74015,True
2025-07-13 17:00:00+00:00,Parkstraße 4,,,415.0,50.36554,8.74015,True
2025-07-13 18:00:00+00:00,Parkstraße 4,,,415.0,50.36554,8.74015,True
2025-07-13 19:00:00+00:00,Parkstraße 4,,,415.0,50.36554,8.74015,True
2025-07-13 20:00:00+00:00,Parkstraße 4,,,415.0,50.36554,8.74015,True
2025-07-13 21:00:00+00:00,Parkstraße 4,0.5,0.8,415.0,50.36554,8.74015,False
2025-07-13 22:00:00+00:00,Parkstraße 4,7.0,27.75,415.0,50.36554,8.74015,False
2025-07-13 23:00:00+00:00,Parkstraße 4,,,415.0,50.36554,8.74015,True
2025-06-30 01:00:00+00:00,Reinhardstraße 19,6.0,14.54,415.0,50.36416,8.73691,False
2025-06-30 02:00:00+00:00,Reinhardstraße 19,7.0,13.515,415.0,50.36416,8.73691,False
2025-06-30 03:00:00+00:00,Reinhardstraße 19,7.0,3.97,415.0,50.36416,8.73691,False
2025-06-30 04:00:00+00:00,Reinhardstraße 19,15.0,10.05,415.0,50.36416,8.73691,False
2025-06-30 05:00:00+00:00,Reinhardstraße 19,21.0,10.21,415.0,50.36416,8.73691,False
2025-06-30 06:00:00+00:00,Reinhardstraße 19,44.0,7.42,415.0,50.36416,8.73691,False
2025-06-30 07:00:00+00:00,Reinhardstraße 19,62.0,8.155000000000001,415.0,50.36416,8.73691,False
2025-06-30 08:00:00+00:00,Reinhardstraße 19,43.5,6.1875,415.0,50.36416,8.73691,True
2025-06-30 09:00:00+00:00,Reinhardstraße 19,25.0,4.22,415.0,50.36416,8.73691,False
2025-06-30 10:00:00+00:00,Reinhardstraße 19,79.5,9.684999999999999,415.0,50.36416,8.73691,False
2025-06-30 11:00:00+00:00,Reinhardstraße 19,68.0,8.705,415.0,50.36416,8.73691,False
2025-06-30 12:00:00+00:00,Reinhardstraße 19,46.0,8.0,415.0,50.36416,8.73691,False
2025-06-30 13:00:00+00:00,Reinhardstraße 19,16.5,3.31,415.0,50.36416,8.73691,False
2025-06-30 14:00:00+00:00,Reinhardstraße 19,44.5,10.780000000000001,415.0,50.36416,8.73691,False
2025-06-30 15:00:00+00:00,Reinhardstraße 19,32.0,9.41,415.0,50.36416,8.73691,False
2025-06-30 16:00:00+00:00,Reinhardstraße 19,30.0,6.66,415.0,50.36416,8.73691,False
2025-06-30 17:00:00+00:00,Reinhardstraße 19,37.0,9.105,415.0,50.36416,8.73691,False
2025-06-30 18:00:00+00:00,Reinhardstraße 19,23.0,4.67,415.0,50.36416,8.73691,False
2025-06-30 19:00:00+00:00,Reinhardstraße 19,17.5,9.350000000000001,415.0,50.36416,8.73691,False
2025-06-30 20:00:00+00:00,Reinhardstraße 19,14.0,5.1,415.0,50.36416,8.73691,False
2025-06-30 21:00:00+00:00,Reinhardstraße 19,1.0,2.27,415.0,50.36416,8.73691,False
2025-06-30 22:00:00+00:00,Reinhardstraße 19,17.0,15.754999999999999,415.0,50.36416,8.73691,False
2025-06-30 23:00:00+00:00,Reinhardstraße 19,6.0,22.4,415.0,50.36416,8.73691,False
2025-07-01 00:00:00+00:00,Reinhardstraße 19,7.0,29.415,415.0,50.36416,8.73691,False
2025-07-01 01:00:00+00:00,Reinhardstraße 19,6.0,24.380000000000003,415.0,50.36416,8.73691,False
2025-07-01 02:00:00+00:00,Reinhardstraße 19,6.0,1.67,415.0,50.36416,8.73691,False
2025-07-01 03:00:00+00:00,Reinhardstraße 19,4.0,6.83,415.0,50.36416,8.73691,False
2025-07-01 04:00:00+00:00,Reinhardstraße 19,15.0,4.945,415.0,50.36416,8.73691,False
2025-07-01 05:00:00+00:00,Reinhardstraße 19,32.5,8.155000000000001,415.0,50.36416,8.73691,False
2025-07-01 06:00:00+00:00,Reinhardstraße 19,44.0,6.1850000000000005,415.0,50.36416,8.73691,False
2025-07-01 07:00:00+00:00,Reinhardstraße 19,60.0,7.05,415.0,50.36416,8.73691,False
2025-07-01 08:00:00+00:00,Reinhardstraße 19,71.0,10.3,415.0,50.36416,8.73691,False
2025-07-01 09:00:00+00:00,Reinhardstraße 19,55.0,9.795,415.0,50.36416,8.73691,False
2025-07-01 10:00:00+00:00,Reinhardstraße 19,63.0,7.62,415.0,50.36416,8.73691,False
2025-07-01 11:00:00+00:00,Reinhardstraße 19,44.0,7.14,415.0,50.36416,8.73691,False
2025-07-01 12:00:00+00:00,Reinhardstraße 19,44.0,14.68,415.0,50.36416,8.73691,False
2025-07-01 13:00:00+00:00,Reinhardstraße 19,33.5,7.7700000000000005,415.0,50.36416,8.73691,False
2025-07-01 14:00:00+00:00,Reinhardstraße 19,34.0,9.25,415.0,50.36416,8.73691,False
2025-07-01 15:00:00+00:00,Reinhardstraße 19,68.0,7.625,415.0,50.36416,8.73691,False
2025-07-01 16:00:00+00:00,Reinhardstraße 19,74.0,5.32,415.0,50.36416,8.73691,False
2025-07-01 17:00:00+00:00,Reinhardstraße 19,15.0,8.49,415.0,50.36416,8.73691,False
2025-07-01 18:00:00+00:00,Reinhardstraße 19,24.0,6.91,415.0,50.36416,8.73691,False
2025-07-01 19:00:00+00:00,Reinhardstraße 19,7.0,1.86,415.0,50.36416,8.73691,False
2025-07-01 20:00:00+00:00,Reinhardstraße 19,8.0,1.92,415.0,50.36416,8.73691,False
2025-07-01 21:00:00+00:00,Reinhardstraße 19,12.75,5.755,415.0,50.36416,8.73691,True
2025-07-01 22:00:00+00:00,Reinhardstraße 19,17.5,9.59,415.0,50.36416,8.73691,False
2025-07-01 23:00:00+00:00,Reinhardstraße 19,6.0,31.8,415.0,50.36416,8.73691,False
2025-07-02 00:00:00+00:00,Reinhardstraße 19,6.0,19.76,415.0,50.36416,8.73691,False
2025-07-02 01:00:00+00:00,Reinhardstraße 19,5.0,34.21,415.0,50.36416,8.73691,False
2025-07-02 02:00:00+00:00,Reinhardstraße 19,5.0,4.505,415.0,50.36416,8.73691,False
2025-07-02 03:00:00+00:00,Reinhardstraße 19,2.0,22.275,415.0,50.36416,8.73691,False
2025-07-02 04:00:00+00:00,Reinhardstraße 19,12.0,7.5,415.0,50.36416,8.73691,False
2025-07-02 05:00:00+00:00,Reinhardstraße 19,30.0,3.82,415.0,50.36416,8.73691,False
2025-07-02 06:00:00+00:00,Reinhardstraße 19,32.5,5.585,415.0,50.36416,8.73691,False
2025-07-02 07:00:00+00:00,Reinhardstraße 19,41.0,8.74,415.0,50.36416,8.73691,False
2025-07-02 08:00:00+00:00,Reinhardstraße 19,42.0,7.885,415.0,50.36416,8.73691,False
2025-07-02 09:00:00+00:00,Reinhardstraße 19,67.5,7.505,415.0,50.36416,8.73691,False
2025-07-02 10:00:00+00:00,Reinhardstraße 19,49.0,5.865,415.0,50.36416,8.73691,False
2025-07-02 11:00:00+00:00,Reinhardstraße 19,46.5,9.75,415.0,50.36416,8.73691,False
2025-07-02 12:00:00+00:00,Reinhardstraße 19,31.5,6.34,415.0,50.36416,8.73691,False
2025-07-02 13:00:00+00:00,Reinhardstraße 19,57.5,10.83,415.0,50.36416,8.73691,False
2025-07-02 14:00:00+00:00,Reinhardstraße 19,45.0,8.305,415.0,50.36416,8.73691,False
2025-07-02 15:00:00+00:00,Reinhardstraße 19,52.0,11.455,415.0,50.36416,8.73691,False
2025-07-02 16:00:00+00:00,Reinhardstraße 19,44.5,7.66,415.0,50.36416,8.73691,False
2025-07-02 17:00:00+00:00,Reinhardstraße 19,31.0,5.824999999999999,415.0,50.36416,8.73691,False
2025-07-02 18:00:00+00:00,Reinhardstraße 19,26.0,9.89,415.0,50.36416,8.73691,False
2025-07-02 19:00:00+00:00,Reinhardstraße 19,35.0,13.47,415.0,50.36416,8.73691,False
2025-07-02 20:00:00+00:00,Reinhardstraße 19,,,415.0,50.36416,8.73691,True
2025-07-02 21:00:00+00:00,Reinhardstraße 19,,,415.0,50.36416,8.73691,True
2025-07-02 22:00:00+00:00,Reinhardstraße 19,,,415.0,50.36416,8.73691,True
2025-07-02 23:00:00+00:00,Reinhardstraße 19,2.5,17.77,415.0,50.36416,8.73691,False
2025-07-03 00:00:00+00:00,Reinhardstraße 19,1.5,31.53,415.0,50.36416,8.73691,True
2025-07-03 01:00:00+00:00,Reinhardstraße 19,0.5,45.29,415.0,50.36416,8.73691,False
2025-07-03 02:00:00+00:00,Reinhardstraße 19,1.5,9.5,415.0,50.36416,8.73691,False
2025-07-03 03:00:00+00:00,Reinhardstraße 19,4.0,2.75,415.0,50.36416,8.73691,False
2025-07-03 04:00:00+00:00,Reinhardstraße 19,13.0,3.17,415.0,50.36416,8.73691,False
2025-07-03 05:00:00+00:00,Reinhardstraße 19,30.0,6.34,415.0,50.36416,8.73691,False
2025-07-03 06:00:00+00:00,Reinhardstraße 19,32.5,6.775,415.0,50.36416,8.73691,False
2025-07-03 07:00:00+00:00,Reinhardstraße 19,35.5,4.835,415.0,50.36416,8.73691,False
2025-07-03 08:00:00+00:00,Reinhardstraße 19,54.0,9.205,415.0,50.36416,8.73691,False
2025-07-03 09:00:00+00:00,Reinhardstraße 19,67.5,9.035,415.0,50.36416,8.73691,False
2025-07-03 10:00:00+00:00,Reinhardstraße 19,85.0,8.9,415.0,50.36416,8.73691,False
2025-07-03 11:00:00+00:00,Reinhardstraße 19,64.5,7.765000000000001,415.0,50.36416,8.73691,False
2025-07-03 12:00:00+00:00,Reinhardstraße 19,62.0,9.41,415.0,50.36416,8.73691,False
2025-07-03 13:00:00+00:00,Reinhardstraße 19,75.0,9.844999999999999,415.0,50.36416,8.73691,False
2025-07-03 14:00:00+00:00,Reinhardstraße 19,81.5,8.895,415.0,50.36416,8.73691,False
2025-07-03 15:00:00+00:00,Reinhardstraße 19,67.0,9.629999999999999,415.0,50.36416,8.73691,False
2025-07-03 16:00:00+00:00,Reinhardstraße 19,78.5,8.665,415.0,50.36416,8.73691,False
2025-07-03 17:00:00+00:00,Reinhardstraße 19,40.5,8.855,415.0,50.36416,8.73691,False
2025-07-03 18:00:00+00:00,Reinhardstraße 19,23.5,6.6899999999999995,415.0,50.36416,8.73691,False
2025-07-03 19:00:00+00:00,Reinhardstraße 19,20.0,6.84,415.0,50.36416,8.73691,False
2025-07-03 20:00:00+00:00,Reinhardstraße 19,12.0,8.69,415.0,50.36416,8.73691,False
2025-07-03 21:00:00+00:00,Reinhardstraße 19,3.0,5.2,415.0,50.36416,8.73691,False
2025-07-03 22:00:00+00:00,Reinhardstraße 19,4.0,1.18,415.0,50.36416,8.73691,False
2025-07-03 23:00:00+00:00,Reinhardstraße 19,15.0,19.9,415.0,50.36416,8.73691,False
2025-07-04 00:00:00+00:00,Reinhardstraße 19,8.0,22.24,415.0,50.36416,8.73691,False
2025-07-04 01:00:00+00:00,Reinhardstraße 19,4.5,10.63,415.0,50.36416,8.73691,False
2025-07-04 02:00:00+00:00,Reinhardstraße 19,2.0,38.27,415.0,50.36416,8.73691,False
2025-07-04 03:00:00+00:00,Reinhardstraße 19,7.5,8.649999999999999,415.0,50.36416,8.73691,False
2025-07-04 04:00:00+00:00,Reinhardstraße 19,12.0,6.07,415.0,50.36416,8.73691,False
2025-07-04 05:00:00+00:00,Reinhardstraße 19,40.0,3.3449999999999998,415.0,50.36416,8.73691,False
2025-07-04 06:00:00+00:00,Reinhardstraße 19,37.0,3.625,415.0,50.36416,8.73691,False
2025-07-04 07:00:00+00:00,Reinhardstraße 19,44.5,10.85,415.0,50.36416,8.73691,False
2025-07-04 08:00:00+00:00,Reinhardstraße 19,126.0,10.135,415.0,50.36416,8.73691,False
2025-07-04 09:00:00+00:00,Reinhardstraße 19,75.0,10.315,415.0,50.36416,8.73691,False
2025-07-04 10:00:00+00:00,Reinhardstraße 19,103.0,8.035,415.0,50.36416,8.73691,False
2025-07-04 11:00:00+00:00,Reinhardstraße 19,70.5,9.469999999999999,415.0,50.36416,8.73691,False
2025-07-04 12:00:00+00:00,Reinhardstraße 19,70.0,7.9,415.0,50.36416,8.73691,False
2025-07-04 13:00:00+00:00,Reinhardstraße 19,27.0,3.39,415.0,50.36416,8.73691,False
2025-07-04 14:00:00+00:00,Reinhardstraße 19,34.5,6.225,415.0,50.36416,8.73691,False
2025-07-04 15:00:00+00:00,Reinhardstraße 19,91.5,7.96,415.0,50.36416,8.73691,False
2025-07-04 16:00:00+00:00,Reinhardstraße 19,74.0,8.475000000000001,415.0,50.36416,8.73691,False
2025-07-04 17:00:00+00:00,Reinhardstraße 19,45.0,10.585,415.0,50.36416,8.73691,False
2025-07-04 18:00:00+00:00,Reinhardstraße 19,24.5,11.49,415.0,50.36416,8.73691,False
2025-07-04 19:00:00+00:00,Reinhardstraße 19,37.0,10.48,415.0,50.36416,8.73691,False
2025-07-04 20:00:00+00:00,Reinhardstraße 19,18.5,7.970000000000001,415.0,50.36416,8.73691,False
2025-07-04 21:00:00+00:00,Reinhardstraße 19,5.0,2.03,415.0,50.36416,8.73691,False
2025-07-04 22:00:00+00:00,Reinhardstraße 19,27.0,18.835,415.0,50.36416,8.73691,False
2025-07-04 23:00:00+00:00,Reinhardstraße 19,10.5,16.43,415.0,50.36416,8.73691,False
2025-07-05 00:00:00+00:00,Reinhardstraße 19,8.0,27.7,415.0,50.36416,8.73691,False
2025-07-05 01:00:00+00:00,Reinhardstraße 19,9.0,17.19,415.0,50.36416,8.73691,False
2025-07-05 02:00:00+00:00,Reinhardstraße 19,2.0,0.27,415.0,50.36416,8.73691,False
2025-07-05 03:00:00+00:00,Reinhardstraße 19,3.5,4.75,415.0,50.36416,8.73691,False
2025-07-05 04:00:00+00:00,Reinhardstraße 19,9.0,4.45,415.0,50.36416,8.73691,False
2025-07-05 05:00:00+00:00,Reinhardstraße 19,9.0,3.45,415.0,50.36416,8.73691,False
2025-07-05 06:00:00+00:00,Reinhardstraße 19,22.0,14.41,415.0,50.36416,8.73691,False
2025-07-05 07:00:00+00:00,Reinhardstraße 19,11.0,7.205,415.0,50.36416,8.73691,True
2025-07-05 08:00:00+00:00,Reinhardstraße 19,0.0,0.0,415.0,50.36416,8.73691,False
2025-07-05 09:00:00+00:00,Reinhardstraße 19,60.0,6.735,415.0,50.36416,8.73691,False
2025-07-05 10:00:00+00:00,Reinhardstraße 19,134.0,9.875,415.0,50.36416,8.73691,False
2025-07-05 11:00:00+00:00,Reinhardstraße 19,106.0,12.79,415.0,50.36416,8.73691,False
2025-07-05 12:00:00+00:00,Reinhardstraße 19,118.5,10.15,415.0,50.36416,8.73691,False
2025-07-05 13:00:00+00:00,Reinhardstraße 19,93.0,6.95,415.0,50.36416,8.73691,False
2025-07-05 14:00:00+00:00,Reinhardstraße 19,78.83333333333333,7.633333333333334,415.0,50.36416,8.73691,True
2025-07-05 15:00:00+00:00,Reinhardstraße 19,64.66666666666667,8.316666666666666,415.0,50.36416,8.73691,True
2025-07-05 16:00:00+00:00,Reinhardstraße 19,50.5,9.0,415.0,50.36416,8.73691,False
2025-07-05 17:00:00+00:00,Reinhardstraße 19,52.5,5.635,415.0,50.36416,8.73691,False
2025-07-05 18:00:00+00:00,Reinhardstraße 19,30.0,6.42,415.0,50.36416,8.73691,False
2025-07-05 19:00:00+00:00,Reinhardstraße 19,21.0,4.83,415.0,50.36416,8.73691,True
2025-07-05 20:00:00+00:00,Reinhardstraße 19,12.0,3.24,415.0,50.36416,8.73691,False
2025-07-05 21:00:00+00:00,Reinhardstraße 19,1.0,11.37,415.0,50.36416,8.73691,False
2025-07-05 22:00:00+00:00,Reinhardstraße 19,8.0,9.565,415.0,50.36416,8.73691,True
2025-07-05 23:00:00+00:00,Reinhardstraße 19,15.0,7.76,415.0,50.36416,8.73691,False
2025-07-06 00:00:00+00:00,Reinhardstraße 19,5.0,31.93,415.0,50.36416,8.73691,False
2025-07-06 01:00:00+00:00,Reinhardstraße 19,1.0,4.5,415.0,50.36416,8.73691,False
2025-07-06 02:00:00+00:00,Reinhardstraße 19,0.5,2.25,415.0,50.36416,8.73691,True
2025-07-06 03:00:00+00:00,Reinhardstraße 19,0.0,0.0,415.0,50.36416,8.73691,False
2025-07-06 04:00:00+00:00,Reinhardstraße 19,3.75,3.4175,415.0,50.36416,8.73691,True
2025-07-06 05:00:00+00:00,Reinhardstraße 19,7.5,6.835,415.0,50.36416,8.73691,False
2025-07-06 06:00:00+00:00,Reinhardstraße 19,11.5,8.4,415.0,50.36416,8.73691,False
2025-07-06 07:00:00+00:00,Reinhardstraße 19,26.5,6.5,415.0,50.36416,8.73691,False
2025-07-06 08:00:00+00:00,Reinhardstraße 19,20.0,18.52,415.0,50.36416,8.73691,False
2025-07-06 09:00:00+00:00,Reinhardstraße 19,75.0,7.875,415.0,50.36416,8.73691,False
2025-07-06 10:00:00+00:00,Reinhardstraße 19,40.5,6.105,415.0,50.36416,8.73691,False
2025-07-06 11:00:00+00:00,Reinhardstraße 19,60.0,6.53,415.0,50.36416,8.73691,False
2025-07-06 12:00:00+00:00,Reinhardstraße 19,66.0,9.14,415.0,50.36416,8.73691,False
2025-07-06 13:00:00+00:00,Reinhardstraße 19,56.0,9.39,415.0,50.36416,8.73691,False
2025-07-06 14:00:00+00:00,Reinhardstraße 19,19.0,7.09,415.0,50.36416,8.73691,False
2025-07-06 15:00:00+00:00,Reinhardstraße 19,24.0,5.98,415.0,50.36416,8.73691,False
2025-07-06 16:00:00+00:00,Reinhardstraße 19,15.5,10.36,415.0,50.36416,8.73691,False
2025-07-06 17:00:00+00:00,Reinhardstraße 19,20.0,7.07,415.0,50.36416,8.73691,False
2025-07-06 18:00:00+00:00,Reinhardstraße 19,2.5,7.29,415.0,50.36416,8.73691,False
2025-07-06 19:00:00+00:00,Reinhardstraße 19,5.0,7.41,415.0,50.36416,8.73691,False
2025-07-06 20:00:00+00:00,Reinhardstraße 19,7.0,3.46,415.0,50.36416,8.73691,False
2025-07-06 21:00:00+00:00,Reinhardstraße 19,3.0,0.88,415.0,50.36416,8.73691,False
2025-07-06 22:00:00+00:00,Reinhardstraße 19,,,415.0,50.36416,8.73691,True
2025-07-06 23:00:00+00:00,Reinhardstraße 19,,,415.0,50.36416,8.73691,True
2025-07-07 00:00:00+00:00,Reinhardstraße 19,,,415.0,50.36416,8.73691,True
2025-07-07 01:00:00+00:00,Reinhardstraße 19,2.0,31.36,415.0,50.36416,8.73691,False
2025-07-07 02:00:00+00:00,Reinhardstraße 19,5.0,7.06,415.0,50.36416,8.73691,False
2025-07-07 03:00:00+00:00,Reinhardstraße 19,8.0,4.08,415.0,50.36416,8.73691,False
2025-07-07 04:00:00+00:00,Reinhardstraße 19,10.5,5.23,415.0,50.36416,8.73691,False
2025-07-07 05:00:00+00:00,Reinhardstraße 19,12.0,3.7,415.0,50.36416,8.73691,False
2025-07-07 06:00:00+00:00,Reinhardstraße 19,34.0,8.345,415.0,50.36416,8.73691,False
2025-07-07 07:00:00+00:00,Reinhardstraße 19,43.0,10.47,415.0,50.36416,8.73691,False
2025-07-07 08:00:00+00:00,Reinhardstraße 19,54.0,8.33,415.0,50.36416,8.73691,False
2025-07-07 09:00:00+00:00,Reinhardstraße 19,66.5,6.91,415.0,50.36416,8.73691,False
2025-07-07 10:00:00+00:00,Reinhardstraße 19,66.0,9.375,415.0,50.36416,8.73691,False
2025-07-07 11:00:00+00:00,Reinhardstraße 19,52.5,7.3725000000000005,415.0,50.36416,8.73691,True
2025-07-07 12:00:00+00:00,Reinhardstraße 19,39.0,5.37,415.0,50.36416,8.73691,False
2025-07-07 13:00:00+00:00,Reinhardstraße 19,67.0,6.26,415.0,50.36416,8.73691,False
2025-07-07 14:00:00+00:00,Reinhardstraße 19,91.0,9.725,415.0,50.36416,8.73691,False
2025-07-07 15:00:00+00:00,Reinhardstraße 19,52.5,5.82,415.0,50.36416,8.73691,False
2025-07-07 16:00:00+00:00,Reinhardstraße 19,54.0,6.73,415.0,50.36416,8.73691,False
2025-07-07 17:00:00+00:00,Reinhardstraße 19,23.0,6.42,415.0,50.36416,8.73691,False
2025-07-07 18:00:00+00:00,Reinhardstraße 19,20.0,7.23,415.0,50.36416,8.73691,False
2025-07-07 19:00:00+00:00,Reinhardstraße 19,9.0,3.64,415.0,50.36416,8.73691,False
2025-07-07 20:00:00+00:00,Reinhardstraße 19,4.5,1.82,415.0,50.36416,8.73691,True
2025-07-07 21:00:00+00:00,Reinhardstraße 19,0.0,0.0,415.0,50.36416,8.73691,False
2025-07-07 22:00:00+00:00,Reinhardstraße 19,18.0,42.91,415.0,50.36416,8.73691,False
2025-07-07 23:00:00+00:00,Reinhardstraße 19,9.0,21.455,415.0,50.36416,8.73691,True
2025-07-08 00:00:00+00:00,Reinhardstraße 19,0.0,0.0,415.0,50.36416,8.73691,False
2025-07-08 01:00:00+00:00,Reinhardstraße 19,3.0,17.08,415.0,50.36416,8.73691,False
2025-07-08 02:00:00+00:00,Reinhardstraße 19,3.0,2.02,415.0,50.36416,8.73691,False
2025-07-08 03:00:00+00:00,Reinhardstraße 19,6.0,6.89,415.0,50.36416,8.73691,False
2025-07-08 04:00:00+00:00,Reinhardstraße 19,18.25,5.3549999999999995,415.0,50.36416,8.73691,True
2025-07-08 05:00:00+00:00,Reinhardstraße 19,30.5,3.82,415.0,50.36416,8.73691,False
2025-07-08 06:00:00+00:00,Reinhardstraße 19,26.5,5.5600000000000005,415.0,50.36416,8.73691,False
2025-07-08 07:00:00+00:00,Reinhardstraße 19,41.0,7.140000000000001,415.0,50.36416,8.73691,False
2025-07-08 08:00:00+00:00,Reinhardstraße 19,37.5,9.275,415.0,50.36416,8.73691,True
2025-07-08 09:00:00+00:00,Reinhardstraße 19,34.0,11.41,415.0,50.36416,8.73691,False
2025-07-08 10:00:00+00:00,Reinhardstraße 19,76.0,10.065,415.0,50.36416,8.73691,False
2025-07-08 11:00:00+00:00,Reinhardstraße 19,68.5,9.06,415.0,50.36416,8.73691,False
2025-07-08 12:00:00+00:00,Reinhardstraße 19,52.0,10.06,415.0,50.36416,8.73691,False
2025-07-08 13:00:00+00:00,Reinhardstraße 19,69.0,6.64,415.0,50.36416,8.73691,False
2025-07-08 14:00:00+00:00,Reinhardstraße 19,,,415.0,50.36416,8.73691,True
2025-07-08 15:00:00+00:00,Reinhardstraße 19,,,415.0,50.36416,8.73691,True
2025-07-08 16:00:00+00:00,Reinhardstraße 19,,,415.0,50.36416,8.73691,True
2025-07-08 17:00:00+00:00,Reinhardstraße 19,,,415.0,50.36416,8.73691,True
2025-07-08 18:00:00+00:00,Reinhardstraße 19,,,415.0,50.36416,8.73691,True
2025-07-08 19:00:00+00:00,Reinhardstraße 19,,,415.0,50.36416,8.73691,True
2025-07-08 20:00:00+00:00,Reinhardstraße 19,,,415.0,50.36416,8.73691,True
2025-07-08 21:00:00+00:00,Reinhardstraße 19,,,415.0,50.36416,8.73691,True
2025-07-08 22:00:00+00:00,Reinhardstraße 19,,,415.0,50.36416,8.73691,True
2025-07-08 23:00:00+00:00,Reinhardstraße 19,,,415.0,50.36416,8.73691,True
2025-07-09 00:00:00+00:00,Reinhardstraße 19,,,415.0,50.36416,8.73691,True
2025-07-09 01:00:00+00:00,Reinhardstraße 19,,,415.0,50.36416,8.73691,True
2025-07-09 02:00:00+00:00,Reinhardstraße 19,,,415.0,50.36416,8.73691,True
2025-07-09 03:00:00+00:00,Reinhardstraße 19,,,415.0,50.36416,8.73691,True
2025-07-09 04:00:00+00:00,Reinhardstraße 19,,,415.0,50.36416,8.73691,True
2025-07-09 05:00:00+00:00,Reinhardstraße 19,,,415.0,50.36416,8.73691,True
2025-07-09 06:00:00+00:00,Reinhardstraße 19,,,415.0,50.36416,8.73691,True
2025-07-09 07:00:00+00:00,Reinhardstraße 19,57.0,8.78,415.0,50.36416,8.73691,False
2025-07-09 08:00:00+00:00,Reinhardstraße 19,53.0,8.44,415.0,50.36416,8.73691,False
2025-07-09 09:00:00+00:00,Reinhardstraße 19,64.0,8.35,415.0,50.36416,8.73691,False
2025-07-09 10:00:00+00:00,Reinhardstraße 19,59.5,7.57,415.0,50.36416,8.73691,False
2025-07-09 11:00:00+00:00,Reinhardstraße 19,65.33333333333333,8.53,415.0,50.36416,8.73691,True
2025-07-09 12:00:00+00:00,Reinhardstraße 19,71.16666666666667,9.49,415.0,50.36416,8.73691,True
2025-07-09 13:00:00+00:00,Reinhardstraße 19,77.0,10.45,415.0,50.36416,8.73691,False
2025-07-09 14:00:00+00:00,Reinhardstraße 19,59.0,7.54,415.0,50.36416,8.73691,False
2025-07-09 15:00:00+00:00,Reinhardstraße 19,67.5,5.4,415.0,50.36416,8.73691,False
2025-07-09 16:00:00+00:00,Reinhardstraße 19,47.0,7.07,415.0,50.36416,8.73691,False
2025-07-09 17:00:00+00:00,Reinhardstraße 19,29.0,8.51,415.0,50.36416,8.73691,False
2025-07-09 18:00:00+00:00,Reinhardstraße 19,30.0,7.1,415.0,50.36416,8.73691,False
2025-07-09 19:00:00+00:00,Reinhardstraße 19,16.0,11.53,415.0,50.36416,8.73691,False
2025-07-09 20:00:00+00:00,Reinhardstraße 19,14.0,5.405,415.0,50.36416,8.73691,False
2025-07-09 21:00:00+00:00,Reinhardstraße 19,3.5,0.76,415.0,50.36416,8.73691,False
2025-07-09 22:00:00+00:00,Reinhardstraße 19,,,415.0,50.36416,8.73691,True
2025-07-09 23:00:00+00:00,Reinhardstraße 19,,,415.0,50.36416,8.73691,True
2025-07-10 00:00:00+00:00,Reinhardstraße 19,,,415.0,50.36416,8.73691,True
2025-07-10 01:00:00+00:00,Reinhardstraße 19,,,415.0,50.36416,8.73691,True
2025-07-10 02:00:00+00:00,Reinhardstraße 19,,,415.0,50.36416,8.73691,True
2025-07-10 03:00:00+00:00,Reinhardstraße 19,,,415.0,50.36416,8.73691,True
2025-07-10 04:00:00+00:00,Reinhardstraße 19,,,415.0,50.36416,8.73691,True
2025-07-10 05:00:00+00:00,Reinhardstraße 19,,,415.0,50.36416,8.73691,True
2025-07-10 06:00:00+00:00,Reinhardstraße 19,,,415.0,50.36416,8.73691,True
2025-07-10 07:00:00+00:00,Reinhardstraße 19,37.0,8.77,415.0,50.36416,8.73691,False
2025-07-10 08:00:00+00:00,Reinhardstraße 19,55.0,7.875,415.0,50.36416,8.73691,False
2025-07-10 09:00:00+00:00,Reinhardstraße 19,66.0,6.635,415.0,50.36416,8.73691,False
2025-07-10 10:00:00+00:00,Reinhardstraße 19,87.0,7.4,415.0,50.36416,8.73691,False
2025-07-10 11:00:00+00:00,Reinhardstraße 19,66.0,7.914999999999999,415.0,50.36416,8.73691,False
2025-07-10 12:00:00+00:00,Reinhardstraße 19,59.5,4.6,415.0,50.36416,8.73691,False
2025-07-10 13:00:00+00:00,Reinhardstraße 19,105.0,10.879999999999999,415.0,50.36416,8.73691,False
2025-07-10 14:00:00+00:00,Reinhardstraße 19,84.5,10.055,415.0,50.36416,8.73691,False
2025-07-10 15:00:00+00:00,Reinhardstraße 19,72.5,8.125,415.0,50.36416,8.73691,False
2025-07-10 16:00:00+00:00,Reinhardstraße 19,64.5,7.449999999999999,415.0,50.36416,8.73691,False
2025-07-10 17:00:00+00:00,Reinhardstraße 19,51.5,6.91,415.0,50.36416,8.73691,False
2025-07-10 18:00:00+00:00,Reinhardstraße 19,31.0,6.46,415.0,50.36416,8.73691,False
2025-07-10 19:00:00+00:00,Reinhardstraße 19,22.0,3.45,415.0,50.36416,8.73691,False
2025-07-10 20:00:00+00:00,Reinhardstraße 19,19.5,7.735,415.0,50.36416,8.73691,False
2025-07-10 21:00:00+00:00,Reinhardstraße 19,6.0,1.73,415.0,50.36416,8.73691,False
2025-07-10 22:00:00+00:00,Reinhardstraße 19,7.0,5.234999999999999,415.0,50.36416,8.73691,True
2025-07-10 23:00:00+00:00,Reinhardstraße 19,8.0,8.74,415.0,50.36416,8.73691,False
2025-07-11 00:00:00+00:00,Reinhardstraße 19,6.0,26.0,415.0,50.36416,8.73691,False
2025-07-11 01:00:00+00:00,Reinhardstraße 19,5.5,19.915,415.0,50.36416,8.73691,False
2025-07-11 02:00:00+00:00,Reinhardstraße 19,4.5,8.03,415.0,50.36416,8.73691,False
2025-07-11 03:00:00+00:00,Reinhardstraße 19,10.0,9.66,415.0,50.36416,8.73691,False
2025-07-11 04:00:00+00:00,Reinhardstraße 19,11.0,8.87,415.0,50.36416,8.73691,False
2025-07-11 05:00:00+00:00,Reinhardstraße 19,27.0,9.79,415.0,50.36416,8.73691,False
2025-07-11 06:00:00+00:00,Reinhardstraße 19,32.0,5.11,415.0,50.36416,8.73691,False
2025-07-11 07:00:00+00:00,Reinhardstraße 19,,,415.0,50.36416,8.73691,True
2025-07-11 08:00:00+00:00,Reinhardstraße 19,,,415.0,50.36416,8.73691,True
2025-07-11 09:00:00+00:00,Reinhardstraße 19,,,415.0,50.36416,8.73691,True
2025-07-11 10:00:00+00:00,Reinhardstraße 19,,,415.0,50.36416,8.73691,True
2025-07-11 11:00:00+00:00,Reinhardstraße 19,,,415.0,50.36416,8.73691,True
2025-07-11 12:00:00+00:00,Reinhardstraße 19,,,415.0,50.36416,8.73691,True
2025-07-11 13:00:00+00:00,Reinhardstraße 19,,,415.0,50.36416,8.73691,True
2025-07-11 14:00:00+00:00,Reinhardstraße 19,,,415.0,50.36416,8.73691,True
2025-07-11 15:00:00+00:00,Reinhardstraße 19,,,415.0,50.36416,8.73691,True
2025-07-11 16:00:00+00:00,Reinhardstraße 19,,,415.0,50.36416,8.73691,True
2025-07-11 17:00:00+00:00,Reinhardstraße 19,50.0,8.3,415.0,50.36416,8.73691,False
2025-07-11 18:00:00+00:00,Reinhardstraße 19,42.5,7.448333333333334,415.0,50.36416,8.73691,True
2025-07-11 19:00:00+00:00,Reinhardstraße 19,35.0,6.596666666666667,415.0,50.36416,8.73691,True
2025-07-11 20:00:00+00:00,Reinhardstraße 19,27.5,5.745,415.0,50.36416,8.73691,False
2025-07-11 21:00:00+00:00,Reinhardstraße 19,5.0,2.39,415.0,50.36416,8.73691,False
2025-07-11 22:00:00+00:00,Reinhardstraße 19,21.0,9.02,415.0,50.36416,8.73691,False
2025-07-11 23:00:00+00:00,Reinhardstraße 19,,,415.0,50.36416,8.73691,True
2025-07-12 00:00:00+00:00,Reinhardstraße 19,,,415.0,50.36416,8.73691,True
2025-07-12 01:00:00+00:00,Reinhardstraße 19,,,415.0,50.36416,8.73691,True
2025-07-12 02:00:00+00:00,Reinhardstraße 19,,,415.0,50.36416,8.73691,True
2025-07-12 03:00:00+00:00,Reinhardstraße 19,,,415.0,50.36416,8.73691,True
2025-07-12 04:00:00+00:00,Reinhardstraße 19,,,415.0,50.36416,8.73691,True
2025-07-12 05:00:00+00:00,Reinhardstraße 19,,,415.0,50.36416,8.73691,True
2025-07-12 06:00:00+00:00,Reinhardstraße 19,20.0,6.48,415.0,50.36416,8.73691,False
2025-07-12 07:00:00+00:00,Reinhardstraße 19,33.0,4.45,415.0,50.36416,8.73691,False
2025-07-12 08:00:00+00:00,Reinhardstraße 19,45.666666666666664,6.076666666666667,415.0,50.36416,8.73691,True
2025-07-12 09:00:00+00:00,Reinhardstraße 19,58.33333333333333,7.703333333333333,415.0,50.36416,8.73691,True
2025-07-12 10:00:00+00:00,Reinhardstraße 19,71.0,9.33,415.0,50.36416,8.73691,False
2025-07-12 11:00:00+00:00,Reinhardstraße 19,77.0,9.73,415.0,50.36416,8.73691,False
2025-07-12 12:00:00+00:00,Reinhardstraße 19,110.5,12.120000000000001,415.0,50.36416,8.73691,False
2025-07-12 13:00:00+00:00,Reinhardstraße 19,72.5,10.17,415.0,50.36416,8.73691,False
2025-07-12 14:00:00+00:00,Reinhardstraße 19,89.0,12.100000000000001,415.0,50.36416,8.73691,False
2025-07-12 15:00:00+00:00,Reinhardstraße 19,85.0,14.705,415.0,50.36416,8.73691,False
2025-07-12 16:00:00+00:00,Reinhardstraße 19,53.5,5.805,415.0,50.36416,8.73691,False
2025-07-12 17:00:00+00:00,Reinhardstraße 19,42.0,8.3,415.0,50.36416,8.73691,False
2025-07-12 18:00:00+00:00,Reinhardstraße 19,29.0,6.22,415.0,50.36416,8.73691,False
2025-07-12 19:00:00+00:00,Reinhardstraße 19,30.0,6.83,415.0,50.36416,8.73691,False
2025-07-12 20:00:00+00:00,Reinhardstraße 19,15.5,3.08,415.0,50.36416,8.73691,False
2025-07-12 21:00:00+00:00,Reinhardstraße 19,3.0,1.915,415.0,50.36416,8.73691,False
2025-07-12 22:00:00+00:00,Reinhardstraße 19,35.0,23.05,415.0,50.36416,8.73691,False
2025-07-12 23:00:00+00:00,Reinhardstraße 19,14.0,11.93,415.0,50.36416,8.73691,False
2025-07-13 00:00:00+00:00,Reinhardstraße 19,2.0,10.62,415.0,50.36416,8.73691,False
2025-07-13 01:00:00+00:00,Reinhardstraße 19,2.0,2.1,415.0,50.36416,8.73691,False
2025-07-13 02:00:00+00:00,Reinhardstraße 19,4.0,1.78,415.0,50.36416,8.73691,False
2025-07-13 03:00:00+00:00,Reinhardstraße 19,2.0,17.44,415.0,50.36416,8.73691,False
2025-07-13 04:00:00+00:00,Reinhardstraße 19,,,415.0,50.36416,8.73691,True
2025-07-13 05:00:00+00:00,Reinhardstraße 19,,,415.0,50.36416,8.73691,True
2025-07-13 06:00:00+00:00,Reinhardstraße 19,,,415.0,50.36416,8.73691,True
2025-07-13 07:00:00+00:00,Reinhardstraße 19,,,415.0,50.36416,8.73691,True
2025-07-13 08:00:00+00:00,Reinhardstraße 19,,,415.0,50.36416,8.73691,True
2025-07-13 09:00:00+00:00,Reinhardstraße 19,,,415.0,50.36416,8.73691,True
2025-07-13 10:00:00+00:00,Reinhardstraße 19,,,415.0,50.36416,8.73691,True
2025-07-13 11:00:00+00:00,Reinhardstraße 19,,,415.0,50.36416,8.73691,True
2025-07-13 12:00:00+00:00,Reinhardstraße 19,,,415.0,50.36416,8.73691,True
2025-07-13 13:00:00+00:00,Reinhardstraße 19,,,415.0,50.36416,8.73691,True
2025-07-13 14:00:00+00:00,Reinhardstraße 19,,,415.0,50.36416,8.73691,True
2025-07-13 15:00:00+00:00,Reinhardstraße 19,,,415.0,50.36416,8.73691,True
2025-07-13 16:00:00+00:00,Reinhardstraße 19,,,415.0,50.36416,8.73691,True
2025-07-13 17:00:00+00:00,Reinhardstraße 19,,,415.0,50.36416,8.73691,True
2025-07-13 18:00:00+00:00,Reinhardstraße 19,,,415.0,50.36416,8.73691,True
2025-07-13 19:00:00+00:00,Reinhardstraße 19,,,415.0,50.36416,8.73691,True
2025-07-13 20:00:00+00:00,Reinhardstraße 19,,,415.0,50.36416,8.73691,True
2025-07-13 21:00:00+00:00,Reinhardstraße 19,0.5,0.265,415.0,50.36416,8.73691,False
2025-07-13 22:00:00+00:00,Reinhardstraße 19,7.25,18.9675,415.0,50.36416,8.73691,True
2025-07-13 23:00:00+00:00,Reinhardstraße 19,14.0,37.67,415.0,50.36416,8.73691,False
2025-06-30 01:00:00+00:00,Reinhardstraße 2,5.0,16.58,415.0,50.36504,8.73695,False
2025-06-30 02:00:00+00:00,Reinhardstraße 2,13.0,14.129999999999999,415.0,50.36504,8.73695,False
2025-06-30 03:00:00+00:00,Reinhardstraße 2,7.0,10.28,415.0,50.36504,8.73695,False
2025-06-30 04:00:00+00:00,Reinhardstraße 2,22.0,14.205,415.0,50.36504,8.73695,False
2025-06-30 05:00:00+00:00,Reinhardstraße 2,58.5,8.09,415.0,50.36504,8.73695,False
2025-06-30 06:00:00+00:00,Reinhardstraße 2,55.0,11.315000000000001,415.0,50.36504,8.73695,False
2025-06-30 07:00:00+00:00,Reinhardstraße 2,97.5,10.645,415.0,50.36504,8.73695,False
2025-06-30 08:00:00+00:00,Reinhardstraße 2,105.25,10.682500000000001,415.0,50.36504,8.73695,True
2025-06-30 09:00:00+00:00,Reinhardstraße 2,113.0,10.72,415.0,50.36504,8.73695,False
2025-06-30 10:00:00+00:00,Reinhardstraße 2,108.5,11.76,415.0,50.36504,8.73695,False
2025-06-30 11:00:00+00:00,Reinhardstraße 2,117.0,7.93,415.0,50.36504,8.73695,False
2025-06-30 12:00:00+00:00,Reinhardstraße 2,52.0,13.71,415.0,50.36504,8.73695,False
2025-06-30 13:00:00+00:00,Reinhardstraße 2,55.0,11.25,415.0,50.36504,8.73695,False
2025-06-30 14:00:00+00:00,Reinhardstraße 2,98.5,10.84,415.0,50.36504,8.73695,False
2025-06-30 15:00:00+00:00,Reinhardstraße 2,105.0,12.004999999999999,415.0,50.36504,8.73695,False
2025-06-30 16:00:00+00:00,Reinhardstraße 2,99.0,12.004999999999999,415.0,50.36504,8.73695,False
2025-06-30 17:00:00+00:00,Reinhardstraße 2,71.0,13.265,415.0,50.36504,8.73695,False
2025-06-30 18:00:00+00:00,Reinhardstraße 2,46.0,10.864999999999998,415.0,50.36504,8.73695,False
2025-06-30 19:00:00+00:00,Reinhardstraße 2,30.0,10.4,415.0,50.36504,8.73695,False
2025-06-30 20:00:00+00:00,Reinhardstraße 2,25.0,5.89,415.0,50.36504,8.73695,False
2025-06-30 21:00:00+00:00,Reinhardstraße 2,0.0,0.0,415.0,50.36504,8.73695,False
2025-06-30 22:00:00+00:00,Reinhardstraße 2,24.0,14.415,415.0,50.36504,8.73695,False
2025-06-30 23:00:00+00:00,Reinhardstraße 2,4.5,4.495,415.0,50.36504,8.73695,False
2025-07-01 00:00:00+00:00,Reinhardstraße 2,7.0,5.89,415.0,50.36504,8.73695,False
2025-07-01 01:00:00+00:00,Reinhardstraße 2,4.0,32.5,415.0,50.36504,8.73695,False
2025-07-01 02:00:00+00:00,Reinhardstraße 2,7.0,11.82,415.0,50.36504,8.73695,False
2025-07-01 03:00:00+00:00,Reinhardstraße 2,8.0,31.39,415.0,50.36504,8.73695,False
2025-07-01 04:00:00+00:00,Reinhardstraße 2,29.0,6.51,415.0,50.36504,8.73695,False
2025-07-01 05:00:00+00:00,Reinhardstraße 2,38.0,8.15,415.0,50.36504,8.73695,False
2025-07-01 06:00:00+00:00,Reinhardstraße 2,76.0,5.4,415.0,50.36504,8.73695,False
2025-07-01 07:00:00+00:00,Reinhardstraße 2,85.5,10.504999999999999,415.0,50.36504,8.73695,False
2025-07-01 08:00:00+00:00,Reinhardstraße 2,122.5,9.235,415.0,50.36504,8.73695,False
2025-07-01 09:00:00+00:00,Reinhardstraße 2,93.0,9.695,415.0,50.36504,8.73695,False
2025-07-01 10:00:00+00:00,Reinhardstraße 2,113.0,10.565000000000001,415.0,50.36504,8.73695,False
2025-07-01 11:00:00+00:00,Reinhardstraße 2,80.0,8.93,415.0,50.36504,8.73695,False
2025-07-01 12:00:00+00:00,Reinhardstraße 2,93.0,7.5,415.0,50.36504,8.73695,False
2025-07-01 13:00:00+00:00,Reinhardstraße 2,59.5,6.890000000000001,415.0,50.36504,8.73695,False
2025-07-01 14:00:00+00:00,Reinhardstraße 2,85.0,11.15,415.0,50.36504,8.73695,False
2025-07-01 15:00:00+00:00,Reinhardstraße 2,101.0,7.01,415.0,50.36504,8.73695,False
2025-07-01 16:00:00+00:00,Reinhardstraße 2,73.0,7.605,415.0,50.36504,8.73695,False
2025-07-01 17:00:00+00:00,Reinhardstraße 2,36.0,6.755,415.0,50.36504,8.73695,False
2025-07-01 18:00:00+00:00,Reinhardstraße 2,32.0,7.18,415.0,50.36504,8.73695,False
2025-07-01 19:00:00+00:00,Reinhardstraße 2,14.0,4.77,415.0,50.36504,8.73695,False
2025-07-01 20:00:00+00:00,Reinhardstraße 2,7.0,2.385,415.0,50.36504,8.73695,True
2025-07-01 21:00:00+00:00,Reinhardstraße 2,0.0,0.0,415.0,50.36504,8.73695,False
2025-07-01 22:00:00+00:00,Reinhardstraße 2,15.0,29.46,415.0,50.36504,8.73695,False
2025-07-01 23:00:00+00:00,Reinhardstraße 2,7.0,5.94,415.0,50.36504,8.73695,False
2025-07-02 00:00:00+00:00,Reinhardstraße 2,6.0,12.3,415.0,50.36504,8.73695,False
2025-07-02 01:00:00+00:00,Reinhardstraße 2,3.0,30.04,415.0,50.36504,8.73695,False
2025-07-02 02:00:00+00:00,Reinhardstraße 2,15.0,18.6,415.0,50.36504,8.73695,False
2025-07-02 03:00:00+00:00,Reinhardstraße 2,9.0,4.609999999999999,415.0,50.36504,8.73695,False
2025-07-02 04:00:00+00:00,Reinhardstraße 2,14.0,5.44,415.0,50.36504,8.73695,False
2025-07-02 05:00:00+00:00,Reinhardstraße 2,45.0,7.73,415.0,50.36504,8.73695,False
2025-07-02 06:00:00+00:00,Reinhardstraße 2,68.0,8.01,415.0,50.36504,8.73695,False
2025-07-02 07:00:00+00:00,Reinhardstraße 2,90.5,12.545,415.0,50.36504,8.73695,False
2025-07-02 08:00:00+00:00,Reinhardstraße 2,87.5,9.11,415.0,50.36504,8.73695,False
2025-07-02 09:00:00+00:00,Reinhardstraße 2,112.5,11.33,415.0,50.36504,8.73695,False
2025-07-02 10:00:00+00:00,Reinhardstraße 2,67.0,11.205,415.0,50.36504,8.73695,False
2025-07-02 11:00:00+00:00,Reinhardstraße 2,66.0,9.795,415.0,50.36504,8.73695,False
2025-07-02 12:00:00+00:00,Reinhardstraße 2,63.5,8.899999999999999,415.0,50.36504,8.73695,False
2025-07-02 13:00:00+00:00,Reinhardstraße 2,48.5,6.745,415.0,50.36504,8.73695,False
2025-07-02 14:00:00+00:00,Reinhardstraße 2,68.5,14.614999999999998,415.0,50.36504,8.73695,False
2025-07-02 15:00:00+00:00,Reinhardstraße 2,66.5,17.815,415.0,50.36504,8.73695,False
2025-07-02 16:00:00+00:00,Reinhardstraße 2,85.0,13.434999999999999,415.0,50.36504,8.73695,False
2025-07-02 17:00:00+00:00,Reinhardstraße 2,101.5,20.545,415.0,50.36504,8.73695,False
2025-07-02 18:00:00+00:00,Reinhardstraße 2,69.5,18.835,415.0,50.36504,8.73695,False
2025-07-02 19:00:00+00:00,Reinhardstraße 2,50.5,15.17,415.0,50.36504,8.73695,False
2025-07-02 20:00:00+00:00,Reinhardstraße 2,19.0,12.07,415.0,50.36504,8.73695,False
2025-07-02 21:00:00+00:00,Reinhardstraße 2,15.0,10.86,415.0,50.36504,8.73695,True
2025-07-02 22:00:00+00:00,Reinhardstraße 2,11.0,9.65,415.0,50.36504,8.73695,True
2025-07-02 23:00:00+00:00,Reinhardstraße 2,7.0,8.44,415.0,50.36504,8.73695,False
2025-07-03 00:00:00+00:00,Reinhardstraße 2,4.0,19.88,415.0,50.36504,8.73695,False
2025-07-03 01:00:00+00:00,Reinhardstraße 2,4.5,9.870000000000001,415.0,50.36504,8.73695,False
2025-07-03 02:00:00+00:00,Reinhardstraße 2,3.0,11.225000000000001,415.0,50.36504,8.73695,False
2025-07-03 03:00:00+00:00,Reinhardstraße 2,8.0,5.775,415.0,50.36504,8.73695,False
2025-07-03 04:00:00+00:00,Reinhardstraße 2,30.0,6.359999999999999,415.0,50.36504,8.73695,False
2025-07-03 05:00:00+00:00,Reinhardstraße 2,36.0,6.875,415.0,50.36504,8.73695,False
2025-07-03 06:00:00+00:00,Reinhardstraße 2,51.5,13.53,415.0,50.36504,8.73695,False
2025-07-03 07:00:00+00:00,Reinhardstraße 2,52.0,7.165000000000001,415.0,50.36504,8.73695,False
2025-07-03 08:00:00+00:00,Reinhardstraße 2,86.0,10.495000000000001,415.0,50.36504,8.73695,False
2025-07-03 09:00:00+00:00,Reinhardstraße 2,106.5,9.684999999999999,415.0,50.36504,8.73695,False
2025-07-03 10:00:00+00:00,Reinhardstraße 2,99.5,9.504999999999999,415.0,50.36504,8.73695,False
2025-07-03 11:00:00+00:00,Reinhardstraße 2,110.0,10.525,415.0,50.36504,8.73695,False
2025-07-03 12:00:00+00:00,Reinhardstraße 2,85.5,11.469999999999999,415.0,50.36504,8.73695,False
2025-07-03 13:00:00+00:00,Reinhardstraße 2,118.5,12.795,415.0,50.36504,8.73695,False
2025-07-03 14:00:00+00:00,Reinhardstraße 2,137.0,14.705,415.0,50.36504,8.73695,False
2025-07-03 15:00:00+00:00,Reinhardstraße 2,117.5,13.705,415.0,50.36504,8.73695,False
2025-07-03 16:00:00+00:00,Reinhardstraße 2,115.5,13.695,415.0,50.36504,8.73695,False
2025-07-03 17:00:00+00:00,Reinhardstraße 2,94.0,20.259999999999998,415.0,50.36504,8.73695,False
2025-07-03 18:00:00+00:00,Reinhardstraße 2,69.5,15.23,415.0,50.36504,8.73695,False
2025-07-03 19:00:00+00:00,Reinhardstraße 2,30.0,14.205,415.0,50.36504,8.73695,False
2025-07-03 20:00:00+00:00,Reinhardstraße 2,23.0,13.25,415.0,50.36504,8.73695,False
2025-07-03 21:00:00+00:00,Reinhardstraße 2,3.0,0.32,415.0,50.36504,8.73695,False
2025-07-03 22:00:00+00:00,Reinhardstraße 2,6.0,10.37,415.0,50.36504,8.73695,False
2025-07-03 23:00:00+00:00,Reinhardstraße 2,13.0,15.739999999999998,415.0,50.36504,8.73695,False
2025-07-04 00:00:00+00:00,Reinhardstraße 2,6.0,22.83,415.0,50.36504,8.73695,False
2025-07-04 01:00:00+00:00,Reinhardstraße 2,3.0,14.06,415.0,50.36504,8.73695,False
2025-07-04 02:00:00+00:00,Reinhardstraße 2,3.0,10.88,415.0,50.36504,8.73695,False
2025-07-04 03:00:00+00:00,Reinhardstraße 2,8.0,5.46,415.0,50.36504,8.73695,False
2025-07-04 04:00:00+00:00,Reinhardstraße 2,13.0,9.815000000000001,415.0,50.36504,8.73695,False
2025-07-04 05:00:00+00:00,Reinhardstraße 2,31.5,6.32,415.0,50.36504,8.73695,False
2025-07-04 06:00:00+00:00,Reinhardstraße 2,76.0,9.920000000000002,415.0,50.36504,8.73695,False
2025-07-04 07:00:00+00:00,Reinhardstraße 2,95.0,11.43,415.0,50.36504,8.73695,False
2025-07-04 08:00:00+00:00,Reinhardstraße 2,160.0,9.535,415.0,50.36504,8.73695,False
2025-07-04 09:00:00+00:00,Reinhardstraße 2,154.0,9.825,415.0,50.36504,8.73695,False
2025-07-04 10:00:00+00:00,Reinhardstraße 2,136.5,10.72,415.0,50.36504,8.73695,False
2025-07-04 11:00:00+00:00,Reinhardstraße 2,133.0,11.09,415.0,50.36504,8.73695,False
2025-07-04 12:00:00+00:00,Reinhardstraße 2,186.0,12.66,415.0,50.36504,8.73695,False
2025-07-04 13:00:00+00:00,Reinhardstraße 2,101.0,4.99,415.0,50.36504,8.73695,False
2025-07-04 14:00:00+00:00,Reinhardstraße 2,51.5,10.61,415.0,50.36504,8.73695,False
2025-07-04 15:00:00+00:00,Reinhardstraße 2,157.0,13.515,415.0,50.36504,8.73695,False
2025-07-04 16:00:00+00:00,Reinhardstraße 2,132.5,16.705,415.0,50.36504,8.73695,False
2025-07-04 17:00:00+00:00,Reinhardstraße 2,118.0,16.435000000000002,415.0,50.36504,8.73695,False
2025-07-04 18:00:00+00:00,Reinhardstraße 2,77.0,15.585,415.0,50.36504,8.73695,False
2025-07-04 19:00:00+00:00,Reinhardstraße 2,68.5,18.535,415.0,50.36504,8.73695,False
2025-07-04 20:00:00+00:00,Reinhardstraße 2,59.0,9.125,415.0,50.36504,8.73695,False
2025-07-04 21:00:00+00:00,Reinhardstraße 2,6.0,7.37,415.0,50.36504,8.73695,False
2025-07-04 22:00:00+00:00,Reinhardstraße 2,5.0,10.6675,415.0,50.36504,8.73695,True
2025-07-04 23:00:00+00:00,Reinhardstraße 2,4.0,13.965,415.0,50.36504,8.73695,False
2025-07-05 00:00:00+00:00,Reinhardstraße 2,2.5,26.332500000000003,415.0,50.36504,8.73695,True
2025-07-05 01:00:00+00:00,Reinhardstraße 2,1.0,38.7,415.0,50.36504,8.73695,False
2025-07-05 02:00:00+00:00,Reinhardstraße 2,4.5,12.3,415.0,50.36504,8.73695,False
2025-07-05 03:00:00+00:00,Reinhardstraße 2,3.5,12.545,415.0,50.36504,8.73695,False
2025-07-05 04:00:00+00:00,Reinhardstraße 2,11.0,6.34,415.0,50.36504,8.73695,False
2025-07-05 05:00:00+00:00,Reinhardstraße 2,24.0,12.795,415.0,50.36504,8.73695,False
2025-07-05 06:00:00+00:00,Reinhardstraße 2,34.0,6.15,415.0,50.36504,8.73695,False
2025-07-05 07:00:00+00:00,Reinhardstraße 2,17.0,3.075,415.0,50.36504,8.73695,True
2025-07-05 08:00:00+00:00,Reinhardstraße 2,0.0,0.0,415.0,50.36504,8.73695,False
2025-07-05 09:00:00+00:00,Reinhardstraße 2,147.5,11.905000000000001,415.0,50.36504,8.73695,False
2025-07-05 10:00:00+00:00,Reinhardstraße 2,324.5,14.17,415.0,50.36504,8.73695,False
2025-07-05 11:00:00+00:00,Reinhardstraße 2,197.0,13.285,415.0,50.36504,8.73695,False
2025-07-05 12:00:00+00:00,Reinhardstraße 2,240.0,14.06,415.0,50.36504,8.73695,False
2025-07-05 13:00:00+00:00,Reinhardstraße 2,158.0,10.9,415.0,50.36504,8.73695,False
2025-07-05 14:00:00+00:00,Reinhardstraße 2,138.33333333333334,12.415000000000001,415.0,50.36504,8.73695,True
2025-07-05 15:00:00+00:00,Reinhardstraße 2,118.66666666666666,13.93,415.0,50.36504,8.73695,True
2025-07-05 16:00:00+00:00,Reinhardstraße 2,99.0,15.445,415.0,50.36504,8.73695,False
2025-07-05 17:00:00+00:00,Reinhardstraße 2,107.0,12.65,415.0,50.36504,8.73695,False
2025-07-05 18:00:00+00:00,Reinhardstraße 2,88.0,17.77,415.0,50.36504,8.73695,False
2025-07-05 19:00:00+00:00,Reinhardstraße 2,57.0,13.399999999999999,415.0,50.36504,8.73695,True
2025-07-05 20:00:00+00:00,Reinhardstraße 2,26.0,9.03,415.0,50.36504,8.73695,False
2025-07-05 21:00:00+00:00,Reinhardstraße 2,3.0,2.9,415.0,50.36504,8.73695,False
2025-07-05 22:00:00+00:00,Reinhardstraße 2,8.0,4.61,415.0,50.36504,8.73695,True
2025-07-05 23:00:00+00:00,Reinhardstraße 2,13.0,6.32,415.0,50.36504,8.73695,False
2025-07-06 00:00:00+00:00,Reinhardstraße 2,3.5,16.29,415.0,50.36504,8.73695,False
2025-07-06 01:00:00+00:00,Reinhardstraße 2,3.0,16.72,415.0,50.36504,8.73695,False
2025-07-06 02:00:00+00:00,Reinhardstraße 2,2.0,0.72,415.0,50.36504,8.73695,False
2025-07-06 03:00:00+00:00,Reinhardstraße 2,6.0,10.65,415.0,50.36504,8.73695,False
2025-07-06 04:00:00+00:00,Reinhardstraße 2,8.0,6.5975,415.0,50.36504,8.73695,True
2025-07-06 05:00:00+00:00,Reinhardstraße 2,10.0,2.545,415.0,50.36504,8.73695,False
2025-07-06 06:00:00+00:00,Reinhardstraße 2,20.0,5.895,415.0,50.36504,8.73695,False
2025-07-06 07:00:00+00:00,Reinhardstraße 2,27.0,5.595,415.0,50.36504,8.73695,False
2025-07-06 08:00:00+00:00,Reinhardstraße 2,48.0,12.72,415.0,50.36504,8.73695,False
2025-07-06 09:00:00+00:00,Reinhardstraße 2,117.0,7.945,415.0,50.36504,8.73695,False
2025-07-06 10:00:00+00:00,Reinhardstraße 2,137.0,9.774999999999999,415.0,50.36504,8.73695,False
2025-07-06 11:00:00+00:00,Reinhardstraße 2,114.0,8.2,415.0,50.36504,8.73695,False
2025-07-06 12:00:00+00:00,Reinhardstraße 2,133.0,12.05,415.0,50.36504,8.73695,False
2025-07-06 13:00:00+00:00,Reinhardstraße 2,103.0,9.15,415.0,50.36504,8.73695,False
2025-07-06 14:00:00+00:00,Reinhardstraße 2,66.0,10.77,415.0,50.36504,8.73695,False
2025-07-06 15:00:00+00:00,Reinhardstraße 2,55.0,6.715,415.0,50.36504,8.73695,False
2025-07-06 16:00:00+00:00,Reinhardstraße 2,34.0,7.17,415.0,50.36504,8.73695,False
2025-07-06 17:00:00+00:00,Reinhardstraße 2,43.0,16.98,415.0,50.36504,8.73695,False
2025-07-06 18:00:00+00:00,Reinhardstraße 2,13.0,11.3,415.0,50.36504,8.73695,False
2025-07-06 19:00:00+00:00,Reinhardstraße 2,10.0,11.3,415.0,50.36504,8.73695,False
2025-07-06 20:00:00+00:00,Reinhardstraße 2,9.5,1.605,415.0,50.36504,8.73695,False
2025-07-06 21:00:00+00:00,Reinhardstraße 2,2.0,7.81,415.0,50.36504,8.73695,False
2025-07-06 22:00:00+00:00,Reinhardstraße 2,,,415.0,50.36504,8.73695,True
2025-07-06 23:00:00+00:00,Reinhardstraße 2,,,415.0,50.36504,8.73695,True
2025-07-07 00:00:00+00:00,Reinhardstraße 2,,,415.0,50.36504,8.73695,True
2025-07-07 01:00:00+00:00,Reinhardstraße 2,3.0,50.0,415.0,50.36504,8.73695,False
2025-07-07 02:00:00+00:00,Reinhardstraße 2,9.0,14.91,415.0,50.36504,8.73695,False
2025-07-07 03:00:00+00:00,Reinhardstraße 2,9.0,9.19,415.0,50.36504,8.73695,False
2025-07-07 04:00:00+00:00,Reinhardstraße 2,21.0,12.98,415.0,50.36504,8.73695,False
2025-07-07 05:00:00+00:00,Reinhardstraße 2,34.0,18.7,415.0,50.36504,8.73695,False
2025-07-07 06:00:00+00:00,Reinhardstraße 2,58.5,7.855,415.0,50.36504,8.73695,False
2025-07-07 07:00:00+00:00,Reinhardstraße 2,70.0,11.66,415.0,50.36504,8.73695,False
2025-07-07 08:00:00+00:00,Reinhardstraße 2,127.0,11.81,415.0,50.36504,8.73695,False
2025-07-07 09:00:00+00:00,Reinhardstraße 2,95.0,11.445,415.0,50.36504,8.73695,False
2025-07-07 10:00:00+00:00,Reinhardstraße 2,115.5,10.754999999999999,415.0,50.36504,8.73695,False
2025-07-07 11:00:00+00:00,Reinhardstraße 2,107.75,9.8625,415.0,50.36504,8.73695,True
2025-07-07 12:00:00+00:00,Reinhardstraße 2,100.0,8.97,415.0,50.36504,8.73695,False
2025-07-07 13:00:00+00:00,Reinhardstraße 2,82.0,12.57,415.0,50.36504,8.73695,False
2025-07-07 14:00:00+00:00,Reinhardstraße 2,115.0,11.64,415.0,50.36504,8.73695,False
2025-07-07 15:00:00+00:00,Reinhardstraße 2,137.0,11.1,415.0,50.36504,8.73695,False
2025-07-07 16:00:00+00:00,Reinhardstraße 2,91.0,7.93,415.0,50.36504,8.73695,False
2025-07-07 17:00:00+00:00,Reinhardstraße 2,31.0,11.04,415.0,50.36504,8.73695,False
2025-07-07 18:00:00+00:00,Reinhardstraße 2,30.5,4.415,415.0,50.36504,8.73695,False
2025-07-07 19:00:00+00:00,Reinhardstraße 2,16.0,8.99,415.0,50.36504,8.73695,False
2025-07-07 20:00:00+00:00,Reinhardstraße 2,4.0,8.74,415.0,50.36504,8.73695,False
2025-07-07 21:00:00+00:00,Reinhardstraße 2,3.0,4.58,415.0,50.36504,8.73695,False
2025-07-07 22:00:00+00:00,Reinhardstraße 2,21.0,20.73,415.0,50.36504,8.73695,False
2025-07-07 23:00:00+00:00,Reinhardstraße 2,6.0,24.41,415.0,50.36504,8.73695,False
2025-07-08 00:00:00+00:00,Reinhardstraße 2,2.0,6.914999999999999,415.0,50.36504,8.73695,False
2025-07-08 01:00:00+00:00,Reinhardstraße 2,3.0,6.92,415.0,50.36504,8.73695,False
2025-07-08 02:00:00+00:00,Reinhardstraße 2,8.0,8.34,415.0,50.36504,8.73695,False
2025-07-08 03:00:00+00:00,Reinhardstraße 2,6.0,7.7,415.0,50.36504,8.73695,False
2025-07-08 04:00:00+00:00,Reinhardstraße 2,23.25,8.6075,415.0,50.36504,8.73695,True
2025-07-08 05:00:00+00:00,Reinhardstraße 2,40.5,9.515,415.0,50.36504,8.73695,False
2025-07-08 06:00:00+00:00,Reinhardstraße 2,43.5,5.795,415.0,50.36504,8.73695,False
2025-07-08 07:00:00+00:00,Reinhardstraße 2,98.0,10.225,415.0,50.36504,8.73695,False
2025-07-08 08:00:00+00:00,Reinhardstraße 2,122.5,9.782499999999999,415.0,50.36504,8.73695,True
2025-07-08 09:00:00+00:00,Reinhardstraße 2,147.0,9.34,415.0,50.36504,8.73695,False
2025-07-08 10:00:00+00:00,Reinhardstraße 2,132.5,10.844999999999999,415.0,50.36504,8.73695,False
2025-07-08 11:00:00+00:00,Reinhardstraße 2,149.5,9.2,415.0,50.36504,8.73695,False
2025-07-08 12:00:00+00:00,Reinhardstraße 2,183.0,12.79,415.0,50.36504,8.73695,False
2025-07-08 13:00:00+00:00,Reinhardstraße 2,183.0,11.41,415.0,50.36504,8.73695,False
2025-07-08 14:00:00+00:00,Reinhardstraße 2,,,415.0,50.36504,8.73695,True
2025-07-08 15:00:00+00:00,Reinhardstraße 2,,,415.0,50.36504,8.73695,True
2025-07-08 16:00:00+00:00,Reinhardstraße 2,,,415.0,50.36504,8.73695,True
2025-07-08 17:00:00+00:00,Reinhardstraße 2,,,415.0,50.36504,8.73695,True
2025-07-08 18:00:00+00:00,Reinhardstraße 2,,,415.0,50.36504,8.73695,True
2025-07-08 19:00:00+00:00,Reinhardstraße 2,,,415.0,50.36504,8.73695,True
2025-07-08 20:00:00+00:00,Reinhardstraße 2,,,415.0,50.36504,8.73695,True
2025-07-08 21:00:00+00:00,Reinhardstraße 2,,,415.0,50.36504,8.73695,True
2025-07-08 22:00:00+00:00,Reinhardstraße 2,,,415.0,50.36504,8.73695,True
2025-07-08 23:00:00+00:00,Reinhardstraße 2,,,415.0,50.36504,8.73695,True
2025-07-09 00:00:00+00:00,Reinhardstraße 2,,,415.0,50.36504,8.73695,True
2025-07-09 01:00:00+00:00,Reinhardstraße 2,,,415.0,50.36504,8.73695,True
2025-07-09 02:00:00+00:00,Reinhardstraße 2,,,415.0,50.36504,8.73695,True
2025-07-09 03:00:00+00:00,Reinhardstraße 2,,,415.0,50.36504,8.73695,True
2025-07-09 04:00:00+00:00,Reinhardstraße 2,,,415.0,50.36504,8.73695,True
2025-07-09 05:00:00+00:00,Reinhardstraße 2,,,415.0,50.36504,8.73695,True
2025-07-09 06:00:00+00:00,Reinhardstraße 2,,,415.0,50.36504,8.73695,True
2025-07-09 07:00:00+00:00,Reinhardstraße 2,83.5,13.31,415.0,50.36504,8.73695,False
2025-07-09 08:00:00+00:00,Reinhardstraße 2,114.0,9.81,415.0,50.36504,8.73695,False
2025-07-09 09:00:00+00:00,Reinhardstraße 2,122.0,7.75,415.0,50.36504,8.73695,False
2025-07-09 10:00:00+00:00,Reinhardstraße 2,98.0,11.004999999999999,415.0,50.36504,8.73695,False
2025-07-09 11:00:00+00:00,Reinhardstraße 2,111.66666666666667,11.763333333333332,415.0,50.36504,8.73695,True
2025-07-09 12:00:00+00:00,Reinhardstraße 2,125.33333333333333,12.521666666666667,415.0,50.36504,8.73695,True
2025-07-09 13:00:00+00:00,Reinhardstraße 2,139.0,13.28,415.0,50.36504,8.73695,False
2025-07-09 14:00:00+00:00,Reinhardstraße 2,141.0,11.010000000000002,415.0,50.36504,8.73695,False
2025-07-09 15:00:00+00:00,Reinhardstraße 2,153.5,12.785,415.0,50.36504,8.73695,False
2025-07-09 16:00:00+00:00,Reinhardstraße 2,117.5,14.305,415.0,50.36504,8.73695,False
2025-07-09 17:00:00+00:00,Reinhardstraße 2,74.0,10.46,415.0,50.36504,8.73695,False
2025-07-09 18:00:00+00:00,Reinhardstraße 2,46.5,13.145,415.0,50.36504,8.73695,False
2025-07-09 19:00:00+00:00,Reinhardstraße 2,33.0,8.22,415.0,50.36504,8.73695,False
2025-07-09 20:00:00+00:00,Reinhardstraße 2,17.0,7.67,415.0,50.36504,8.73695,False
2025-07-09 21:00:00+00:00,Reinhardstraße 2,5.0,1.335,415.0,50.36504,8.73695,False
2025-07-09 22:00:00+00:00,Reinhardstraße 2,,,415.0,50.36504,8.73695,True
2025-07-09 23:00:00+00:00,Reinhardstraße 2,,,415.0,50.36504,8.73695,True
2025-07-10 00:00:00+00:00,Reinhardstraße 2,,,415.0,50.36504,8.73695,True
2025-07-10 01:00:00+00:00,Reinhardstraße 2,,,415.0,50.36504,8.73695,True
2025-07-10 02:00:00+00:00,Reinhardstraße 2,,,415.0,50.36504,8.73695,True
2025-07-10 03:00:00+00:00,Reinhardstraße 2,,,415.0,50.36504,8.73695,True
2025-07-10 04:00:00+00:00,Reinhardstraße 2,,,415.0,50.36504,8.73695,True
2025-07-10 05:00:00+00:00,Reinhardstraße 2,,,415.0,50.36504,8.73695,True
2025-07-10 06:00:00+00:00,Reinhardstraße 2,,,415.0,50.36504,8.73695,True
2025-07-10 07:00:00+00:00,Reinhardstraße 2,52.5,8.74,415.0,50.36504,8.73695,False
2025-07-10 08:00:00+00:00,Reinhardstraße 2,92.0,9.835,415.0,50.36504,8.73695,False
2025-07-10 09:00:00+00:00,Reinhardstraße 2,126.5,10.045,415.0,50.36504,8.73695,False
2025-07-10 10:00:00+00:00,Reinhardstraße 2,158.0,12.02,415.0,50.36504,8.73695,False
2025-07-10 11:00:00+00:00,Reinhardstraße 2,142.5,9.09,415.0,50.36504,8.73695,False
2025-07-10 12:00:00+00:00,Reinhardstraße 2,122.0,7.68,415.0,50.36504,8.73695,False
2025-07-10 13:00:00+00:00,Reinhardstraße 2,160.0,12.735,415.0,50.36504,8.73695,False
2025-07-10 14:00:00+00:00,Reinhardstraße 2,85.0,14.989999999999998,415.0,50.36504,8.73695,False
2025-07-10 15:00:00+00:00,Reinhardstraße 2,82.5,14.935,415.0,50.36504,8.73695,False
2025-07-10 16:00:00+00:00,Reinhardstraße 2,162.5,16.025,415.0,50.36504,8.73695,False
2025-07-10 17:00:00+00:00,Reinhardstraße 2,167.5,16.115,415.0,50.36504,8.73695,False
2025-07-10 18:00:00+00:00,Reinhardstraße 2,80.5,14.370000000000001,415.0,50.36504,8.73695,False
2025-07-10 19:00:00+00:00,Reinhardstraße 2,34.5,17.11,415.0,50.36504,8.73695,False
2025-07-10 20:00:00+00:00,Reinhardstraße 2,33.5,10.114999999999998,415.0,50.36504,8.73695,False
2025-07-10 21:00:00+00:00,Reinhardstraße 2,11.0,3.38,415.0,50.36504,8.73695,False
2025-07-10 22:00:00+00:00,Reinhardstraße 2,8.5,12.400000000000002,415.0,50.36504,8.73695,True
2025-07-10 23:00:00+00:00,Reinhardstraße 2,6.0,21.42,415.0,50.36504,8.73695,False
2025-07-11 00:00:00+00:00,Reinhardstraße 2,5.0,14.31,415.0,50.36504,8.73695,False
2025-07-11 01:00:00+00:00,Reinhardstraße 2,6.0,21.275,415.0,50.36504,8.73695,False
2025-07-11 02:00:00+00:00,Reinhardstraße 2,8.0,19.77,415.0,50.36504,8.73695,False
2025-07-11 03:00:00+00:00,Reinhardstraße 2,14.0,22.23,415.0,50.36504,8.73695,False
2025-07-11 04:00:00+00:00,Reinhardstraße 2,15.0,7.31,415.0,50.36504,8.73695,False
2025-07-11 05:00:00+00:00,Reinhardstraße 2,33.0,9.825,415.0,50.36504,8.73695,False
2025-07-11 06:00:00+00:00,Reinhardstraße 2,47.0,7.35,415.0,50.36504,8.73695,False
2025-07-11 07:00:00+00:00,Reinhardstraße 2,,,415.0,50.36504,8.73695,True
2025-07-11 08:00:00+00:00,Reinhardstraße 2,,,415.0,50.36504,8.73695,True
2025-07-11 09:00:00+00:00,Reinhardstraße 2,,,415.0,50.36504,8.73695,True
2025-07-11 10:00:00+00:00,Reinhardstraße 2,,,415.0,50.36504,8.73695,True
2025-07-11 11:00:00+00:00,Reinhardstraße 2,,,415.0,50.36504,8.73695,True
2025-07-11 12:00:00+00:00,Reinhardstraße 2,,,415.0,50.36504,8.73695,True
2025-07-11 13:00:00+00:00,Reinhardstraße 2,,,415.0,50.36504,8.73695,True
2025-07-11 14:00:00+00:00,Reinhardstraße 2,,,415.0,50.36504,8.73695,True
2025-07-11 15:00:00+00:00,Reinhardstraße 2,,,415.0,50.36504,8.73695,True
2025-07-11 16:00:00+00:00,Reinhardstraße 2,,,415.0,50.36504,8.73695,True
2025-07-11 17:00:00+00:00,Reinhardstraße 2,132.0,14.94,415.0,50.36504,8.73695,False
2025-07-11 18:00:00+00:00,Reinhardstraße 2,108.16666666666667,13.264999999999999,415.0,50.36504,8.73695,True
2025-07-11 19:00:00+00:00,Reinhardstraße 2,84.33333333333334,11.59,415.0,50.36504,8.73695,True
2025-07-11 20:00:00+00:00,Reinhardstraße 2,60.5,9.915,415.0,50.36504,8.73695,False
2025-07-11 21:00:00+00:00,Reinhardstraße 2,9.0,2.94,415.0,50.36504,8.73695,False
2025-07-11 22:00:00+00:00,Reinhardstraße 2,7.5,7.26,415.0,50.36504,8.73695,True
2025-07-11 23:00:00+00:00,Reinhardstraße 2,6.0,11.58,415.0,50.36504,8.73695,False
2025-07-12 00:00:00+00:00,Reinhardstraße 2,,,415.0,50.36504,8.73695,True
2025-07-12 01:00:00+00:00,Reinhardstraße 2,,,415.0,50.36504,8.73695,True
2025-07-12 02:00:00+00:00,Reinhardstraße 2,,,415.0,50.36504,8.73695,True
2025-07-12 03:00:00+00:00,Reinhardstraße 2,,,415.0,50.36504,8.73695,True
2025-07-12 04:00:00+00:00,Reinhardstraße 2,,,415.0,50.36504,8.73695,True
2025-07-12 05:00:00+00:00,Reinhardstraße 2,,,415.0,50.36504,8.73695,True
2025-07-12 06:00:00+00:00,Reinhardstraße 2,40.0,6.28,415.0,50.36504,8.73695,False
2025-07-12 07:00:00+00:00,Reinhardstraße 2,58.0,14.03,415.0,50.36504,8.73695,False
2025-07-12 08:00:00+00:00,Reinhardstraße 2,99.66666666666666,15.143333333333333,415.0,50.36504,8.73695,True
2025-07-12 09:00:00+00:00,Reinhardstraße 2,141.33333333333331,16.256666666666668,415.0,50.36504,8.73695,True
2025-07-12 10:00:00+00:00,Reinhardstraße 2,183.0,17.37,415.0,50.36504,8.73695,False
2025-07-12 11:00:00+00:00,Reinhardstraße 2,206.0,18.2,415.0,50.36504,8.73695,False
2025-07-12 12:00:00+00:00,Reinhardstraße 2,193.5,15.125,415.0,50.36504,8.73695,False
2025-07-12 13:00:00+00:00,Reinhardstraße 2,193.5,11.98,415.0,50.36504,8.73695,False
2025-07-12 14:00:00+00:00,Reinhardstraße 2,153.0,14.19,415.0,50.36504,8.73695,False
2025-07-12 15:00:00+00:00,Reinhardstraße 2,135.5,12.27,415.0,50.36504,8.73695,False
2025-07-12 16:00:00+00:00,Reinhardstraße 2,113.0,13.985,415.0,50.36504,8.73695,False
2025-07-12 17:00:00+00:00,Reinhardstraße 2,119.0,13.870000000000001,415.0,50.36504,8.73695,False
2025-07-12 18:00:00+00:00,Reinhardstraße 2,76.5,13.7,415.0,50.36504,8.73695,False
2025-07-12 19:00:00+00:00,Reinhardstraße 2,29.0,11.5,415.0,50.36504,8.73695,False
2025-07-12 20:00:00+00:00,Reinhardstraße 2,27.0,10.2,415.0,50.36504,8.73695,False
2025-07-12 21:00:00+00:00,Reinhardstraße 2,1.5,0.9199999999999999,415.0,50.36504,8.73695,False
2025-07-12 22:00:00+00:00,Reinhardstraße 2,30.0,14.0,415.0,50.36504,8.73695,False
2025-07-12 23:00:00+00:00,Reinhardstraße 2,9.0,18.689999999999998,415.0,50.36504,8.73695,False
2025-07-13 00:00:00+00:00,Reinhardstraße 2,6.0,13.685,415.0,50.36504,8.73695,False
2025-07-13 01:00:00+00:00,Reinhardstraße 2,7.0,19.79,415.0,50.36504,8.73695,False
2025-07-13 02:00:00+00:00,Reinhardstraße 2,3.0,28.990000000000002,415.0,50.36504,8.73695,False
2025-07-13 03:00:00+00:00,Reinhardstraße 2,4.0,4.27,415.0,50.36504,8.73695,False
2025-07-13 04:00:00+00:00,Reinhardstraße 2,,,415.0,50.36504,8.73695,True
2025-07-13 05:00:00+00:00,Reinhardstraße 2,,,415.0,50.36504,8.73695,True
2025-07-13 06:00:00+00:00,Reinhardstraße 2,,,415.0,50.36504,8.73695,True
2025-07-13 07:00:00+00:00,Reinhardstraße 2,,,415.0,50.36504,8.73695,True
2025-07-13 08:00:00+00:00,Reinhardstraße 2,,,415.0,50.36504,8.73695,True
2025-07-13 09:00:00+00:00,Reinhardstraße 2,,,415.0,50.36504,8.73695,True
2025-07-13 10:00:00+00:00,Reinhardstraße 2,,,415.0,50.36504,8.73695,True
2025-07-13 11:00:00+00:00,Reinhardstraße 2,,,415.0,50.36504,8.73695,True
2025-07-13 12:00:00+00:00,Reinhardstraße 2,,,415.0,50.36504,8.73695,True
2025-07-13 13:00:00+00:00,Reinhardstraße 2,,,415.0,50.36504,8.73695,True
2025-07-13 14:00:00+00:00,Reinhardstraße 2,,,415.0,50.36504,8.73695,True
2025-07-13 15:00:00+00:00,Reinhardstraße 2,,,415.0,50.36504,8.73695,True
2025-07-13 16:00:00+00:00,Reinhardstraße 2,,,415.0,50.36504,8.73695,True
2025-07-13 17:00:00+00:00,Reinhardstraße 2,,,415.0,50.36504,8.73695,True
2025-07-13 18:00:00+00:00,Reinhardstraße 2,,,415.0,50.36504,8.73695,True
2025-07-13 19:00:00+00:00,Reinhardstraße 2,,,415.0,50.36504,8.73695,True
2025-07-13 20:00:00+00:00,Reinhardstraße 2,,,415.0,50.36504,8.73695,True
2025-07-13 21:00:00+00:00,Reinhardstraße 2,1.0,0.935,415.0,50.36504,8.73695,False
2025-07-13 22:00:00+00:00,Reinhardstraße 2,5.0,20.612499999999997,415.0,50.36504,8.73695,True
2025-07-13 23:00:00+00:00,Reinhardstraße 2,9.0,40.29,415.0,50.36504,8.73695,False
2025-06-30 01:00:00+00:00,Rosengarten,,,415.0,50.36376,8.7421,True
2025-06-30 02:00:00+00:00,Rosengarten,0.0,0.0,415.0,50.36376,8.7421,False
2025-06-30 03:00:00+00:00,Rosengarten,5.0,36.93,415.0,50.36376,8.7421,False
2025-06-30 04:00:00+00:00,Rosengarten,10.0,2.98,415.0,50.36376,8.7421,False
2025-06-30 05:00:00+00:00,Rosengarten,12.0,7.625,415.0,50.36376,8.7421,False
2025-06-30 06:00:00+00:00,Rosengarten,18.0,4.404999999999999,415.0,50.36376,8.7421,False
2025-06-30 07:00:00+00:00,Rosengarten,18.0,13.85,415.0,50.36376,8.7421,False
2025-06-30 08:00:00+00:00,Rosengarten,36.75,14.5175,415.0,50.36376,8.7421,True
2025-06-30 09:00:00+00:00,Rosengarten,55.5,15.185,415.0,50.36376,8.7421,False
2025-06-30 10:00:00+00:00,Rosengarten,32.0,9.5,415.0,50.36376,8.7421,False
2025-06-30 11:00:00+00:00,Rosengarten,20.5,9.365,415.0,50.36376,8.7421,False
2025-06-30 12:00:00+00:00,Rosengarten,15.5,9.41,415.0,50.36376,8.7421,False
2025-06-30 13:00:00+00:00,Rosengarten,20.0,8.27,415.0,50.36376,8.7421,False
2025-06-30 14:00:00+00:00,Rosengarten,22.0,9.18,415.0,50.36376,8.7421,False
2025-06-30 15:00:00+00:00,Rosengarten,14.0,7.28,415.0,50.36376,8.7421,False
2025-06-30 16:00:00+00:00,Rosengarten,11.5,9.765,415.0,50.36376,8.7421,False
2025-06-30 17:00:00+00:00,Rosengarten,13.0,6.8,415.0,50.36376,8.7421,False
2025-06-30 18:00:00+00:00,Rosengarten,10.0,9.65,415.0,50.36376,8.7421,False
2025-06-30 19:00:00+00:00,Rosengarten,10.0,15.485,415.0,50.36376,8.7421,False
2025-06-30 20:00:00+00:00,Rosengarten,5.5,6.635,415.0,50.36376,8.7421,False
2025-06-30 21:00:00+00:00,Rosengarten,0.0,0.0,415.0,50.36376,8.7421,False
2025-06-30 22:00:00+00:00,Rosengarten,6.0,7.62,415.0,50.36376,8.7421,False
2025-06-30 23:00:00+00:00,Rosengarten,1.0,9.42,415.0,50.36376,8.7421,False
2025-07-01 00:00:00+00:00,Rosengarten,0.6666666666666667,6.279999999999999,415.0,50.36376,8.7421,True
2025-07-01 01:00:00+00:00,Rosengarten,0.33333333333333337,3.1399999999999997,415.0,50.36376,8.7421,True
2025-07-01 02:00:00+00:00,Rosengarten,0.0,0.0,415.0,50.36376,8.7421,False
2025-07-01 03:00:00+00:00,Rosengarten,2.0,8.19,415.0,50.36376,8.7421,False
2025-07-01 04:00:00+00:00,Rosengarten,12.0,7.5,415.0,50.36376,8.7421,False
2025-07-01 05:00:00+00:00,Rosengarten,16.0,19.055,415.0,50.36376,8.7421,False
2025-07-01 06:00:00+00:00,Rosengarten,26.0,10.46,415.0,50.36376,8.7421,False
2025-07-01 07:00:00+00:00,Rosengarten,19.0,9.77,415.0,50.36376,8.7421,False
2025-07-01 08:00:00+00:00,Rosengarten,24.0,11.780000000000001,415.0,50.36376,8.7421,False
2025-07-01 09:00:00+00:00,Rosengarten,26.5,5.915,415.0,50.36376,8.7421,False
2025-07-01 10:00:00+00:00,Rosengarten,18.0,6.715,415.0,50.36376,8.7421,False
2025-07-01 11:00:00+00:00,Rosengarten,21.0,7.71,415.0,50.36376,8.7421,False
2025-07-01 12:00:00+00:00,Rosengarten,8.0,24.15,415.0,50.36376,8.7421,False
2025-07-01 13:00:00+00:00,Rosengarten,8.0,8.754999999999999,415.0,50.36376,8.7421,False
2025-07-01 14:00:00+00:00,Rosengarten,18.0,15.38,415.0,50.36376,8.7421,False
2025-07-01 15:00:00+00:00,Rosengarten,56.0,12.37,415.0,50.36376,8.7421,False
2025-07-01 16:00:00+00:00,Rosengarten,22.0,18.630000000000003,415.0,50.36376,8.7421,False
2025-07-01 17:00:00+00:00,Rosengarten,23.0,14.315000000000001,415.0,50.36376,8.7421,False
2025-07-01 18:00:00+00:00,Rosengarten,12.0,11.145,415.0,50.36376,8.7421,False
2025-07-01 19:00:00+00:00,Rosengarten,13.0,7.94,415.0,50.36376,8.7421,False
2025-07-01 20:00:00+00:00,Rosengarten,4.0,8.17,415.0,50.36376,8.7421,False
2025-07-01 21:00:00+00:00,Rosengarten,4.0,10.745000000000001,415.0,50.36376,8.7421,True
2025-07-01 22:00:00+00:00,Rosengarten,4.0,13.32,415.0,50.36376,8.7421,False
2025-07-01 23:00:00+00:00,Rosengarten,3.0,2.245,415.0,50.36376,8.7421,False
2025-07-02 00:00:00+00:00,Rosengarten,2.0,1.4966666666666666,415.0,50.36376,8.7421,True
2025-07-02 01:00:00+00:00,Rosengarten,1.0,0.7483333333333333,415.0,50.36376,8.7421,True
2025-07-02 02:00:00+00:00,Rosengarten,0.0,0.0,415.0,50.36376,8.7421,False
2025-07-02 03:00:00+00:00,Rosengarten,1.0,0.5,415.0,50.36376,8.7421,False
2025-07-02 04:00:00+00:00,Rosengarten,7.0,6.45,415.0,50.36376,8.7421,False
2025-07-02 05:00:00+00:00,Rosengarten,11.0,3.395,415.0,50.36376,8.7421,False
2025-07-02 06:00:00+00:00,Rosengarten,13.0,6.3,415.0,50.36376,8.7421,False
2025-07-02 07:00:00+00:00,Rosengarten,26.0,8.41,415.0,50.36376,8.7421,False
2025-07-02 08:00:00+00:00,Rosengarten,30.0,15.775,415.0,50.36376,8.7421,False
2025-07-02 09:00:00+00:00,Rosengarten,22.0,10.24,415.0,50.36376,8.7421,False
2025-07-02 10:00:00+00:00,Rosengarten,18.0,11.08,415.0,50.36376,8.7421,False
2025-07-02 11:00:00+00:00,Rosengarten,15.0,9.28,415.0,50.36376,8.7421,False
2025-07-02 12:00:00+00:00,Rosengarten,8.0,8.43,415.0,50.36376,8.7421,False
2025-07-02 13:00:00+00:00,Rosengarten,13.0,5.06,415.0,50.36376,8.7421,False
2025-07-02 14:00:00+00:00,Rosengarten,9.0,8.52,415.0,50.36376,8.7421,False
2025-07-02 15:00:00+00:00,Rosengarten,26.0,10.18,415.0,50.36376,8.7421,False
2025-07-02 16:00:00+00:00,Rosengarten,13.0,4.17,415.0,50.36376,8.7421,False
2025-07-02 17:00:00+00:00,Rosengarten,14.0,7.55,415.0,50.36376,8.7421,False
2025-07-02 18:00:00+00:00,Rosengarten,16.0,11.995000000000001,415.0,50.36376,8.7421,False
2025-07-02 19:00:00+00:00,Rosengarten,8.0,7.32,415.0,50.36376,8.7421,False
2025-07-02 20:00:00+00:00,Rosengarten,4.5,9.49,415.0,50.36376,8.7421,False
2025-07-02 21:00:00+00:00,Rosengarten,3.6666666666666665,9.11,415.0,50.36376,8.7421,True
2025-07-02 22:00:00+00:00,Rosengarten,2.833333333333333,8.73,415.0,50.36376,8.7421,True
2025-07-02 23:00:00+00:00,Rosengarten,2.0,8.35,415.0,50.36376,8.7421,False
2025-07-03 00:00:00+00:00,Rosengarten,1.0,4.175,415.0,50.36376,8.7421,True
2025-07-03 01:00:00+00:00,Rosengarten,0.0,0.0,415.0,50.36376,8.7421,False
2025-07-03 02:00:00+00:00,Rosengarten,1.0,18.455,415.0,50.36376,8.7421,False
2025-07-03 03:00:00+00:00,Rosengarten,1.0,6.48,415.0,50.36376,8.7421,False
2025-07-03 04:00:00+00:00,Rosengarten,10.0,7.035,415.0,50.36376,8.7421,False
2025-07-03 05:00:00+00:00,Rosengarten,6.0,6.78,415.0,50.36376,8.7421,False
2025-07-03 06:00:00+00:00,Rosengarten,9.5,9.370000000000001,415.0,50.36376,8.7421,False
2025-07-03 07:00:00+00:00,Rosengarten,16.0,6.29,415.0,50.36376,8.7421,False
2025-07-03 08:00:00+00:00,Rosengarten,26.0,10.254999999999999,415.0,50.36376,8.7421,False
2025-07-03 09:00:00+00:00,Rosengarten,31.0,9.415,415.0,50.36376,8.7421,False
2025-07-03 10:00:00+00:00,Rosengarten,73.0,12.185,415.0,50.36376,8.7421,False
2025-07-03 11:00:00+00:00,Rosengarten,20.0,8.385,415.0,50.36376,8.7421,False
2025-07-03 12:00:00+00:00,Rosengarten,40.5,15.14,415.0,50.36376,8.7421,False
2025-07-03 13:00:00+00:00,Rosengarten,68.0,13.875,415.0,50.36376,8.7421,False
2025-07-03 14:00:00+00:00,Rosengarten,61.0,12.965,415.0,50.36376,8.7421,False
2025-07-03 15:00:00+00:00,Rosengarten,44.0,10.16,415.0,50.36376,8.7421,False
2025-07-03 16:00:00+00:00,Rosengarten,24.5,12.094999999999999,415.0,50.36376,8.7421,False
2025-07-03 17:00:00+00:00,Rosengarten,31.5,13.83,415.0,50.36376,8.7421,False
2025-07-03 18:00:00+00:00,Rosengarten,28.0,7.88,415.0,50.36376,8.7421,False
2025-07-03 19:00:00+00:00,Rosengarten,14.5,22.85,415.0,50.36376,8.7421,False
2025-07-03 20:00:00+00:00,Rosengarten,6.0,9.23,415.0,50.36376,8.7421,False
2025-07-03 21:00:00+00:00,Rosengarten,0.0,0.0,415.0,50.36376,8.7421,False
2025-07-03 22:00:00+00:00,Rosengarten,5.0,0.63,415.0,50.36376,8.7421,False
2025-07-03 23:00:00+00:00,Rosengarten,4.0,1.83,415.0,50.36376,8.7421,False
2025-07-04 00:00:00+00:00,Rosengarten,2.0,0.915,415.0,50.36376,8.7421,True
2025-07-04 01:00:00+00:00,Rosengarten,0.0,0.0,415.0,50.36376,8.7421,False
2025-07-04 02:00:00+00:00,Rosengarten,1.0,0.72,415.0,50.36376,8.7421,False
2025-07-04 03:00:00+00:00,Rosengarten,2.0,1.37,415.0,50.36376,8.7421,False
2025-07-04 04:00:00+00:00,Rosengarten,9.0,6.66,415.0,50.36376,8.7421,False
2025-07-04 05:00:00+00:00,Rosengarten,29.0,9.5,415.0,50.36376,8.7421,False
2025-07-04 06:00:00+00:00,Rosengarten,39.0,22.060000000000002,415.0,50.36376,8.7421,False
2025-07-04 07:00:00+00:00,Rosengarten,33.0,11.835,415.0,50.36376,8.7421,False
2025-07-04 08:00:00+00:00,Rosengarten,35.5,11.495000000000001,415.0,50.36376,8.7421,False
2025-07-04 09:00:00+00:00,Rosengarten,57.5,14.66,415.0,50.36376,8.7421,False
2025-07-04 10:00:00+00:00,Rosengarten,42.5,13.21,415.0,50.36376,8.7421,False
2025-07-04 11:00:00+00:00,Rosengarten,44.5,10.620000000000001,415.0,50.36376,8.7421,False
2025-07-04 12:00:00+00:00,Rosengarten,52.0,18.47,415.0,50.36376,8.7421,False
2025-07-04 13:00:00+00:00,Rosengarten,21.0,4.07,415.0,50.36376,8.7421,False
2025-07-04 14:00:00+00:00,Rosengarten,15.0,1.7149999999999999,415.0,50.36376,8.7421,False
2025-07-04 15:00:00+00:00,Rosengarten,58.0,10.245000000000001,415.0,50.36376,8.7421,False
2025-07-04 16:00:00+00:00,Rosengarten,96.0,15.11,415.0,50.36376,8.7421,False
2025-07-04 17:00:00+00:00,Rosengarten,120.0,15.765,415.0,50.36376,8.7421,False
2025-07-04 18:00:00+00:00,Rosengarten,79.0,19.52,415.0,50.36376,8.7421,False
2025-07-04 19:00:00+00:00,Rosengarten,54.0,10.0,415.0,50.36376,8.7421,False
2025-07-04 20:00:00+00:00,Rosengarten,13.5,7.035,415.0,50.36376,8.7421,False
2025-07-04 21:00:00+00:00,Rosengarten,2.0,10.0,415.0,50.36376,8.7421,False
2025-07-04 22:00:00+00:00,Rosengarten,19.0,15.105,415.0,50.36376,8.7421,False
2025-07-04 23:00:00+00:00,Rosengarten,,,415.0,50.36376,8.7421,True
2025-07-05 00:00:00+00:00,Rosengarten,,,415.0,50.36376,8.7421,True
2025-07-05 01:00:00+00:00,Rosengarten,,,415.0,50.36376,8.7421,True
2025-07-05 02:00:00+00:00,Rosengarten,,,415.0,50.36376,8.7421,True
2025-07-05 03:00:00+00:00,Rosengarten,0.0,0.0,415.0,50.36376,8.7421,False
2025-07-05 04:00:00+00:00,Rosengarten,3.0,9.025,415.0,50.36376,8.7421,False
2025-07-05 05:00:00+00:00,Rosengarten,5.0,3.53,415.0,50.36376,8.7421,False
2025-07-05 06:00:00+00:00,Rosengarten,2.5,5.109999999999999,415.0,50.36376,8.7421,False
2025-07-05 07:00:00+00:00,Rosengarten,1.25,2.5549999999999997,415.0,50.36376,8.7421,True
2025-07-05 08:00:00+00:00,Rosengarten,0.0,0.0,415.0,50.36376,8.7421,False
2025-07-05 09:00:00+00:00,Rosengarten,35.5,6.68,415.0,50.36376,8.7421,False
2025-07-05 10:00:00+00:00,Rosengarten,67.5,8.355,415.0,50.36376,8.7421,False
2025-07-05 11:00:00+00:00,Rosengarten,106.0,13.64,415.0,50.36376,8.7421,False
2025-07-05 12:00:00+00:00,Rosengarten,90.0,14.434999999999999,415.0,50.36376,8.7421,False
2025-07-05 13:00:00+00:00,Rosengarten,83.0,10.61,415.0,50.36376,8.7421,False
2025-07-05 14:00:00+00:00,Rosengarten,64.33333333333333,9.17,415.0,50.36376,8.7421,True
2025-07-05 15:00:00+00:00,Rosengarten,45.666666666666664,7.73,415.0,50.36376,8.7421,True
2025-07-05 16:00:00+00:00,Rosengarten,27.0,6.29,415.0,50.36376,8.7421,False
2025-07-05 17:00:00+00:00,Rosengarten,36.5,16.925,415.0,50.36376,8.7421,False
2025-07-05 18:00:00+00:00,Rosengarten,35.0,10.12,415.0,50.36376,8.7421,False
2025-07-05 19:00:00+00:00,Rosengarten,8.0,16.4,415.0,50.36376,8.7421,False
2025-07-05 20:00:00+00:00,Rosengarten,4.0,8.2,415.0,50.36376,8.7421,True
2025-07-05 21:00:00+00:00,Rosengarten,0.0,0.0,415.0,50.36376,8.7421,False
2025-07-05 22:00:00+00:00,Rosengarten,9.0,5.19,415.0,50.36376,8.7421,False
2025-07-05 23:00:00+00:00,Rosengarten,4.5,2.595,415.0,50.36376,8.7421,True
2025-07-06 00:00:00+00:00,Rosengarten,0.0,0.0,415.0,50.36376,8.7421,False
2025-07-06 01:00:00+00:00,Rosengarten,0.0,0.0,415.0,50.36376,8.7421,True
2025-07-06 02:00:00+00:00,Rosengarten,0.0,0.0,415.0,50.36376,8.7421,True
2025-07-06 03:00:00+00:00,Rosengarten,0.0,0.0,415.0,50.36376,8.7421,False
2025-07-06 04:00:00+00:00,Rosengarten,1.0,7.445,415.0,50.36376,8.7421,True
2025-07-06 05:00:00+00:00,Rosengarten,2.0,14.89,415.0,50.36376,8.7421,False
2025-07-06 06:00:00+00:00,Rosengarten,12.0,7.135,415.0,50.36376,8.7421,False
2025-07-06 07:00:00+00:00,Rosengarten,19.5,9.81,415.0,50.36376,8.7421,False
2025-07-06 08:00:00+00:00,Rosengarten,29.0,6.95,415.0,50.36376,8.7421,False
2025-07-06 09:00:00+00:00,Rosengarten,51.0,7.2299999999999995,415.0,50.36376,8.7421,False
2025-07-06 10:00:00+00:00,Rosengarten,41.0,5.615,415.0,50.36376,8.7421,False
2025-07-06 11:00:00+00:00,Rosengarten,54.0,13.0,415.0,50.36376,8.7421,False
2025-07-06 12:00:00+00:00,Rosengarten,70.0,23.47,415.0,50.36376,8.7421,False
2025-07-06 13:00:00+00:00,Rosengarten,129.0,15.22,415.0,50.36376,8.7421,False
2025-07-06 14:00:00+00:00,Rosengarten,110.0,11.51,415.0,50.36376,8.7421,False
2025-07-06 15:00:00+00:00,Rosengarten,78.0,12.51,415.0,50.36376,8.7421,False
2025-07-06 16:00:00+00:00,Rosengarten,11.0,5.79,415.0,50.36376,8.7421,False
2025-07-06 17:00:00+00:00,Rosengarten,8.0,8.18,415.0,50.36376,8.7421,False
2025-07-06 18:00:00+00:00,Rosengarten,17.0,10.58,415.0,50.36376,8.7421,False
2025-07-06 19:00:00+00:00,Rosengarten,8.5,5.29,415.0,50.36376,8.7421,True
2025-07-06 20:00:00+00:00,Rosengarten,0.0,0.0,415.0,50.36376,8.7421,False
2025-07-06 21:00:00+00:00,Rosengarten,1.0,1.0,415.0,50.36376,8.7421,False
2025-07-06 22:00:00+00:00,Rosengarten,0.6666666666666667,0.6666666666666667,415.0,50.36376,8.7421,True
2025-07-06 23:00:00+00:00,Rosengarten,0.33333333333333337,0.33333333333333337,415.0,50.36376,8.7421,True
2025-07-07 00:00:00+00:00,Rosengarten,0.0,0.0,415.0,50.36376,8.7421,False
2025-07-07 01:00:00+00:00,Rosengarten,0.0,0.0,415.0,50.36376,8.7421,True
2025-07-07 02:00:00+00:00,Rosengarten,0.0,0.0,415.0,50.36376,8.7421,False
2025-07-07 03:00:00+00:00,Rosengarten,2.5,8.245,415.0,50.36376,8.7421,False
2025-07-07 04:00:00+00:00,Rosengarten,10.0,12.41,415.0,50.36376,8.7421,False
2025-07-07 05:00:00+00:00,Rosengarten,8.5,3.26,415.0,50.36376,8.7421,False
2025-07-07 06:00:00+00:00,Rosengarten,9.0,6.57,415.0,50.36376,8.7421,False
2025-07-07 07:00:00+00:00,Rosengarten,15.0,7.4,415.0,50.36376,8.7421,False
2025-07-07 08:00:00+00:00,Rosengarten,25.0,11.34,415.0,50.36376,8.7421,False
2025-07-07 09:00:00+00:00,Rosengarten,33.0,7.08,415.0,50.36376,8.7421,False
2025-07-07 10:00:00+00:00,Rosengarten,15.0,9.005,415.0,50.36376,8.7421,False
2025-07-07 11:00:00+00:00,Rosengarten,14.5,6.8825,415.0,50.36376,8.7421,True
2025-07-07 12:00:00+00:00,Rosengarten,14.0,4.76,415.0,50.36376,8.7421,False
2025-07-07 13:00:00+00:00,Rosengarten,39.0,12.21,415.0,50.36376,8.7421,False
2025-07-07 14:00:00+00:00,Rosengarten,33.5,11.280000000000001,415.0,50.36376,8.7421,False
2025-07-07 15:00:00+00:00,Rosengarten,21.0,9.95,415.0,50.36376,8.7421,False
2025-07-07 16:00:00+00:00,Rosengarten,32.0,9.99,415.0,50.36376,8.7421,False
2025-07-07 17:00:00+00:00,Rosengarten,6.0,3.6,415.0,50.36376,8.7421,False
2025-07-07 18:00:00+00:00,Rosengarten,6.0,5.11,415.0,50.36376,8.7421,False
2025-07-07 19:00:00+00:00,Rosengarten,,,415.0,50.36376,8.7421,True
2025-07-07 20:00:00+00:00,Rosengarten,,,415.0,50.36376,8.7421,True
2025-07-07 21:00:00+00:00,Rosengarten,,,415.0,50.36376,8.7421,True
2025-07-07 22:00:00+00:00,Rosengarten,,,415.0,50.36376,8.7421,True
2025-07-07 23:00:00+00:00,Rosengarten,1.0,20.0,415.0,50.36376,8.7421,False
2025-07-08 00:00:00+00:00,Rosengarten,2.0,7.88,415.0,50.36376,8.7421,False
2025-07-08 01:00:00+00:00,Rosengarten,,,415.0,50.36376,8.7421,True
2025-07-08 02:00:00+00:00,Rosengarten,,,415.0,50.36376,8.7421,True
2025-07-08 03:00:00+00:00,Rosengarten,,,415.0,50.36376,8.7421,True
2025-07-08 04:00:00+00:00,Rosengarten,,,415.0,50.36376,8.7421,True
2025-07-08 05:00:00+00:00,Rosengarten,5.0,0.815,415.0,50.36376,8.7421,False
2025-07-08 06:00:00+00:00,Rosengarten,13.0,8.27,415.0,50.36376,8.7421,False
2025-07-08 07:00:00+00:00,Rosengarten,12.5,11.905000000000001,415.0,50.36376,8.7421,False
2025-07-08 08:00:00+00:00,Rosengarten,30.25,10.4025,415.0,50.36376,8.7421,True
2025-07-08 09:00:00+00:00,Rosengarten,48.0,8.9,415.0,50.36376,8.7421,False
2025-07-08 10:00:00+00:00,Rosengarten,21.0,6.54,415.0,50.36376,8.7421,False
2025-07-08 11:00:00+00:00,Rosengarten,28.5,10.05,415.0,50.36376,8.7421,False
2025-07-08 12:00:00+00:00,Rosengarten,40.0,12.38,415.0,50.36376,8.7421,False
2025-07-08 13:00:00+00:00,Rosengarten,49.0,7.77,415.0,50.36376,8.7421,False
2025-07-08 14:00:00+00:00,Rosengarten,,,415.0,50.36376,8.7421,True
2025-07-08 15:00:00+00:00,Rosengarten,,,415.0,50.36376,8.7421,True
2025-07-08 16:00:00+00:00,Rosengarten,,,415.0,50.36376,8.7421,True
2025-07-08 17:00:00+00:00,Rosengarten,,,415.0,50.36376,8.7421,True
2025-07-08 18:00:00+00:00,Rosengarten,,,415.0,50.36376,8.7421,True
2025-07-08 19:00:00+00:00,Rosengarten,,,415.0,50.36376,8.7421,True
2025-07-08 20:00:00+00:00,Rosengarten,,,415.0,50.36376,8.7421,True
2025-07-08 21:00:00+00:00,Rosengarten,,,415.0,50.36376,8.7421,True
2025-07-08 22:00:00+00:00,Rosengarten,,,415.0,50.36376,8.7421,True
2025-07-08 23:00:00+00:00,Rosengarten,,,415.0,50.36376,8.7421,True
2025-07-09 00:00:00+00:00,Rosengarten,,,415.0,50.36376,8.7421,True
2025-07-09 01:00:00+00:00,Rosengarten,,,415.0,50.36376,8.7421,True
2025-07-09 02:00:00+00:00,Rosengarten,,,415.0,50.36376,8.7421,True
2025-07-09 03:00:00+00:00,Rosengarten,,,415.0,50.36376,8.7421,True
2025-07-09 04:00:00+00:00,Rosengarten,,,415.0,50.36376,8.7421,True
2025-07-09 05:00:00+00:00,Rosengarten,,,415.0,50.36376,8.7421,True
2025-07-09 06:00:00+00:00,Rosengarten,,,415.0,50.36376,8.7421,True
2025-07-09 07:00:00+00:00,Rosengarten,19.5,8.29,415.0,50.36376,8.7421,False
2025-07-09 08:00:00+00:00,Rosengarten,20.0,9.27,415.0,50.36376,8.7421,False
2025-07-09 09:00:00+00:00,Rosengarten,37.0,7.4,415.0,50.36376,8.7421,False
2025-07-09 10:00:00+00:00,Rosengarten,26.5,10.98,415.0,50.36376,8.7421,False
2025-07-09 11:00:00+00:00,Rosengarten,33.0,11.286666666666667,415.0,50.36376,8.7421,True
2025-07-09 12:00:00+00:00,Rosengarten,39.5,11.593333333333334,415.0,50.36376,8.7421,True
2025-07-09 13:00:00+00:00,Rosengarten,46.0,11.9,415.0,50.36376,8.7421,False
2025-07-09 14:00:00+00:00,Rosengarten,54.0,11.31,415.0,50.36376,8.7421,False
2025-07-09 15:00:00+00:00,Rosengarten,41.0,11.485,415.0,50.36376,8.7421,False
2025-07-09 16:00:00+00:00,Rosengarten,14.0,9.55,415.0,50.36376,8.7421,False
2025-07-09 17:00:00+00:00,Rosengarten,22.0,10.36,415.0,50.36376,8.7421,False
2025-07-09 18:00:00+00:00,Rosengarten,19.0,11.49,415.0,50.36376,8.7421,False
2025-07-09 19:00:00+00:00,Rosengarten,14.0,9.16,415.0,50.36376,8.7421,False
2025-07-09 20:00:00+00:00,Rosengarten,9.0,11.22,415.0,50.36376,8.7421,False
2025-07-09 21:00:00+00:00,Rosengarten,0.0,0.0,415.0,50.36376,8.7421,False
2025-07-09 22:00:00+00:00,Rosengarten,,,415.0,50.36376,8.7421,True
2025-07-09 23:00:00+00:00,Rosengarten,,,415.0,50.36376,8.7421,True
2025-07-10 00:00:00+00:00,Rosengarten,,,415.0,50.36376,8.7421,True
2025-07-10 01:00:00+00:00,Rosengarten,,,415.0,50.36376,8.7421,True
2025-07-10 02:00:00+00:00,Rosengarten,,,415.0,50.36376,8.7421,True
2025-07-10 03:00:00+00:00,Rosengarten,,,415.0,50.36376,8.7421,True
2025-07-10 04:00:00+00:00,Rosengarten,,,415.0,50.36376,8.7421,True
2025-07-10 05:00:00+00:00,Rosengarten,,,415.0,50.36376,8.7421,True
2025-07-10 06:00:00+00:00,Rosengarten,,,415.0,50.36376,8.7421,True
2025-07-10 07:00:00+00:00,Rosengarten,21.5,8.875,415.0,50.36376,8.7421,False
2025-07-10 08:00:00+00:00,Rosengarten,27.5,12.579999999999998,415.0,50.36376,8.7421,False
2025-07-10 09:00:00+00:00,Rosengarten,37.5,12.535,415.0,50.36376,8.7421,False
2025-07-10 10:00:00+00:00,Rosengarten,42.0,9.34,415.0,50.36376,8.7421,False
2025-07-10 11:00:00+00:00,Rosengarten,45.5,10.565000000000001,415.0,50.36376,8.7421,False
2025-07-10 12:00:00+00:00,Rosengarten,30.5,7.87,415.0,50.36376,8.7421,False
2025-07-10 13:00:00+00:00,Rosengarten,49.0,10.879999999999999,415.0,50.36376,8.7421,False
2025-07-10 14:00:00+00:00,Rosengarten,65.0,12.705,415.0,50.36376,8.7421,False
2025-07-10 15:00:00+00:00,Rosengarten,147.0,12.18,415.0,50.36376,8.7421,False
2025-07-10 16:00:00+00:00,Rosengarten,172.0,14.655000000000001,415.0,50.36376,8.7421,False
2025-07-10 17:00:00+00:00,Rosengarten,167.5,12.665,415.0,50.36376,8.7421,False
2025-07-10 18:00:00+00:00,Rosengarten,94.0,18.38,415.0,50.36376,8.7421,False
2025-07-10 19:00:00+00:00,Rosengarten,117.0,15.09,415.0,50.36376,8.7421,False
2025-07-10 20:00:00+00:00,Rosengarten,36.5,8.940000000000001,415.0,50.36376,8.7421,False
2025-07-10 21:00:00+00:00,Rosengarten,1.0,8.05,415.0,50.36376,8.7421,False
2025-07-10 22:00:00+00:00,Rosengarten,14.0,35.75,415.0,50.36376,8.7421,False
2025-07-10 23:00:00+00:00,Rosengarten,9.333333333333332,23.833333333333336,415.0,50.36376,8.7421,True
2025-07-11 00:00:00+00:00,Rosengarten,4.666666666666666,11.916666666666668,415.0,50.36376,8.7421,True
2025-07-11 01:00:00+00:00,Rosengarten,0.0,0.0,415.0,50.36376,8.7421,False
2025-07-11 02:00:00+00:00,Rosengarten,1.0,5.33,415.0,50.36376,8.7421,False
2025-07-11 03:00:00+00:00,Rosengarten,1.0,0.67,415.0,50.36376,8.7421,False
2025-07-11 04:00:00+00:00,Rosengarten,8.0,11.74,415.0,50.36376,8.7421,False
2025-07-11 05:00:00+00:00,Rosengarten,8.0,7.25,415.0,50.36376,8.7421,False
2025-07-11 06:00:00+00:00,Rosengarten,13.0,3.0,415.0,50.36376,8.7421,False
2025-07-11 07:00:00+00:00,Rosengarten,,,415.0,50.36376,8.7421,True
2025-07-11 08:00:00+00:00,Rosengarten,,,415.0,50.36376,8.7421,True
2025-07-11 09:00:00+00:00,Rosengarten,,,415.0,50.36376,8.7421,True
2025-07-11 10:00:00+00:00,Rosengarten,,,415.0,50.36376,8.7421,True
2025-07-11 11:00:00+00:00,Rosengarten,,,415.0,50.36376,8.7421,True
2025-07-11 12:00:00+00:00,Rosengarten,,,415.0,50.36376,8.7421,True
2025-07-11 13:00:00+00:00,Rosengarten,,,415.0,50.36376,8.7421,True
2025-07-11 14:00:00+00:00,Rosengarten,,,415.0,50.36376,8.7421,True
2025-07-11 15:00:00+00:00,Rosengarten,,,415.0,50.36376,8.7421,True
2025-07-11 16:00:00+00:00,Rosengarten,,,415.0,50.36376,8.7421,True
2025-07-11 17:00:00+00:00,Rosengarten,108.0,18.32,415.0,50.36376,8.7421,False
2025-07-11 18:00:00+00:00,Rosengarten,66.0,13.405000000000001,415.0,50.36376,8.7421,True
2025-07-11 19:00:00+00:00,Rosengarten,24.0,8.49,415.0,50.36376,8.7421,False
2025-07-11 20:00:00+00:00,Rosengarten,15.0,4.105,415.0,50.36376,8.7421,False
2025-07-11 21:00:00+00:00,Rosengarten,6.0,4.22,415.0,50.36376,8.7421,False
2025-07-11 22:00:00+00:00,Rosengarten,8.0,3.47,415.0,50.36376,8.7421,False
2025-07-11 23:00:00+00:00,Rosengarten,,,415.0,50.36376,8.7421,True
2025-07-12 00:00:00+00:00,Rosengarten,,,415.0,50.36376,8.7421,True
2025-07-12 01:00:00+00:00,Rosengarten,,,415.0,50.36376,8.7421,True
2025-07-12 02:00:00+00:00,Rosengarten,,,415.0,50.36376,8.7421,True
2025-07-12 03:00:00+00:00,Rosengarten,,,415.0,50.36376,8.7421,True
2025-07-12 04:00:00+00:00,Rosengarten,,,415.0,50.36376,8.7421,True
2025-07-12 05:00:00+00:00,Rosengarten,7.0,7.89,415.0,50.36376,8.7421,False
2025-07-12 06:00:00+00:00,Rosengarten,12.5,5.845,415.0,50.36376,8.7421,True
2025-07-12 07:00:00+00:00,Rosengarten,18.0,3.8,415.0,50.36376,8.7421,False
2025-07-12 08:00:00+00:00,Rosengarten,35.33333333333333,6.221666666666666,415.0,50.36376,8.7421,True
2025-07-12 09:00:00+00:00,Rosengarten,52.666666666666664,8.643333333333333,415.0,50.36376,8.7421,True
2025-07-12 10:00:00+00:00,Rosengarten,70.0,11.065,415.0,50.36376,8.7421,False
2025-07-12 11:00:00+00:00,Rosengarten,58.0,10.17,415.0,50.36376,8.7421,False
2025-07-12 12:00:00+00:00,Rosengarten,93.0,15.07,415.0,50.36376,8.7421,False
2025-07-12 13:00:00+00:00,Rosengarten,112.0,12.79,415.0,50.36376,8.7421,False
2025-07-12 14:00:00+00:00,Rosengarten,116.5,16.125,415.0,50.36376,8.7421,False
2025-07-12 15:00:00+00:00,Rosengarten,77.5,9.3,415.0,50.36376,8.7421,False
2025-07-12 16:00:00+00:00,Rosengarten,36.0,20.15,415.0,50.36376,8.7421,False
2025-07-12 17:00:00+00:00,Rosengarten,23.0,29.65,415.0,50.36376,8.7421,False
2025-07-12 18:00:00+00:00,Rosengarten,19.5,9.685,415.0,50.36376,8.7421,False
2025-07-12 19:00:00+00:00,Rosengarten,19.0,3.68,415.0,50.36376,8.7421,False
2025-07-12 20:00:00+00:00,Rosengarten,4.5,3.515,415.0,50.36376,8.7421,False
2025-07-12 21:00:00+00:00,Rosengarten,3.0,1.94,415.0,50.36376,8.7421,False
2025-07-12 22:00:00+00:00,Rosengarten,2.0,3.58,415.0,50.36376,8.7421,False
2025-07-12 23:00:00+00:00,Rosengarten,3.0,2.01,415.0,50.36376,8.7421,False
2025-07-13 00:00:00+00:00,Rosengarten,2.0,4.87,415.0,50.36376,8.7421,False
2025-07-13 01:00:00+00:00,Rosengarten,1.3333333333333335,3.246666666666667,415.0,50.36376,8.7421,True
2025-07-13 02:00:00+00:00,Rosengarten,0.6666666666666667,1.6233333333333335,415.0,50.36376,8.7421,True
2025-07-13 03:00:00+00:00,Rosengarten,0.0,0.0,415.0,50.36376,8.7421,False
2025-07-13 04:00:00+00:00,Rosengarten,1.0,1.87,415.0,50.36376,8.7421,False
2025-07-13 05:00:00+00:00,Rosengarten,,,415.0,50.36376,8.7421,True
2025-07-13 06:00:00+00:00,Rosengarten,,,415.0,50.36376,8.7421,True
2025-07-13 07:00:00+00:00,Rosengarten,,,415.0,50.36376,8.7421,True
2025-07-13 08:00:00+00:00,Rosengarten,,,415.0,50.36376,8.7421,True
2025-07-13 09:00:00+00:00,Rosengarten,,,415.0,50.36376,8.7421,True
2025-07-13 10:00:00+00:00,Rosengarten,,,415.0,50.36376,8.7421,True
2025-07-13 11:00:00+00:00,Rosengarten,,,415.0,50.36376,8.7421,True
2025-07-13 12:00:00+00:00,Rosengarten,,,415.0,50.36376,8.7421,True
2025-07-13 13:00:00+00:00,Rosengarten,,,415.0,50.36376,8.7421,True
2025-07-13 14:00:00+00:00,Rosengarten,,,415.0,50.36376,8.7421,True
2025-07-13 15:00:00+00:00,Rosengarten,,,415.0,50.36376,8.7421,True
2025-07-13 16:00:00+00:00,Rosengarten,,,415.0,50.36376,8.7421,True
2025-07-13 17:00:00+00:00,Rosengarten,,,415.0,50.36376,8.7421,True
2025-07-13 18:00:00+00:00,Rosengarten,,,415.0,50.36376,8.7421,True
2025-07-13 19:00:00+00:00,Rosengarten,,,415.0,50.36376,8.7421,True
2025-07-13 20:00:00+00:00,Rosengarten,,,415.0,50.36376,8.7421,True
2025-07-13 21:00:00+00:00,Rosengarten,0.0,0.0,415.0,50.36376,8.7421,False
2025-07-13 22:00:00+00:00,Rosengarten,5.0,2.21,415.0,50.36376,8.7421,False
2025-07-13 23:00:00+00:00,Rosengarten,,,415.0,50.36376,8.7421,True
2025-06-30 01:00:00+00:00,Schulstraße 6,4.0,11.64,415.0,50.36414,8.73768,False
2025-06-30 02:00:00+00:00,Schulstraße 6,4.0,14.3,415.0,50.36414,8.73768,False
2025-06-30 03:00:00+00:00,Schulstraße 6,5.0,12.5,415.0,50.36414,8.73768,False
2025-06-30 04:00:00+00:00,Schulstraße 6,2.0,1.07,415.0,50.36414,8.73768,False
2025-06-30 05:00:00+00:00,Schulstraße 6,8.0,2.95,415.0,50.36414,8.73768,False
2025-06-30 06:00:00+00:00,Schulstraße 6,21.0,10.184999999999999,415.0,50.36414,8.73768,False
2025-06-30 07:00:00+00:00,Schulstraße 6,20.5,11.51,415.0,50.36414,8.73768,False
2025-06-30 08:00:00+00:00,Schulstraße 6,22.25,10.245000000000001,415.0,50.36414,8.73768,True
2025-06-30 09:00:00+00:00,Schulstraße 6,24.0,8.98,415.0,50.36414,8.73768,False
2025-06-30 10:00:00+00:00,Schulstraße 6,28.0,7.49,415.0,50.36414,8.73768,False
2025-06-30 11:00:00+00:00,Schulstraße 6,18.0,9.95,415.0,50.36414,8.73768,False
2025-06-30 12:00:00+00:00,Schulstraße 6,10.5,15.42,415.0,50.36414,8.73768,False
2025-06-30 13:00:00+00:00,Schulstraße 6,10.5,11.965,415.0,50.36414,8.73768,False
2025-06-30 14:00:00+00:00,Schulstraße 6,14.0,7.21,415.0,50.36414,8.73768,False
2025-06-30 15:00:00+00:00,Schulstraße 6,14.5,7.234999999999999,415.0,50.36414,8.73768,False
2025-06-30 16:00:00+00:00,Schulstraße 6,10.0,7.05,415.0,50.36414,8.73768,False
2025-06-30 17:00:00+00:00,Schulstraße 6,6.5,11.32,415.0,50.36414,8.73768,False
2025-06-30 18:00:00+00:00,Schulstraße 6,4.0,5.49,415.0,50.36414,8.73768,False
2025-06-30 19:00:00+00:00,Schulstraße 6,5.0,21.09,415.0,50.36414,8.73768,False
2025-06-30 20:00:00+00:00,Schulstraße 6,2.5,10.545,415.0,50.36414,8.73768,True
2025-06-30 21:00:00+00:00,Schulstraße 6,0.0,0.0,415.0,50.36414,8.73768,False
2025-06-30 22:00:00+00:00,Schulstraße 6,13.0,20.57,415.0,50.36414,8.73768,False
2025-06-30 23:00:00+00:00,Schulstraße 6,8.0,4.41,415.0,50.36414,8.73768,False
2025-07-01 00:00:00+00:00,Schulstraße 6,3.0,10.04,415.0,50.36414,8.73768,False
2025-07-01 01:00:00+00:00,Schulstraße 6,1.0,4.95,415.0,50.36414,8.73768,False
2025-07-01 02:00:00+00:00,Schulstraße 6,1.0,1.25,415.0,50.36414,8.73768,False
2025-07-01 03:00:00+00:00,Schulstraße 6,4.0,4.82,415.0,50.36414,8.73768,False
2025-07-01 04:00:00+00:00,Schulstraße 6,4.0,1.905,415.0,50.36414,8.73768,False
2025-07-01 05:00:00+00:00,Schulstraße 6,14.0,2.67,415.0,50.36414,8.73768,False
2025-07-01 06:00:00+00:00,Schulstraße 6,20.0,9.145,415.0,50.36414,8.73768,False
2025-07-01 07:00:00+00:00,Schulstraße 6,23.0,7.42,415.0,50.36414,8.73768,False
2025-07-01 08:00:00+00:00,Schulstraße 6,21.0,9.38,415.0,50.36414,8.73768,False
2025-07-01 09:00:00+00:00,Schulstraße 6,17.0,6.5,415.0,50.36414,8.73768,False
2025-07-01 10:00:00+00:00,Schulstraße 6,27.0,7.62,415.0,50.36414,8.73768,False
2025-07-01 11:00:00+00:00,Schulstraße 6,27.5,9.775,415.0,50.36414,8.73768,False
2025-07-01 12:00:00+00:00,Schulstraße 6,14.0,14.5,415.0,50.36414,8.73768,False
2025-07-01 13:00:00+00:00,Schulstraße 6,10.0,7.28,415.0,50.36414,8.73768,False
2025-07-01 14:00:00+00:00,Schulstraße 6,13.0,12.7,415.0,50.36414,8.73768,False
2025-07-01 15:00:00+00:00,Schulstraße 6,19.0,11.004999999999999,415.0,50.36414,8.73768,False
2025-07-01 16:00:00+00:00,Schulstraße 6,18.0,2.0949999999999998,415.0,50.36414,8.73768,False
2025-07-01 17:00:00+00:00,Schulstraße 6,6.0,11.745000000000001,415.0,50.36414,8.73768,False
2025-07-01 18:00:00+00:00,Schulstraße 6,4.0,0.53,415.0,50.36414,8.73768,False
2025-07-01 19:00:00+00:00,Schulstraße 6,3.5,10.655000000000001,415.0,50.36414,8.73768,False
2025-07-01 20:00:00+00:00,Schulstraße 6,1.0,1.5,415.0,50.36414,8.73768,False
2025-07-01 21:00:00+00:00,Schulstraße 6,5.0,15.82,415.0,50.36414,8.73768,True
2025-07-01 22:00:00+00:00,Schulstraße 6,9.0,30.14,415.0,50.36414,8.73768,False
2025-07-01 23:00:00+00:00,Schulstraße 6,2.0,1.69,415.0,50.36414,8.73768,False
2025-07-02 00:00:00+00:00,Schulstraße 6,2.0,11.37,415.0,50.36414,8.73768,False
2025-07-02 01:00:00+00:00,Schulstraße 6,4.0,7.390000000000001,415.0,50.36414,8.73768,False
2025-07-02 02:00:00+00:00,Schulstraße 6,3.0,17.44,415.0,50.36414,8.73768,False
2025-07-02 03:00:00+00:00,Schulstraße 6,3.5,13.46,415.0,50.36414,8.73768,False
2025-07-02 04:00:00+00:00,Schulstraße 6,6.0,0.64,415.0,50.36414,8.73768,False
2025-07-02 05:00:00+00:00,Schulstraße 6,3.0,16.84,415.0,50.36414,8.73768,False
2025-07-02 06:00:00+00:00,Schulstraße 6,27.0,11.42,415.0,50.36414,8.73768,False
2025-07-02 07:00:00+00:00,Schulstraße 6,46.0,11.58,415.0,50.36414,8.73768,False
2025-07-02 08:00:00+00:00,Schulstraße 6,24.0,7.75,415.0,50.36414,8.73768,False
2025-07-02 09:00:00+00:00,Schulstraße 6,29.0,7.95,415.0,50.36414,8.73768,False
2025-07-02 10:00:00+00:00,Schulstraße 6,11.0,3.73,415.0,50.36414,8.73768,False
2025-07-02 11:00:00+00:00,Schulstraße 6,12.0,7.08,415.0,50.36414,8.73768,False
2025-07-02 12:00:00+00:00,Schulstraße 6,16.0,4.88,415.0,50.36414,8.73768,False
2025-07-02 13:00:00+00:00,Schulstraße 6,13.0,15.995000000000001,415.0,50.36414,8.73768,False
2025-07-02 14:00:00+00:00,Schulstraße 6,14.0,9.03,415.0,50.36414,8.73768,False
2025-07-02 15:00:00+00:00,Schulstraße 6,20.0,7.66,415.0,50.36414,8.73768,False
2025-07-02 16:00:00+00:00,Schulstraße 6,8.5,9.879999999999999,415.0,50.36414,8.73768,False
2025-07-02 17:00:00+00:00,Schulstraße 6,14.5,8.120000000000001,415.0,50.36414,8.73768,False
2025-07-02 18:00:00+00:00,Schulstraße 6,17.0,5.58,415.0,50.36414,8.73768,False
2025-07-02 19:00:00+00:00,Schulstraße 6,3.0,5.41,415.0,50.36414,8.73768,False
2025-07-02 20:00:00+00:00,Schulstraße 6,5.0,3.29,415.0,50.36414,8.73768,False
2025-07-02 21:00:00+00:00,Schulstraße 6,6.0,7.275,415.0,50.36414,8.73768,True
2025-07-02 22:00:00+00:00,Schulstraße 6,7.0,11.26,415.0,50.36414,8.73768,False
2025-07-02 23:00:00+00:00,Schulstraße 6,3.5,5.63,415.0,50.36414,8.73768,True
2025-07-03 00:00:00+00:00,Schulstraße 6,0.0,0.0,415.0,50.36414,8.73768,False
2025-07-03 01:00:00+00:00,Schulstraße 6,4.0,25.18,415.0,50.36414,8.73768,False
2025-07-03 02:00:00+00:00,Schulstraße 6,2.0,12.17,415.0,50.36414,8.73768,False
2025-07-03 03:00:00+00:00,Schulstraße 6,3.0,6.17,415.0,50.36414,8.73768,False
2025-07-03 04:00:00+00:00,Schulstraße 6,5.0,4.27,415.0,50.36414,8.73768,False
2025-07-03 05:00:00+00:00,Schulstraße 6,7.0,9.17,415.0,50.36414,8.73768,False
2025-07-03 06:00:00+00:00,Schulstraße 6,14.0,9.15,415.0,50.36414,8.73768,False
2025-07-03 07:00:00+00:00,Schulstraße 6,13.0,4.35,415.0,50.36414,8.73768,False
2025-07-03 08:00:00+00:00,Schulstraße 6,18.5,9.504999999999999,415.0,50.36414,8.73768,False
2025-07-03 09:00:00+00:00,Schulstraße 6,26.0,7.57,415.0,50.36414,8.73768,False
2025-07-03 10:00:00+00:00,Schulstraße 6,29.0,7.0,415.0,50.36414,8.73768,False
2025-07-03 11:00:00+00:00,Schulstraße 6,20.0,7.18,415.0,50.36414,8.73768,False
2025-07-03 12:00:00+00:00,Schulstraße 6,20.0,19.310000000000002,415.0,50.36414,8.73768,False
2025-07-03 13:00:00+00:00,Schulstraße 6,30.0,10.024999999999999,415.0,50.36414,8.73768,False
2025-07-03 14:00:00+00:00,Schulstraße 6,26.0,12.440000000000001,415.0,50.36414,8.73768,False
2025-07-03 15:00:00+00:00,Schulstraße 6,19.0,6.44,415.0,50.36414,8.73768,False
2025-07-03 16:00:00+00:00,Schulstraße 6,18.0,12.15,415.0,50.36414,8.73768,False
2025-07-03 17:00:00+00:00,Schulstraße 6,14.0,6.78,415.0,50.36414,8.73768,False
2025-07-03 18:00:00+00:00,Schulstraße 6,1.0,1.3,415.0,50.36414,8.73768,False
2025-07-03 19:00:00+00:00,Schulstraße 6,7.0,6.125,415.0,50.36414,8.73768,False
2025-07-03 20:00:00+00:00,Schulstraße 6,3.0,5.49,415.0,50.36414,8.73768,False
2025-07-03 21:00:00+00:00,Schulstraße 6,0.0,0.0,415.0,50.36414,8.73768,False
2025-07-03 22:00:00+00:00,Schulstraße 6,8.0,14.57,415.0,50.36414,8.73768,False
2025-07-03 23:00:00+00:00,Schulstraße 6,7.0,21.32,415.0,50.36414,8.73768,False
2025-07-04 00:00:00+00:00,Schulstraße 6,4.0,41.15,415.0,50.36414,8.73768,True
2025-07-04 01:00:00+00:00,Schulstraße 6,1.0,60.98,415.0,50.36414,8.73768,False
2025-07-04 02:00:00+00:00,Schulstraße 6,3.5,45.47,415.0,50.36414,8.73768,False
2025-07-04 03:00:00+00:00,Schulstraße 6,2.0,26.47,415.0,50.36414,8.73768,False
2025-07-04 04:00:00+00:00,Schulstraße 6,7.0,4.66,415.0,50.36414,8.73768,False
2025-07-04 05:00:00+00:00,Schulstraße 6,16.0,5.1,415.0,50.36414,8.73768,False
2025-07-04 06:00:00+00:00,Schulstraße 6,23.5,6.05,415.0,50.36414,8.73768,False
2025-07-04 07:00:00+00:00,Schulstraße 6,24.0,7.074999999999999,415.0,50.36414,8.73768,False
2025-07-04 08:00:00+00:00,Schulstraße 6,40.5,9.475000000000001,415.0,50.36414,8.73768,False
2025-07-04 09:00:00+00:00,Schulstraße 6,43.5,8.4,415.0,50.36414,8.73768,False
2025-07-04 10:00:00+00:00,Schulstraße 6,32.0,8.565,415.0,50.36414,8.73768,False
2025-07-04 11:00:00+00:00,Schulstraße 6,24.0,9.775,415.0,50.36414,8.73768,False
2025-07-04 12:00:00+00:00,Schulstraße 6,27.0,6.285,415.0,50.36414,8.73768,False
2025-07-04 13:00:00+00:00,Schulstraße 6,13.0,3.47,415.0,50.36414,8.73768,False
2025-07-04 14:00:00+00:00,Schulstraße 6,6.0,3.895,415.0,50.36414,8.73768,False
2025-07-04 15:00:00+00:00,Schulstraße 6,28.0,6.1850000000000005,415.0,50.36414,8.73768,False
2025-07-04 16:00:00+00:00,Schulstraße 6,20.0,4.3149999999999995,415.0,50.36414,8.73768,False
2025-07-04 17:00:00+00:00,Schulstraße 6,11.0,7.23,415.0,50.36414,8.73768,False
2025-07-04 18:00:00+00:00,Schulstraße 6,18.0,11.85,415.0,50.36414,8.73768,False
2025-07-04 19:00:00+00:00,Schulstraße 6,8.0,5.58,415.0,50.36414,8.73768,False
2025-07-04 20:00:00+00:00,Schulstraße 6,3.0,8.19,415.0,50.36414,8.73768,False
2025-07-04 21:00:00+00:00,Schulstraße 6,3.0,0.63,415.0,50.36414,8.73768,False
2025-07-04 22:00:00+00:00,Schulstraße 6,12.0,12.2,415.0,50.36414,8.73768,False
2025-07-04 23:00:00+00:00,Schulstraße 6,7.5,12.645,415.0,50.36414,8.73768,False
2025-07-05 00:00:00+00:00,Schulstraße 6,9.0,26.07,415.0,50.36414,8.73768,False
2025-07-05 01:00:00+00:00,Schulstraße 6,5.5,6.875,415.0,50.36414,8.73768,False
2025-07-05 02:00:00+00:00,Schulstraße 6,2.0,5.17,415.0,50.36414,8.73768,False
2025-07-05 03:00:00+00:00,Schulstraße 6,3.0,25.53,415.0,50.36414,8.73768,False
2025-07-05 04:00:00+00:00,Schulstraße 6,2.0,25.4,415.0,50.36414,8.73768,False
2025-07-05 05:00:00+00:00,Schulstraße 6,7.0,4.65,415.0,50.36414,8.73768,False
2025-07-05 06:00:00+00:00,Schulstraße 6,5.0,3.37,415.0,50.36414,8.73768,False
2025-07-05 07:00:00+00:00,Schulstraße 6,2.5,1.685,415.0,50.36414,8.73768,True
2025-07-05 08:00:00+00:00,Schulstraße 6,0.0,0.0,415.0,50.36414,8.73768,False
2025-07-05 09:00:00+00:00,Schulstraße 6,19.0,3.655,415.0,50.36414,8.73768,False
2025-07-05 10:00:00+00:00,Schulstraße 6,47.5,7.475,415.0,50.36414,8.73768,False
2025-07-05 11:00:00+00:00,Schulstraße 6,26.0,8.16,415.0,50.36414,8.73768,False
2025-07-05 12:00:00+00:00,Schulstraße 6,30.0,9.8,415.0,50.36414,8.73768,False
2025-07-05 13:00:00+00:00,Schulstraße 6,32.0,4.08,415.0,50.36414,8.73768,False
2025-07-05 14:00:00+00:00,Schulstraße 6,27.666666666666668,6.74,415.0,50.36414,8.73768,True
2025-07-05 15:00:00+00:00,Schulstraße 6,23.333333333333336,9.4,415.0,50.36414,8.73768,True
2025-07-05 16:00:00+00:00,Schulstraße 6,19.0,12.06,415.0,50.36414,8.73768,False
2025-07-05 17:00:00+00:00,Schulstraße 6,6.0,3.43,415.0,50.36414,8.73768,False
2025-07-05 18:00:00+00:00,Schulstraße 6,17.0,16.94,415.0,50.36414,8.73768,False
2025-07-05 19:00:00+00:00,Schulstraße 6,5.0,12.57,415.0,50.36414,8.73768,False
2025-07-05 20:00:00+00:00,Schulstraße 6,2.5,6.285,415.0,50.36414,8.73768,True
2025-07-05 21:00:00+00:00,Schulstraße 6,0.0,0.0,415.0,50.36414,8.73768,False
2025-07-05 22:00:00+00:00,Schulstraße 6,4.0,3.6075,415.0,50.36414,8.73768,True
2025-07-05 23:00:00+00:00,Schulstraße 6,8.0,7.215,415.0,50.36414,8.73768,False
2025-07-06 00:00:00+00:00,Schulstraße 6,4.5,4.3725000000000005,415.0,50.36414,8.73768,True
2025-07-06 01:00:00+00:00,Schulstraße 6,1.0,1.53,415.0,50.36414,8.73768,False
2025-07-06 02:00:00+00:00,Schulstraße 6,1.0,0.02,415.0,50.36414,8.73768,False
2025-07-06 03:00:00+00:00,Schulstraße 6,3.0,27.2,415.0,50.36414,8.73768,False
2025-07-06 04:00:00+00:00,Schulstraße 6,1.5,13.6,415.0,50.36414,8.73768,True
2025-07-06 05:00:00+00:00,Schulstraße 6,0.0,0.0,415.0,50.36414,8.73768,False
2025-07-06 06:00:00+00:00,Schulstraße 6,4.0,20.015,415.0,50.36414,8.73768,False
2025-07-06 07:00:00+00:00,Schulstraße 6,9.0,5.61,415.0,50.36414,8.73768,False
2025-07-06 08:00:00+00:00,Schulstraße 6,9.0,2.92,415.0,50.36414,8.73768,False
2025-07-06 09:00:00+00:00,Schulstraße 6,6.0,10.16,415.0,50.36414,8.73768,False
2025-07-06 10:00:00+00:00,Schulstraße 6,12.5,4.5600000000000005,415.0,50.36414,8.73768,False
2025-07-06 11:00:00+00:00,Schulstraße 6,8.0,2.55,415.0,50.36414,8.73768,False
2025-07-06 12:00:00+00:00,Schulstraße 6,25.0,6.7,415.0,50.36414,8.73768,False
2025-07-06 13:00:00+00:00,Schulstraße 6,9.0,11.11,415.0,50.36414,8.73768,False
2025-07-06 14:00:00+00:00,Schulstraße 6,6.0,4.48,415.0,50.36414,8.73768,False
2025-07-06 15:00:00+00:00,Schulstraße 6,7.5,5.055,415.0,50.36414,8.73768,False
2025-07-06 16:00:00+00:00,Schulstraße 6,5.5,10.709999999999999,415.0,50.36414,8.73768,False
2025-07-06 17:00:00+00:00,Schulstraße 6,3.0,9.93,415.0,50.36414,8.73768,False
2025-07-06 18:00:00+00:00,Schulstraße 6,4.0,15.61,415.0,50.36414,8.73768,False
2025-07-06 19:00:00+00:00,Schulstraße 6,2.0,16.0,415.0,50.36414,8.73768,False
2025-07-06 20:00:00+00:00,Schulstraße 6,0.0,0.0,415.0,50.36414,8.73768,False
2025-07-06 21:00:00+00:00,Schulstraße 6,2.0,3.72,415.0,50.36414,8.73768,False
2025-07-06 22:00:00+00:00,Schulstraße 6,,,415.0,50.36414,8.73768,True
2025-07-06 23:00:00+00:00,Schulstraße 6,,,415.0,50.36414,8.73768,True
2025-07-07 00:00:00+00:00,Schulstraße 6,,,415.0,50.36414,8.73768,True
2025-07-07 01:00:00+00:00,Schulstraße 6,3.0,21.21,415.0,50.36414,8.73768,False
2025-07-07 02:00:00+00:00,Schulstraße 6,3.0,13.307500000000001,415.0,50.36414,8.73768,True
2025-07-07 03:00:00+00:00,Schulstraße 6,3.0,5.404999999999999,415.0,50.36414,8.73768,False
2025-07-07 04:00:00+00:00,Schulstraße 6,9.0,9.865,415.0,50.36414,8.73768,False
2025-07-07 05:00:00+00:00,Schulstraße 6,2.0,2.3,415.0,50.36414,8.73768,False
2025-07-07 06:00:00+00:00,Schulstraße 6,20.0,4.085,415.0,50.36414,8.73768,False
2025-07-07 07:00:00+00:00,Schulstraße 6,22.0,23.55,415.0,50.36414,8.73768,False
2025-07-07 08:00:00+00:00,Schulstraße 6,29.0,7.72,415.0,50.36414,8.73768,False
2025-07-07 09:00:00+00:00,Schulstraße 6,21.5,4.72,415.0,50.36414,8.73768,False
2025-07-07 10:00:00+00:00,Schulstraße 6,21.0,7.26,415.0,50.36414,8.73768,False
2025-07-07 11:00:00+00:00,Schulstraße 6,36.0,7.11,415.0,50.36414,8.73768,False
2025-07-07 12:00:00+00:00,Schulstraße 6,20.0,7.67,415.0,50.36414,8.73768,False
2025-07-07 13:00:00+00:00,Schulstraße 6,10.0,11.02,415.0,50.36414,8.73768,False
2025-07-07 14:00:00+00:00,Schulstraße 6,27.5,6.225,415.0,50.36414,8.73768,False
2025-07-07 15:00:00+00:00,Schulstraße 6,14.5,10.870000000000001,415.0,50.36414,8.73768,False
2025-07-07 16:00:00+00:00,Schulstraße 6,9.0,1.99,415.0,50.36414,8.73768,False
2025-07-07 17:00:00+00:00,Schulstraße 6,6.0,5.68,415.0,50.36414,8.73768,False
2025-07-07 18:00:00+00:00,Schulstraße 6,7.0,10.34,415.0,50.36414,8.73768,False
2025-07-07 19:00:00+00:00,Schulstraße 6,4.666666666666666,6.893333333333333,415.0,50.36414,8.73768,True
2025-07-07 20:00:00+00:00,Schulstraße 6,2.333333333333333,3.4466666666666663,415.0,50.36414,8.73768,True
2025-07-07 21:00:00+00:00,Schulstraße 6,0.0,0.0,415.0,50.36414,8.73768,False
2025-07-07 22:00:00+00:00,Schulstraße 6,11.0,40.54,415.0,50.36414,8.73768,False
2025-07-07 23:00:00+00:00,Schulstraße 6,4.0,6.33,415.0,50.36414,8.73768,False
2025-07-08 00:00:00+00:00,Schulstraße 6,4.0,4.28,415.0,50.36414,8.73768,False
2025-07-08 01:00:00+00:00,Schulstraße 6,4.0,6.39,415.0,50.36414,8.73768,False
2025-07-08 02:00:00+00:00,Schulstraße 6,2.0,13.57,415.0,50.36414,8.73768,False
2025-07-08 03:00:00+00:00,Schulstraße 6,3.666666666666667,9.765,415.0,50.36414,8.73768,True
2025-07-08 04:00:00+00:00,Schulstraße 6,5.333333333333334,5.960000000000001,415.0,50.36414,8.73768,True
2025-07-08 05:00:00+00:00,Schulstraße 6,7.0,2.1550000000000002,415.0,50.36414,8.73768,False
2025-07-08 06:00:00+00:00,Schulstraße 6,18.0,6.005,415.0,50.36414,8.73768,False
2025-07-08 07:00:00+00:00,Schulstraße 6,22.0,7.4350000000000005,415.0,50.36414,8.73768,False
2025-07-08 08:00:00+00:00,Schulstraße 6,20.5,7.9425,415.0,50.36414,8.73768,True
2025-07-08 09:00:00+00:00,Schulstraße 6,19.0,8.45,415.0,50.36414,8.73768,False
2025-07-08 10:00:00+00:00,Schulstraße 6,43.5,9.059999999999999,415.0,50.36414,8.73768,False
2025-07-08 11:00:00+00:00,Schulstraße 6,29.0,8.73,415.0,50.36414,8.73768,False
2025-07-08 12:00:00+00:00,Schulstraße 6,23.0,18.77,415.0,50.36414,8.73768,False
2025-07-08 13:00:00+00:00,Schulstraße 6,26.0,10.77,415.0,50.36414,8.73768,False
2025-07-08 14:00:00+00:00,Schulstraße 6,,,415.0,50.36414,8.73768,True
2025-07-08 15:00:00+00:00,Schulstraße 6,,,415.0,50.36414,8.73768,True
2025-07-08 16:00:00+00:00,Schulstraße 6,,,415.0,50.36414,8.73768,True
2025-07-08 17:00:00+00:00,Schulstraße 6,,,415.0,50.36414,8.73768,True
2025-07-08 18:00:00+00:00,Schulstraße 6,,,415.0,50.36414,8.73768,True
2025-07-08 19:00:00+00:00,Schulstraße 6,,,415.0,50.36414,8.73768,True
2025-07-08 20:00:00+00:00,Schulstraße 6,,,415.0,50.36414,8.73768,True
2025-07-08 21:00:00+00:00,Schulstraße 6,,,415.0,50.36414,8.73768,True
2025-07-08 22:00:00+00:00,Schulstraße 6,,,415.0,50.36414,8.73768,True
2025-07-08 23:00:00+00:00,Schulstraße 6,,,415.0,50.36414,8.73768,True
2025-07-09 00:00:00+00:00,Schulstraße 6,,,415.0,50.36414,8.73768,True
2025-07-09 01:00:00+00:00,Schulstraße 6,,,415.0,50.36414,8.73768,True
2025-07-09 02:00:00+00:00,Schulstraße 6,,,415.0,50.36414,8.73768,True
2025-07-09 03:00:00+00:00,Schulstraße 6,,,415.0,50.36414,8.73768,True
2025-07-09 04:00:00+00:00,Schulstraße 6,,,415.0,50.36414,8.73768,True
2025-07-09 05:00:00+00:00,Schulstraße 6,,,415.0,50.36414,8.73768,True
2025-07-09 06:00:00+00:00,Schulstraße 6,,,415.0,50.36414,8.73768,True
2025-07-09 07:00:00+00:00,Schulstraße 6,17.0,14.66,415.0,50.36414,8.73768,False
2025-07-09 08:00:00+00:00,Schulstraße 6,20.0,9.09,415.0,50.36414,8.73768,False
2025-07-09 09:00:00+00:00,Schulstraße 6,38.0,10.82,415.0,50.36414,8.73768,False
2025-07-09 10:00:00+00:00,Schulstraße 6,28.5,9.76,415.0,50.36414,8.73768,False
2025-07-09 11:00:00+00:00,Schulstraße 6,26.333333333333332,8.663333333333334,415.0,50.36414,8.73768,True
2025-07-09 12:00:00+00:00,Schulstraße 6,24.166666666666668,7.566666666666666,415.0,50.36414,8.73768,True
2025-07-09 13:00:00+00:00,Schulstraße 6,22.0,6.47,415.0,50.36414,8.73768,False
2025-07-09 14:00:00+00:00,Schulstraße 6,18.0,10.53,415.0,50.36414,8.73768,False
2025-07-09 15:00:00+00:00,Schulstraße 6,18.5,8.015,415.0,50.36414,8.73768,False
2025-07-09 16:00:00+00:00,Schulstraße 6,17.0,7.1850000000000005,415.0,50.36414,8.73768,False
2025-07-09 17:00:00+00:00,Schulstraße 6,4.0,8.69,415.0,50.36414,8.73768,False
2025-07-09 18:00:00+00:00,Schulstraße 6,8.0,8.225,415.0,50.36414,8.73768,False
2025-07-09 19:00:00+00:00,Schulstraße 6,5.0,5.23,415.0,50.36414,8.73768,False
2025-07-09 20:00:00+00:00,Schulstraße 6,3.0,2.8150000000000004,415.0,50.36414,8.73768,False
2025-07-09 21:00:00+00:00,Schulstraße 6,1.5,2.675,415.0,50.36414,8.73768,False
2025-07-09 22:00:00+00:00,Schulstraße 6,,,415.0,50.36414,8.73768,True
2025-07-09 23:00:00+00:00,Schulstraße 6,,,415.0,50.36414,8.73768,True
2025-07-10 00:00:00+00:00,Schulstraße 6,,,415.0,50.36414,8.73768,True
2025-07-10 01:00:00+00:00,Schulstraße 6,,,415.0,50.36414,8.73768,True
2025-07-10 02:00:00+00:00,Schulstraße 6,,,415.0,50.36414,8.73768,True
2025-07-10 03:00:00+00:00,Schulstraße 6,,,415.0,50.36414,8.73768,True
2025-07-10 04:00:00+00:00,Schulstraße 6,,,415.0,50.36414,8.73768,True
2025-07-10 05:00:00+00:00,Schulstraße 6,,,415.0,50.36414,8.73768,True
2025-07-10 06:00:00+00:00,Schulstraße 6,,,415.0,50.36414,8.73768,True
2025-07-10 07:00:00+00:00,Schulstraße 6,16.0,4.949999999999999,415.0,50.36414,8.73768,False
2025-07-10 08:00:00+00:00,Schulstraße 6,28.0,10.37,415.0,50.36414,8.73768,False
2025-07-10 09:00:00+00:00,Schulstraße 6,21.0,7.55,415.0,50.36414,8.73768,False
2025-07-10 10:00:00+00:00,Schulstraße 6,26.0,9.64,415.0,50.36414,8.73768,False
2025-07-10 11:00:00+00:00,Schulstraße 6,19.0,13.17,415.0,50.36414,8.73768,False
2025-07-10 12:00:00+00:00,Schulstraße 6,16.0,5.62,415.0,50.36414,8.73768,False
2025-07-10 13:00:00+00:00,Schulstraße 6,21.0,13.97,415.0,50.36414,8.73768,False
2025-07-10 14:00:00+00:00,Schulstraße 6,25.0,8.21,415.0,50.36414,8.73768,False
2025-07-10 15:00:00+00:00,Schulstraße 6,22.0,4.645,415.0,50.36414,8.73768,False
2025-07-10 16:00:00+00:00,Schulstraße 6,21.0,9.68,415.0,50.36414,8.73768,False
2025-07-10 17:00:00+00:00,Schulstraße 6,7.5,11.97,415.0,50.36414,8.73768,False
2025-07-10 18:00:00+00:00,Schulstraße 6,10.0,8.45,415.0,50.36414,8.73768,False
2025-07-10 19:00:00+00:00,Schulstraße 6,5.0,21.02,415.0,50.36414,8.73768,False
2025-07-10 20:00:00+00:00,Schulstraße 6,4.0,5.57,415.0,50.36414,8.73768,False
2025-07-10 21:00:00+00:00,Schulstraße 6,1.0,7.95,415.0,50.36414,8.73768,False
2025-07-10 22:00:00+00:00,Schulstraße 6,11.0,42.49,415.0,50.36414,8.73768,False
2025-07-10 23:00:00+00:00,Schulstraße 6,5.5,21.245,415.0,50.36414,8.73768,True
2025-07-11 00:00:00+00:00,Schulstraße 6,0.0,0.0,415.0,50.36414,8.73768,False
2025-07-11 01:00:00+00:00,Schulstraße 6,2.0,25.14,415.0,50.36414,8.73768,False
2025-07-11 02:00:00+00:00,Schulstraße 6,3.0,25.08,415.0,50.36414,8.73768,False
2025-07-11 03:00:00+00:00,Schulstraße 6,3.0,10.51,415.0,50.36414,8.73768,False
2025-07-11 04:00:00+00:00,Schulstraße 6,8.0,4.19,415.0,50.36414,8.73768,False
2025-07-11 05:00:00+00:00,Schulstraße 6,7.0,8.355,415.0,50.36414,8.73768,False
2025-07-11 06:00:00+00:00,Schulstraße 6,11.0,6.87,415.0,50.36414,8.73768,False
2025-07-11 07:00:00+00:00,Schulstraße 6,,,415.0,50.36414,8.73768,True
2025-07-11 08:00:00+00:00,Schulstraße 6,,,415.0,50.36414,8.73768,True
2025-07-11 09:00:00+00:00,Schulstraße 6,,,415.0,50.36414,8.73768,True
2025-07-11 10:00:00+00:00,Schulstraße 6,,,415.0,50.36414,8.73768,True
2025-07-11 11:00:00+00:00,Schulstraße 6,,,415.0,50.36414,8.73768,True
2025-07-11 12:00:00+00:00,Schulstraße 6,,,415.0,50.36414,8.73768,True
2025-07-11 13:00:00+00:00,Schulstraße 6,,,415.0,50.36414,8.73768,True
2025-07-11 14:00:00+00:00,Schulstraße 6,,,415.0,50.36414,8.73768,True
2025-07-11 15:00:00+00:00,Schulstraße 6,,,415.0,50.36414,8.73768,True
2025-07-11 16:00:00+00:00,Schulstraße 6,,,415.0,50.36414,8.73768,True
2025-07-11 17:00:00+00:00,Schulstraße 6,15.0,10.68,415.0,50.36414,8.73768,False
2025-07-11 18:00:00+00:00,Schulstraße 6,8.5,6.455,415.0,50.36414,8.73768,True
2025-07-11 19:00:00+00:00,Schulstraße 6,2.0,2.23,415.0,50.36414,8.73768,False
2025-07-11 20:00:00+00:00,Schulstraße 6,5.0,3.665,415.0,50.36414,8.73768,False
2025-07-11 21:00:00+00:00,Schulstraße 6,1.0,0.02,415.0,50.36414,8.73768,False
2025-07-11 22:00:00+00:00,Schulstraße 6,2.5,1.6300000000000001,415.0,50.36414,8.73768,True
2025-07-11 23:00:00+00:00,Schulstraße 6,4.0,3.24,415.0,50.36414,8.73768,False
2025-07-12 00:00:00+00:00,Schulstraße 6,,,415.0,50.36414,8.73768,True
2025-07-12 01:00:00+00:00,Schulstraße 6,,,415.0,50.36414,8.73768,True
2025-07-12 02:00:00+00:00,Schulstraße 6,,,415.0,50.36414,8.73768,True
2025-07-12 03:00:00+00:00,Schulstraße 6,,,415.0,50.36414,8.73768,True
2025-07-12 04:00:00+00:00,Schulstraße 6,,,415.0,50.36414,8.73768,True
2025-07-12 05:00:00+00:00,Schulstraße 6,,,415.0,50.36414,8.73768,True
2025-07-12 06:00:00+00:00,Schulstraße 6,7.0,3.48,415.0,50.36414,8.73768,False
2025-07-12 07:00:00+00:00,Schulstraße 6,17.0,6.38,415.0,50.36414,8.73768,False
2025-07-12 08:00:00+00:00,Schulstraße 6,23.5,8.171666666666667,415.0,50.36414,8.73768,True
2025-07-12 09:00:00+00:00,Schulstraße 6,30.0,9.963333333333335,415.0,50.36414,8.73768,True
2025-07-12 10:00:00+00:00,Schulstraße 6,36.5,11.755,415.0,50.36414,8.73768,False
2025-07-12 11:00:00+00:00,Schulstraße 6,32.5,11.415,415.0,50.36414,8.73768,False
2025-07-12 12:00:00+00:00,Schulstraße 6,32.0,8.78,415.0,50.36414,8.73768,False
2025-07-12 13:00:00+00:00,Schulstraße 6,33.0,12.434999999999999,415.0,50.36414,8.73768,False
2025-07-12 14:00:00+00:00,Schulstraße 6,21.0,5.665,415.0,50.36414,8.73768,False
2025-07-12 15:00:00+00:00,Schulstraße 6,22.0,5.5,415.0,50.36414,8.73768,False
2025-07-12 16:00:00+00:00,Schulstraße 6,10.0,7.145,415.0,50.36414,8.73768,False
2025-07-12 17:00:00+00:00,Schulstraße 6,9.0,5.18,415.0,50.36414,8.73768,False
2025-07-12 18:00:00+00:00,Schulstraße 6,5.0,11.26,415.0,50.36414,8.73768,False
2025-07-12 19:00:00+00:00,Schulstraße 6,1.5,9.084999999999999,415.0,50.36414,8.73768,False
2025-07-12 20:00:00+00:00,Schulstraße 6,6.0,7.05,415.0,50.36414,8.73768,False
2025-07-12 21:00:00+00:00,Schulstraße 6,0.0,0.0,415.0,50.36414,8.73768,False
2025-07-12 22:00:00+00:00,Schulstraße 6,16.0,12.91,415.0,50.36414,8.73768,False
2025-07-12 23:00:00+00:00,Schulstraße 6,5.0,3.44,415.0,50.36414,8.73768,False
2025-07-13 00:00:00+00:00,Schulstraße 6,2.5,1.72,415.0,50.36414,8.73768,True
2025-07-13 01:00:00+00:00,Schulstraße 6,0.0,0.0,415.0,50.36414,8.73768,False
2025-07-13 02:00:00+00:00,Schulstraße 6,3.5,15.365,415.0,50.36414,8.73768,False
2025-07-13 03:00:00+00:00,Schulstraße 6,1.5,18.689999999999998,415.0,50.36414,8.73768,False
2025-07-13 04:00:00+00:00,Schulstraße 6,,,415.0,50.36414,8.73768,True
2025-07-13 05:00:00+00:00,Schulstraße 6,,,415.0,50.36414,8.73768,True
2025-07-13 06:00:00+00:00,Schulstraße 6,,,415.0,50.36414,8.73768,True
2025-07-13 07:00:00+00:00,Schulstraße 6,,,415.0,50.36414,8.73768,True
2025-07-13 08:00:00+00:00,Schulstraße 6,,,415.0,50.36414,8.73768,True
2025-07-13 09:00:00+00:00,Schulstraße 6,,,415.0,50.36414,8.73768,True
2025-07-13 10:00:00+00:00,Schulstraße 6,,,415.0,50.36414,8.73768,True
2025-07-13 11:00:00+00:00,Schulstraße 6,,,415.0,50.36414,8.73768,True
2025-07-13 12:00:00+00:00,Schulstraße 6,,,415.0,50.36414,8.73768,True
2025-07-13 13:00:00+00:00,Schulstraße 6,,,415.0,50.36414,8.73768,True
2025-07-13 14:00:00+00:00,Schulstraße 6,,,415.0,50.36414,8.73768,True
2025-07-13 15:00:00+00:00,Schulstraße 6,,,415.0,50.36414,8.73768,True
2025-07-13 16:00:00+00:00,Schulstraße 6,,,415.0,50.36414,8.73768,True
2025-07-13 17:00:00+00:00,Schulstraße 6,,,415.0,50.36414,8.73768,True
2025-07-13 18:00:00+00:00,Schulstraße 6,,,415.0,50.36414,8.73768,True
2025-07-13 19:00:00+00:00,Schulstraße 6,,,415.0,50.36414,8.73768,True
2025-07-13 20:00:00+00:00,Schulstraße 6,,,415.0,50.36414,8.73768,True
2025-07-13 21:00:00+00:00,Schulstraße 6,0.0,0.0,415.0,50.36414,8.73768,False
2025-07-13 22:00:00+00:00,Schulstraße 6,3.0,11.5,415.0,50.36414,8.73768,True
2025-07-13 23:00:00+00:00,Schulstraße 6,6.0,23.0,415.0,50.36414,8.73768,False
2025-06-30 01:00:00+00:00,Stresemannstraße 38,6.0,7.175000000000001,415.0,50.36464,8.73641,False
2025-06-30 02:00:00+00:00,Stresemannstraße 38,1.0,3.18,415.0,50.36464,8.73641,False
2025-06-30 03:00:00+00:00,Stresemannstraße 38,2.0,24.37,415.0,50.36464,8.73641,False
2025-06-30 04:00:00+00:00,Stresemannstraße 38,5.0,4.155,415.0,50.36464,8.73641,False
2025-06-30 05:00:00+00:00,Stresemannstraße 38,12.0,6.08,415.0,50.36464,8.73641,False
2025-06-30 06:00:00+00:00,Stresemannstraße 38,19.0,6.3,415.0,50.36464,8.73641,False
2025-06-30 07:00:00+00:00,Stresemannstraße 38,25.0,8.77,415.0,50.36464,8.73641,False
2025-06-30 08:00:00+00:00,Stresemannstraße 38,18.5,8.0025,415.0,50.36464,8.73641,True
2025-06-30 09:00:00+00:00,Stresemannstraße 38,12.0,7.235,415.0,50.36464,8.73641,False
2025-06-30 10:00:00+00:00,Stresemannstraße 38,15.5,6.15,415.0,50.36464,8.73641,False
2025-06-30 11:00:00+00:00,Stresemannstraße 38,20.0,9.14,415.0,50.36464,8.73641,False
2025-06-30 12:00:00+00:00,Stresemannstraße 38,9.0,2.62,415.0,50.36464,8.73641,False
2025-06-30 13:00:00+00:00,Stresemannstraße 38,12.0,18.99,415.0,50.36464,8.73641,False
2025-06-30 14:00:00+00:00,Stresemannstraße 38,13.0,6.245,415.0,50.36464,8.73641,False
2025-06-30 15:00:00+00:00,Stresemannstraße 38,15.5,4.25,415.0,50.36464,8.73641,False
2025-06-30 16:00:00+00:00,Stresemannstraße 38,17.5,6.01,415.0,50.36464,8.73641,False
2025-06-30 17:00:00+00:00,Stresemannstraße 38,11.0,8.42,415.0,50.36464,8.73641,False
2025-06-30 18:00:00+00:00,Stresemannstraße 38,8.0,14.11,415.0,50.36464,8.73641,False
2025-06-30 19:00:00+00:00,Stresemannstraße 38,7.0,9.42,415.0,50.36464,8.73641,False
2025-06-30 20:00:00+00:00,Stresemannstraße 38,3.0,6.88,415.0,50.36464,8.73641,False
2025-06-30 21:00:00+00:00,Stresemannstraße 38,1.0,0.15,415.0,50.36464,8.73641,False
2025-06-30 22:00:00+00:00,Stresemannstraße 38,3.5,1.935,415.0,50.36464,8.73641,False
2025-06-30 23:00:00+00:00,Stresemannstraße 38,2.5,30.799999999999997,415.0,50.36464,8.73641,False
2025-07-01 00:00:00+00:00,Stresemannstraße 38,2.0,1.17,415.0,50.36464,8.73641,False
2025-07-01 01:00:00+00:00,Stresemannstraße 38,1.0,0.585,415.0,50.36464,8.73641,True
2025-07-01 02:00:00+00:00,Stresemannstraße 38,0.0,0.0,415.0,50.36464,8.73641,False
2025-07-01 03:00:00+00:00,Stresemannstraße 38,5.5,5.455,415.0,50.36464,8.73641,False
2025-07-01 04:00:00+00:00,Stresemannstraße 38,8.0,6.96,415.0,50.36464,8.73641,False
2025-07-01 05:00:00+00:00,Stresemannstraße 38,11.0,3.69,415.0,50.36464,8.73641,False
2025-07-01 06:00:00+00:00,Stresemannstraße 38,17.0,3.31,415.0,50.36464,8.73641,False
2025-07-01 07:00:00+00:00,Stresemannstraße 38,23.0,8.68,415.0,50.36464,8.73641,False
2025-07-01 08:00:00+00:00,Stresemannstraße 38,28.0,5.53,415.0,50.36464,8.73641,False
2025-07-01 09:00:00+00:00,Stresemannstraße 38,19.0,7.38,415.0,50.36464,8.73641,False
2025-07-01 10:00:00+00:00,Stresemannstraße 38,19.0,5.11,415.0,50.36464,8.73641,False
2025-07-01 11:00:00+00:00,Stresemannstraße 38,19.0,13.42,415.0,50.36464,8.73641,False
2025-07-01 12:00:00+00:00,Stresemannstraße 38,15.5,5.18,415.0,50.36464,8.73641,False
2025-07-01 13:00:00+00:00,Stresemannstraße 38,16.5,7.125,415.0,50.36464,8.73641,False
2025-07-01 14:00:00+00:00,Stresemannstraße 38,15.5,4.49,415.0,50.36464,8.73641,False
2025-07-01 15:00:00+00:00,Stresemannstraße 38,28.0,7.9,415.0,50.36464,8.73641,False
2025-07-01 16:00:00+00:00,Stresemannstraße 38,26.5,10.065000000000001,415.0,50.36464,8.73641,False
2025-07-01 17:00:00+00:00,Stresemannstraße 38,3.0,2.5,415.0,50.36464,8.73641,False
2025-07-01 18:00:00+00:00,Stresemannstraße 38,5.0,1.09,415.0,50.36464,8.73641,False
2025-07-01 19:00:00+00:00,Stresemannstraße 38,3.5,1.045,415.0,50.36464,8.73641,False
2025-07-01 20:00:00+00:00,Stresemannstraße 38,2.0,0.4,415.0,50.36464,8.73641,False
2025-07-01 21:00:00+00:00,Stresemannstraße 38,1.0,0.02,415.0,50.36464,8.73641,False
2025-07-01 22:00:00+00:00,Stresemannstraße 38,5.5,13.055,415.0,50.36464,8.73641,False
2025-07-01 23:00:00+00:00,Stresemannstraße 38,1.0,65.33,415.0,50.36464,8.73641,False
2025-07-02 00:00:00+00:00,Stresemannstraße 38,2.0,37.265,415.0,50.36464,8.73641,False
2025-07-02 01:00:00+00:00,Stresemannstraße 38,1.0,2.67,415.0,50.36464,8.73641,False
2025-07-02 02:00:00+00:00,Stresemannstraße 38,1.0,0.73,415.0,50.36464,8.73641,False
2025-07-02 03:00:00+00:00,Stresemannstraße 38,4.0,2.4,415.0,50.36464,8.73641,False
2025-07-02 04:00:00+00:00,Stresemannstraße 38,5.0,6.73,415.0,50.36464,8.73641,False
2025-07-02 05:00:00+00:00,Stresemannstraße 38,6.0,2.78,415.0,50.36464,8.73641,False
2025-07-02 06:00:00+00:00,Stresemannstraße 38,15.0,6.12,415.0,50.36464,8.73641,False
2025-07-02 07:00:00+00:00,Stresemannstraße 38,20.0,6.515000000000001,415.0,50.36464,8.73641,False
2025-07-02 08:00:00+00:00,Stresemannstraße 38,26.5,4.015000000000001,415.0,50.36464,8.73641,False
2025-07-02 09:00:00+00:00,Stresemannstraße 38,22.0,3.55,415.0,50.36464,8.73641,False
2025-07-02 10:00:00+00:00,Stresemannstraße 38,18.0,6.74,415.0,50.36464,8.73641,False
2025-07-02 11:00:00+00:00,Stresemannstraße 38,17.0,7.0,415.0,50.36464,8.73641,False
2025-07-02 12:00:00+00:00,Stresemannstraße 38,16.0,4.85,415.0,50.36464,8.73641,False
2025-07-02 13:00:00+00:00,Stresemannstraße 38,13.0,7.02,415.0,50.36464,8.73641,False
2025-07-02 14:00:00+00:00,Stresemannstraße 38,17.5,7.855,415.0,50.36464,8.73641,False
2025-07-02 15:00:00+00:00,Stresemannstraße 38,14.5,7.595000000000001,415.0,50.36464,8.73641,False
2025-07-02 16:00:00+00:00,Stresemannstraße 38,14.5,6.375,415.0,50.36464,8.73641,False
2025-07-02 17:00:00+00:00,Stresemannstraße 38,11.5,7.085,415.0,50.36464,8.73641,False
2025-07-02 18:00:00+00:00,Stresemannstraße 38,14.5,7.1,415.0,50.36464,8.73641,False
2025-07-02 19:00:00+00:00,Stresemannstraße 38,10.0,5.47,415.0,50.36464,8.73641,False
2025-07-02 20:00:00+00:00,Stresemannstraße 38,,,415.0,50.36464,8.73641,True
2025-07-02 21:00:00+00:00,Stresemannstraße 38,,,415.0,50.36464,8.73641,True
2025-07-02 22:00:00+00:00,Stresemannstraße 38,,,415.0,50.36464,8.73641,True
2025-07-02 23:00:00+00:00,Stresemannstraße 38,2.0,9.14,415.0,50.36464,8.73641,False
2025-07-03 00:00:00+00:00,Stresemannstraße 38,1.0,4.57,415.0,50.36464,8.73641,True
2025-07-03 01:00:00+00:00,Stresemannstraße 38,0.0,0.0,415.0,50.36464,8.73641,False
2025-07-03 02:00:00+00:00,Stresemannstraße 38,1.0,22.32,415.0,50.36464,8.73641,False
2025-07-03 03:00:00+00:00,Stresemannstraße 38,2.0,11.24,415.0,50.36464,8.73641,False
2025-07-03 04:00:00+00:00,Stresemannstraße 38,7.0,3.5949999999999998,415.0,50.36464,8.73641,False
2025-07-03 05:00:00+00:00,Stresemannstraße 38,8.0,1.025,415.0,50.36464,8.73641,False
2025-07-03 06:00:00+00:00,Stresemannstraße 38,12.0,1.82,415.0,50.36464,8.73641,False
2025-07-03 07:00:00+00:00,Stresemannstraße 38,13.0,2.81,415.0,50.36464,8.73641,False
2025-07-03 08:00:00+00:00,Stresemannstraße 38,16.0,3.55,415.0,50.36464,8.73641,False
2025-07-03 09:00:00+00:00,Stresemannstraße 38,24.5,8.95,415.0,50.36464,8.73641,False
2025-07-03 10:00:00+00:00,Stresemannstraße 38,15.0,3.25,415.0,50.36464,8.73641,False
2025-07-03 11:00:00+00:00,Stresemannstraße 38,22.0,3.045,415.0,50.36464,8.73641,False
2025-07-03 12:00:00+00:00,Stresemannstraße 38,17.5,9.145,415.0,50.36464,8.73641,False
2025-07-03 13:00:00+00:00,Stresemannstraße 38,19.0,9.22,415.0,50.36464,8.73641,False
2025-07-03 14:00:00+00:00,Stresemannstraße 38,24.0,9.93,415.0,50.36464,8.73641,False
2025-07-03 15:00:00+00:00,Stresemannstraße 38,22.0,7.405,415.0,50.36464,8.73641,False
2025-07-03 16:00:00+00:00,Stresemannstraße 38,19.5,4.85,415.0,50.36464,8.73641,False
2025-07-03 17:00:00+00:00,Stresemannstraße 38,15.0,6.01,415.0,50.36464,8.73641,False
2025-07-03 18:00:00+00:00,Stresemannstraße 38,9.0,4.9,415.0,50.36464,8.73641,False
2025-07-03 19:00:00+00:00,Stresemannstraße 38,4.5,25.064999999999998,415.0,50.36464,8.73641,False
2025-07-03 20:00:00+00:00,Stresemannstraße 38,3.5,1.76,415.0,50.36464,8.73641,False
2025-07-03 21:00:00+00:00,Stresemannstraße 38,2.75,1.065,415.0,50.36464,8.73641,True
2025-07-03 22:00:00+00:00,Stresemannstraße 38,2.0,0.37,415.0,50.36464,8.73641,False
2025-07-03 23:00:00+00:00,Stresemannstraße 38,4.0,1.73,415.0,50.36464,8.73641,False
2025-07-04 00:00:00+00:00,Stresemannstraße 38,3.0,20.6,415.0,50.36464,8.73641,False
2025-07-04 01:00:00+00:00,Stresemannstraße 38,2.0,16.07,415.0,50.36464,8.73641,False
2025-07-04 02:00:00+00:00,Stresemannstraße 38,1.0,8.035,415.0,50.36464,8.73641,True
2025-07-04 03:00:00+00:00,Stresemannstraße 38,0.0,0.0,415.0,50.36464,8.73641,False
2025-07-04 04:00:00+00:00,Stresemannstraße 38,1.0,30.57,415.0,50.36464,8.73641,False
2025-07-04 05:00:00+00:00,Stresemannstraße 38,6.0,3.605,415.0,50.36464,8.73641,False
2025-07-04 06:00:00+00:00,Stresemannstraße 38,14.0,6.845000000000001,415.0,50.36464,8.73641,False
2025-07-04 07:00:00+00:00,Stresemannstraße 38,19.5,3.5599999999999996,415.0,50.36464,8.73641,False
2025-07-04 08:00:00+00:00,Stresemannstraße 38,35.5,5.279999999999999,415.0,50.36464,8.73641,False
2025-07-04 09:00:00+00:00,Stresemannstraße 38,25.0,10.1,415.0,50.36464,8.73641,False
2025-07-04 10:00:00+00:00,Stresemannstraße 38,33.0,3.75,415.0,50.36464,8.73641,False
2025-07-04 11:00:00+00:00,Stresemannstraße 38,21.0,7.244999999999999,415.0,50.36464,8.73641,False
2025-07-04 12:00:00+00:00,Stresemannstraße 38,19.0,6.22,415.0,50.36464,8.73641,False
2025-07-04 13:00:00+00:00,Stresemannstraße 38,8.0,1.24,415.0,50.36464,8.73641,False
2025-07-04 14:00:00+00:00,Stresemannstraße 38,12.0,5.17,415.0,50.36464,8.73641,False
2025-07-04 15:00:00+00:00,Stresemannstraße 38,33.0,5.275,415.0,50.36464,8.73641,False
2025-07-04 16:00:00+00:00,Stresemannstraße 38,33.0,5.135,415.0,50.36464,8.73641,False
2025-07-04 17:00:00+00:00,Stresemannstraße 38,19.0,5.52,415.0,50.36464,8.73641,False
2025-07-04 18:00:00+00:00,Stresemannstraße 38,13.0,20.16,415.0,50.36464,8.73641,False
2025-07-04 19:00:00+00:00,Stresemannstraße 38,18.0,6.98,415.0,50.36464,8.73641,False
2025-07-04 20:00:00+00:00,Stresemannstraße 38,9.0,3.49,415.0,50.36464,8.73641,True
2025-07-04 21:00:00+00:00,Stresemannstraße 38,0.0,0.0,415.0,50.36464,8.73641,False
2025-07-04 22:00:00+00:00,Stresemannstraße 38,2.0,3.145,415.0,50.36464,8.73641,True
2025-07-04 23:00:00+00:00,Stresemannstraße 38,4.0,6.29,415.0,50.36464,8.73641,False
2025-07-05 00:00:00+00:00,Stresemannstraße 38,2.0,1.22,415.0,50.36464,8.73641,False
2025-07-05 01:00:00+00:00,Stresemannstraße 38,1.0,28.58,415.0,50.36464,8.73641,False
2025-07-05 02:00:00+00:00,Stresemannstraße 38,1.0,15.864999999999998,415.0,50.36464,8.73641,True
2025-07-05 03:00:00+00:00,Stresemannstraße 38,1.0,3.15,415.0,50.36464,8.73641,False
2025-07-05 04:00:00+00:00,Stresemannstraße 38,6.0,8.38,415.0,50.36464,8.73641,False
2025-07-05 05:00:00+00:00,Stresemannstraße 38,3.0,0.62,415.0,50.36464,8.73641,False
2025-07-05 06:00:00+00:00,Stresemannstraße 38,4.0,17.375,415.0,50.36464,8.73641,False
2025-07-05 07:00:00+00:00,Stresemannstraße 38,2.0,8.6875,415.0,50.36464,8.73641,True
2025-07-05 08:00:00+00:00,Stresemannstraße 38,0.0,0.0,415.0,50.36464,8.73641,False
2025-07-05 09:00:00+00:00,Stresemannstraße 38,31.0,2.865,415.0,50.36464,8.73641,False
2025-07-05 10:00:00+00:00,Stresemannstraße 38,60.0,6.465,415.0,50.36464,8.73641,False
2025-07-05 11:00:00+00:00,Stresemannstraße 38,39.0,5.109999999999999,415.0,50.36464,8.73641,False
2025-07-05 12:00:00+00:00,Stresemannstraße 38,47.0,6.0600000000000005,415.0,50.36464,8.73641,False
2025-07-05 13:00:00+00:00,Stresemannstraße 38,38.0,5.62,415.0,50.36464,8.73641,False
2025-07-05 14:00:00+00:00,Stresemannstraße 38,31.666666666666668,5.736666666666666,415.0,50.36464,8.73641,True
2025-07-05 15:00:00+00:00,Stresemannstraße 38,25.333333333333336,5.8533333333333335,415.0,50.36464,8.73641,True
2025-07-05 16:00:00+00:00,Stresemannstraße 38,19.0,5.97,415.0,50.36464,8.73641,False
2025-07-05 17:00:00+00:00,Stresemannstraße 38,14.5,7.324999999999999,415.0,50.36464,8.73641,False
2025-07-05 18:00:00+00:00,Stresemannstraße 38,20.0,9.26,415.0,50.36464,8.73641,False
2025-07-05 19:00:00+00:00,Stresemannstraße 38,12.5,5.895,415.0,50.36464,8.73641,True
2025-07-05 20:00:00+00:00,Stresemannstraße 38,5.0,2.53,415.0,50.36464,8.73641,False
2025-07-05 21:00:00+00:00,Stresemannstraße 38,1.0,0.67,415.0,50.36464,8.73641,False
2025-07-05 22:00:00+00:00,Stresemannstraße 38,2.0,11.79,415.0,50.36464,8.73641,True
2025-07-05 23:00:00+00:00,Stresemannstraße 38,3.0,22.91,415.0,50.36464,8.73641,False
2025-07-06 00:00:00+00:00,Stresemannstraße 38,1.0,33.9,415.0,50.36464,8.73641,False
2025-07-06 01:00:00+00:00,Stresemannstraße 38,1.0,42.96,415.0,50.36464,8.73641,True
2025-07-06 02:00:00+00:00,Stresemannstraße 38,1.0,52.02,415.0,50.36464,8.73641,False
2025-07-06 03:00:00+00:00,Stresemannstraße 38,4.0,4.78,415.0,50.36464,8.73641,False
2025-07-06 04:00:00+00:00,Stresemannstraße 38,3.0,5.92,415.0,50.36464,8.73641,False
2025-07-06 05:00:00+00:00,Stresemannstraße 38,4.0,1.05,415.0,50.36464,8.73641,False
2025-07-06 06:00:00+00:00,Stresemannstraße 38,4.0,0.91,415.0,50.36464,8.73641,False
2025-07-06 07:00:00+00:00,Stresemannstraße 38,9.0,4.38,415.0,50.36464,8.73641,False
2025-07-06 08:00:00+00:00,Stresemannstraße 38,10.0,5.84,415.0,50.36464,8.73641,False
2025-07-06 09:00:00+00:00,Stresemannstraße 38,34.5,5.244999999999999,415.0,50.36464,8.73641,False
2025-07-06 10:00:00+00:00,Stresemannstraße 38,15.0,4.06,415.0,50.36464,8.73641,False
2025-07-06 11:00:00+00:00,Stresemannstraße 38,36.0,3.79,415.0,50.36464,8.73641,False
2025-07-06 12:00:00+00:00,Stresemannstraße 38,21.0,8.75,415.0,50.36464,8.73641,False
2025-07-06 13:00:00+00:00,Stresemannstraße 38,17.5,10.469999999999999,415.0,50.36464,8.73641,False
2025-07-06 14:00:00+00:00,Stresemannstraße 38,11.5,11.445,415.0,50.36464,8.73641,False
2025-07-06 15:00:00+00:00,Stresemannstraße 38,9.5,4.65,415.0,50.36464,8.73641,False
2025-07-06 16:00:00+00:00,Stresemannstraße 38,7.0,3.7800000000000002,415.0,50.36464,8.73641,False
2025-07-06 17:00:00+00:00,Stresemannstraße 38,6.0,3.84,415.0,50.36464,8.73641,False
2025-07-06 18:00:00+00:00,Stresemannstraße 38,8.0,12.57,415.0,50.36464,8.73641,False
2025-07-06 19:00:00+00:00,Stresemannstraße 38,2.0,0.98,415.0,50.36464,8.73641,False
2025-07-06 20:00:00+00:00,Stresemannstraße 38,1.0,0.49,415.0,50.36464,8.73641,True
2025-07-06 21:00:00+00:00,Stresemannstraße 38,0.0,0.0,415.0,50.36464,8.73641,False
2025-07-06 22:00:00+00:00,Stresemannstraße 38,,,415.0,50.36464,8.73641,True
2025-07-06 23:00:00+00:00,Stresemannstraße 38,,,415.0,50.36464,8.73641,True
2025-07-07 00:00:00+00:00,Stresemannstraße 38,,,415.0,50.36464,8.73641,True
2025-07-07 01:00:00+00:00,Stresemannstraße 38,0.5,33.175,415.0,50.36464,8.73641,False
2025-07-07 02:00:00+00:00,Stresemannstraße 38,3.0,0.97,415.0,50.36464,8.73641,False
2025-07-07 03:00:00+00:00,Stresemannstraße 38,1.5,16.925,415.0,50.36464,8.73641,False
2025-07-07 04:00:00+00:00,Stresemannstraße 38,5.0,11.92,415.0,50.36464,8.73641,False
2025-07-07 05:00:00+00:00,Stresemannstraße 38,6.0,6.21,415.0,50.36464,8.73641,False
2025-07-07 06:00:00+00:00,Stresemannstraße 38,12.0,9.01,415.0,50.36464,8.73641,False
2025-07-07 07:00:00+00:00,Stresemannstraße 38,15.5,11.445,415.0,50.36464,8.73641,False
2025-07-07 08:00:00+00:00,Stresemannstraße 38,26.0,9.22,415.0,50.36464,8.73641,False
2025-07-07 09:00:00+00:00,Stresemannstraße 38,22.0,9.33,415.0,50.36464,8.73641,False
2025-07-07 10:00:00+00:00,Stresemannstraße 38,23.0,8.77,415.0,50.36464,8.73641,False
2025-07-07 11:00:00+00:00,Stresemannstraße 38,19.5,6.984999999999999,415.0,50.36464,8.73641,True
2025-07-07 12:00:00+00:00,Stresemannstraße 38,16.0,5.2,415.0,50.36464,8.73641,False
2025-07-07 13:00:00+00:00,Stresemannstraße 38,20.0,5.31,415.0,50.36464,8.73641,False
2025-07-07 14:00:00+00:00,Stresemannstraße 38,30.5,6.99,415.0,50.36464,8.73641,False
2025-07-07 15:00:00+00:00,Stresemannstraße 38,19.5,7.84,415.0,50.36464,8.73641,False
2025-07-07 16:00:00+00:00,Stresemannstraße 38,18.0,5.755,415.0,50.36464,8.73641,False
2025-07-07 17:00:00+00:00,Stresemannstraße 38,11.0,1.29,415.0,50.36464,8.73641,False
2025-07-07 18:00:00+00:00,Stresemannstraße 38,4.5,7.4799999999999995,415.0,50.36464,8.73641,False
2025-07-07 19:00:00+00:00,Stresemannstraße 38,6.5,1.23,415.0,50.36464,8.73641,False
2025-07-07 20:00:00+00:00,Stresemannstraße 38,3.25,0.615,415.0,50.36464,8.73641,True
2025-07-07 21:00:00+00:00,Stresemannstraße 38,0.0,0.0,415.0,50.36464,8.73641,False
2025-07-07 22:00:00+00:00,Stresemannstraße 38,4.0,8.47,415.0,50.36464,8.73641,False
2025-07-07 23:00:00+00:00,Stresemannstraße 38,4.0,15.3,415.0,50.36464,8.73641,False
2025-07-08 00:00:00+00:00,Stresemannstraße 38,5.0,25.92,415.0,50.36464,8.73641,False
2025-07-08 01:00:00+00:00,Stresemannstraße 38,1.0,5.43,415.0,50.36464,8.73641,False
2025-07-08 02:00:00+00:00,Stresemannstraße 38,1.0,19.1,415.0,50.36464,8.73641,False
2025-07-08 03:00:00+00:00,Stresemannstraße 38,2.0,8.0,415.0,50.36464,8.73641,False
2025-07-08 04:00:00+00:00,Stresemannstraße 38,4.0,4.18,415.0,50.36464,8.73641,False
2025-07-08 05:00:00+00:00,Stresemannstraße 38,9.0,2.05,415.0,50.36464,8.73641,False
2025-07-08 06:00:00+00:00,Stresemannstraße 38,5.0,3.1,415.0,50.36464,8.73641,False
2025-07-08 07:00:00+00:00,Stresemannstraße 38,18.0,7.465,415.0,50.36464,8.73641,False
2025-07-08 08:00:00+00:00,Stresemannstraße 38,18.5,6.702500000000001,415.0,50.36464,8.73641,True
2025-07-08 09:00:00+00:00,Stresemannstraße 38,19.0,5.94,415.0,50.36464,8.73641,False
2025-07-08 10:00:00+00:00,Stresemannstraße 38,22.5,3.0549999999999997,415.0,50.36464,8.73641,False
2025-07-08 11:00:00+00:00,Stresemannstraße 38,27.5,6.97,415.0,50.36464,8.73641,False
2025-07-08 12:00:00+00:00,Stresemannstraße 38,24.0,5.98,415.0,50.36464,8.73641,False
2025-07-08 13:00:00+00:00,Stresemannstraße 38,28.0,6.01,415.0,50.36464,8.73641,False
2025-07-08 14:00:00+00:00,Stresemannstraße 38,,,415.0,50.36464,8.73641,True
2025-07-08 15:00:00+00:00,Stresemannstraße 38,,,415.0,50.36464,8.73641,True
2025-07-08 16:00:00+00:00,Stresemannstraße 38,,,415.0,50.36464,8.73641,True
2025-07-08 17:00:00+00:00,Stresemannstraße 38,,,415.0,50.36464,8.73641,True
2025-07-08 18:00:00+00:00,Stresemannstraße 38,,,415.0,50.36464,8.73641,True
2025-07-08 19:00:00+00:00,Stresemannstraße 38,,,415.0,50.36464,8.73641,True
2025-07-08 20:00:00+00:00,Stresemannstraße 38,,,415.0,50.36464,8.73641,True
2025-07-08 21:00:00+00:00,Stresemannstraße 38,,,415.0,50.36464,8.73641,True
2025-07-08 22:00:00+00:00,Stresemannstraße 38,,,415.0,50.36464,8.73641,True
2025-07-08 23:00:00+00:00,Stresemannstraße 38,,,415.0,50.36464,8.73641,True
2025-07-09 00:00:00+00:00,Stresemannstraße 38,,,415.0,50.36464,8.73641,True
2025-07-09 01:00:00+00:00,Stresemannstraße 38,,,415.0,50.36464,8.73641,True
2025-07-09 02:00:00+00:00,Stresemannstraße 38,,,415.0,50.36464,8.73641,True
2025-07-09 03:00:00+00:00,Stresemannstraße 38,,,415.0,50.36464,8.73641,True
2025-07-09 04:00:00+00:00,Stresemannstraße 38,,,415.0,50.36464,8.73641,True
2025-07-09 05:00:00+00:00,Stresemannstraße 38,,,415.0,50.36464,8.73641,True
2025-07-09 06:00:00+00:00,Stresemannstraße 38,,,415.0,50.36464,8.73641,True
2025-07-09 07:00:00+00:00,Stresemannstraße 38,14.0,3.33,415.0,50.36464,8.73641,False
2025-07-09 08:00:00+00:00,Stresemannstraße 38,28.0,5.08,415.0,50.36464,8.73641,False
2025-07-09 09:00:00+00:00,Stresemannstraße 38,23.0,4.69,415.0,50.36464,8.73641,False
2025-07-09 10:00:00+00:00,Stresemannstraße 38,21.0,7.43,415.0,50.36464,8.73641,False
2025-07-09 11:00:00+00:00,Stresemannstraße 38,27.0,7.29,415.0,50.36464,8.73641,False
2025-07-09 12:00:00+00:00,Stresemannstraße 38,19.5,9.575,415.0,50.36464,8.73641,False
2025-07-09 13:00:00+00:00,Stresemannstraße 38,26.75,8.309999999999999,415.0,50.36464,8.73641,True
2025-07-09 14:00:00+00:00,Stresemannstraße 38,34.0,7.045,415.0,50.36464,8.73641,False
2025-07-09 15:00:00+00:00,Stresemannstraße 38,23.5,6.49,415.0,50.36464,8.73641,False
2025-07-09 16:00:00+00:00,Stresemannstraße 38,16.0,4.125,415.0,50.36464,8.73641,False
2025-07-09 17:00:00+00:00,Stresemannstraße 38,13.0,7.33,415.0,50.36464,8.73641,False
2025-07-09 18:00:00+00:00,Stresemannstraße 38,8.5,5.42,415.0,50.36464,8.73641,False
2025-07-09 19:00:00+00:00,Stresemannstraße 38,7.5,7.92,415.0,50.36464,8.73641,False
2025-07-09 20:00:00+00:00,Stresemannstraße 38,1.0,14.155000000000001,415.0,50.36464,8.73641,False
2025-07-09 21:00:00+00:00,Stresemannstraße 38,1.5,1.055,415.0,50.36464,8.73641,False
2025-07-09 22:00:00+00:00,Stresemannstraße 38,,,415.0,50.36464,8.73641,True
2025-07-09 23:00:00+00:00,Stresemannstraße 38,,,415.0,50.36464,8.73641,True
2025-07-10 00:00:00+00:00,Stresemannstraße 38,,,415.0,50.36464,8.73641,True
2025-07-10 01:00:00+00:00,Stresemannstraße 38,,,415.0,50.36464,8.73641,True
2025-07-10 02:00:00+00:00,Stresemannstraße 38,,,415.0,50.36464,8.73641,True
2025-07-10 03:00:00+00:00,Stresemannstraße 38,,,415.0,50.36464,8.73641,True
2025-07-10 04:00:00+00:00,Stresemannstraße 38,,,415.0,50.36464,8.73641,True
2025-07-10 05:00:00+00:00,Stresemannstraße 38,,,415.0,50.36464,8.73641,True
2025-07-10 06:00:00+00:00,Stresemannstraße 38,,,415.0,50.36464,8.73641,True
2025-07-10 07:00:00+00:00,Stresemannstraße 38,14.0,3.0,415.0,50.36464,8.73641,False
2025-07-10 08:00:00+00:00,Stresemannstraße 38,24.5,8.585,415.0,50.36464,8.73641,False
2025-07-10 09:00:00+00:00,Stresemannstraße 38,33.0,5.0649999999999995,415.0,50.36464,8.73641,False
2025-07-10 10:00:00+00:00,Stresemannstraße 38,42.0,6.58,415.0,50.36464,8.73641,False
2025-07-10 11:00:00+00:00,Stresemannstraße 38,23.0,9.3,415.0,50.36464,8.73641,False
2025-07-10 12:00:00+00:00,Stresemannstraße 38,18.0,5.75,415.0,50.36464,8.73641,False
2025-07-10 13:00:00+00:00,Stresemannstraße 38,33.0,11.11,415.0,50.36464,8.73641,False
2025-07-10 14:00:00+00:00,Stresemannstraße 38,16.5,14.2,415.0,50.36464,8.73641,False
2025-07-10 15:00:00+00:00,Stresemannstraße 38,17.5,9.440000000000001,415.0,50.36464,8.73641,False
2025-07-10 16:00:00+00:00,Stresemannstraße 38,25.5,7.105,415.0,50.36464,8.73641,False
2025-07-10 17:00:00+00:00,Stresemannstraße 38,21.0,6.96,415.0,50.36464,8.73641,False
2025-07-10 18:00:00+00:00,Stresemannstraße 38,12.0,13.5,415.0,50.36464,8.73641,False
2025-07-10 19:00:00+00:00,Stresemannstraße 38,7.5,4.205,415.0,50.36464,8.73641,False
2025-07-10 20:00:00+00:00,Stresemannstraße 38,3.75,2.1025,415.0,50.36464,8.73641,True
2025-07-10 21:00:00+00:00,Stresemannstraße 38,0.0,0.0,415.0,50.36464,8.73641,False
2025-07-10 22:00:00+00:00,Stresemannstraße 38,1.0,1.37,415.0,50.36464,8.73641,True
2025-07-10 23:00:00+00:00,Stresemannstraße 38,2.0,2.74,415.0,50.36464,8.73641,False
2025-07-11 00:00:00+00:00,Stresemannstraße 38,1.0,1.37,415.0,50.36464,8.73641,True
2025-07-11 01:00:00+00:00,Stresemannstraße 38,0.0,0.0,415.0,50.36464,8.73641,False
2025-07-11 02:00:00+00:00,Stresemannstraße 38,1.0,10.07,415.0,50.36464,8.73641,False
2025-07-11 03:00:00+00:00,Stresemannstraße 38,1.0,24.55,415.0,50.36464,8.73641,False
2025-07-11 04:00:00+00:00,Stresemannstraße 38,4.0,3.17,415.0,50.36464,8.73641,False
2025-07-11 05:00:00+00:00,Stresemannstraße 38,7.0,1.33,415.0,50.36464,8.73641,False
2025-07-11 06:00:00+00:00,Stresemannstraße 38,14.0,2.74,415.0,50.36464,8.73641,False
2025-07-11 07:00:00+00:00,Stresemannstraße 38,,,415.0,50.36464,8.73641,True
2025-07-11 08:00:00+00:00,Stresemannstraße 38,,,415.0,50.36464,8.73641,True
2025-07-11 09:00:00+00:00,Stresemannstraße 38,,,415.0,50.36464,8.73641,True
2025-07-11 10:00:00+00:00,Stresemannstraße 38,,,415.0,50.36464,8.73641,True
2025-07-11 11:00:00+00:00,Stresemannstraße 38,,,415.0,50.36464,8.73641,True
2025-07-11 12:00:00+00:00,Stresemannstraße 38,,,415.0,50.36464,8.73641,True
2025-07-11 13:00:00+00:00,Stresemannstraße 38,,,415.0,50.36464,8.73641,True
2025-07-11 14:00:00+00:00,Stresemannstraße 38,,,415.0,50.36464,8.73641,True
2025-07-11 15:00:00+00:00,Stresemannstraße 38,,,415.0,50.36464,8.73641,True
2025-07-11 16:00:00+00:00,Stresemannstraße 38,,,415.0,50.36464,8.73641,True
2025-07-11 17:00:00+00:00,Stresemannstraße 38,14.0,9.12,415.0,50.36464,8.73641,False
2025-07-11 18:00:00+00:00,Stresemannstraße 38,10.5,9.265,415.0,50.36464,8.73641,True
2025-07-11 19:00:00+00:00,Stresemannstraße 38,7.0,9.41,415.0,50.36464,8.73641,False
2025-07-11 20:00:00+00:00,Stresemannstraße 38,9.0,4.33,415.0,50.36464,8.73641,False
2025-07-11 21:00:00+00:00,Stresemannstraße 38,0.0,0.0,415.0,50.36464,8.73641,False
2025-07-11 22:00:00+00:00,Stresemannstraße 38,1.5,1.06,415.0,50.36464,8.73641,True
2025-07-11 23:00:00+00:00,Stresemannstraße 38,3.0,2.12,415.0,50.36464,8.73641,False
2025-07-12 00:00:00+00:00,Stresemannstraße 38,,,415.0,50.36464,8.73641,True
2025-07-12 01:00:00+00:00,Stresemannstraße 38,,,415.0,50.36464,8.73641,True
2025-07-12 02:00:00+00:00,Stresemannstraße 38,,,415.0,50.36464,8.73641,True
2025-07-12 03:00:00+00:00,Stresemannstraße 38,,,415.0,50.36464,8.73641,True
2025-07-12 04:00:00+00:00,Stresemannstraße 38,,,415.0,50.36464,8.73641,True
2025-07-12 05:00:00+00:00,Stresemannstraße 38,,,415.0,50.36464,8.73641,True
2025-07-12 06:00:00+00:00,Stresemannstraße 38,8.0,3.87,415.0,50.36464,8.73641,False
2025-07-12 07:00:00+00:00,Stresemannstraße 38,16.0,7.02,415.0,50.36464,8.73641,False
2025-07-12 08:00:00+00:00,Stresemannstraße 38,18.333333333333332,6.88,415.0,50.36464,8.73641,True
2025-07-12 09:00:00+00:00,Stresemannstraße 38,20.666666666666668,6.739999999999999,415.0,50.36464,8.73641,True
2025-07-12 10:00:00+00:00,Stresemannstraße 38,23.0,6.6,415.0,50.36464,8.73641,False
2025-07-12 11:00:00+00:00,Stresemannstraße 38,25.0,6.45,415.0,50.36464,8.73641,False
2025-07-12 12:00:00+00:00,Stresemannstraße 38,30.0,4.82,415.0,50.36464,8.73641,False
2025-07-12 13:00:00+00:00,Stresemannstraße 38,29.0,6.465,415.0,50.36464,8.73641,False
2025-07-12 14:00:00+00:00,Stresemannstraße 38,29.0,6.984999999999999,415.0,50.36464,8.73641,False
2025-07-12 15:00:00+00:00,Stresemannstraße 38,25.0,5.355,415.0,50.36464,8.73641,False
2025-07-12 16:00:00+00:00,Stresemannstraße 38,21.0,7.35,415.0,50.36464,8.73641,False
2025-07-12 17:00:00+00:00,Stresemannstraße 38,18.5,14.6,415.0,50.36464,8.73641,False
2025-07-12 18:00:00+00:00,Stresemannstraße 38,18.0,14.585,415.0,50.36464,8.73641,False
2025-07-12 19:00:00+00:00,Stresemannstraße 38,8.0,5.95,415.0,50.36464,8.73641,False
2025-07-12 20:00:00+00:00,Stresemannstraße 38,4.0,2.975,415.0,50.36464,8.73641,True
2025-07-12 21:00:00+00:00,Stresemannstraße 38,0.0,0.0,415.0,50.36464,8.73641,False
2025-07-12 22:00:00+00:00,Stresemannstraße 38,11.0,7.12,415.0,50.36464,8.73641,False
2025-07-12 23:00:00+00:00,Stresemannstraße 38,0.5,6.215,415.0,50.36464,8.73641,False
2025-07-13 00:00:00+00:00,Stresemannstraße 38,3.0,8.525,415.0,50.36464,8.73641,False
2025-07-13 01:00:00+00:00,Stresemannstraße 38,1.5,17.86,415.0,50.36464,8.73641,False
2025-07-13 02:00:00+00:00,Stresemannstraße 38,3.0,10.75,415.0,50.36464,8.73641,False
2025-07-13 03:00:00+00:00,Stresemannstraße 38,2.0,9.29,415.0,50.36464,8.73641,False
2025-07-13 04:00:00+00:00,Stresemannstraße 38,,,415.0,50.36464,8.73641,True
2025-07-13 05:00:00+00:00,Stresemannstraße 38,,,415.0,50.36464,8.73641,True
2025-07-13 06:00:00+00:00,Stresemannstraße 38,,,415.0,50.36464,8.73641,True
2025-07-13 07:00:00+00:00,Stresemannstraße 38,,,415.0,50.36464,8.73641,True
2025-07-13 08:00:00+00:00,Stresemannstraße 38,,,415.0,50.36464,8.73641,True
2025-07-13 09:00:00+00:00,Stresemannstraße 38,,,415.0,50.36464,8.73641,True
2025-07-13 10:00:00+00:00,Stresemannstraße 38,,,415.0,50.36464,8.73641,True
2025-07-13 11:00:00+00:00,Stresemannstraße 38,,,415.0,50.36464,8.73641,True
2025-07-13 12:00:00+00:00,Stresemannstraße 38,,,415.0,50.36464,8.73641,True
2025-07-13 13:00:00+00:00,Stresemannstraße 38,,,415.0,50.36464,8.73641,True
2025-07-13 14:00:00+00:00,Stresemannstraße 38,,,415.0,50.36464,8.73641,True
2025-07-13 15:00:00+00:00,Stresemannstraße 38,,,415.0,50.36464,8.73641,True
2025-07-13 16:00:00+00:00,Stresemannstraße 38,,,415.0,50.36464,8.73641,True
2025-07-13 17:00:00+00:00,Stresemannstraße 38,,,415.0,50.36464,8.73641,True
2025-07-13 18:00:00+00:00,Stresemannstraße 38,,,415.0,50.36464,8.73641,True
2025-07-13 19:00:00+00:00,Stresemannstraße 38,,,415.0,50.36464,8.73641,True
2025-07-13 20:00:00+00:00,Stresemannstraße 38,,,415.0,50.36464,8.73641,True
2025-07-13 21:00:00+00:00,Stresemannstraße 38,0.0,0.0,415.0,50.36464,8.73641,False
2025-07-13 22:00:00+00:00,Stresemannstraße 38,2.5,8.092500000000001,415.0,50.36464,8.73641,True
2025-07-13 23:00:00+00:00,Stresemannstraße 38,5.0,16.185000000000002,415.0,50.36464,8.73641,False
2025-06-30 01:00:00+00:00,Stresemannstraße 6,0.0,0.0,415.0,50.36451,8.73992,False
2025-06-30 02:00:00+00:00,Stresemannstraße 6,1.0,2.73,415.0,50.36451,8.73992,False
2025-06-30 03:00:00+00:00,Stresemannstraße 6,6.0,2.6399999999999997,415.0,50.36451,8.73992,False
2025-06-30 04:00:00+00:00,Stresemannstraße 6,8.0,8.255,415.0,50.36451,8.73992,False
2025-06-30 05:00:00+00:00,Stresemannstraße 6,20.0,2.16,415.0,50.36451,8.73992,False
2025-06-30 06:00:00+00:00,Stresemannstraße 6,35.0,9.39,415.0,50.36451,8.73992,False
2025-06-30 07:00:00+00:00,Stresemannstraße 6,74.5,11.005,415.0,50.36451,8.73992,False
2025-06-30 08:00:00+00:00,Stresemannstraße 6,81.25,10.59,415.0,50.36451,8.73992,True
2025-06-30 09:00:00+00:00,Stresemannstraße 6,88.0,10.175,415.0,50.36451,8.73992,False
2025-06-30 10:00:00+00:00,Stresemannstraße 6,61.0,10.65,415.0,50.36451,8.73992,False
2025-06-30 11:00:00+00:00,Stresemannstraße 6,61.0,10.39,415.0,50.36451,8.73992,False
2025-06-30 12:00:00+00:00,Stresemannstraße 6,51.5,10.254999999999999,415.0,50.36451,8.73992,False
2025-06-30 13:00:00+00:00,Stresemannstraße 6,64.5,14.865,415.0,50.36451,8.73992,False
2025-06-30 14:00:00+00:00,Stresemannstraße 6,72.5,6.5,415.0,50.36451,8.73992,False
2025-06-30 15:00:00+00:00,Stresemannstraße 6,61.5,9.585,415.0,50.36451,8.73992,False
2025-06-30 16:00:00+00:00,Stresemannstraße 6,34.0,8.33,415.0,50.36451,8.73992,False
2025-06-30 17:00:00+00:00,Stresemannstraße 6,36.0,6.48,415.0,50.36451,8.73992,False
2025-06-30 18:00:00+00:00,Stresemannstraße 6,17.0,9.0,415.0,50.36451,8.73992,False
2025-06-30 19:00:00+00:00,Stresemannstraße 6,12.0,5.68,415.0,50.36451,8.73992,False
2025-06-30 20:00:00+00:00,Stresemannstraße 6,7.0,5.83,415.0,50.36451,8.73992,False
2025-06-30 21:00:00+00:00,Stresemannstraße 6,8.5,5.4375,415.0,50.36451,8.73992,True
2025-06-30 22:00:00+00:00,Stresemannstraße 6,10.0,5.045,415.0,50.36451,8.73992,False
2025-06-30 23:00:00+00:00,Stresemannstraße 6,5.0,2.5225,415.0,50.36451,8.73992,True
2025-07-01 00:00:00+00:00,Stresemannstraße 6,0.0,0.0,415.0,50.36451,8.73992,False
2025-07-01 01:00:00+00:00,Stresemannstraße 6,3.0,15.37,415.0,50.36451,8.73992,False
2025-07-01 02:00:00+00:00,Stresemannstraße 6,3.0,1.93,415.0,50.36451,8.73992,False
2025-07-01 03:00:00+00:00,Stresemannstraße 6,6.0,13.11,415.0,50.36451,8.73992,False
2025-07-01 04:00:00+00:00,Stresemannstraße 6,17.0,5.83,415.0,50.36451,8.73992,False
2025-07-01 05:00:00+00:00,Stresemannstraße 6,23.0,3.2199999999999998,415.0,50.36451,8.73992,False
2025-07-01 06:00:00+00:00,Stresemannstraße 6,35.0,9.975000000000001,415.0,50.36451,8.73992,False
2025-07-01 07:00:00+00:00,Stresemannstraße 6,54.0,10.95,415.0,50.36451,8.73992,False
2025-07-01 08:00:00+00:00,Stresemannstraße 6,80.0,8.31,415.0,50.36451,8.73992,False
2025-07-01 09:00:00+00:00,Stresemannstraße 6,86.5,10.34,415.0,50.36451,8.73992,False
2025-07-01 10:00:00+00:00,Stresemannstraße 6,79.5,8.395,415.0,50.36451,8.73992,False
2025-07-01 11:00:00+00:00,Stresemannstraße 6,81.0,8.635,415.0,50.36451,8.73992,False
2025-07-01 12:00:00+00:00,Stresemannstraße 6,40.0,6.1,415.0,50.36451,8.73992,False
2025-07-01 13:00:00+00:00,Stresemannstraße 6,65.5,11.375,415.0,50.36451,8.73992,False
2025-07-01 14:00:00+00:00,Stresemannstraße 6,42.0,8.49,415.0,50.36451,8.73992,False
2025-07-01 15:00:00+00:00,Stresemannstraße 6,42.0,7.2,415.0,50.36451,8.73992,False
2025-07-01 16:00:00+00:00,Stresemannstraße 6,38.0,4.17,415.0,50.36451,8.73992,False
2025-07-01 17:00:00+00:00,Stresemannstraße 6,20.0,6.34,415.0,50.36451,8.73992,False
2025-07-01 18:00:00+00:00,Stresemannstraße 6,12.0,4.45,415.0,50.36451,8.73992,False
2025-07-01 19:00:00+00:00,Stresemannstraße 6,12.0,9.28,415.0,50.36451,8.73992,False
2025-07-01 20:00:00+00:00,Stresemannstraße 6,6.0,4.64,415.0,50.36451,8.73992,True
2025-07-01 21:00:00+00:00,Stresemannstraße 6,0.0,0.0,415.0,50.36451,8.73992,False
2025-07-01 22:00:00+00:00,Stresemannstraße 6,10.0,1.7000000000000002,415.0,50.36451,8.73992,False
2025-07-01 23:00:00+00:00,Stresemannstraße 6,5.25,25.229999999999997,415.0,50.36451,8.73992,True
2025-07-02 00:00:00+00:00,Stresemannstraße 6,0.5,48.76,415.0,50.36451,8.73992,False
2025-07-02 01:00:00+00:00,Stresemannstraße 6,2.5,20.425,415.0,50.36451,8.73992,False
2025-07-02 02:00:00+00:00,Stresemannstraße 6,3.0,12.625,415.0,50.36451,8.73992,False
2025-07-02 03:00:00+00:00,Stresemannstraße 6,4.0,8.07,415.0,50.36451,8.73992,False
2025-07-02 04:00:00+00:00,Stresemannstraße 6,12.0,7.175,415.0,50.36451,8.73992,False
2025-07-02 05:00:00+00:00,Stresemannstraße 6,33.5,5.365,415.0,50.36451,8.73992,False
2025-07-02 06:00:00+00:00,Stresemannstraße 6,35.0,4.84,415.0,50.36451,8.73992,False
2025-07-02 07:00:00+00:00,Stresemannstraße 6,60.0,10.36,415.0,50.36451,8.73992,False
2025-07-02 08:00:00+00:00,Stresemannstraße 6,67.0,10.53,415.0,50.36451,8.73992,False
2025-07-02 09:00:00+00:00,Stresemannstraße 6,64.0,9.835,415.0,50.36451,8.73992,False
2025-07-02 10:00:00+00:00,Stresemannstraße 6,53.0,12.4,415.0,50.36451,8.73992,False
2025-07-02 11:00:00+00:00,Stresemannstraße 6,51.0,13.89,415.0,50.36451,8.73992,False
2025-07-02 12:00:00+00:00,Stresemannstraße 6,33.5,6.405,415.0,50.36451,8.73992,False
2025-07-02 13:00:00+00:00,Stresemannstraße 6,33.0,9.9,415.0,50.36451,8.73992,False
2025-07-02 14:00:00+00:00,Stresemannstraße 6,46.0,9.71,415.0,50.36451,8.73992,False
2025-07-02 15:00:00+00:00,Stresemannstraße 6,43.0,5.925,415.0,50.36451,8.73992,False
2025-07-02 16:00:00+00:00,Stresemannstraße 6,38.0,7.545,415.0,50.36451,8.73992,False
2025-07-02 17:00:00+00:00,Stresemannstraße 6,30.0,8.21,415.0,50.36451,8.73992,False
2025-07-02 18:00:00+00:00,Stresemannstraße 6,16.0,5.45,415.0,50.36451,8.73992,False
2025-07-02 19:00:00+00:00,Stresemannstraße 6,7.0,0.77,415.0,50.36451,8.73992,False
2025-07-02 20:00:00+00:00,Stresemannstraße 6,6.0,3.36,415.0,50.36451,8.73992,False
2025-07-02 21:00:00+00:00,Stresemannstraße 6,5.666666666666667,2.4966666666666666,415.0,50.36451,8.73992,True
2025-07-02 22:00:00+00:00,Stresemannstraße 6,5.333333333333333,1.6333333333333333,415.0,50.36451,8.73992,True
2025-07-02 23:00:00+00:00,Stresemannstraße 6,5.0,0.77,415.0,50.36451,8.73992,False
2025-07-03 00:00:00+00:00,Stresemannstraße 6,2.0,19.16,415.0,50.36451,8.73992,False
2025-07-03 01:00:00+00:00,Stresemannstraße 6,1.0,8.4,415.0,50.36451,8.73992,False
2025-07-03 02:00:00+00:00,Stresemannstraße 6,2.0,17.22,415.0,50.36451,8.73992,False
2025-07-03 03:00:00+00:00,Stresemannstraße 6,7.0,8.49,415.0,50.36451,8.73992,False
2025-07-03 04:00:00+00:00,Stresemannstraße 6,18.0,5.81,415.0,50.36451,8.73992,False
2025-07-03 05:00:00+00:00,Stresemannstraße 6,24.5,4.425,415.0,50.36451,8.73992,False
2025-07-03 06:00:00+00:00,Stresemannstraße 6,28.0,4.945,415.0,50.36451,8.73992,False
2025-07-03 07:00:00+00:00,Stresemannstraße 6,47.0,10.645,415.0,50.36451,8.73992,False
2025-07-03 08:00:00+00:00,Stresemannstraße 6,64.5,15.395,415.0,50.36451,8.73992,False
2025-07-03 09:00:00+00:00,Stresemannstraße 6,71.0,8.61,415.0,50.36451,8.73992,False
2025-07-03 10:00:00+00:00,Stresemannstraße 6,93.5,9.495000000000001,415.0,50.36451,8.73992,False
2025-07-03 11:00:00+00:00,Stresemannstraße 6,70.5,10.26,415.0,50.36451,8.73992,False
2025-07-03 12:00:00+00:00,Stresemannstraße 6,75.5,12.105,415.0,50.36451,8.73992,False
2025-07-03 13:00:00+00:00,Stresemannstraße 6,70.0,10.555,415.0,50.36451,8.73992,False
2025-07-03 14:00:00+00:00,Stresemannstraße 6,69.0,9.83,415.0,50.36451,8.73992,False
2025-07-03 15:00:00+00:00,Stresemannstraße 6,69.0,8.690000000000001,415.0,50.36451,8.73992,False
2025-07-03 16:00:00+00:00,Stresemannstraße 6,74.0,5.82,415.0,50.36451,8.73992,False
2025-07-03 17:00:00+00:00,Stresemannstraße 6,29.0,8.7,415.0,50.36451,8.73992,False
2025-07-03 18:00:00+00:00,Stresemannstraße 6,21.0,7.34,415.0,50.36451,8.73992,False
2025-07-03 19:00:00+00:00,Stresemannstraße 6,10.0,5.47,415.0,50.36451,8.73992,False
2025-07-03 20:00:00+00:00,Stresemannstraße 6,5.0,13.135000000000002,415.0,50.36451,8.73992,False
2025-07-03 21:00:00+00:00,Stresemannstraße 6,4.666666666666667,15.356666666666667,415.0,50.36451,8.73992,True
2025-07-03 22:00:00+00:00,Stresemannstraße 6,4.333333333333333,17.578333333333333,415.0,50.36451,8.73992,True
2025-07-03 23:00:00+00:00,Stresemannstraße 6,4.0,19.8,415.0,50.36451,8.73992,False
2025-07-04 00:00:00+00:00,Stresemannstraße 6,2.5,10.135,415.0,50.36451,8.73992,True
2025-07-04 01:00:00+00:00,Stresemannstraße 6,1.0,0.47,415.0,50.36451,8.73992,False
2025-07-04 02:00:00+00:00,Stresemannstraße 6,3.0,29.57,415.0,50.36451,8.73992,False
2025-07-04 03:00:00+00:00,Stresemannstraße 6,4.0,1.82,415.0,50.36451,8.73992,False
2025-07-04 04:00:00+00:00,Stresemannstraße 6,12.0,2.4050000000000002,415.0,50.36451,8.73992,False
2025-07-04 05:00:00+00:00,Stresemannstraße 6,32.0,6.495,415.0,50.36451,8.73992,False
2025-07-04 06:00:00+00:00,Stresemannstraße 6,33.0,8.605,415.0,50.36451,8.73992,False
2025-07-04 07:00:00+00:00,Stresemannstraße 6,106.0,11.67,415.0,50.36451,8.73992,False
2025-07-04 08:00:00+00:00,Stresemannstraße 6,128.0,11.530000000000001,415.0,50.36451,8.73992,False
2025-07-04 09:00:00+00:00,Stresemannstraße 6,147.5,10.66,415.0,50.36451,8.73992,False
2025-07-04 10:00:00+00:00,Stresemannstraße 6,109.0,9.98,415.0,50.36451,8.73992,False
2025-07-04 11:00:00+00:00,Stresemannstraße 6,91.5,10.985,415.0,50.36451,8.73992,False
2025-07-04 12:00:00+00:00,Stresemannstraße 6,96.0,10.78,415.0,50.36451,8.73992,False
2025-07-04 13:00:00+00:00,Stresemannstraße 6,55.0,5.71,415.0,50.36451,8.73992,False
2025-07-04 14:00:00+00:00,Stresemannstraße 6,33.5,6.91,415.0,50.36451,8.73992,False
2025-07-04 15:00:00+00:00,Stresemannstraße 6,104.5,12.76,415.0,50.36451,8.73992,False
2025-07-04 16:00:00+00:00,Stresemannstraße 6,75.0,7.225,415.0,50.36451,8.73992,False
2025-07-04 17:00:00+00:00,Stresemannstraße 6,50.0,11.16,415.0,50.36451,8.73992,False
2025-07-04 18:00:00+00:00,Stresemannstraße 6,44.0,6.88,415.0,50.36451,8.73992,False
2025-07-04 19:00:00+00:00,Stresemannstraße 6,18.0,9.59,415.0,50.36451,8.73992,False
2025-07-04 20:00:00+00:00,Stresemannstraße 6,11.0,5.215,415.0,50.36451,8.73992,False
2025-07-04 21:00:00+00:00,Stresemannstraße 6,3.0,0.67,415.0,50.36451,8.73992,False
2025-07-04 22:00:00+00:00,Stresemannstraße 6,5.0,8.045,415.0,50.36451,8.73992,True
2025-07-04 23:00:00+00:00,Stresemannstraße 6,7.0,15.42,415.0,50.36451,8.73992,False
2025-07-05 00:00:00+00:00,Stresemannstraße 6,4.666666666666666,10.280000000000001,415.0,50.36451,8.73992,True
2025-07-05 01:00:00+00:00,Stresemannstraße 6,2.333333333333333,5.140000000000001,415.0,50.36451,8.73992,True
2025-07-05 02:00:00+00:00,Stresemannstraße 6,0.0,0.0,415.0,50.36451,8.73992,False
2025-07-05 03:00:00+00:00,Stresemannstraße 6,1.0,5.6,415.0,50.36451,8.73992,False
2025-07-05 04:00:00+00:00,Stresemannstraße 6,6.0,4.8,415.0,50.36451,8.73992,False
2025-07-05 05:00:00+00:00,Stresemannstraße 6,11.0,2.67,415.0,50.36451,8.73992,False
2025-07-05 06:00:00+00:00,Stresemannstraße 6,24.0,7.75,415.0,50.36451,8.73992,False
2025-07-05 07:00:00+00:00,Stresemannstraße 6,12.0,3.875,415.0,50.36451,8.73992,True
2025-07-05 08:00:00+00:00,Stresemannstraße 6,0.0,0.0,415.0,50.36451,8.73992,False
2025-07-05 09:00:00+00:00,Stresemannstraße 6,89.0,10.745000000000001,415.0,50.36451,8.73992,False
2025-07-05 10:00:00+00:00,Stresemannstraße 6,162.0,12.18,415.0,50.36451,8.73992,False
2025-07-05 11:00:00+00:00,Stresemannstraße 6,150.0,11.030000000000001,415.0,50.36451,8.73992,False
2025-07-05 12:00:00+00:00,Stresemannstraße 6,177.0,13.504999999999999,415.0,50.36451,8.73992,False
2025-07-05 13:00:00+00:00,Stresemannstraße 6,94.0,10.38,415.0,50.36451,8.73992,False
2025-07-05 14:00:00+00:00,Stresemannstraße 6,82.0,9.496666666666668,415.0,50.36451,8.73992,True
2025-07-05 15:00:00+00:00,Stresemannstraße 6,70.0,8.613333333333333,415.0,50.36451,8.73992,True
2025-07-05 16:00:00+00:00,Stresemannstraße 6,58.0,7.73,415.0,50.36451,8.73992,False
2025-07-05 17:00:00+00:00,Stresemannstraße 6,33.0,7.43,415.0,50.36451,8.73992,False
2025-07-05 18:00:00+00:00,Stresemannstraße 6,28.5,4.505,415.0,50.36451,8.73992,False
2025-07-05 19:00:00+00:00,Stresemannstraße 6,12.0,12.85,415.0,50.36451,8.73992,False
2025-07-05 20:00:00+00:00,Stresemannstraße 6,6.0,6.425,415.0,50.36451,8.73992,True
2025-07-05 21:00:00+00:00,Stresemannstraße 6,0.0,0.0,415.0,50.36451,8.73992,False
2025-07-05 22:00:00+00:00,Stresemannstraße 6,1.5,4.44,415.0,50.36451,8.73992,True
2025-07-05 23:00:00+00:00,Stresemannstraße 6,3.0,8.88,415.0,50.36451,8.73992,False
2025-07-06 00:00:00+00:00,Stresemannstraße 6,4.5,21.25,415.0,50.36451,8.73992,False
2025-07-06 01:00:00+00:00,Stresemannstraße 6,1.0,26.060000000000002,415.0,50.36451,8.73992,False
2025-07-06 02:00:00+00:00,Stresemannstraße 6,0.5,13.030000000000001,415.0,50.36451,8.73992,True
2025-07-06 03:00:00+00:00,Stresemannstraße 6,0.0,0.0,415.0,50.36451,8.73992,False
2025-07-06 04:00:00+00:00,Stresemannstraße 6,1.75,5.475,415.0,50.36451,8.73992,True
2025-07-06 05:00:00+00:00,Stresemannstraße 6,3.5,10.95,415.0,50.36451,8.73992,False
2025-07-06 06:00:00+00:00,Stresemannstraße 6,11.0,4.99,415.0,50.36451,8.73992,False
2025-07-06 07:00:00+00:00,Stresemannstraße 6,20.5,15.32,415.0,50.36451,8.73992,False
2025-07-06 08:00:00+00:00,Stresemannstraße 6,40.0,20.63,415.0,50.36451,8.73992,False
2025-07-06 09:00:00+00:00,Stresemannstraße 6,64.0,11.004999999999999,415.0,50.36451,8.73992,False
2025-07-06 10:00:00+00:00,Stresemannstraße 6,37.0,9.370000000000001,415.0,50.36451,8.73992,False
2025-07-06 11:00:00+00:00,Stresemannstraße 6,44.0,5.83,415.0,50.36451,8.73992,False
2025-07-06 12:00:00+00:00,Stresemannstraße 6,61.0,12.85,415.0,50.36451,8.73992,False
2025-07-06 13:00:00+00:00,Stresemannstraße 6,74.0,7.33,415.0,50.36451,8.73992,False
2025-07-06 14:00:00+00:00,Stresemannstraße 6,55.0,12.6,415.0,50.36451,8.73992,False
2025-07-06 15:00:00+00:00,Stresemannstraße 6,28.0,3.94,415.0,50.36451,8.73992,False
2025-07-06 16:00:00+00:00,Stresemannstraße 6,22.0,5.125,415.0,50.36451,8.73992,False
2025-07-06 17:00:00+00:00,Stresemannstraße 6,11.0,2.51,415.0,50.36451,8.73992,False
2025-07-06 18:00:00+00:00,Stresemannstraße 6,10.0,4.85,415.0,50.36451,8.73992,False
2025-07-06 19:00:00+00:00,Stresemannstraße 6,3.0,4.28,415.0,50.36451,8.73992,False
2025-07-06 20:00:00+00:00,Stresemannstraße 6,3.0,2.52,415.0,50.36451,8.73992,False
2025-07-06 21:00:00+00:00,Stresemannstraße 6,1.0,1.0,415.0,50.36451,8.73992,False
2025-07-06 22:00:00+00:00,Stresemannstraße 6,1.3333333333333333,8.239999999999998,415.0,50.36451,8.73992,True
2025-07-06 23:00:00+00:00,Stresemannstraße 6,1.6666666666666665,15.479999999999999,415.0,50.36451,8.73992,True
2025-07-07 00:00:00+00:00,Stresemannstraße 6,2.0,22.72,415.0,50.36451,8.73992,False
2025-07-07 01:00:00+00:00,Stresemannstraße 6,2.0,40.34,415.0,50.36451,8.73992,False
2025-07-07 02:00:00+00:00,Stresemannstraße 6,1.5,20.755000000000003,415.0,50.36451,8.73992,True
2025-07-07 03:00:00+00:00,Stresemannstraße 6,1.0,1.17,415.0,50.36451,8.73992,False
2025-07-07 04:00:00+00:00,Stresemannstraße 6,7.0,3.36,415.0,50.36451,8.73992,False
2025-07-07 05:00:00+00:00,Stresemannstraße 6,20.0,4.45,415.0,50.36451,8.73992,False
2025-07-07 06:00:00+00:00,Stresemannstraße 6,20.0,6.375,415.0,50.36451,8.73992,False
2025-07-07 07:00:00+00:00,Stresemannstraße 6,57.0,10.82,415.0,50.36451,8.73992,False
2025-07-07 08:00:00+00:00,Stresemannstraße 6,70.0,12.07,415.0,50.36451,8.73992,False
2025-07-07 09:00:00+00:00,Stresemannstraße 6,56.5,8.83,415.0,50.36451,8.73992,False
2025-07-07 10:00:00+00:00,Stresemannstraße 6,59.0,6.545,415.0,50.36451,8.73992,False
2025-07-07 11:00:00+00:00,Stresemannstraße 6,58.5,8.2425,415.0,50.36451,8.73992,True
2025-07-07 12:00:00+00:00,Stresemannstraße 6,58.0,9.94,415.0,50.36451,8.73992,False
2025-07-07 13:00:00+00:00,Stresemannstraße 6,51.0,8.33,415.0,50.36451,8.73992,False
2025-07-07 14:00:00+00:00,Stresemannstraße 6,59.0,8.09,415.0,50.36451,8.73992,False
2025-07-07 15:00:00+00:00,Stresemannstraße 6,73.0,7.84,415.0,50.36451,8.73992,False
2025-07-07 16:00:00+00:00,Stresemannstraße 6,48.5,6.975,415.0,50.36451,8.73992,False
2025-07-07 17:00:00+00:00,Stresemannstraße 6,17.0,10.2,415.0,50.36451,8.73992,False
2025-07-07 18:00:00+00:00,Stresemannstraße 6,5.0,6.45,415.0,50.36451,8.73992,False
2025-07-07 19:00:00+00:00,Stresemannstraße 6,7.0,4.81,415.0,50.36451,8.73992,False
2025-07-07 20:00:00+00:00,Stresemannstraße 6,2.0,6.98,415.0,50.36451,8.73992,False
2025-07-07 21:00:00+00:00,Stresemannstraße 6,3.0,2.86,415.0,50.36451,8.73992,False
2025-07-07 22:00:00+00:00,Stresemannstraße 6,11.0,12.5,415.0,50.36451,8.73992,False
2025-07-07 23:00:00+00:00,Stresemannstraße 6,3.0,0.52,415.0,50.36451,8.73992,False
2025-07-08 00:00:00+00:00,Stresemannstraße 6,2.5,36.225,415.0,50.36451,8.73992,False
2025-07-08 01:00:00+00:00,Stresemannstraße 6,1.25,18.1125,415.0,50.36451,8.73992,True
2025-07-08 02:00:00+00:00,Stresemannstraße 6,0.0,0.0,415.0,50.36451,8.73992,False
2025-07-08 03:00:00+00:00,Stresemannstraße 6,5.666666666666667,2.5883333333333334,415.0,50.36451,8.73992,True
2025-07-08 04:00:00+00:00,Stresemannstraße 6,11.333333333333334,5.176666666666667,415.0,50.36451,8.73992,True
2025-07-08 05:00:00+00:00,Stresemannstraße 6,17.0,7.765000000000001,415.0,50.36451,8.73992,False
2025-07-08 06:00:00+00:00,Stresemannstraße 6,24.0,6.13,415.0,50.36451,8.73992,False
2025-07-08 07:00:00+00:00,Stresemannstraße 6,51.0,10.36,415.0,50.36451,8.73992,False
2025-07-08 08:00:00+00:00,Stresemannstraße 6,58.5,9.78,415.0,50.36451,8.73992,True
2025-07-08 09:00:00+00:00,Stresemannstraße 6,66.0,9.2,415.0,50.36451,8.73992,False
2025-07-08 10:00:00+00:00,Stresemannstraße 6,80.0,9.010000000000002,415.0,50.36451,8.73992,False
2025-07-08 11:00:00+00:00,Stresemannstraße 6,112.0,10.379999999999999,415.0,50.36451,8.73992,False
2025-07-08 12:00:00+00:00,Stresemannstraße 6,98.0,9.95,415.0,50.36451,8.73992,False
2025-07-08 13:00:00+00:00,Stresemannstraße 6,111.0,8.54,415.0,50.36451,8.73992,False
2025-07-08 14:00:00+00:00,Stresemannstraße 6,,,415.0,50.36451,8.73992,True
2025-07-08 15:00:00+00:00,Stresemannstraße 6,,,415.0,50.36451,8.73992,True
2025-07-08 16:00:00+00:00,Stresemannstraße 6,,,415.0,50.36451,8.73992,True
2025-07-08 17:00:00+00:00,Stresemannstraße 6,,,415.0,50.36451,8.73992,True
2025-07-08 18:00:00+00:00,Stresemannstraße 6,,,415.0,50.36451,8.73992,True
2025-07-08 19:00:00+00:00,Stresemannstraße 6,,,415.0,50.36451,8.73992,True
2025-07-08 20:00:00+00:00,Stresemannstraße 6,,,415.0,50.36451,8.73992,True
2025-07-08 21:00:00+00:00,Stresemannstraße 6,,,415.0,50.36451,8.73992,True
2025-07-08 22:00:00+00:00,Stresemannstraße 6,,,415.0,50.36451,8.73992,True
2025-07-08 23:00:00+00:00,Stresemannstraße 6,,,415.0,50.36451,8.73992,True
2025-07-09 00:00:00+00:00,Stresemannstraße 6,,,415.0,50.36451,8.73992,True
2025-07-09 01:00:00+00:00,Stresemannstraße 6,,,415.0,50.36451,8.73992,True
2025-07-09 02:00:00+00:00,Stresemannstraße 6,,,415.0,50.36451,8.73992,True
2025-07-09 03:00:00+00:00,Stresemannstraße 6,,,415.0,50.36451,8.73992,True
2025-07-09 04:00:00+00:00,Stresemannstraße 6,,,415.0,50.36451,8.73992,True
2025-07-09 05:00:00+00:00,Stresemannstraße 6,,,415.0,50.36451,8.73992,True
2025-07-09 06:00:00+00:00,Stresemannstraße 6,,,415.0,50.36451,8.73992,True
2025-07-09 07:00:00+00:00,Stresemannstraße 6,44.5,6.5600000000000005,415.0,50.36451,8.73992,False
2025-07-09 08:00:00+00:00,Stresemannstraße 6,73.0,9.0,415.0,50.36451,8.73992,False
2025-07-09 09:00:00+00:00,Stresemannstraße 6,76.0,11.45,415.0,50.36451,8.73992,False
2025-07-09 10:00:00+00:00,Stresemannstraße 6,51.0,11.83,415.0,50.36451,8.73992,False
2025-07-09 11:00:00+00:00,Stresemannstraße 6,83.0,11.85,415.0,50.36451,8.73992,False
2025-07-09 12:00:00+00:00,Stresemannstraße 6,53.5,11.385,415.0,50.36451,8.73992,False
2025-07-09 13:00:00+00:00,Stresemannstraße 6,59.25,10.6325,415.0,50.36451,8.73992,True
2025-07-09 14:00:00+00:00,Stresemannstraße 6,65.0,9.88,415.0,50.36451,8.73992,False
2025-07-09 15:00:00+00:00,Stresemannstraße 6,79.0,9.615,415.0,50.36451,8.73992,False
2025-07-09 16:00:00+00:00,Stresemannstraße 6,52.5,8.225,415.0,50.36451,8.73992,False
2025-07-09 17:00:00+00:00,Stresemannstraße 6,27.0,6.545,415.0,50.36451,8.73992,False
2025-07-09 18:00:00+00:00,Stresemannstraße 6,23.0,7.46,415.0,50.36451,8.73992,False
2025-07-09 19:00:00+00:00,Stresemannstraße 6,11.0,1.8,415.0,50.36451,8.73992,False
2025-07-09 20:00:00+00:00,Stresemannstraße 6,4.0,5.98,415.0,50.36451,8.73992,False
2025-07-09 21:00:00+00:00,Stresemannstraße 6,1.0,0.8,415.0,50.36451,8.73992,False
2025-07-09 22:00:00+00:00,Stresemannstraße 6,,,415.0,50.36451,8.73992,True
2025-07-09 23:00:00+00:00,Stresemannstraße 6,,,415.0,50.36451,8.73992,True
2025-07-10 00:00:00+00:00,Stresemannstraße 6,,,415.0,50.36451,8.73992,True
2025-07-10 01:00:00+00:00,Stresemannstraße 6,,,415.0,50.36451,8.73992,True
2025-07-10 02:00:00+00:00,Stresemannstraße 6,,,415.0,50.36451,8.73992,True
2025-07-10 03:00:00+00:00,Stresemannstraße 6,,,415.0,50.36451,8.73992,True
2025-07-10 04:00:00+00:00,Stresemannstraße 6,,,415.0,50.36451,8.73992,True
2025-07-10 05:00:00+00:00,Stresemannstraße 6,,,415.0,50.36451,8.73992,True
2025-07-10 06:00:00+00:00,Stresemannstraße 6,,,415.0,50.36451,8.73992,True
2025-07-10 07:00:00+00:00,Stresemannstraße 6,44.0,11.6,415.0,50.36451,8.73992,False
2025-07-10 08:00:00+00:00,Stresemannstraße 6,59.5,9.7,415.0,50.36451,8.73992,False
2025-07-10 09:00:00+00:00,Stresemannstraße 6,97.0,12.92,415.0,50.36451,8.73992,False
2025-07-10 10:00:00+00:00,Stresemannstraße 6,88.5,10.77,415.0,50.36451,8.73992,False
2025-07-10 11:00:00+00:00,Stresemannstraße 6,97.5,10.204999999999998,415.0,50.36451,8.73992,False
2025-07-10 12:00:00+00:00,Stresemannstraße 6,68.5,9.004999999999999,415.0,50.36451,8.73992,False
2025-07-10 13:00:00+00:00,Stresemannstraße 6,121.0,10.275,415.0,50.36451,8.73992,False
2025-07-10 14:00:00+00:00,Stresemannstraße 6,116.5,13.120000000000001,415.0,50.36451,8.73992,False
2025-07-10 15:00:00+00:00,Stresemannstraße 6,65.0,9.455,415.0,50.36451,8.73992,False
2025-07-10 16:00:00+00:00,Stresemannstraße 6,60.0,7.47,415.0,50.36451,8.73992,False
2025-07-10 17:00:00+00:00,Stresemannstraße 6,44.0,6.91,415.0,50.36451,8.73992,False
2025-07-10 18:00:00+00:00,Stresemannstraße 6,23.0,7.96,415.0,50.36451,8.73992,False
2025-07-10 19:00:00+00:00,Stresemannstraße 6,18.0,3.57,415.0,50.36451,8.73992,False
2025-07-10 20:00:00+00:00,Stresemannstraße 6,12.0,5.415,415.0,50.36451,8.73992,False
2025-07-10 21:00:00+00:00,Stresemannstraße 6,3.0,1.62,415.0,50.36451,8.73992,False
2025-07-10 22:00:00+00:00,Stresemannstraße 6,9.0,19.91,415.0,50.36451,8.73992,False
2025-07-10 23:00:00+00:00,Stresemannstraße 6,3.0,23.85,415.0,50.36451,8.73992,False
2025-07-11 00:00:00+00:00,Stresemannstraße 6,1.0,11.95,415.0,50.36451,8.73992,False
2025-07-11 01:00:00+00:00,Stresemannstraße 6,0.5,21.76,415.0,50.36451,8.73992,False
2025-07-11 02:00:00+00:00,Stresemannstraße 6,2.0,18.22,415.0,50.36451,8.73992,False
2025-07-11 03:00:00+00:00,Stresemannstraße 6,3.0,0.69,415.0,50.36451,8.73992,False
2025-07-11 04:00:00+00:00,Stresemannstraße 6,10.0,6.585,415.0,50.36451,8.73992,False
2025-07-11 05:00:00+00:00,Stresemannstraße 6,15.5,3.215,415.0,50.36451,8.73992,False
2025-07-11 06:00:00+00:00,Stresemannstraße 6,43.0,5.34,415.0,50.36451,8.73992,False
2025-07-11 07:00:00+00:00,Stresemannstraße 6,,,415.0,50.36451,8.73992,True
2025-07-11 08:00:00+00:00,Stresemannstraße 6,,,415.0,50.36451,8.73992,True
2025-07-11 09:00:00+00:00,Stresemannstraße 6,,,415.0,50.36451,8.73992,True
2025-07-11 10:00:00+00:00,Stresemannstraße 6,,,415.0,50.36451,8.73992,True
2025-07-11 11:00:00+00:00,Stresemannstraße 6,,,415.0,50.36451,8.73992,True
2025-07-11 12:00:00+00:00,Stresemannstraße 6,,,415.0,50.36451,8.73992,True
2025-07-11 13:00:00+00:00,Stresemannstraße 6,,,415.0,50.36451,8.73992,True
2025-07-11 14:00:00+00:00,Stresemannstraße 6,,,415.0,50.36451,8.73992,True
2025-07-11 15:00:00+00:00,Stresemannstraße 6,,,415.0,50.36451,8.73992,True
2025-07-11 16:00:00+00:00,Stresemannstraße 6,,,415.0,50.36451,8.73992,True
2025-07-11 17:00:00+00:00,Stresemannstraße 6,47.0,8.17,415.0,50.36451,8.73992,False
2025-07-11 18:00:00+00:00,Stresemannstraße 6,35.5,9.02,415.0,50.36451,8.73992,True
2025-07-11 19:00:00+00:00,Stresemannstraße 6,24.0,9.87,415.0,50.36451,8.73992,False
2025-07-11 20:00:00+00:00,Stresemannstraße 6,22.0,2.84,415.0,50.36451,8.73992,False
2025-07-11 21:00:00+00:00,Stresemannstraße 6,19.0,2.865,415.0,50.36451,8.73992,True
2025-07-11 22:00:00+00:00,Stresemannstraße 6,16.0,2.89,415.0,50.36451,8.73992,False
2025-07-11 23:00:00+00:00,Stresemannstraße 6,,,415.0,50.36451,8.73992,True
2025-07-12 00:00:00+00:00,Stresemannstraße 6,,,415.0,50.36451,8.73992,True
2025-07-12 01:00:00+00:00,Stresemannstraße 6,,,415.0,50.36451,8.73992,True
2025-07-12 02:00:00+00:00,Stresemannstraße 6,,,415.0,50.36451,8.73992,True
2025-07-12 03:00:00+00:00,Stresemannstraße 6,,,415.0,50.36451,8.73992,True
2025-07-12 04:00:00+00:00,Stresemannstraße 6,,,415.0,50.36451,8.73992,True
2025-07-12 05:00:00+00:00,Stresemannstraße 6,,,415.0,50.36451,8.73992,True
2025-07-12 06:00:00+00:00,Stresemannstraße 6,25.0,5.64,415.0,50.36451,8.73992,False
2025-07-12 07:00:00+00:00,Stresemannstraße 6,48.0,11.21,415.0,50.36451,8.73992,False
2025-07-12 08:00:00+00:00,Stresemannstraße 6,69.33333333333333,11.803333333333335,415.0,50.36451,8.73992,True
2025-07-12 09:00:00+00:00,Stresemannstraße 6,90.66666666666666,12.396666666666667,415.0,50.36451,8.73992,True
2025-07-12 10:00:00+00:00,Stresemannstraße 6,112.0,12.99,415.0,50.36451,8.73992,False
2025-07-12 11:00:00+00:00,Stresemannstraße 6,169.0,10.495000000000001,415.0,50.36451,8.73992,False
2025-07-12 12:00:00+00:00,Stresemannstraße 6,112.5,12.809999999999999,415.0,50.36451,8.73992,False
2025-07-12 13:00:00+00:00,Stresemannstraße 6,107.0,13.195,415.0,50.36451,8.73992,False
2025-07-12 14:00:00+00:00,Stresemannstraße 6,116.5,9.015,415.0,50.36451,8.73992,False
2025-07-12 15:00:00+00:00,Stresemannstraße 6,88.0,9.11,415.0,50.36451,8.73992,False
2025-07-12 16:00:00+00:00,Stresemannstraße 6,54.5,10.645,415.0,50.36451,8.73992,False
2025-07-12 17:00:00+00:00,Stresemannstraße 6,44.0,5.83,415.0,50.36451,8.73992,False
2025-07-12 18:00:00+00:00,Stresemannstraße 6,15.5,10.215,415.0,50.36451,8.73992,False
2025-07-12 19:00:00+00:00,Stresemannstraße 6,10.0,1.61,415.0,50.36451,8.73992,False
2025-07-12 20:00:00+00:00,Stresemannstraße 6,2.5,1.74,415.0,50.36451,8.73992,False
2025-07-12 21:00:00+00:00,Stresemannstraße 6,1.5,6.125,415.0,50.36451,8.73992,False
2025-07-12 22:00:00+00:00,Stresemannstraße 6,11.0,13.4,415.0,50.36451,8.73992,False
2025-07-12 23:00:00+00:00,Stresemannstraße 6,1.0,45.66,415.0,50.36451,8.73992,False
2025-07-13 00:00:00+00:00,Stresemannstraße 6,3.0,49.98,415.0,50.36451,8.73992,False
2025-07-13 01:00:00+00:00,Stresemannstraße 6,1.5,24.99,415.0,50.36451,8.73992,True
2025-07-13 02:00:00+00:00,Stresemannstraße 6,0.0,0.0,415.0,50.36451,8.73992,False
2025-07-13 03:00:00+00:00,Stresemannstraße 6,4.0,1.25,415.0,50.36451,8.73992,False
2025-07-13 04:00:00+00:00,Stresemannstraße 6,,,415.0,50.36451,8.73992,True
2025-07-13 05:00:00+00:00,Stresemannstraße 6,,,415.0,50.36451,8.73992,True
2025-07-13 06:00:00+00:00,Stresemannstraße 6,,,415.0,50.36451,8.73992,True
2025-07-13 07:00:00+00:00,Stresemannstraße 6,,,415.0,50.36451,8.73992,True
2025-07-13 08:00:00+00:00,Stresemannstraße 6,,,415.0,50.36451,8.73992,True
2025-07-13 09:00:00+00:00,Stresemannstraße 6,,,415.0,50.36451,8.73992,True
2025-07-13 10:00:00+00:00,Stresemannstraße 6,,,415.0,50.36451,8.73992,True
2025-07-13 11:00:00+00:00,Stresemannstraße 6,,,415.0,50.36451,8.73992,True
2025-07-13 12:00:00+00:00,Stresemannstraße 6,,,415.0,50.36451,8.73992,True
2025-07-13 13:00:00+00:00,Stresemannstraße 6,,,415.0,50.36451,8.73992,True
2025-07-13 14:00:00+00:00,Stresemannstraße 6,,,415.0,50.36451,8.73992,True
2025-07-13 15:00:00+00:00,Stresemannstraße 6,,,415.0,50.36451,8.73992,True
2025-07-13 16:00:00+00:00,Stresemannstraße 6,,,415.0,50.36451,8.73992,True
2025-07-13 17:00:00+00:00,Stresemannstraße 6,,,415.0,50.36451,8.73992,True
2025-07-13 18:00:00+00:00,Stresemannstraße 6,,,415.0,50.36451,8.73992,True
2025-07-13 19:00:00+00:00,Stresemannstraße 6,,,415.0,50.36451,8.73992,True
2025-07-13 20:00:00+00:00,Stresemannstraße 6,,,415.0,50.36451,8.73992,True
2025-07-13 21:00:00+00:00,Stresemannstraße 6,0.5,0.035,415.0,50.36451,8.73992,False
2025-07-13 22:00:00+00:00,Stresemannstraße 6,3.25,9.1225,415.0,50.36451,8.73992,True
2025-07-13 23:00:00+00:00,Stresemannstraße 6,6.0,18.21,415.0,50.36451,8.73992,False
2025-06-30 01:00:00+00:00,Trafohaus Zanderstraße,1.0,28.22,415.0,50.3625,8.742841,False
2025-06-30 02:00:00+00:00,Trafohaus Zanderstraße,2.0,1.7650000000000001,415.0,50.3625,8.742841,False
2025-06-30 03:00:00+00:00,Trafohaus Zanderstraße,11.0,8.545,415.0,50.3625,8.742841,False
2025-06-30 04:00:00+00:00,Trafohaus Zanderstraße,17.5,6.865,415.0,50.3625,8.742841,False
2025-06-30 05:00:00+00:00,Trafohaus Zanderstraße,85.0,12.36,415.0,50.3625,8.742841,False
2025-06-30 06:00:00+00:00,Trafohaus Zanderstraße,60.0,7.205,415.0,50.3625,8.742841,False
2025-06-30 07:00:00+00:00,Trafohaus Zanderstraße,54.5,8.995000000000001,415.0,50.3625,8.742841,False
2025-06-30 08:00:00+00:00,Trafohaus Zanderstraße,58.0,7.960000000000001,415.0,50.3625,8.742841,True
2025-06-30 09:00:00+00:00,Trafohaus Zanderstraße,61.5,6.925,415.0,50.3625,8.742841,False
2025-06-30 10:00:00+00:00,Trafohaus Zanderstraße,78.5,9.31,415.0,50.3625,8.742841,False
2025-06-30 11:00:00+00:00,Trafohaus Zanderstraße,63.5,8.515,415.0,50.3625,8.742841,False
2025-06-30 12:00:00+00:00,Trafohaus Zanderstraße,66.0,9.545,415.0,50.3625,8.742841,False
2025-06-30 13:00:00+00:00,Trafohaus Zanderstraße,45.5,8.065,415.0,50.3625,8.742841,False
2025-06-30 14:00:00+00:00,Trafohaus Zanderstraße,94.0,8.44,415.0,50.3625,8.742841,False
2025-06-30 15:00:00+00:00,Trafohaus Zanderstraße,60.5,11.4,415.0,50.3625,8.742841,False
2025-06-30 16:00:00+00:00,Trafohaus Zanderstraße,62.0,8.205,415.0,50.3625,8.742841,False
2025-06-30 17:00:00+00:00,Trafohaus Zanderstraße,39.0,13.79,415.0,50.3625,8.742841,False
2025-06-30 18:00:00+00:00,Trafohaus Zanderstraße,47.5,9.954999999999998,415.0,50.3625,8.742841,False
2025-06-30 19:00:00+00:00,Trafohaus Zanderstraße,55.0,10.62,415.0,50.3625,8.742841,False
2025-06-30 20:00:00+00:00,Trafohaus Zanderstraße,4.5,10.239999999999998,415.0,50.3625,8.742841,False
2025-06-30 21:00:00+00:00,Trafohaus Zanderstraße,5.25,5.584999999999999,415.0,50.3625,8.742841,True
2025-06-30 22:00:00+00:00,Trafohaus Zanderstraße,6.0,0.93,415.0,50.3625,8.742841,False
2025-06-30 23:00:00+00:00,Trafohaus Zanderstraße,1.0,0.67,415.0,50.3625,8.742841,False
2025-07-01 00:00:00+00:00,Trafohaus Zanderstraße,1.0,0.5,415.0,50.3625,8.742841,False
2025-07-01 01:00:00+00:00,Trafohaus Zanderstraße,2.0,3.34,415.0,50.3625,8.742841,False
2025-07-01 02:00:00+00:00,Trafohaus Zanderstraße,1.0,1.5,415.0,50.3625,8.742841,False
2025-07-01 03:00:00+00:00,Trafohaus Zanderstraße,18.0,4.97,415.0,50.3625,8.742841,False
2025-07-01 04:00:00+00:00,Trafohaus Zanderstraße,22.0,9.68,415.0,50.3625,8.742841,False
2025-07-01 05:00:00+00:00,Trafohaus Zanderstraße,78.0,6.68,415.0,50.3625,8.742841,False
2025-07-01 06:00:00+00:00,Trafohaus Zanderstraße,59.0,8.945,415.0,50.3625,8.742841,False
2025-07-01 07:00:00+00:00,Trafohaus Zanderstraße,59.0,10.53,415.0,50.3625,8.742841,False
2025-07-01 08:00:00+00:00,Trafohaus Zanderstraße,52.5,8.09,415.0,50.3625,8.742841,False
2025-07-01 09:00:00+00:00,Trafohaus Zanderstraße,53.0,9.65,415.0,50.3625,8.742841,False
2025-07-01 10:00:00+00:00,Trafohaus Zanderstraße,99.0,7.29,415.0,50.3625,8.742841,False
2025-07-01 11:00:00+00:00,Trafohaus Zanderstraße,29.0,6.765000000000001,415.0,50.3625,8.742841,False
2025-07-01 12:00:00+00:00,Trafohaus Zanderstraße,46.0,9.515,415.0,50.3625,8.742841,False
2025-07-01 13:00:00+00:00,Trafohaus Zanderstraße,39.0,15.66,415.0,50.3625,8.742841,False
2025-07-01 14:00:00+00:00,Trafohaus Zanderstraße,37.0,9.61,415.0,50.3625,8.742841,False
2025-07-01 15:00:00+00:00,Trafohaus Zanderstraße,35.0,10.91,415.0,50.3625,8.742841,False
2025-07-01 16:00:00+00:00,Trafohaus Zanderstraße,38.5,10.95,415.0,50.3625,8.742841,False
2025-07-01 17:00:00+00:00,Trafohaus Zanderstraße,49.5,11.21,415.0,50.3625,8.742841,False
2025-07-01 18:00:00+00:00,Trafohaus Zanderstraße,21.5,4.25,415.0,50.3625,8.742841,False
2025-07-01 19:00:00+00:00,Trafohaus Zanderstraße,11.0,5.28,415.0,50.3625,8.742841,False
2025-07-01 20:00:00+00:00,Trafohaus Zanderstraße,6.0,1.11,415.0,50.3625,8.742841,False
2025-07-01 21:00:00+00:00,Trafohaus Zanderstraße,7.0,3.165,415.0,50.3625,8.742841,True
2025-07-01 22:00:00+00:00,Trafohaus Zanderstraße,8.0,5.22,415.0,50.3625,8.742841,False
2025-07-01 23:00:00+00:00,Trafohaus Zanderstraße,4.0,2.61,415.0,50.3625,8.742841,True
2025-07-02 00:00:00+00:00,Trafohaus Zanderstraße,0.0,0.0,415.0,50.3625,8.742841,False
2025-07-02 01:00:00+00:00,Trafohaus Zanderstraße,0.0,0.0,415.0,50.3625,8.742841,True
2025-07-02 02:00:00+00:00,Trafohaus Zanderstraße,0.0,0.0,415.0,50.3625,8.742841,False
2025-07-02 03:00:00+00:00,Trafohaus Zanderstraße,14.0,3.665,415.0,50.3625,8.742841,False
2025-07-02 04:00:00+00:00,Trafohaus Zanderstraße,15.0,7.3,415.0,50.3625,8.742841,False
2025-07-02 05:00:00+00:00,Trafohaus Zanderstraße,79.5,10.045,415.0,50.3625,8.742841,False
2025-07-02 06:00:00+00:00,Trafohaus Zanderstraße,49.0,9.25,415.0,50.3625,8.742841,False
2025-07-02 07:00:00+00:00,Trafohaus Zanderstraße,57.0,12.555,415.0,50.3625,8.742841,False
2025-07-02 08:00:00+00:00,Trafohaus Zanderstraße,47.0,10.98,415.0,50.3625,8.742841,False
2025-07-02 09:00:00+00:00,Trafohaus Zanderstraße,75.0,11.765,415.0,50.3625,8.742841,False
2025-07-02 10:00:00+00:00,Trafohaus Zanderstraße,69.0,8.9,415.0,50.3625,8.742841,False
2025-07-02 11:00:00+00:00,Trafohaus Zanderstraße,31.0,9.42,415.0,50.3625,8.742841,False
2025-07-02 12:00:00+00:00,Trafohaus Zanderstraße,37.5,8.615,415.0,50.3625,8.742841,False
2025-07-02 13:00:00+00:00,Trafohaus Zanderstraße,47.0,9.0,415.0,50.3625,8.742841,False
2025-07-02 14:00:00+00:00,Trafohaus Zanderstraße,29.5,11.53,415.0,50.3625,8.742841,False
2025-07-02 15:00:00+00:00,Trafohaus Zanderstraße,49.0,8.51,415.0,50.3625,8.742841,False
2025-07-02 16:00:00+00:00,Trafohaus Zanderstraße,31.0,7.88,415.0,50.3625,8.742841,False
2025-07-02 17:00:00+00:00,Trafohaus Zanderstraße,31.0,6.34,415.0,50.3625,8.742841,False
2025-07-02 18:00:00+00:00,Trafohaus Zanderstraße,16.0,4.33,415.0,50.3625,8.742841,False
2025-07-02 19:00:00+00:00,Trafohaus Zanderstraße,9.0,5.789999999999999,415.0,50.3625,8.742841,False
2025-07-02 20:00:00+00:00,Trafohaus Zanderstraße,2.0,1.13,415.0,50.3625,8.742841,False
2025-07-02 21:00:00+00:00,Trafohaus Zanderstraße,3.0,3.165,415.0,50.3625,8.742841,True
2025-07-02 22:00:00+00:00,Trafohaus Zanderstraße,4.0,5.2,415.0,50.3625,8.742841,False
2025-07-02 23:00:00+00:00,Trafohaus Zanderstraße,2.666666666666667,3.466666666666667,415.0,50.3625,8.742841,True
2025-07-03 00:00:00+00:00,Trafohaus Zanderstraße,1.3333333333333335,1.7333333333333334,415.0,50.3625,8.742841,True
2025-07-03 01:00:00+00:00,Trafohaus Zanderstraße,0.0,0.0,415.0,50.3625,8.742841,False
2025-07-03 02:00:00+00:00,Trafohaus Zanderstraße,2.0,22.61,415.0,50.3625,8.742841,False
2025-07-03 03:00:00+00:00,Trafohaus Zanderstraße,4.0,8.4,415.0,50.3625,8.742841,False
2025-07-03 04:00:00+00:00,Trafohaus Zanderstraße,23.0,10.695,415.0,50.3625,8.742841,False
2025-07-03 05:00:00+00:00,Trafohaus Zanderstraße,37.5,8.585,415.0,50.3625,8.742841,False
2025-07-03 06:00:00+00:00,Trafohaus Zanderstraße,33.0,9.925,415.0,50.3625,8.742841,False
2025-07-03 07:00:00+00:00,Trafohaus Zanderstraße,41.5,9.33,415.0,50.3625,8.742841,False
2025-07-03 08:00:00+00:00,Trafohaus Zanderstraße,30.0,13.625,415.0,50.3625,8.742841,False
2025-07-03 09:00:00+00:00,Trafohaus Zanderstraße,66.0,15.36,415.0,50.3625,8.742841,False
2025-07-03 10:00:00+00:00,Trafohaus Zanderstraße,65.5,8.085,415.0,50.3625,8.742841,False
2025-07-03 11:00:00+00:00,Trafohaus Zanderstraße,47.5,11.905000000000001,415.0,50.3625,8.742841,False
2025-07-03 12:00:00+00:00,Trafohaus Zanderstraße,98.0,10.04,415.0,50.3625,8.742841,False
2025-07-03 13:00:00+00:00,Trafohaus Zanderstraße,113.5,13.940000000000001,415.0,50.3625,8.742841,False
2025-07-03 14:00:00+00:00,Trafohaus Zanderstraße,111.0,9.635,415.0,50.3625,8.742841,False
2025-07-03 15:00:00+00:00,Trafohaus Zanderstraße,92.5,15.294999999999998,415.0,50.3625,8.742841,False
2025-07-03 16:00:00+00:00,Trafohaus Zanderstraße,58.5,7.47,415.0,50.3625,8.742841,False
2025-07-03 17:00:00+00:00,Trafohaus Zanderstraße,32.0,6.58,415.0,50.3625,8.742841,False
2025-07-03 18:00:00+00:00,Trafohaus Zanderstraße,28.0,7.34,415.0,50.3625,8.742841,False
2025-07-03 19:00:00+00:00,Trafohaus Zanderstraße,14.0,6.38,415.0,50.3625,8.742841,False
2025-07-03 20:00:00+00:00,Trafohaus Zanderstraße,8.0,4.86,415.0,50.3625,8.742841,False
2025-07-03 21:00:00+00:00,Trafohaus Zanderstraße,,,415.0,50.3625,8.742841,True
2025-07-03 22:00:00+00:00,Trafohaus Zanderstraße,,,415.0,50.3625,8.742841,True
2025-07-03 23:00:00+00:00,Trafohaus Zanderstraße,,,415.0,50.3625,8.742841,True
2025-07-04 00:00:00+00:00,Trafohaus Zanderstraße,1.0,0.7649999999999999,415.0,50.3625,8.742841,False
2025-07-04 01:00:00+00:00,Trafohaus Zanderstraße,0.5,0.38249999999999995,415.0,50.3625,8.742841,True
2025-07-04 02:00:00+00:00,Trafohaus Zanderstraße,0.0,0.0,415.0,50.3625,8.742841,False
2025-07-04 03:00:00+00:00,Trafohaus Zanderstraße,6.0,4.175000000000001,415.0,50.3625,8.742841,False
2025-07-04 04:00:00+00:00,Trafohaus Zanderstraße,18.5,9.885,415.0,50.3625,8.742841,False
2025-07-04 05:00:00+00:00,Trafohaus Zanderstraße,89.0,10.254999999999999,415.0,50.3625,8.742841,False
2025-07-04 06:00:00+00:00,Trafohaus Zanderstraße,44.0,16.58,415.0,50.3625,8.742841,False
2025-07-04 07:00:00+00:00,Trafohaus Zanderstraße,74.5,9.815,415.0,50.3625,8.742841,False
2025-07-04 08:00:00+00:00,Trafohaus Zanderstraße,132.0,8.15,415.0,50.3625,8.742841,False
2025-07-04 09:00:00+00:00,Trafohaus Zanderstraße,60.0,7.585,415.0,50.3625,8.742841,False
2025-07-04 10:00:00+00:00,Trafohaus Zanderstraße,59.0,9.495000000000001,415.0,50.3625,8.742841,False
2025-07-04 11:00:00+00:00,Trafohaus Zanderstraße,76.0,10.265,415.0,50.3625,8.742841,False
2025-07-04 12:00:00+00:00,Trafohaus Zanderstraße,74.0,12.08,415.0,50.3625,8.742841,False
2025-07-04 13:00:00+00:00,Trafohaus Zanderstraße,34.0,5.56,415.0,50.3625,8.742841,False
2025-07-04 14:00:00+00:00,Trafohaus Zanderstraße,20.5,5.16,415.0,50.3625,8.742841,False
2025-07-04 15:00:00+00:00,Trafohaus Zanderstraße,94.0,6.555,415.0,50.3625,8.742841,False
2025-07-04 16:00:00+00:00,Trafohaus Zanderstraße,63.0,8.8,415.0,50.3625,8.742841,False
2025-07-04 17:00:00+00:00,Trafohaus Zanderstraße,59.0,12.22,415.0,50.3625,8.742841,False
2025-07-04 18:00:00+00:00,Trafohaus Zanderstraße,32.0,10.03,415.0,50.3625,8.742841,False
2025-07-04 19:00:00+00:00,Trafohaus Zanderstraße,21.0,8.02,415.0,50.3625,8.742841,False
2025-07-04 20:00:00+00:00,Trafohaus Zanderstraße,7.5,10.5,415.0,50.3625,8.742841,False
2025-07-04 21:00:00+00:00,Trafohaus Zanderstraße,3.0,0.82,415.0,50.3625,8.742841,False
2025-07-04 22:00:00+00:00,Trafohaus Zanderstraße,13.0,8.74,415.0,50.3625,8.742841,False
2025-07-04 23:00:00+00:00,Trafohaus Zanderstraße,0.0,0.0,415.0,50.3625,8.742841,False
2025-07-05 00:00:00+00:00,Trafohaus Zanderstraße,2.0,0.46,415.0,50.3625,8.742841,False
2025-07-05 01:00:00+00:00,Trafohaus Zanderstraße,1.0,1.93,415.0,50.3625,8.742841,False
2025-07-05 02:00:00+00:00,Trafohaus Zanderstraße,2.0,0.76,415.0,50.3625,8.742841,False
2025-07-05 03:00:00+00:00,Trafohaus Zanderstraße,3.0,2.44,415.0,50.3625,8.742841,False
2025-07-05 04:00:00+00:00,Trafohaus Zanderstraße,10.0,3.77,415.0,50.3625,8.742841,False
2025-07-05 05:00:00+00:00,Trafohaus Zanderstraße,15.0,7.3100000000000005,415.0,50.3625,8.742841,False
2025-07-05 06:00:00+00:00,Trafohaus Zanderstraße,33.0,6.6,415.0,50.3625,8.742841,False
2025-07-05 07:00:00+00:00,Trafohaus Zanderstraße,16.5,3.3,415.0,50.3625,8.742841,True
2025-07-05 08:00:00+00:00,Trafohaus Zanderstraße,0.0,0.0,415.0,50.3625,8.742841,False
2025-07-05 09:00:00+00:00,Trafohaus Zanderstraße,37.5,6.705,415.0,50.3625,8.742841,False
2025-07-05 10:00:00+00:00,Trafohaus Zanderstraße,107.0,10.68,415.0,50.3625,8.742841,False
2025-07-05 11:00:00+00:00,Trafohaus Zanderstraße,94.5,11.11,415.0,50.3625,8.742841,False
2025-07-05 12:00:00+00:00,Trafohaus Zanderstraße,92.5,15.065,415.0,50.3625,8.742841,False
2025-07-05 13:00:00+00:00,Trafohaus Zanderstraße,82.0,11.55,415.0,50.3625,8.742841,False
2025-07-05 14:00:00+00:00,Trafohaus Zanderstraße,75.0,10.396666666666667,415.0,50.3625,8.742841,True
2025-07-05 15:00:00+00:00,Trafohaus Zanderstraße,68.0,9.243333333333334,415.0,50.3625,8.742841,True
2025-07-05 16:00:00+00:00,Trafohaus Zanderstraße,61.0,8.09,415.0,50.3625,8.742841,False
2025-07-05 17:00:00+00:00,Trafohaus Zanderstraße,42.0,5.93,415.0,50.3625,8.742841,False
2025-07-05 18:00:00+00:00,Trafohaus Zanderstraße,31.0,12.6,415.0,50.3625,8.742841,False
2025-07-05 19:00:00+00:00,Trafohaus Zanderstraße,19.5,13.315,415.0,50.3625,8.742841,True
2025-07-05 20:00:00+00:00,Trafohaus Zanderstraße,8.0,14.03,415.0,50.3625,8.742841,False
2025-07-05 21:00:00+00:00,Trafohaus Zanderstraße,5.0,2.96,415.0,50.3625,8.742841,False
2025-07-05 22:00:00+00:00,Trafohaus Zanderstraße,6.0,7.81,415.0,50.3625,8.742841,False
2025-07-05 23:00:00+00:00,Trafohaus Zanderstraße,5.0,4.48,415.0,50.3625,8.742841,False
2025-07-06 00:00:00+00:00,Trafohaus Zanderstraße,2.5,31.985,415.0,50.3625,8.742841,False
2025-07-06 01:00:00+00:00,Trafohaus Zanderstraße,1.25,15.9925,415.0,50.3625,8.742841,True
2025-07-06 02:00:00+00:00,Trafohaus Zanderstraße,0.0,0.0,415.0,50.3625,8.742841,False
2025-07-06 03:00:00+00:00,Trafohaus Zanderstraße,3.0,20.36,415.0,50.3625,8.742841,False
2025-07-06 04:00:00+00:00,Trafohaus Zanderstraße,2.0,13.44,415.0,50.3625,8.742841,False
2025-07-06 05:00:00+00:00,Trafohaus Zanderstraße,6.0,7.72,415.0,50.3625,8.742841,False
2025-07-06 06:00:00+00:00,Trafohaus Zanderstraße,6.0,6.6899999999999995,415.0,50.3625,8.742841,False
2025-07-06 07:00:00+00:00,Trafohaus Zanderstraße,40.5,12.29,415.0,50.3625,8.742841,False
2025-07-06 08:00:00+00:00,Trafohaus Zanderstraße,64.0,14.19,415.0,50.3625,8.742841,False
2025-07-06 09:00:00+00:00,Trafohaus Zanderstraße,62.0,14.96,415.0,50.3625,8.742841,False
2025-07-06 10:00:00+00:00,Trafohaus Zanderstraße,70.0,9.885,415.0,50.3625,8.742841,False
2025-07-06 11:00:00+00:00,Trafohaus Zanderstraße,61.0,8.53,415.0,50.3625,8.742841,False
2025-07-06 12:00:00+00:00,Trafohaus Zanderstraße,71.0,14.26,415.0,50.3625,8.742841,False
2025-07-06 13:00:00+00:00,Trafohaus Zanderstraße,88.0,13.594999999999999,415.0,50.3625,8.742841,False
2025-07-06 14:00:00+00:00,Trafohaus Zanderstraße,55.5,10.12,415.0,50.3625,8.742841,False
2025-07-06 15:00:00+00:00,Trafohaus Zanderstraße,41.0,7.78,415.0,50.3625,8.742841,False
2025-07-06 16:00:00+00:00,Trafohaus Zanderstraße,24.0,12.09,415.0,50.3625,8.742841,False
2025-07-06 17:00:00+00:00,Trafohaus Zanderstraße,22.0,12.62,415.0,50.3625,8.742841,False
2025-07-06 18:00:00+00:00,Trafohaus Zanderstraße,8.0,3.23,415.0,50.3625,8.742841,False
2025-07-06 19:00:00+00:00,Trafohaus Zanderstraße,5.5,2.92,415.0,50.3625,8.742841,True
2025-07-06 20:00:00+00:00,Trafohaus Zanderstraße,3.0,2.6100000000000003,415.0,50.3625,8.742841,False
2025-07-06 21:00:00+00:00,Trafohaus Zanderstraße,1.0,1.67,415.0,50.3625,8.742841,False
2025-07-06 22:00:00+00:00,Trafohaus Zanderstraße,0.6666666666666667,1.1133333333333333,415.0,50.3625,8.742841,True
2025-07-06 23:00:00+00:00,Trafohaus Zanderstraße,0.33333333333333337,0.5566666666666666,415.0,50.3625,8.742841,True
2025-07-07 00:00:00+00:00,Trafohaus Zanderstraße,0.0,0.0,415.0,50.3625,8.742841,False
2025-07-07 01:00:00+00:00,Trafohaus Zanderstraße,3.0,7.3,415.0,50.3625,8.742841,False
2025-07-07 02:00:00+00:00,Trafohaus Zanderstraße,4.0,6.0,415.0,50.3625,8.742841,True
2025-07-07 03:00:00+00:00,Trafohaus Zanderstraße,5.0,4.7,415.0,50.3625,8.742841,False
2025-07-07 04:00:00+00:00,Trafohaus Zanderstraße,21.0,11.5,415.0,50.3625,8.742841,False
2025-07-07 05:00:00+00:00,Trafohaus Zanderstraße,33.0,3.85,415.0,50.3625,8.742841,False
2025-07-07 06:00:00+00:00,Trafohaus Zanderstraße,30.5,7.325,415.0,50.3625,8.742841,False
2025-07-07 07:00:00+00:00,Trafohaus Zanderstraße,42.0,7.62,415.0,50.3625,8.742841,False
2025-07-07 08:00:00+00:00,Trafohaus Zanderstraße,38.0,12.23,415.0,50.3625,8.742841,False
2025-07-07 09:00:00+00:00,Trafohaus Zanderstraße,52.5,8.445,415.0,50.3625,8.742841,False
2025-07-07 10:00:00+00:00,Trafohaus Zanderstraße,38.0,8.795,415.0,50.3625,8.742841,False
2025-07-07 11:00:00+00:00,Trafohaus Zanderstraße,41.5,7.8225,415.0,50.3625,8.742841,True
2025-07-07 12:00:00+00:00,Trafohaus Zanderstraße,45.0,6.85,415.0,50.3625,8.742841,False
2025-07-07 13:00:00+00:00,Trafohaus Zanderstraße,35.0,10.67,415.0,50.3625,8.742841,False
2025-07-07 14:00:00+00:00,Trafohaus Zanderstraße,49.0,8.64,415.0,50.3625,8.742841,False
2025-07-07 15:00:00+00:00,Trafohaus Zanderstraße,33.0,11.44,415.0,50.3625,8.742841,False
2025-07-07 16:00:00+00:00,Trafohaus Zanderstraße,29.0,6.84,415.0,50.3625,8.742841,False
2025-07-07 17:00:00+00:00,Trafohaus Zanderstraße,19.0,11.695,415.0,50.3625,8.742841,False
2025-07-07 18:00:00+00:00,Trafohaus Zanderstraße,8.0,6.19,415.0,50.3625,8.742841,False
2025-07-07 19:00:00+00:00,Trafohaus Zanderstraße,8.0,1.1,415.0,50.3625,8.742841,False
2025-07-07 20:00:00+00:00,Trafohaus Zanderstraße,5.666666666666666,1.29,415.0,50.3625,8.742841,True
2025-07-07 21:00:00+00:00,Trafohaus Zanderstraße,3.333333333333333,1.48,415.0,50.3625,8.742841,True
2025-07-07 22:00:00+00:00,Trafohaus Zanderstraße,1.0,1.67,415.0,50.3625,8.742841,False
2025-07-07 23:00:00+00:00,Trafohaus Zanderstraße,1.0,7.75,415.0,50.3625,8.742841,False
2025-07-08 00:00:00+00:00,Trafohaus Zanderstraße,2.0,8.25,415.0,50.3625,8.742841,False
2025-07-08 01:00:00+00:00,Trafohaus Zanderstraße,1.0,0.02,415.0,50.3625,8.742841,False
2025-07-08 02:00:00+00:00,Trafohaus Zanderstraße,2.0,1.62,415.0,50.3625,8.742841,False
2025-07-08 03:00:00+00:00,Trafohaus Zanderstraße,8.0,3.82,415.0,50.3625,8.742841,False
2025-07-08 04:00:00+00:00,Trafohaus Zanderstraße,17.75,5.63,415.0,50.3625,8.742841,True
2025-07-08 05:00:00+00:00,Trafohaus Zanderstraße,27.5,7.4399999999999995,415.0,50.3625,8.742841,False
2025-07-08 06:00:00+00:00,Trafohaus Zanderstraße,23.0,8.03,415.0,50.3625,8.742841,False
2025-07-08 07:00:00+00:00,Trafohaus Zanderstraße,45.5,6.925,415.0,50.3625,8.742841,False
2025-07-08 08:00:00+00:00,Trafohaus Zanderstraße,42.75,8.3375,415.0,50.3625,8.742841,True
2025-07-08 09:00:00+00:00,Trafohaus Zanderstraße,40.0,9.75,415.0,50.3625,8.742841,False
2025-07-08 10:00:00+00:00,Trafohaus Zanderstraße,45.0,8.26,415.0,50.3625,8.742841,False
2025-07-08 11:00:00+00:00,Trafohaus Zanderstraße,34.5,9.809999999999999,415.0,50.3625,8.742841,False
2025-07-08 12:00:00+00:00,Trafohaus Zanderstraße,47.0,11.38,415.0,50.3625,8.742841,False
2025-07-08 13:00:00+00:00,Trafohaus Zanderstraße,59.0,8.24,415.0,50.3625,8.742841,False
2025-07-08 14:00:00+00:00,Trafohaus Zanderstraße,,,415.0,50.3625,8.742841,True
2025-07-08 15:00:00+00:00,Trafohaus Zanderstraße,,,415.0,50.3625,8.742841,True
2025-07-08 16:00:00+00:00,Trafohaus Zanderstraße,,,415.0,50.3625,8.742841,True
2025-07-08 17:00:00+00:00,Trafohaus Zanderstraße,,,415.0,50.3625,8.742841,True
2025-07-08 18:00:00+00:00,Trafohaus Zanderstraße,,,415.0,50.3625,8.742841,True
2025-07-08 19:00:00+00:00,Trafohaus Zanderstraße,,,415.0,50.3625,8.742841,True
2025-07-08 20:00:00+00:00,Trafohaus Zanderstraße,,,415.0,50.3625,8.742841,True
2025-07-08 21:00:00+00:00,Trafohaus Zanderstraße,,,415.0,50.3625,8.742841,True
2025-07-08 22:00:00+00:00,Trafohaus Zanderstraße,,,415.0,50.3625,8.742841,True
2025-07-08 23:00:00+00:00,Trafohaus Zanderstraße,,,415.0,50.3625,8.742841,True
2025-07-09 00:00:00+00:00,Trafohaus Zanderstraße,,,415.0,50.3625,8.742841,True
2025-07-09 01:00:00+00:00,Trafohaus Zanderstraße,,,415.0,50.3625,8.742841,True
2025-07-09 02:00:00+00:00,Trafohaus Zanderstraße,,,415.0,50.3625,8.742841,True
2025-07-09 03:00:00+00:00,Trafohaus Zanderstraße,,,415.0,50.3625,8.742841,True
2025-07-09 04:00:00+00:00,Trafohaus Zanderstraße,,,415.0,50.3625,8.742841,True
2025-07-09 05:00:00+00:00,Trafohaus Zanderstraße,,,415.0,50.3625,8.742841,True
2025-07-09 06:00:00+00:00,Trafohaus Zanderstraße,,,415.0,50.3625,8.742841,True
2025-07-09 07:00:00+00:00,Trafohaus Zanderstraße,36.0,5.055,415.0,50.3625,8.742841,False
2025-07-09 08:00:00+00:00,Trafohaus Zanderstraße,48.0,7.1,415.0,50.3625,8.742841,False
2025-07-09 09:00:00+00:00,Trafohaus Zanderstraße,46.0,8.93,415.0,50.3625,8.742841,False
2025-07-09 10:00:00+00:00,Trafohaus Zanderstraße,44.0,6.75,415.0,50.3625,8.742841,False
2025-07-09 11:00:00+00:00,Trafohaus Zanderstraße,30.0,7.32,415.0,50.3625,8.742841,False
2025-07-09 12:00:00+00:00,Trafohaus Zanderstraße,57.0,12.805,415.0,50.3625,8.742841,False
2025-07-09 13:00:00+00:00,Trafohaus Zanderstraße,63.0,10.842500000000001,415.0,50.3625,8.742841,True
2025-07-09 14:00:00+00:00,Trafohaus Zanderstraße,69.0,8.88,415.0,50.3625,8.742841,False
2025-07-09 15:00:00+00:00,Trafohaus Zanderstraße,53.0,6.91,415.0,50.3625,8.742841,False
2025-07-09 16:00:00+00:00,Trafohaus Zanderstraße,29.5,10.645,415.0,50.3625,8.742841,False
2025-07-09 17:00:00+00:00,Trafohaus Zanderstraße,26.0,8.67,415.0,50.3625,8.742841,False
2025-07-09 18:00:00+00:00,Trafohaus Zanderstraße,22.5,20.575,415.0,50.3625,8.742841,False
2025-07-09 19:00:00+00:00,Trafohaus Zanderstraße,15.0,8.02,415.0,50.3625,8.742841,False
2025-07-09 20:00:00+00:00,Trafohaus Zanderstraße,6.5,2.705,415.0,50.3625,8.742841,False
2025-07-09 21:00:00+00:00,Trafohaus Zanderstraße,1.0,0.95,415.0,50.3625,8.742841,False
2025-07-09 22:00:00+00:00,Trafohaus Zanderstraße,,,415.0,50.3625,8.742841,True
2025-07-09 23:00:00+00:00,Trafohaus Zanderstraße,,,415.0,50.3625,8.742841,True
2025-07-10 00:00:00+00:00,Trafohaus Zanderstraße,,,415.0,50.3625,8.742841,True
2025-07-10 01:00:00+00:00,Trafohaus Zanderstraße,,,415.0,50.3625,8.742841,True
2025-07-10 02:00:00+00:00,Trafohaus Zanderstraße,,,415.0,50.3625,8.742841,True
2025-07-10 03:00:00+00:00,Trafohaus Zanderstraße,,,415.0,50.3625,8.742841,True
2025-07-10 04:00:00+00:00,Trafohaus Zanderstraße,,,415.0,50.3625,8.742841,True
2025-07-10 05:00:00+00:00,Trafohaus Zanderstraße,,,415.0,50.3625,8.742841,True
2025-07-10 06:00:00+00:00,Trafohaus Zanderstraße,,,415.0,50.3625,8.742841,True
2025-07-10 07:00:00+00:00,Trafohaus Zanderstraße,40.0,8.23,415.0,50.3625,8.742841,False
2025-07-10 08:00:00+00:00,Trafohaus Zanderstraße,42.5,8.015,415.0,50.3625,8.742841,False
2025-07-10 09:00:00+00:00,Trafohaus Zanderstraße,53.5,6.595000000000001,415.0,50.3625,8.742841,False
2025-07-10 10:00:00+00:00,Trafohaus Zanderstraße,54.5,7.6,415.0,50.3625,8.742841,False
2025-07-10 11:00:00+00:00,Trafohaus Zanderstraße,50.5,10.850000000000001,415.0,50.3625,8.742841,False
2025-07-10 12:00:00+00:00,Trafohaus Zanderstraße,52.0,6.3100000000000005,415.0,50.3625,8.742841,False
2025-07-10 13:00:00+00:00,Trafohaus Zanderstraße,90.5,9.025,415.0,50.3625,8.742841,False
2025-07-10 14:00:00+00:00,Trafohaus Zanderstraße,42.0,14.955,415.0,50.3625,8.742841,False
2025-07-10 15:00:00+00:00,Trafohaus Zanderstraße,77.0,7.11,415.0,50.3625,8.742841,False
2025-07-10 16:00:00+00:00,Trafohaus Zanderstraße,46.0,11.875,415.0,50.3625,8.742841,False
2025-07-10 17:00:00+00:00,Trafohaus Zanderstraße,54.0,7.0,415.0,50.3625,8.742841,False
2025-07-10 18:00:00+00:00,Trafohaus Zanderstraße,22.0,9.73,415.0,50.3625,8.742841,False
2025-07-10 19:00:00+00:00,Trafohaus Zanderstraße,20.0,12.579999999999998,415.0,50.3625,8.742841,False
2025-07-10 20:00:00+00:00,Trafohaus Zanderstraße,10.0,6.289999999999999,415.0,50.3625,8.742841,True
2025-07-10 21:00:00+00:00,Trafohaus Zanderstraße,0.0,0.0,415.0,50.3625,8.742841,False
2025-07-10 22:00:00+00:00,Trafohaus Zanderstraße,4.0,2.99,415.0,50.3625,8.742841,False
2025-07-10 23:00:00+00:00,Trafohaus Zanderstraße,2.0,1.495,415.0,50.3625,8.742841,True
2025-07-11 00:00:00+00:00,Trafohaus Zanderstraße,0.0,0.0,415.0,50.3625,8.742841,False
2025-07-11 01:00:00+00:00,Trafohaus Zanderstraße,1.0,35.675,415.0,50.3625,8.742841,False
2025-07-11 02:00:00+00:00,Trafohaus Zanderstraße,3.0,4.65,415.0,50.3625,8.742841,False
2025-07-11 03:00:00+00:00,Trafohaus Zanderstraße,6.0,5.3149999999999995,415.0,50.3625,8.742841,False
2025-07-11 04:00:00+00:00,Trafohaus Zanderstraße,27.0,8.215,415.0,50.3625,8.742841,False
2025-07-11 05:00:00+00:00,Trafohaus Zanderstraße,23.5,8.925,415.0,50.3625,8.742841,False
2025-07-11 06:00:00+00:00,Trafohaus Zanderstraße,35.0,4.36,415.0,50.3625,8.742841,False
2025-07-11 07:00:00+00:00,Trafohaus Zanderstraße,,,415.0,50.3625,8.742841,True
2025-07-11 08:00:00+00:00,Trafohaus Zanderstraße,,,415.0,50.3625,8.742841,True
2025-07-11 09:00:00+00:00,Trafohaus Zanderstraße,,,415.0,50.3625,8.742841,True
2025-07-11 10:00:00+00:00,Trafohaus Zanderstraße,,,415.0,50.3625,8.742841,True
2025-07-11 11:00:00+00:00,Trafohaus Zanderstraße,,,415.0,50.3625,8.742841,True
2025-07-11 12:00:00+00:00,Trafohaus Zanderstraße,,,415.0,50.3625,8.742841,True
2025-07-11 13:00:00+00:00,Trafohaus Zanderstraße,,,415.0,50.3625,8.742841,True
2025-07-11 14:00:00+00:00,Trafohaus Zanderstraße,,,415.0,50.3625,8.742841,True
2025-07-11 15:00:00+00:00,Trafohaus Zanderstraße,,,415.0,50.3625,8.742841,True
2025-07-11 16:00:00+00:00,Trafohaus Zanderstraße,,,415.0,50.3625,8.742841,True
2025-07-11 17:00:00+00:00,Trafohaus Zanderstraße,31.0,14.74,415.0,50.3625,8.742841,False
2025-07-11 18:00:00+00:00,Trafohaus Zanderstraße,29.5,12.915,415.0,50.3625,8.742841,True
2025-07-11 19:00:00+00:00,Trafohaus Zanderstraße,28.0,11.09,415.0,50.3625,8.742841,False
2025-07-11 20:00:00+00:00,Trafohaus Zanderstraße,13.0,7.93,415.0,50.3625,8.742841,False
2025-07-11 21:00:00+00:00,Trafohaus Zanderstraße,12.0,7.183333333333334,415.0,50.3625,8.742841,True
2025-07-11 22:00:00+00:00,Trafohaus Zanderstraße,11.0,6.4366666666666665,415.0,50.3625,8.742841,True
2025-07-11 23:00:00+00:00,Trafohaus Zanderstraße,10.0,5.69,415.0,50.3625,8.742841,False
2025-07-12 00:00:00+00:00,Trafohaus Zanderstraße,,,415.0,50.3625,8.742841,True
2025-07-12 01:00:00+00:00,Trafohaus Zanderstraße,,,415.0,50.3625,8.742841,True
2025-07-12 02:00:00+00:00,Trafohaus Zanderstraße,,,415.0,50.3625,8.742841,True
2025-07-12 03:00:00+00:00,Trafohaus Zanderstraße,,,415.0,50.3625,8.742841,True
2025-07-12 04:00:00+00:00,Trafohaus Zanderstraße,,,415.0,50.3625,8.742841,True
2025-07-12 05:00:00+00:00,Trafohaus Zanderstraße,,,415.0,50.3625,8.742841,True
2025-07-12 06:00:00+00:00,Trafohaus Zanderstraße,25.0,7.5,415.0,50.3625,8.742841,False
2025-07-12 07:00:00+00:00,Trafohaus Zanderstraße,55.0,9.1,415.0,50.3625,8.742841,False
2025-07-12 08:00:00+00:00,Trafohaus Zanderstraße,59.333333333333336,10.16,415.0,50.3625,8.742841,True
2025-07-12 09:00:00+00:00,Trafohaus Zanderstraße,63.666666666666664,11.219999999999999,415.0,50.3625,8.742841,True
2025-07-12 10:00:00+00:00,Trafohaus Zanderstraße,68.0,12.28,415.0,50.3625,8.742841,False
2025-07-12 11:00:00+00:00,Trafohaus Zanderstraße,79.0,9.99,415.0,50.3625,8.742841,False
2025-07-12 12:00:00+00:00,Trafohaus Zanderstraße,86.5,12.735,415.0,50.3625,8.742841,False
2025-07-12 13:00:00+00:00,Trafohaus Zanderstraße,73.0,10.44,415.0,50.3625,8.742841,False
2025-07-12 14:00:00+00:00,Trafohaus Zanderstraße,75.0,14.52,415.0,50.3625,8.742841,False
2025-07-12 15:00:00+00:00,Trafohaus Zanderstraße,57.5,13.0,415.0,50.3625,8.742841,False
2025-07-12 16:00:00+00:00,Trafohaus Zanderstraße,66.5,7.975,415.0,50.3625,8.742841,False
2025-07-12 17:00:00+00:00,Trafohaus Zanderstraße,29.5,13.585,415.0,50.3625,8.742841,False
2025-07-12 18:00:00+00:00,Trafohaus Zanderstraße,18.0,6.9,415.0,50.3625,8.742841,False
2025-07-12 19:00:00+00:00,Trafohaus Zanderstraße,16.0,2.77,415.0,50.3625,8.742841,False
2025-07-12 20:00:00+00:00,Trafohaus Zanderstraße,2.0,18.57,415.0,50.3625,8.742841,False
2025-07-12 21:00:00+00:00,Trafohaus Zanderstraße,4.5,2.12,415.0,50.3625,8.742841,False
2025-07-12 22:00:00+00:00,Trafohaus Zanderstraße,14.0,11.535,415.0,50.3625,8.742841,False
2025-07-12 23:00:00+00:00,Trafohaus Zanderstraße,7.0,5.7675,415.0,50.3625,8.742841,True
2025-07-13 00:00:00+00:00,Trafohaus Zanderstraße,0.0,0.0,415.0,50.3625,8.742841,False
2025-07-13 01:00:00+00:00,Trafohaus Zanderstraße,3.0,17.82,415.0,50.3625,8.742841,False
2025-07-13 02:00:00+00:00,Trafohaus Zanderstraße,2.0,6.72,415.0,50.3625,8.742841,False
2025-07-13 03:00:00+00:00,Trafohaus Zanderstraße,2.0,4.35,415.0,50.3625,8.742841,False
2025-07-13 04:00:00+00:00,Trafohaus Zanderstraße,1.0,4.32,415.0,50.3625,8.742841,False
2025-07-13 05:00:00+00:00,Trafohaus Zanderstraße,,,415.0,50.3625,8.742841,True
2025-07-13 06:00:00+00:00,Trafohaus Zanderstraße,,,415.0,50.3625,8.742841,True
2025-07-13 07:00:00+00:00,Trafohaus Zanderstraße,,,415.0,50.3625,8.742841,True
2025-07-13 08:00:00+00:00,Trafohaus Zanderstraße,,,415.0,50.3625,8.742841,True
2025-07-13 09:00:00+00:00,Trafohaus Zanderstraße,,,415.0,50.3625,8.742841,True
2025-07-13 10:00:00+00:00,Trafohaus Zanderstraße,,,415.0,50.3625,8.742841,True
2025-07-13 11:00:00+00:00,Trafohaus Zanderstraße,,,415.0,50.3625,8.742841,True
2025-07-13 12:00:00+00:00,Trafohaus Zanderstraße,,,415.0,50.3625,8.742841,True
2025-07-13 13:00:00+00:00,Trafohaus Zanderstraße,,,415.0,50.3625,8.742841,True
2025-07-13 14:00:00+00:00,Trafohaus Zanderstraße,,,415.0,50.3625,8.742841,True
2025-07-13 15:00:00+00:00,Trafohaus Zanderstraße,,,415.0,50.3625,8.742841,True
2025-07-13 16:00:00+00:00,Trafohaus Zanderstraße,,,415.0,50.3625,8.742841,True
2025-07-13 17:00:00+00:00,Trafohaus Zanderstraße,,,415.0,50.3625,8.742841,True
2025-07-13 18:00:00+00:00,Trafohaus Zanderstraße,,,415.0,50.3625,8.742841,True
2025-07-13 19:00:00+00:00,Trafohaus Zanderstraße,,,415.0,50.3625,8.742841,True
2025-07-13 20:00:00+00:00,Trafohaus Zanderstraße,,,415.0,50.3625,8.742841,True
2025-07-13 21:00:00+00:00,Trafohaus Zanderstraße,1.0,2.33,415.0,50.3625,8.742841,False
2025-07-13 22:00:00+00:00,Trafohaus Zanderstraße,1.0,6.125,415.0,50.3625,8.742841,True
2025-07-13 23:00:00+00:00,Trafohaus Zanderstraße,1.0,9.92,415.0,50.3625,8.742841,False
