series_id,timestamp_utc,true_split,evaluation_condition,visitors_source_stored,visitors_original_observed,avgDuration_source_stored,war_fehlend,target_observed_mask,input_available_mask,input_was_patched,input_visitor_scaled,local_hour,local_weekday,local_hour_sin,local_hour_cos,local_weekday_sin,local_weekday_cos
Alicestraße 2,2025-07-08T00:00:00Z,continuous_test,condition_b,2,2,10.345000000000001,false,true,true,false,-1.467466159338235,2,1,0.49999999999999994,0.86602540378443871,0.7818314824680298,0.62348980185873359
Alicestraße 2,2025-07-08T01:00:00Z,continuous_test,condition_b,2,2,0.55000000000000004,false,true,true,false,-1.467466159338235,3,1,0.70710678118654757,0.70710678118654757,0.7818314824680298,0.62348980185873359
Alicestraße 2,2025-07-08T02:00:00Z,continuous_test,condition_b,6,6,6.1600000000000001,false,true,true,false,-0.80846217669441611,4,1,0.8660254037844386,0.50000000000000011,0.7818314824680298,0.62348980185873359
Alicestraße 2,2025-07-08T03:00:00Z,continuous_test,condition_b,6,6,8.1600000000000001,false,true,true,false,-0.80846217669441611,5,1,0.96592582628906831,0.25881904510252074,0.7818314824680298,0.62348980185873359
Alicestraße 2,2025-07-08T04:00:00Z,continuous_test,condition_b,18.5,,10.41,true,false,true,true,-0.21742372878395633,6,1,1,6.123233995736766e-17,0.7818314824680298,0.62348980185873359
Alicestraße 2,2025-07-08T05:00:00Z,continuous_test,condition_b,31,31,12.66,false,true,true,false,0.37361471912650346,7,1,0.96592582628906831,-0.25881904510252063,0.7818314824680298,0.62348980185873359
Alicestraße 2,2025-07-08T06:00:00Z,continuous_test,condition_b,58,58,18.16,false,true,true,false,0.84945641662852245,8,1,0.86602540378443871,-0.49999999999999978,0.7818314824680298,0.62348980185873359
Alicestraße 2,2025-07-08T07:00:00Z,continuous_test,condition_b,48.5,48.5,8.1799999999999997,false,true,true,false,0.71290716883121386,9,1,0.70710678118654757,-0.70710678118654746,0.7818314824680298,0.62348980185873359
Alicestraße 2,2025-07-08T08:00:00Z,continuous_test,condition_b,52.25,,10.535,true,false,true,true,0.76777061323823648,10,1,0.49999999999999994,-0.86602540378443871,0.7818314824680298,0.62348980185873359
Alicestraße 2,2025-07-08T09:00:00Z,continuous_test,condition_b,56,56,12.890000000000001,false,true,true,false,0.82263405764525899,11,1,0.25881904510252102,-0.9659258262890682,0.7818314824680298,0.62348980185873359
Alicestraße 2,2025-07-08T10:00:00Z,continuous_test,condition_b,132,132,15.970000000000001,false,true,true,false,1.4816380402890779,12,1,1.2246467991473532e-16,-1,0.7818314824680298,0.62348980185873359
Alicestraße 2,2025-07-08T11:00:00Z,continuous_test,condition_b,152.5,152.5,16.32,false,true,true,false,1.5931326793140999,13,1,-0.25881904510252079,-0.96592582628906831,0.7818314824680298,0.62348980185873359
Alicestraße 2,2025-07-08T12:00:00Z,continuous_test,condition_b,151,151,15.69,false,true,true,false,1.5854949289484239,14,1,-0.49999999999999972,-0.86602540378443882,0.7818314824680298,0.62348980185873359
Alicestraße 2,2025-07-08T13:00:00Z,continuous_test,condition_b,208,208,12.119999999999999,false,true,true,false,1.8331791105171038,15,1,-0.70710678118654713,-0.70710678118654791,0.7818314824680298,0.62348980185873359
Alicestraße 2,2025-07-08T14:00:00Z,continuous_test,condition_b,,,,true,false,false,false,0,16,1,-0.86602540378443849,-0.50000000000000044,0.7818314824680298,0.62348980185873359
Alicestraße 2,2025-07-08T15:00:00Z,continuous_test,condition_b,,,,true,false,false,false,0,17,1,-0.96592582628906831,-0.25881904510252063,0.7818314824680298,0.62348980185873359
Alicestraße 2,2025-07-08T16:00:00Z,continuous_test,condition_b,,,,true,false,false,false,0,18,1,-1,-1.8369701987210297e-16,0.7818314824680298,0.62348980185873359
Alicestraße 2,2025-07-08T17:00:00Z,continuous_test,condition_b,,,,true,false,false,false,0,19,1,-0.96592582628906842,0.2588190451025203,0.7818314824680298,0.62348980185873359
Alicestraße 2,2025-07-08T18:00:00Z,continuous_test,condition_b,,,,true,false,false,false,0,20,1,-0.8660254037844386,0.50000000000000011,0.7818314824680298,0.62348980185873359
Alicestraße 2,2025-07-08T19:00:00Z,continuous_test,condition_b,,,,true,false,false,false,0,21,1,-0.70710678118654768,0.70710678118654735,0.7818314824680298,0.62348980185873359
Alicestraße 2,2025-07-08T20:00:00Z,continuous_test,condition_b,,,,true,false,false,false,0,22,1,-0.50000000000000044,0.86602540378443837,0.7818314824680298,0.62348980185873359
Alicestraße 2,2025-07-08T21:00:00Z,continuous_test,condition_b,,,,true,false,false,false,0,23,1,-0.25881904510252157,0.96592582628906809,0.7818314824680298,0.62348980185873359
Alicestraße 2,2025-07-08T22:00:00Z,continuous_test,condition_b,,,,true,false,false,false,0,0,2,0,1,0.97492791218182362,-0.22252093395631434
Alicestraße 2,2025-07-08T23:00:00Z,continuous_test,condition_b,,,,true,false,false,false,0,1,2,0.25881904510252074,0.96592582628906831,0.97492791218182362,-0.22252093395631434
Alicestraße 2,2025-07-09T00:00:00Z,continuous_test,condition_b,,,,true,false,false,false,0,2,2,0.49999999999999994,0.86602540378443871,0.97492791218182362,-0.22252093395631434
Alicestraße 2,2025-07-09T01:00:00Z,continuous_test,condition_b,,,,true,false,false,false,0,3,2,0.70710678118654757,0.70710678118654757,0.97492791218182362,-0.22252093395631434
Alicestraße 2,2025-07-09T02:00:00Z,continuous_test,condition_b,,,,true,false,false,false,0,4,2,0.8660254037844386,0.50000000000000011,0.97492791218182362,-0.22252093395631434
Alicestraße 2,2025-07-09T03:00:00Z,continuous_test,condition_b,,,,true,false,false,false,0,5,2,0.96592582628906831,0.25881904510252074,0.97492791218182362,-0.22252093395631434
Alicestraße 2,2025-07-09T04:00:00Z,continuous_test,condition_b,,,,true,false,false,false,0,6,2,1,6.123233995736766e-17,0.97492791218182362,-0.22252093395631434
Alicestraße 2,2025-07-09T05:00:00Z,continuous_test,condition_b,,,,true,false,false,false,0,7,2,0.96592582628906831,-0.25881904510252063,0.97492791218182362,-0.22252093395631434
Alicestraße 2,2025-07-09T06:00:00Z,continuous_test,condition_b,,,,true,false,false,false,0,8,2,0.86602540378443871,-0.49999999999999978,0.97492791218182362,-0.22252093395631434
Alicestraße 2,2025-07-09T07:00:00Z,continuous_test,condition_b,68.5,68.5,14.800000000000001,false,true,true,false,0.97684704484916263,9,2,0.70710678118654757,-0.70710678118654746,0.97492791218182362,-0.22252093395631434
Alicestraße 2,2025-07-09T08:00:00Z,continuous_test,condition_b,94,94,13.18,false,true,true,false,1.2199395817551189,10,2,0.49999999999999994,-0.86602540378443871,0.97492791218182362,-0.22252093395631434
Alicestraße 2,2025-07-09T09:00:00Z,continuous_test,condition_b,131,131,13.6,false,true,true,false,1.4757680401343785,11,2,0.25881904510252102,-0.9659258262890682,0.97492791218182362,-0.22252093395631434
Alicestraße 2,2025-07-09T10:00:00Z,continuous_test,condition_b,136.5,136.5,14.15,false,true,true,false,1.507518217050934,12,2,1.2246467991473532e-16,-1,0.97492791218182362,-0.22252093395631434
Alicestraße 2,2025-07-09T11:00:00Z,continuous_test,condition_b,136,,14.35,true,false,true,true,1.5046744176832005,13,2,-0.25881904510252079,-0.96592582628906831,0.97492791218182362,-0.22252093395631434
Alicestraße 2,2025-07-09T12:00:00Z,continuous_test,condition_b,135.5,,14.550000000000001,true,false,true,true,1.501830618315467,14,2,-0.49999999999999972,-0.86602540378443882,0.97492791218182362,-0.22252093395631434
Alicestraße 2,2025-07-09T13:00:00Z,continuous_test,condition_b,135,135,14.75,false,true,true,false,1.4989868189477336,15,2,-0.70710678118654713,-0.70710678118654791,0.97492791218182362,-0.22252093395631434
Alicestraße 2,2025-07-09T14:00:00Z,continuous_test,condition_b,127,127,15.5,false,true,true,false,1.4518347262880769,16,2,-0.86602540378443849,-0.50000000000000044,0.97492791218182362,-0.22252093395631434
Alicestraße 2,2025-07-09T15:00:00Z,continuous_test,condition_b,117,117,11.07,false,true,true,false,1.3885664202093093,17,2,-0.96592582628906831,-0.25881904510252063,0.97492791218182362,-0.22252093395631434
Alicestraße 2,2025-07-09T16:00:00Z,continuous_test,condition_b,70.5,70.5,11.045,false,true,true,false,0.99891295965035265,18,2,-1,-1.8369701987210297e-16,0.97492791218182362,-0.22252093395631434
Alicestraße 2,2025-07-09T17:00:00Z,continuous_test,condition_b,27,27,8.4399999999999995,false,true,true,false,0.26975783046715734,19,2,-0.96592582628906842,0.2588190451025203,0.97492791218182362,-0.22252093395631434
Alicestraße 2,2025-07-09T18:00:00Z,continuous_test,condition_b,19,19,5.7000000000000002,false,true,true,false,0.0080593719331983598,20,2,-0.8660254037844386,0.50000000000000011,0.97492791218182362,-0.22252093395631434
Alicestraße 2,2025-07-09T19:00:00Z,continuous_test,condition_b,11,11,3.3300000000000001,false,true,true,false,-0.38924615217666153,21,2,-0.70710678118654768,0.70710678118654735,0.97492791218182362,-0.22252093395631434
Alicestraße 2,2025-07-09T20:00:00Z,continuous_test,condition_b,6.5,6.5,6.0899999999999999,false,true,true,false,-0.75480149936996666,22,2,-0.50000000000000044,0.86602540378443837,0.97492791218182362,-0.22252093395631434
Alicestraße 2,2025-07-09T21:00:00Z,continuous_test,condition_b,1,1,2.6749999999999998,false,true,true,false,-1.7828252951966435,23,2,-0.25881904510252157,0.96592582628906809,0.97492791218182362,-0.22252093395631434
Alicestraße 2,2025-07-09T22:00:00Z,continuous_test,condition_b,,,,true,false,false,false,0,0,3,0,1,0.43388373911755823,-0.90096886790241903
Alicestraße 2,2025-07-09T23:00:00Z,continuous_test,condition_b,,,,true,false,false,false,0,1,3,0.25881904510252074,0.96592582628906831,0.43388373911755823,-0.90096886790241903
Alicestraße 2,2025-07-10T00:00:00Z,continuous_test,condition_b,,,,true,false,false,false,0,2,3,0.49999999999999994,0.86602540378443871,0.43388373911755823,-0.90096886790241903
Alicestraße 2,2025-07-10T01:00:00Z,continuous_test,condition_b,,,,true,false,false,false,0,3,3,0.70710678118654757,0.70710678118654757,0.43388373911755823,-0.90096886790241903
Alicestraße 2,2025-07-10T02:00:00Z,continuous_test,condition_b,,,,true,false,false,false,0,4,3,0.8660254037844386,0.50000000000000011,0.43388373911755823,-0.90096886790241903
Alicestraße 2,2025-07-10T03:00:00Z,continuous_test,condition_b,,,,true,false,false,false,0,5,3,0.96592582628906831,0.25881904510252074,0.43388373911755823,-0.90096886790241903
Alicestraße 2,2025-07-10T04:00:00Z,continuous_test,condition_b,,,,true,false,false,false,0,6,3,1,6.123233995736766e-17,0.43388373911755823,-0.90096886790241903
Alicestraße 2,2025-07-10T05:00:00Z,continuous_test,condition_b,,,,true,false,false,false,0,7,3,0.96592582628906831,-0.25881904510252063,0.43388373911755823,-0.90096886790241903
Alicestraße 2,2025-07-10T06:00:00Z,continuous_test,condition_b,,,,true,false,false,false,0,8,3,0.86602540378443871,-0.49999999999999978,0.43388373911755823,-0.90096886790241903
Alicestraße 2,2025-07-10T07:00:00Z,continuous_test,condition_b,87.5,87.5,13.975,false,true,true,false,1.1648155524869304,9,3,0.70710678118654757,-0.70710678118654746,0.43388373911755823,-0.90096886790241903
Alicestraße 2,2025-07-10T08:00:00Z,continuous_test,condition_b,106,106,14.06,false,true,true,false,1.3124569924010474,10,3,0.49999999999999994,-0.86602540378443871,0.43388373911755823,-0.90096886790241903
Alicestraße 2,2025-07-10T09:00:00Z,continuous_test,condition_b,95.5,95.5,12.5,false,true,true,false,1.2321242381903474,11,3,0.25881904510252102,-0.9659258262890682,0.43388373911755823,-0.90096886790241903
Alicestraße 2,2025-07-10T10:00:00Z,continuous_test,condition_b,135,135,12.65,false,true,true,false,1.4989868189477336,12,3,1.2246467991473532e-16,-1,0.43388373911755823,-0.90096886790241903
Alicestraße 2,2025-07-10T11:00:00Z,continuous_test,condition_b,112,112,11.685,false,true,true,false,1.3548914060718282,13,3,-0.25881904510252079,-0.96592582628906831,0.43388373911755823,-0.90096886790241903
Alicestraße 2,2025-07-10T12:00:00Z,continuous_test,condition_b,95.5,95.5,9.1449999999999996,false,true,true,false,1.2321242381903474,14,3,-0.49999999999999972,-0.86602540378443882,0.43388373911755823,-0.90096886790241903
Alicestraße 2,2025-07-10T13:00:00Z,continuous_test,condition_b,135,135,13.960000000000001,false,true,true,false,1.4989868189477336,15,3,-0.70710678118654713,-0.70710678118654791,0.43388373911755823,-0.90096886790241903
Alicestraße 2,2025-07-10T14:00:00Z,continuous_test,condition_b,131.5,131.5,15.300000000000001,false,true,true,false,1.478708577960866,16,3,-0.86602540378443849,-0.50000000000000044,0.43388373911755823,-0.90096886790241903
Alicestraße 2,2025-07-10T15:00:00Z,continuous_test,condition_b,130,130,15.859999999999999,false,true,true,false,1.4698534007666122,17,3,-0.96592582628906831,-0.25881904510252063,0.43388373911755823,-0.90096886790241903
Alicestraße 2,2025-07-10T16:00:00Z,continuous_test,condition_b,61,61,12.449999999999999,false,true,true,false,0.88803149543594539,18,3,-1,-1.8369701987210297e-16,0.43388373911755823,-0.90096886790241903
Alicestraße 2,2025-07-10T17:00:00Z,continuous_test,condition_b,22,22,5.6299999999999999,false,true,true,false,0.11676220355037661,19,3,-0.96592582628906842,0.2588190451025203,0.43388373911755823,-0.90096886790241903
Alicestraße 2,2025-07-10T18:00:00Z,continuous_test,condition_b,16,16,10.67,false,true,true,false,-0.11834319179462698,20,3,-0.8660254037844386,0.50000000000000011,0.43388373911755823,-0.90096886790241903
Alicestraße 2,2025-07-10T19:00:00Z,continuous_test,condition_b,14,14,2.52,false,true,true,false,-0.21569149578917982,21,3,-0.70710678118654768,0.70710678118654735,0.43388373911755823,-0.90096886790241903
Alicestraße 2,2025-07-10T20:00:00Z,continuous_test,condition_b,10,10,10.83,false,true,true,false,-0.45692110646639,22,3,-0.50000000000000044,0.86602540378443837,0.43388373911755823,-0.90096886790241903
Alicestraße 2,2025-07-10T21:00:00Z,continuous_test,condition_b,3,3,3.23,false,true,true,false,-1.2437152916158569,23,3,-0.25881904510252157,0.96592582628906809,0.43388373911755823,-0.90096886790241903
Alicestraße 2,2025-07-10T22:00:00Z,continuous_test,condition_b,3.5,,5.0700000000000003,true,false,true,true,-1.156937963422116,0,4,0,1,-0.43388373911755801,-0.90096886790241915
Alicestraße 2,2025-07-10T23:00:00Z,continuous_test,condition_b,4,4,6.9100000000000001,false,true,true,false,-1.0701606352283752,1,4,0.25881904510252074,0.96592582628906831,-0.43388373911755801,-0.90096886790241915
Alicestraße 2,2025-07-11T00:00:00Z,continuous_test,condition_b,3,3,16.98,false,true,true,false,-1.2437152916158569,2,4,0.49999999999999994,0.86602540378443871,-0.43388373911755801,-0.90096886790241915
Alicestraße 2,2025-07-11T01:00:00Z,continuous_test,condition_b,1,1,0.96999999999999997,false,true,true,false,-1.7828252951966435,3,4,0.70710678118654757,0.70710678118654757,-0.43388373911755801,-0.90096886790241915
Alicestraße 2,2025-07-11T02:00:00Z,continuous_test,condition_b,5,5,2.7799999999999998,false,true,true,false,-0.92835615575744834,4,4,0.8660254037844386,0.50000000000000011,-0.43388373911755801,-0.90096886790241915
Alicestraße 2,2025-07-11T03:00:00Z,continuous_test,condition_b,4,4,3.6299999999999999,false,true,true,false,-1.0701606352283752,5,4,0.96592582628906831,0.25881904510252074,-0.43388373911755801,-0.90096886790241915
Alicestraße 2,2025-07-11T04:00:00Z,continuous_test,condition_b,27,27,23.045000000000002,false,true,true,false,0.26975783046715734,6,4,1,6.123233995736766e-17,-0.43388373911755801,-0.90096886790241915
Alicestraße 2,2025-07-11T05:00:00Z,continuous_test,condition_b,16.5,16.5,19.300000000000001,false,true,true,false,-0.095797516726147378,7,4,0.96592582628906831,-0.25881904510252063,-0.43388373911755801,-0.90096886790241915
Alicestraße 2,2025-07-11T06:00:00Z,continuous_test,condition_b,88,88,13.1,false,true,true,false,1.1691973743790847,8,4,0.86602540378443871,-0.49999999999999978,-0.43388373911755801,-0.90096886790241915
Alicestraße 2,2025-07-11T07:00:00Z,continuous_test,condition_b,,,,true,false,false,false,0,9,4,0.70710678118654757,-0.70710678118654746,-0.43388373911755801,-0.90096886790241915
Alicestraße 2,2025-07-11T08:00:00Z,continuous_test,condition_b,,,,true,false,false,false,0,10,4,0.49999999999999994,-0.86602540378443871,-0.43388373911755801,-0.90096886790241915
Alicestraße 2,2025-07-11T09:00:00Z,continuous_test,condition_b,,,,true,false,false,false,0,11,4,0.25881904510252102,-0.9659258262890682,-0.43388373911755801,-0.90096886790241915
Alicestraße 2,2025-07-11T10:00:00Z,continuous_test,condition_b,,,,true,false,false,false,0,12,4,1.2246467991473532e-16,-1,-0.43388373911755801,-0.90096886790241915
Alicestraße 2,2025-07-11T11:00:00Z,continuous_test,condition_b,,,,true,false,false,false,0,13,4,-0.25881904510252079,-0.96592582628906831,-0.43388373911755801,-0.90096886790241915
Alicestraße 2,2025-07-11T12:00:00Z,continuous_test,condition_b,,,,true,false,false,false,0,14,4,-0.49999999999999972,-0.86602540378443882,-0.43388373911755801,-0.90096886790241915
Alicestraße 2,2025-07-11T13:00:00Z,continuous_test,condition_b,,,,true,false,false,false,0,15,4,-0.70710678118654713,-0.70710678118654791,-0.43388373911755801,-0.90096886790241915
Alicestraße 2,2025-07-11T14:00:00Z,continuous_test,condition_b,,,,true,false,false,false,0,16,4,-0.86602540378443849,-0.50000000000000044,-0.43388373911755801,-0.90096886790241915
Alicestraße 2,2025-07-11T15:00:00Z,continuous_test,condition_b,,,,true,false,false,false,0,17,4,-0.96592582628906831,-0.25881904510252063,-0.43388373911755801,-0.90096886790241915
Alicestraße 2,2025-07-11T16:00:00Z,continuous_test,condition_b,,,,true,false,false,false,0,18,4,-1,-1.8369701987210297e-16,-0.43388373911755801,-0.90096886790241915
Alicestraße 2,2025-07-11T17:00:00Z,continuous_test,condition_b,54,54,7.4199999999999999,false,true,true,false,0.79485355708266547,19,4,-0.96592582628906842,0.2588190451025203,-0.43388373911755801,-0.90096886790241915
Alicestraße 2,2025-07-11T18:00:00Z,continuous_test,condition_b,44.666666666666657,,6.4749999999999996,true,false,true,true,0.61039307790182884,20,4,-0.8660254037844386,0.50000000000000011,-0.43388373911755801,-0.90096886790241915
Alicestraße 2,2025-07-11T19:00:00Z,continuous_test,condition_b,35.333333333333329,,5.5300000000000002,true,false,true,true,0.42593259872099215,21,4,-0.70710678118654768,0.70710678118654735,-0.43388373911755801,-0.90096886790241915
Alicestraße 2,2025-07-11T20:00:00Z,continuous_test,condition_b,26,26,4.585,false,true,true,false,0.24147211954015543,22,4,-0.50000000000000044,0.86602540378443837,-0.43388373911755801,-0.90096886790241915
Alicestraße 2,2025-07-11T21:00:00Z,continuous_test,condition_b,18.333333333333329,,3.7233333333333332,true,false,true,true,-0.253590350845182,23,4,-0.25881904510252157,0.96592582628906809,-0.43388373911755801,-0.90096886790241915
Alicestraße 2,2025-07-11T22:00:00Z,continuous_test,condition_b,10.666666666666666,,2.8616666666666664,true,false,true,true,-0.74865282123051946,0,5,0,1,-0.97492791218182362,-0.22252093395631459
Alicestraße 2,2025-07-11T23:00:00Z,continuous_test,condition_b,3,3,2,false,true,true,false,-1.2437152916158569,1,5,0.25881904510252074,0.96592582628906831,-0.97492791218182362,-0.22252093395631459
Alicestraße 2,2025-07-12T00:00:00Z,continuous_test,condition_b,,,,true,false,false,false,0,2,5,0.49999999999999994,0.86602540378443871,-0.97492791218182362,-0.22252093395631459
Alicestraße 2,2025-07-12T01:00:00Z,continuous_test,condition_b,,,,true,false,false,false,0,3,5,0.70710678118654757,0.70710678118654757,-0.97492791218182362,-0.22252093395631459
Alicestraße 2,2025-07-12T02:00:00Z,continuous_test,condition_b,,,,true,false,false,false,0,4,5,0.8660254037844386,0.50000000000000011,-0.97492791218182362,-0.22252093395631459
Alicestraße 2,2025-07-12T03:00:00Z,continuous_test,condition_b,,,,true,false,false,false,0,5,5,0.96592582628906831,0.25881904510252074,-0.97492791218182362,-0.22252093395631459
Alicestraße 2,2025-07-12T04:00:00Z,continuous_test,condition_b,,,,true,false,false,false,0,6,5,1,6.123233995736766e-17,-0.97492791218182362,-0.22252093395631459
Alicestraße 2,2025-07-12T05:00:00Z,continuous_test,condition_b,,,,true,false,false,false,0,7,5,0.96592582628906831,-0.25881904510252063,-0.97492791218182362,-0.22252093395631459
Alicestraße 2,2025-07-12T06:00:00Z,continuous_test,condition_b,34,34,4.8799999999999999,false,true,true,false,0.44331248685463909,8,5,0.86602540378443871,-0.49999999999999978,-0.97492791218182362,-0.22252093395631459
Alicestraße 2,2025-07-12T07:00:00Z,continuous_test,condition_b,81,81,16.199999999999999,false,true,true,false,1.105484585197263,9,5,0.70710678118654757,-0.70710678118654746,-0.97492791218182362,-0.22252093395631459
Alicestraße 2,2025-07-12T08:00:00Z,continuous_test,condition_b,108.5,,15.455,true,false,true,true,1.2859771352790175,10,5,0.49999999999999994,-0.86602540378443871,-0.97492791218182362,-0.22252093395631459
Alicestraße 2,2025-07-12T09:00:00Z,continuous_test,condition_b,136,,14.710000000000001,true,false,true,true,1.4664696853607719,11,5,0.25881904510252102,-0.9659258262890682,-0.97492791218182362,-0.22252093395631459
Alicestraße 2,2025-07-12T10:00:00Z,continuous_test,condition_b,163.5,163.5,13.965,false,true,true,false,1.6469622354425264,12,5,1.2246467991473532e-16,-1,-0.97492791218182362,-0.22252093395631459
Alicestraße 2,2025-07-12T11:00:00Z,continuous_test,condition_b,186.5,186.5,13.055,false,true,true,false,1.7487478277281439,13,5,-0.25881904510252079,-0.96592582628906831,-0.97492791218182362,-0.22252093395631459
Alicestraße 2,2025-07-12T12:00:00Z,continuous_test,condition_b,148,148,13.785,false,true,true,false,1.5699906681392286,14,5,-0.49999999999999972,-0.86602540378443882,-0.97492791218182362,-0.22252093395631459
Alicestraße 2,2025-07-12T13:00:00Z,continuous_test,condition_b,152,152,16.350000000000001,false,true,true,false,1.5905950870837633,15,5,-0.70710678118654713,-0.70710678118654791,-0.97492791218182362,-0.22252093395631459
Alicestraße 2,2025-07-12T14:00:00Z,continuous_test,condition_b,103.5,103.5,14.949999999999999,false,true,true,false,1.294069106936317,16,5,-0.86602540378443849,-0.50000000000000044,-0.97492791218182362,-0.22252093395631459
Alicestraße 2,2025-07-12T15:00:00Z,continuous_test,condition_b,93.5,93.5,12.675000000000001,false,true,true,false,1.2158352380423829,17,5,-0.96592582628906831,-0.25881904510252063,-0.97492791218182362,-0.22252093395631459
Alicestraße 2,2025-07-12T16:00:00Z,continuous_test,condition_b,50,50,8.0800000000000001,false,true,true,false,0.73612594764456818,18,5,-1,-1.8369701987210297e-16,-0.97492791218182362,-0.22252093395631459
Alicestraße 2,2025-07-12T17:00:00Z,continuous_test,condition_b,33.5,33.5,6.7799999999999994,false,true,true,false,0.43212133940878528,19,5,-0.96592582628906842,0.2588190451025203,-0.97492791218182362,-0.22252093395631459
Alicestraße 2,2025-07-12T18:00:00Z,continuous_test,condition_b,23,23,5.3550000000000004,false,true,true,false,0.14986385140412528,20,5,-0.8660254037844386,0.50000000000000011,-0.97492791218182362,-0.22252093395631459
Alicestraße 2,2025-07-12T19:00:00Z,continuous_test,condition_b,14,14,6.8799999999999999,false,true,true,false,-0.21569149578917982,21,5,-0.70710678118654768,0.70710678118654735,-0.97492791218182362,-0.22252093395631459
Alicestraße 2,2025-07-12T20:00:00Z,continuous_test,condition_b,6,6,17.32,false,true,true,false,-0.80846217669441611,22,5,-0.50000000000000044,0.86602540378443837,-0.97492791218182362,-0.22252093395631459
Alicestraße 2,2025-07-12T21:00:00Z,continuous_test,condition_b,1,1,2.9700000000000002,false,true,true,false,-1.7828252951966435,23,5,-0.25881904510252157,0.96592582628906809,-0.97492791218182362,-0.22252093395631459
Alicestraße 2,2025-07-12T22:00:00Z,continuous_test,condition_b,6,6,43.560000000000002,false,true,true,false,-0.80846217669441611,0,6,0,1,-0.78183148246802991,0.62348980185873337
Alicestraße 2,2025-07-12T23:00:00Z,continuous_test,condition_b,7,7,25.039999999999999,false,true,true,false,-0.70460528803507017,1,6,0.25881904510252074,0.96592582628906831,-0.78183148246802991,0.62348980185873337
Alicestraße 2,2025-07-13T00:00:00Z,continuous_test,condition_b,1,1,16.170000000000002,false,true,true,false,-1.7828252951966435,2,6,0.49999999999999994,0.86602540378443871,-0.78183148246802991,0.62348980185873337
Alicestraße 2,2025-07-13T01:00:00Z,continuous_test,condition_b,1,1,11.77,false,true,true,false,-1.7828252951966435,3,6,0.70710678118654757,0.70710678118654757,-0.78183148246802991,0.62348980185873337
Alicestraße 2,2025-07-13T02:00:00Z,continuous_test,condition_b,4,4,10.83,false,true,true,false,-1.0701606352283752,4,6,0.8660254037844386,0.50000000000000011,-0.78183148246802991,0.62348980185873337
Alicestraße 2,2025-07-13T03:00:00Z,continuous_test,condition_b,1,1,5.4199999999999999,false,true,true,false,-1.7828252951966435,5,6,0.96592582628906831,0.25881904510252074,-0.78183148246802991,0.62348980185873337
Alicestraße 2,2025-07-13T04:00:00Z,continuous_test,condition_b,,,,true,false,false,false,0,6,6,1,6.123233995736766e-17,-0.78183148246802991,0.62348980185873337
Alicestraße 2,2025-07-13T05:00:00Z,continuous_test,condition_b,,,,true,false,false,false,0,7,6,0.96592582628906831,-0.25881904510252063,-0.78183148246802991,0.62348980185873337
Alicestraße 2,2025-07-13T06:00:00Z,continuous_test,condition_b,,,,true,false,false,false,0,8,6,0.86602540378443871,-0.49999999999999978,-0.78183148246802991,0.62348980185873337
Alicestraße 2,2025-07-13T07:00:00Z,continuous_test,condition_b,,,,true,false,false,false,0,9,6,0.70710678118654757,-0.70710678118654746,-0.78183148246802991,0.62348980185873337
Alicestraße 2,2025-07-13T08:00:00Z,continuous_test,condition_b,,,,true,false,false,false,0,10,6,0.49999999999999994,-0.86602540378443871,-0.78183148246802991,0.62348980185873337
Alicestraße 2,2025-07-13T09:00:00Z,continuous_test,condition_b,,,,true,false,false,false,0,11,6,0.25881904510252102,-0.9659258262890682,-0.78183148246802991,0.62348980185873337
Alicestraße 2,2025-07-13T10:00:00Z,continuous_test,condition_b,,,,true,false,false,false,0,12,6,1.2246467991473532e-16,-1,-0.78183148246802991,0.62348980185873337
Alicestraße 2,2025-07-13T11:00:00Z,continuous_test,condition_b,,,,true,false,false,false,0,13,6,-0.25881904510252079,-0.96592582628906831,-0.78183148246802991,0.62348980185873337
Alicestraße 2,2025-07-13T12:00:00Z,continuous_test,condition_b,,,,true,false,false,false,0,14,6,-0.49999999999999972,-0.86602540378443882,-0.78183148246802991,0.62348980185873337
Alicestraße 2,2025-07-13T13:00:00Z,continuous_test,condition_b,,,,true,false,false,false,0,15,6,-0.70710678118654713,-0.70710678118654791,-0.78183148246802991,0.62348980185873337
Alicestraße 2,2025-07-13T14:00:00Z,continuous_test,condition_b,,,,true,false,false,false,0,16,6,-0.86602540378443849,-0.50000000000000044,-0.78183148246802991,0.62348980185873337
Alicestraße 2,2025-07-13T15:00:00Z,continuous_test,condition_b,,,,true,false,false,false,0,17,6,-0.96592582628906831,-0.25881904510252063,-0.78183148246802991,0.62348980185873337
Alicestraße 2,2025-07-13T16:00:00Z,continuous_test,condition_b,,,,true,false,false,false,0,18,6,-1,-1.8369701987210297e-16,-0.78183148246802991,0.62348980185873337
Alicestraße 2,2025-07-13T17:00:00Z,continuous_test,condition_b,,,,true,false,false,false,0,19,6,-0.96592582628906842,0.2588190451025203,-0.78183148246802991,0.62348980185873337
Alicestraße 2,2025-07-13T18:00:00Z,continuous_test,condition_b,,,,true,false,false,false,0,20,6,-0.8660254037844386,0.50000000000000011,-0.78183148246802991,0.62348980185873337
Alicestraße 2,2025-07-13T19:00:00Z,continuous_test,condition_b,,,,true,false,false,false,0,21,6,-0.70710678118654768,0.70710678118654735,-0.78183148246802991,0.62348980185873337
Alicestraße 2,2025-07-13T20:00:00Z,continuous_test,condition_b,,,,true,false,false,false,0,22,6,-0.50000000000000044,0.86602540378443837,-0.78183148246802991,0.62348980185873337
Alicestraße 2,2025-07-13T21:00:00Z,continuous_test,condition_b,0.5,0.5,0.64000000000000001,false,true,true,false,-2.0065761629190222,23,6,-0.25881904510252157,0.96592582628906809,-0.78183148246802991,0.62348980185873337
Alicestraße 2,2025-07-13T22:00:00Z,continuous_test,condition_b,12,12,91.400000000000006,false,true,true,false,-0.32699122907990058,0,0,0,1,0,1
Alicestraße 2,2025-07-13T23:00:00Z,continuous_test,condition_b,,,,true,false,true,true,-0.32699122907990058,1,0,0.25881904510252074,0.96592582628906831,0,1
Friedrichstraße 11,2025-07-08T00:00:00Z,continuous_test,condition_b,1.5,1.5,45.020000000000003,false,true,true,false,-1.9959869221362523,2,1,0.49999999999999994,0.86602540378443871,0.7818314824680298,0.62348980185873359
Friedrichstraße 11,2025-07-08T01:00:00Z,continuous_test,condition_b,3,3,35.210000000000001,false,true,true,false,-1.5148362208917157,3,1,0.70710678118654757,0.70710678118654757,0.7818314824680298,0.62348980185873359
Friedrichstraße 11,2025-07-08T02:00:00Z,continuous_test,condition_b,6,6,11.34,false,true,true,false,-0.94194803016699347,4,1,0.8660254037844386,0.50000000000000011,0.7818314824680298,0.62348980185873359
Friedrichstraße 11,2025-07-08T03:00:00Z,continuous_test,condition_b,7,7,2.9700000000000002,false,true,true,false,-0.80524967466162156,5,1,0.96592582628906831,0.25881904510252074,0.7818314824680298,0.62348980185873359
Friedrichstraße 11,2025-07-08T04:00:00Z,continuous_test,condition_b,11.75,,7.0425000000000004,true,false,true,true,-0.40458765680648157,6,1,1,6.123233995736766e-17,0.7818314824680298,0.62348980185873359
Friedrichstraße 11,2025-07-08T05:00:00Z,continuous_test,condition_b,16.5,16.5,11.115,false,true,true,false,-0.0039256389513415701,7,1,0.96592582628906831,-0.25881904510252063,0.7818314824680298,0.62348980185873359
Friedrichstraße 11,2025-07-08T06:00:00Z,continuous_test,condition_b,38,38,10.115,false,true,true,false,0.81644099256743508,8,1,0.86602540378443871,-0.49999999999999978,0.7818314824680298,0.62348980185873359
Friedrichstraße 11,2025-07-08T07:00:00Z,continuous_test,condition_b,29.5,29.5,8.75,false,true,true,false,0.56477556437711451,9,1,0.70710678118654757,-0.70710678118654746,0.7818314824680298,0.62348980185873359
Friedrichstraße 11,2025-07-08T08:00:00Z,continuous_test,condition_b,37.75,,8.3450000000000006,true,false,true,true,0.78611388500766499,10,1,0.49999999999999994,-0.86602540378443871,0.7818314824680298,0.62348980185873359
Friedrichstraße 11,2025-07-08T09:00:00Z,continuous_test,condition_b,46,46,7.9400000000000004,false,true,true,false,1.0074522056382154,11,1,0.25881904510252102,-0.9659258262890682,0.7818314824680298,0.62348980185873359
Friedrichstraße 11,2025-07-08T10:00:00Z,continuous_test,condition_b,42,42,7.8300000000000001,false,true,true,false,0.91639515286724682,12,1,1.2246467991473532e-16,-1,0.7818314824680298,0.62348980185873359
Friedrichstraße 11,2025-07-08T11:00:00Z,continuous_test,condition_b,45.5,45.5,9.5150000000000006,false,true,true,false,0.99650325644223847,13,1,-0.25881904510252079,-0.96592582628906831,0.7818314824680298,0.62348980185873359
Friedrichstraße 11,2025-07-08T12:00:00Z,continuous_test,condition_b,54,54,8.5899999999999999,false,true,true,false,1.1683657582818663,14,1,-0.49999999999999972,-0.86602540378443882,0.7818314824680298,0.62348980185873359
Friedrichstraße 11,2025-07-08T13:00:00Z,continuous_test,condition_b,32,32,9.0500000000000007,false,true,true,false,0.64542488762705841,15,1,-0.70710678118654713,-0.70710678118654791,0.7818314824680298,0.62348980185873359
Friedrichstraße 11,2025-07-08T14:00:00Z,continuous_test,condition_b,,,,true,false,false,false,0,16,1,-0.86602540378443849,-0.50000000000000044,0.7818314824680298,0.62348980185873359
Friedrichstraße 11,2025-07-08T15:00:00Z,continuous_test,condition_b,,,,true,false,false,false,0,17,1,-0.96592582628906831,-0.25881904510252063,0.7818314824680298,0.62348980185873359
Friedrichstraße 11,2025-07-08T16:00:00Z,continuous_test,condition_b,,,,true,false,false,false,0,18,1,-1,-1.8369701987210297e-16,0.7818314824680298,0.62348980185873359
Friedrichstraße 11,2025-07-08T17:00:00Z,continuous_test,condition_b,,,,true,false,false,false,0,19,1,-0.96592582628906842,0.2588190451025203,0.7818314824680298,0.62348980185873359
Friedrichstraße 11,2025-07-08T18:00:00Z,continuous_test,condition_b,,,,true,false,false,false,0,20,1,-0.8660254037844386,0.50000000000000011,0.7818314824680298,0.62348980185873359
Friedrichstraße 11,2025-07-08T19:00:00Z,continuous_test,condition_b,,,,true,false,false,false,0,21,1,-0.70710678118654768,0.70710678118654735,0.7818314824680298,0.62348980185873359
Friedrichstraße 11,2025-07-08T20:00:00Z,continuous_test,condition_b,,,,true,false,false,false,0,22,1,-0.50000000000000044,0.86602540378443837,0.7818314824680298,0.62348980185873359
Friedrichstraße 11,2025-07-08T21:00:00Z,continuous_test,condition_b,,,,true,false,false,false,0,23,1,-0.25881904510252157,0.96592582628906809,0.7818314824680298,0.62348980185873359
Friedrichstraße 11,2025-07-08T22:00:00Z,continuous_test,condition_b,,,,true,false,false,false,0,0,2,0,1,0.97492791218182362,-0.22252093395631434
Friedrichstraße 11,2025-07-08T23:00:00Z,continuous_test,condition_b,,,,true,false,false,false,0,1,2,0.25881904510252074,0.96592582628906831,0.97492791218182362,-0.22252093395631434
Friedrichstraße 11,2025-07-09T00:00:00Z,continuous_test,condition_b,,,,true,false,false,false,0,2,2,0.49999999999999994,0.86602540378443871,0.97492791218182362,-0.22252093395631434
Friedrichstraße 11,2025-07-09T01:00:00Z,continuous_test,condition_b,,,,true,false,false,false,0,3,2,0.70710678118654757,0.70710678118654757,0.97492791218182362,-0.22252093395631434
Friedrichstraße 11,2025-07-09T02:00:00Z,continuous_test,condition_b,,,,true,false,false,false,0,4,2,0.8660254037844386,0.50000000000000011,0.97492791218182362,-0.22252093395631434
Friedrichstraße 11,2025-07-09T03:00:00Z,continuous_test,condition_b,,,,true,false,false,false,0,5,2,0.96592582628906831,0.25881904510252074,0.97492791218182362,-0.22252093395631434
Friedrichstraße 11,2025-07-09T04:00:00Z,continuous_test,condition_b,,,,true,false,false,false,0,6,2,1,6.123233995736766e-17,0.97492791218182362,-0.22252093395631434
Friedrichstraße 11,2025-07-09T05:00:00Z,continuous_test,condition_b,,,,true,false,false,false,0,7,2,0.96592582628906831,-0.25881904510252063,0.97492791218182362,-0.22252093395631434
Friedrichstraße 11,2025-07-09T06:00:00Z,continuous_test,condition_b,,,,true,false,false,false,0,8,2,0.86602540378443871,-0.49999999999999978,0.97492791218182362,-0.22252093395631434
Friedrichstraße 11,2025-07-09T07:00:00Z,continuous_test,condition_b,35.5,35.5,8.2449999999999992,false,true,true,false,0.74862037092388967,9,2,0.70710678118654757,-0.70710678118654746,0.97492791218182362,-0.22252093395631434
Friedrichstraße 11,2025-07-09T08:00:00Z,continuous_test,condition_b,29,29,7.0599999999999996,false,true,true,false,0.54785423711487446,10,2,0.49999999999999994,-0.86602540378443871,0.97492791218182362,-0.22252093395631434
Friedrichstraße 11,2025-07-09T09:00:00Z,continuous_test,condition_b,43,43,6.1299999999999999,false,true,true,false,0.93992991329630826,11,2,0.25881904510252102,-0.9659258262890682,0.97492791218182362,-0.22252093395631434
Friedrichstraße 11,2025-07-09T10:00:00Z,continuous_test,condition_b,40,40,8.8399999999999999,false,true,true,false,0.86763750985315979,12,2,1.2246467991473532e-16,-1,0.97492791218182362,-0.22252093395631434
Friedrichstraße 11,2025-07-09T11:00:00Z,continuous_test,condition_b,46,46,6.54,false,true,true,false,1.0074522056382154,13,2,-0.25881904510252079,-0.96592582628906831,0.97492791218182362,-0.22252093395631434
Friedrichstraße 11,2025-07-09T12:00:00Z,continuous_test,condition_b,33,33,11.395,false,true,true,false,0.67598587324486648,14,2,-0.49999999999999972,-0.86602540378443882,0.97492791218182362,-0.22252093395631434
Friedrichstraße 11,2025-07-09T13:00:00Z,continuous_test,condition_b,34.5,,9.2874999999999996,true,false,true,true,0.71926729067817452,15,2,-0.70710678118654713,-0.70710678118654791,0.97492791218182362,-0.22252093395631434
Friedrichstraße 11,2025-07-09T14:00:00Z,continuous_test,condition_b,36,36,7.1799999999999997,false,true,true,false,0.76254870811148245,16,2,-0.86602540378443849,-0.50000000000000044,0.97492791218182362,-0.22252093395631434
Friedrichstraße 11,2025-07-09T15:00:00Z,continuous_test,condition_b,40,40,4.8600000000000003,false,true,true,false,0.86763750985315979,17,2,-0.96592582628906831,-0.25881904510252063,0.97492791218182362,-0.22252093395631434
Friedrichstraße 11,2025-07-09T16:00:00Z,continuous_test,condition_b,35,35,11.69,false,true,true,false,0.73449991269016102,18,2,-1,-1.8369701987210297e-16,0.97492791218182362,-0.22252093395631434
Friedrichstraße 11,2025-07-09T17:00:00Z,continuous_test,condition_b,22,22,10.9,false,true,true,false,0.27584939170444084,19,2,-0.96592582628906842,0.2588190451025203,0.97492791218182362,-0.22252093395631434
Friedrichstraße 11,2025-07-09T18:00:00Z,continuous_test,condition_b,25,25,6.5549999999999997,false,true,true,false,0.40135947200659106,20,2,-0.8660254037844386,0.50000000000000011,0.97492791218182362,-0.22252093395631434
Friedrichstraße 11,2025-07-09T19:00:00Z,continuous_test,condition_b,8,8,8,false,true,true,false,-0.68467317977002706,21,2,-0.70710678118654768,0.70710678118654735,0.97492791218182362,-0.22252093395631434
Friedrichstraße 11,2025-07-09T20:00:00Z,continuous_test,condition_b,9.5,9.5,5.1900000000000004,false,true,true,false,-0.52686650960614934,22,2,-0.50000000000000044,0.86602540378443837,0.97492791218182362,-0.22252093395631434
Friedrichstraße 11,2025-07-09T21:00:00Z,continuous_test,condition_b,8,8,2.625,false,true,true,false,-0.68467317977002706,23,2,-0.25881904510252157,0.96592582628906809,0.97492791218182362,-0.22252093395631434
Friedrichstraße 11,2025-07-09T22:00:00Z,continuous_test,condition_b,,,,true,false,false,false,0,0,3,0,1,0.43388373911755823,-0.90096886790241903
Friedrichstraße 11,2025-07-09T23:00:00Z,continuous_test,condition_b,,,,true,false,false,false,0,1,3,0.25881904510252074,0.96592582628906831,0.43388373911755823,-0.90096886790241903
Friedrichstraße 11,2025-07-10T00:00:00Z,continuous_test,condition_b,,,,true,false,false,false,0,2,3,0.49999999999999994,0.86602540378443871,0.43388373911755823,-0.90096886790241903
Friedrichstraße 11,2025-07-10T01:00:00Z,continuous_test,condition_b,,,,true,false,false,false,0,3,3,0.70710678118654757,0.70710678118654757,0.43388373911755823,-0.90096886790241903
Friedrichstraße 11,2025-07-10T02:00:00Z,continuous_test,condition_b,,,,true,false,false,false,0,4,3,0.8660254037844386,0.50000000000000011,0.43388373911755823,-0.90096886790241903
Friedrichstraße 11,2025-07-10T03:00:00Z,continuous_test,condition_b,,,,true,false,false,false,0,5,3,0.96592582628906831,0.25881904510252074,0.43388373911755823,-0.90096886790241903
Friedrichstraße 11,2025-07-10T04:00:00Z,continuous_test,condition_b,,,,true,false,false,false,0,6,3,1,6.123233995736766e-17,0.43388373911755823,-0.90096886790241903
Friedrichstraße 11,2025-07-10T05:00:00Z,continuous_test,condition_b,,,,true,false,false,false,0,7,3,0.96592582628906831,-0.25881904510252063,0.43388373911755823,-0.90096886790241903
Friedrichstraße 11,2025-07-10T06:00:00Z,continuous_test,condition_b,24,24,4,false,true,true,false,0.36120856153958752,8,3,0.86602540378443871,-0.49999999999999978,0.43388373911755823,-0.90096886790241903
Friedrichstraße 11,2025-07-10T07:00:00Z,continuous_test,condition_b,31,31,6.8099999999999996,false,true,true,false,0.61392341779856696,9,3,0.70710678118654757,-0.70710678118654746,0.43388373911755823,-0.90096886790241903
Friedrichstraße 11,2025-07-10T08:00:00Z,continuous_test,condition_b,24,24,6.2050000000000001,false,true,true,false,0.36120856153958752,10,3,0.49999999999999994,-0.86602540378443871,0.43388373911755823,-0.90096886790241903
Friedrichstraße 11,2025-07-10T09:00:00Z,continuous_test,condition_b,47.5,47.5,6.415,false,true,true,false,1.0396134995252102,11,3,0.25881904510252102,-0.9659258262890682,0.43388373911755823,-0.90096886790241903
Friedrichstraße 11,2025-07-10T10:00:00Z,continuous_test,condition_b,59,59,9.6699999999999999,false,true,true,false,1.2574407833449683,12,3,1.2246467991473532e-16,-1,0.43388373911755823,-0.90096886790241903
Friedrichstraße 11,2025-07-10T11:00:00Z,continuous_test,condition_b,39.5,39.5,7.9000000000000004,false,true,true,false,0.85507640758175518,13,3,-0.25881904510252079,-0.96592582628906831,0.43388373911755823,-0.90096886790241903
Friedrichstraße 11,2025-07-10T12:00:00Z,continuous_test,condition_b,31,31,5.9749999999999996,false,true,true,false,0.61392341779856696,14,3,-0.49999999999999972,-0.86602540378443882,0.43388373911755823,-0.90096886790241903
Friedrichstraße 11,2025-07-10T13:00:00Z,continuous_test,condition_b,49,49,12.130000000000001,false,true,true,false,1.0707951077696818,15,3,-0.70710678118654713,-0.70710678118654791,0.43388373911755823,-0.90096886790241903
Friedrichstraße 11,2025-07-10T14:00:00Z,continuous_test,condition_b,47,47,7.7400000000000002,false,true,true,false,1.0290049383594113,16,3,-0.86602540378443849,-0.50000000000000044,0.43388373911755823,-0.90096886790241903
Friedrichstraße 11,2025-07-10T15:00:00Z,continuous_test,condition_b,42,42,7.9000000000000004,false,true,true,false,0.91639515286724682,17,3,-0.96592582628906831,-0.25881904510252063,0.43388373911755823,-0.90096886790241903
Friedrichstraße 11,2025-07-10T16:00:00Z,continuous_test,condition_b,49,49,6.2199999999999998,false,true,true,false,1.0707951077696818,18,3,-1,-1.8369701987210297e-16,0.43388373911755823,-0.90096886790241903
Friedrichstraße 11,2025-07-10T17:00:00Z,continuous_test,condition_b,32.5,32.5,10.475,false,true,true,false,0.66081941819864054,19,3,-0.96592582628906842,0.2588190451025203,0.43388373911755823,-0.90096886790241903
Friedrichstraße 11,2025-07-10T18:00:00Z,continuous_test,condition_b,23,23,6.7599999999999998,false,true,true,false,0.31941839212931705,20,3,-0.8660254037844386,0.50000000000000011,0.43388373911755823,-0.90096886790241903
Friedrichstraße 11,2025-07-10T19:00:00Z,continuous_test,condition_b,14,14,6.8300000000000001,false,true,true,false,-0.16173230911521974,21,3,-0.70710678118654768,0.70710678118654735,0.43388373911755823,-0.90096886790241903
Friedrichstraße 11,2025-07-10T20:00:00Z,continuous_test,condition_b,9,9,8.0099999999999998,false,true,true,false,-0.57681382967606376,22,3,-0.50000000000000044,0.86602540378443837,0.43388373911755823,-0.90096886790241903
Friedrichstraße 11,2025-07-10T21:00:00Z,continuous_test,condition_b,4,4,3.1800000000000002,false,true,true,false,-1.2864003759061582,23,3,-0.25881904510252157,0.96592582628906809,0.43388373911755823,-0.90096886790241903
Friedrichstraße 11,2025-07-10T22:00:00Z,continuous_test,condition_b,5,,3.2149999999999999,true,false,true,true,-1.1141742030365758,0,4,0,1,-0.43388373911755801,-0.90096886790241915
Friedrichstraße 11,2025-07-10T23:00:00Z,continuous_test,condition_b,6,6,3.25,false,true,true,false,-0.94194803016699347,1,4,0.25881904510252074,0.96592582628906831,-0.43388373911755801,-0.90096886790241915
Friedrichstraße 11,2025-07-11T00:00:00Z,continuous_test,condition_b,4,4,5.04,false,true,true,false,-1.2864003759061582,2,4,0.49999999999999994,0.86602540378443871,-0.43388373911755801,-0.90096886790241915
Friedrichstraße 11,2025-07-11T01:00:00Z,continuous_test,condition_b,2,2,9.2200000000000006,false,true,true,false,-1.8093412465609655,3,4,0.70710678118654757,0.70710678118654757,-0.43388373911755801,-0.90096886790241915
Friedrichstraße 11,2025-07-11T02:00:00Z,continuous_test,condition_b,5,5,32.75,false,true,true,false,-1.0997547003308714,4,4,0.8660254037844386,0.50000000000000011,-0.43388373911755801,-0.90096886790241915
Friedrichstraße 11,2025-07-11T03:00:00Z,continuous_test,condition_b,12,12,12.529999999999999,false,true,true,false,-0.30822707422350321,5,4,0.96592582628906831,0.25881904510252074,-0.43388373911755801,-0.90096886790241915
Friedrichstraße 11,2025-07-11T04:00:00Z,continuous_test,condition_b,16,16,5.6799999999999997,false,true,true,false,-0.033600672985227814,6,4,1,6.123233995736766e-17,-0.43388373911755801,-0.90096886790241915
Friedrichstraße 11,2025-07-11T05:00:00Z,continuous_test,condition_b,19.5,19.5,10.414999999999999,false,true,true,false,0.1580509636230655,7,4,0.96592582628906831,-0.25881904510252063,-0.43388373911755801,-0.90096886790241915
Friedrichstraße 11,2025-07-11T06:00:00Z,continuous_test,condition_b,24.5,24.5,7.1150000000000002,false,true,true,false,0.38148084757561612,8,4,0.86602540378443871,-0.49999999999999978,-0.43388373911755801,-0.90096886790241915
Friedrichstraße 11,2025-07-11T07:00:00Z,continuous_test,condition_b,,,,true,false,false,false,0,9,4,0.70710678118654757,-0.70710678118654746,-0.43388373911755801,-0.90096886790241915
Friedrichstraße 11,2025-07-11T08:00:00Z,continuous_test,condition_b,,,,true,false,false,false,0,10,4,0.49999999999999994,-0.86602540378443871,-0.43388373911755801,-0.90096886790241915
Friedrichstraße 11,2025-07-11T09:00:00Z,continuous_test,condition_b,,,,true,false,false,false,0,11,4,0.25881904510252102,-0.9659258262890682,-0.43388373911755801,-0.90096886790241915
Friedrichstraße 11,2025-07-11T10:00:00Z,continuous_test,condition_b,,,,true,false,false,false,0,12,4,1.2246467991473532e-16,-1,-0.43388373911755801,-0.90096886790241915
Friedrichstraße 11,2025-07-11T11:00:00Z,continuous_test,condition_b,,,,true,false,false,false,0,13,4,-0.25881904510252079,-0.96592582628906831,-0.43388373911755801,-0.90096886790241915
Friedrichstraße 11,2025-07-11T12:00:00Z,continuous_test,condition_b,,,,true,false,false,false,0,14,4,-0.49999999999999972,-0.86602540378443882,-0.43388373911755801,-0.90096886790241915
Friedrichstraße 11,2025-07-11T13:00:00Z,continuous_test,condition_b,,,,true,false,false,false,0,15,4,-0.70710678118654713,-0.70710678118654791,-0.43388373911755801,-0.90096886790241915
Friedrichstraße 11,2025-07-11T14:00:00Z,continuous_test,condition_b,,,,true,false,false,false,0,16,4,-0.86602540378443849,-0.50000000000000044,-0.43388373911755801,-0.90096886790241915
Friedrichstraße 11,2025-07-11T15:00:00Z,continuous_test,condition_b,,,,true,false,false,false,0,17,4,-0.96592582628906831,-0.25881904510252063,-0.43388373911755801,-0.90096886790241915
Friedrichstraße 11,2025-07-11T16:00:00Z,continuous_test,condition_b,,,,true,false,false,false,0,18,4,-1,-1.8369701987210297e-16,-0.43388373911755801,-0.90096886790241915
Friedrichstraße 11,2025-07-11T17:00:00Z,continuous_test,condition_b,37,37,9.6799999999999997,false,true,true,false,0.78984944577841587,19,4,-0.96592582628906842,0.2588190451025203,-0.43388373911755801,-0.90096886790241915
Friedrichstraße 11,2025-07-11T18:00:00Z,continuous_test,condition_b,26.5,,13.845000000000001,true,false,true,true,0.37812438639659401,20,4,-0.8660254037844386,0.50000000000000011,-0.43388373911755801,-0.90096886790241915
Friedrichstraße 11,2025-07-11T19:00:00Z,continuous_test,condition_b,16,16,18.010000000000002,false,true,true,false,-0.033600672985227814,21,4,-0.70710678118654768,0.70710678118654735,-0.43388373911755801,-0.90096886790241915
Friedrichstraße 11,2025-07-11T20:00:00Z,continuous_test,condition_b,29.5,29.5,7.1600000000000001,false,true,true,false,0.56477556437711451,22,4,-0.50000000000000044,0.86602540378443837,-0.43388373911755801,-0.90096886790241915
Friedrichstraße 11,2025-07-11T21:00:00Z,continuous_test,condition_b,9,9,3.2799999999999998,false,true,true,false,-0.57681382967606376,23,4,-0.25881904510252157,0.96592582628906809,-0.43388373911755801,-0.90096886790241915
Friedrichstraße 11,2025-07-11T22:00:00Z,continuous_test,condition_b,8.5,,17.379999999999999,true,false,true,true,-0.63074350472304541,0,5,0,1,-0.97492791218182362,-0.22252093395631459
Friedrichstraße 11,2025-07-11T23:00:00Z,continuous_test,condition_b,8,8,31.48,false,true,true,false,-0.68467317977002706,1,5,0.25881904510252074,0.96592582628906831,-0.97492791218182362,-0.22252093395631459
Friedrichstraße 11,2025-07-12T00:00:00Z,continuous_test,condition_b,,,,true,false,false,false,0,2,5,0.49999999999999994,0.86602540378443871,-0.97492791218182362,-0.22252093395631459
Friedrichstraße 11,2025-07-12T01:00:00Z,continuous_test,condition_b,,,,true,false,false,false,0,3,5,0.70710678118654757,0.70710678118654757,-0.97492791218182362,-0.22252093395631459
Friedrichstraße 11,2025-07-12T02:00:00Z,continuous_test,condition_b,,,,true,false,false,false,0,4,5,0.8660254037844386,0.50000000000000011,-0.97492791218182362,-0.22252093395631459
Friedrichstraße 11,2025-07-12T03:00:00Z,continuous_test,condition_b,,,,true,false,false,false,0,5,5,0.96592582628906831,0.25881904510252074,-0.97492791218182362,-0.22252093395631459
Friedrichstraße 11,2025-07-12T04:00:00Z,continuous_test,condition_b,,,,true,false,false,false,0,6,5,1,6.123233995736766e-17,-0.97492791218182362,-0.22252093395631459
Friedrichstraße 11,2025-07-12T05:00:00Z,continuous_test,condition_b,,,,true,false,false,false,0,7,5,0.96592582628906831,-0.25881904510252063,-0.97492791218182362,-0.22252093395631459
Friedrichstraße 11,2025-07-12T06:00:00Z,continuous_test,condition_b,20,20,3.9500000000000002,false,true,true,false,0.18272003662394495,8,5,0.86602540378443871,-0.49999999999999978,-0.97492791218182362,-0.22252093395631459
Friedrichstraße 11,2025-07-12T07:00:00Z,continuous_test,condition_b,26,26,9.9000000000000004,false,true,true,false,0.43999488702091116,9,5,0.70710678118654757,-0.70710678118654746,-0.97492791218182362,-0.22252093395631459
Friedrichstraße 11,2025-07-12T08:00:00Z,continuous_test,condition_b,32.666666666666664,,9.7183333333333337,true,false,true,true,0.6291473265600126,10,5,0.49999999999999994,-0.86602540378443871,-0.97492791218182362,-0.22252093395631459
Friedrichstraße 11,2025-07-12T09:00:00Z,continuous_test,condition_b,39.333333333333336,,9.5366666666666688,true,false,true,true,0.81829976609911403,11,5,0.25881904510252102,-0.9659258262890682,-0.97492791218182362,-0.22252093395631459
Friedrichstraße 11,2025-07-12T10:00:00Z,continuous_test,condition_b,46,46,9.3550000000000004,false,true,true,false,1.0074522056382154,12,5,1.2246467991473532e-16,-1,-0.97492791218182362,-0.22252093395631459
Friedrichstraße 11,2025-07-12T11:00:00Z,continuous_test,condition_b,39,39,7.9299999999999997,false,true,true,false,0.84235926278412432,13,5,-0.25881904510252079,-0.96592582628906831,-0.97492791218182362,-0.22252093395631459
Friedrichstraße 11,2025-07-12T12:00:00Z,continuous_test,condition_b,44,44,7.8700000000000001,false,true,true,false,0.96293575767571848,14,5,-0.49999999999999972,-0.86602540378443882,-0.97492791218182362,-0.22252093395631459
Friedrichstraße 11,2025-07-12T13:00:00Z,continuous_test,condition_b,53,53,12.09,false,true,true,false,1.1495814332510055,15,5,-0.70710678118654713,-0.70710678118654791,-0.97492791218182362,-0.22252093395631459
Friedrichstraße 11,2025-07-12T14:00:00Z,continuous_test,condition_b,49.5,49.5,6.96,false,true,true,false,1.0809814305334022,16,5,-0.86602540378443849,-0.50000000000000044,-0.97492791218182362,-0.22252093395631459
Friedrichstraße 11,2025-07-12T15:00:00Z,continuous_test,condition_b,41,41,16.539999999999999,false,true,true,false,0.89230658285403919,17,5,-0.96592582628906831,-0.25881904510252063,-0.97492791218182362,-0.22252093395631459
Friedrichstraße 11,2025-07-12T16:00:00Z,continuous_test,condition_b,41,41,9.9049999999999994,false,true,true,false,0.89230658285403919,18,5,-1,-1.8369701987210297e-16,-0.97492791218182362,-0.22252093395631459
Friedrichstraße 11,2025-07-12T17:00:00Z,continuous_test,condition_b,34,34,13.93,false,true,true,false,0.70566090727875219,19,5,-0.96592582628906842,0.2588190451025203,-0.97492791218182362,-0.22252093395631459
Friedrichstraße 11,2025-07-12T18:00:00Z,continuous_test,condition_b,12,12,16.239999999999998,false,true,true,false,-0.30822707422350321,20,5,-0.8660254037844386,0.50000000000000011,-0.97492791218182362,-0.22252093395631459
Friedrichstraße 11,2025-07-12T19:00:00Z,continuous_test,condition_b,41,41,11.185,false,true,true,false,0.89230658285403919,21,5,-0.70710678118654768,0.70710678118654735,-0.97492791218182362,-0.22252093395631459
Friedrichstraße 11,2025-07-12T20:00:00Z,continuous_test,condition_b,17.5,17.5,10.904999999999999,false,true,true,false,0.052962161881388151,22,5,-0.50000000000000044,0.86602540378443837,-0.97492791218182362,-0.22252093395631459
Friedrichstraße 11,2025-07-12T21:00:00Z,continuous_test,condition_b,5.5,5.5,3.1099999999999999,false,true,true,false,-1.0178136204535975,23,5,-0.25881904510252157,0.96592582628906809,-0.97492791218182362,-0.22252093395631459
Friedrichstraße 11,2025-07-12T22:00:00Z,continuous_test,condition_b,37,37,14.17,false,true,true,false,0.78984944577841587,0,6,0,1,-0.78183148246802991,0.62348980185873337
Friedrichstraße 11,2025-07-12T23:00:00Z,continuous_test,condition_b,11.5,11.5,12.890000000000001,false,true,true,false,-0.34837798469050629,1,6,0.25881904510252074,0.96592582628906831,-0.78183148246802991,0.62348980185873337
Friedrichstraße 11,2025-07-13T00:00:00Z,continuous_test,condition_b,2,2,10.449999999999999,false,true,true,false,-1.8093412465609655,2,6,0.49999999999999994,0.86602540378443871,-0.78183148246802991,0.62348980185873337
Friedrichstraße 11,2025-07-13T01:00:00Z,continuous_test,condition_b,1,1,51.079999999999998,false,true,true,false,-2.2244227671218098,3,6,0.70710678118654757,0.70710678118654757,-0.78183148246802991,0.62348980185873337
Friedrichstraße 11,2025-07-13T02:00:00Z,continuous_test,condition_b,3,3,13.300000000000001,false,true,true,false,-1.5148362208917157,4,6,0.8660254037844386,0.50000000000000011,-0.78183148246802991,0.62348980185873337
Friedrichstraße 11,2025-07-13T03:00:00Z,continuous_test,condition_b,2,2,1.6000000000000001,false,true,true,false,-1.8093412465609655,5,6,0.96592582628906831,0.25881904510252074,-0.78183148246802991,0.62348980185873337
Friedrichstraße 11,2025-07-13T04:00:00Z,continuous_test,condition_b,6,6,9.2300000000000004,false,true,true,false,-0.94194803016699347,6,6,1,6.123233995736766e-17,-0.78183148246802991,0.62348980185873337
Friedrichstraße 11,2025-07-13T05:00:00Z,continuous_test,condition_b,,,,true,false,false,false,0,7,6,0.96592582628906831,-0.25881904510252063,-0.78183148246802991,0.62348980185873337
Friedrichstraße 11,2025-07-13T06:00:00Z,continuous_test,condition_b,,,,true,false,false,false,0,8,6,0.86602540378443871,-0.49999999999999978,-0.78183148246802991,0.62348980185873337
Friedrichstraße 11,2025-07-13T07:00:00Z,continuous_test,condition_b,,,,true,false,false,false,0,9,6,0.70710678118654757,-0.70710678118654746,-0.78183148246802991,0.62348980185873337
Friedrichstraße 11,2025-07-13T08:00:00Z,continuous_test,condition_b,,,,true,false,false,false,0,10,6,0.49999999999999994,-0.86602540378443871,-0.78183148246802991,0.62348980185873337
Friedrichstraße 11,2025-07-13T09:00:00Z,continuous_test,condition_b,,,,true,false,false,false,0,11,6,0.25881904510252102,-0.9659258262890682,-0.78183148246802991,0.62348980185873337
Friedrichstraße 11,2025-07-13T10:00:00Z,continuous_test,condition_b,,,,true,false,false,false,0,12,6,1.2246467991473532e-16,-1,-0.78183148246802991,0.62348980185873337
Friedrichstraße 11,2025-07-13T11:00:00Z,continuous_test,condition_b,,,,true,false,false,false,0,13,6,-0.25881904510252079,-0.96592582628906831,-0.78183148246802991,0.62348980185873337
Friedrichstraße 11,2025-07-13T12:00:00Z,continuous_test,condition_b,,,,true,false,false,false,0,14,6,-0.49999999999999972,-0.86602540378443882,-0.78183148246802991,0.62348980185873337
Friedrichstraße 11,2025-07-13T13:00:00Z,continuous_test,condition_b,,,,true,false,false,false,0,15,6,-0.70710678118654713,-0.70710678118654791,-0.78183148246802991,0.62348980185873337
Friedrichstraße 11,2025-07-13T14:00:00Z,continuous_test,condition_b,,,,true,false,false,false,0,16,6,-0.86602540378443849,-0.50000000000000044,-0.78183148246802991,0.62348980185873337
Friedrichstraße 11,2025-07-13T15:00:00Z,continuous_test,condition_b,,,,true,false,false,false,0,17,6,-0.96592582628906831,-0.25881904510252063,-0.78183148246802991,0.62348980185873337
Friedrichstraße 11,2025-07-13T16:00:00Z,continuous_test,condition_b,,,,true,false,false,false,0,18,6,-1,-1.8369701987210297e-16,-0.78183148246802991,0.62348980185873337
Friedrichstraße 11,2025-07-13T17:00:00Z,continuous_test,condition_b,,,,true,false,false,false,0,19,6,-0.96592582628906842,0.2588190451025203,-0.78183148246802991,0.62348980185873337
Friedrichstraße 11,2025-07-13T18:00:00Z,continuous_test,condition_b,,,,true,false,false,false,0,20,6,-0.8660254037844386,0.50000000000000011,-0.78183148246802991,0.62348980185873337
Friedrichstraße 11,2025-07-13T19:00:00Z,continuous_test,condition_b,,,,true,false,false,false,0,21,6,-0.70710678118654768,0.70710678118654735,-0.78183148246802991,0.62348980185873337
Friedrichstraße 11,2025-07-13T20:00:00Z,continuous_test,condition_b,,,,true,false,false,false,0,22,6,-0.50000000000000044,0.86602540378443837,-0.78183148246802991,0.62348980185873337
Friedrichstraße 11,2025-07-13T21:00:00Z,continuous_test,condition_b,0.5,0.5,1.5,false,true,true,false,-2.51892779279106,23,6,-0.25881904510252157,0.96592582628906809,-0.78183148246802991,0.62348980185873337
Friedrichstraße 11,2025-07-13T22:00:00Z,continuous_test,condition_b,4.75,,23.23,true,false,true,true,-1.547870811233562,0,0,0,1,0,1
Friedrichstraße 11,2025-07-13T23:00:00Z,continuous_test,condition_b,9,9,44.960000000000001,false,true,true,false,-0.57681382967606376,1,0,0.25881904510252074,0.96592582628906831,0,1
Hauptstraße 36,2025-07-08T00:00:00Z,continuous_test,condition_b,5,5,8.7400000000000002,false,true,true,false,-1.384556506090592,2,1,0.49999999999999994,0.86602540378443871,0.7818314824680298,0.62348980185873359
Hauptstraße 36,2025-07-08T01:00:00Z,continuous_test,condition_b,8,8,3.8500000000000001,false,true,true,false,-0.95819971346033694,3,1,0.70710678118654757,0.70710678118654757,0.7818314824680298,0.62348980185873359
Hauptstraße 36,2025-07-08T02:00:00Z,continuous_test,condition_b,2,2,0.46999999999999997,false,true,true,false,-2.1134182572364035,4,1,0.8660254037844386,0.50000000000000011,0.7818314824680298,0.62348980185873359
Hauptstraße 36,2025-07-08T03:00:00Z,continuous_test,condition_b,4,4,0.98999999999999999,false,true,true,false,-1.5762722237382092,5,1,0.96592582628906831,0.25881904510252074,0.7818314824680298,0.62348980185873359
Hauptstraße 36,2025-07-08T04:00:00Z,continuous_test,condition_b,23,,4.1349999999999998,true,false,true,true,-0.4449560967288555,6,1,1,6.123233995736766e-17,0.7818314824680298,0.62348980185873359
Hauptstraße 36,2025-07-08T05:00:00Z,continuous_test,condition_b,42,42,7.2799999999999994,false,true,true,false,0.68636003028049808,7,1,0.96592582628906831,-0.25881904510252063,0.7818314824680298,0.62348980185873359
Hauptstraße 36,2025-07-08T06:00:00Z,continuous_test,condition_b,38,38,7.2999999999999989,false,true,true,false,0.58369071573742559,8,1,0.86602540378443871,-0.49999999999999978,0.7818314824680298,0.62348980185873359
Hauptstraße 36,2025-07-08T07:00:00Z,continuous_test,condition_b,56,56,10.19,false,true,true,false,0.98273362895256067,9,1,0.70710678118654757,-0.70710678118654746,0.7818314824680298,0.62348980185873359
Hauptstraße 36,2025-07-08T08:00:00Z,continuous_test,condition_b,53,,11.91,true,false,true,true,0.92425534796665665,10,1,0.49999999999999994,-0.86602540378443871,0.7818314824680298,0.62348980185873359
Hauptstraße 36,2025-07-08T09:00:00Z,continuous_test,condition_b,50,50,13.630000000000001,false,true,true,false,0.86577706698075263,11,1,0.25881904510252102,-0.9659258262890682,0.7818314824680298,0.62348980185873359
Hauptstraße 36,2025-07-08T10:00:00Z,continuous_test,condition_b,56.5,56.5,9.8499999999999996,false,true,true,false,0.99191731382426596,12,1,1.2246467991473532e-16,-1,0.7818314824680298,0.62348980185873359
Hauptstraße 36,2025-07-08T11:00:00Z,continuous_test,condition_b,72,72,9.2899999999999991,false,true,true,false,1.2428895662581692,13,1,-0.25881904510252079,-0.96592582628906831,0.7818314824680298,0.62348980185873359
Hauptstraße 36,2025-07-08T12:00:00Z,continuous_test,condition_b,44,44,9.9800000000000004,false,true,true,false,0.73416486381392332,14,1,-0.49999999999999972,-0.86602540378443882,0.7818314824680298,0.62348980185873359
Hauptstraße 36,2025-07-08T13:00:00Z,continuous_test,condition_b,45,45,8.8699999999999992,false,true,true,false,0.75727623884162809,15,1,-0.70710678118654713,-0.70710678118654791,0.7818314824680298,0.62348980185873359
Hauptstraße 36,2025-07-08T14:00:00Z,continuous_test,condition_b,,,,true,false,false,false,0,16,1,-0.86602540378443849,-0.50000000000000044,0.7818314824680298,0.62348980185873359
Hauptstraße 36,2025-07-08T15:00:00Z,continuous_test,condition_b,,,,true,false,false,false,0,17,1,-0.96592582628906831,-0.25881904510252063,0.7818314824680298,0.62348980185873359
Hauptstraße 36,2025-07-08T16:00:00Z,continuous_test,condition_b,,,,true,false,false,false,0,18,1,-1,-1.8369701987210297e-16,0.7818314824680298,0.62348980185873359
Hauptstraße 36,2025-07-08T17:00:00Z,continuous_test,condition_b,,,,true,false,false,false,0,19,1,-0.96592582628906842,0.2588190451025203,0.7818314824680298,0.62348980185873359
Hauptstraße 36,2025-07-08T18:00:00Z,continuous_test,condition_b,,,,true,false,false,false,0,20,1,-0.8660254037844386,0.50000000000000011,0.7818314824680298,0.62348980185873359
Hauptstraße 36,2025-07-08T19:00:00Z,continuous_test,condition_b,,,,true,false,false,false,0,21,1,-0.70710678118654768,0.70710678118654735,0.7818314824680298,0.62348980185873359
Hauptstraße 36,2025-07-08T20:00:00Z,continuous_test,condition_b,,,,true,false,false,false,0,22,1,-0.50000000000000044,0.86602540378443837,0.7818314824680298,0.62348980185873359
Hauptstraße 36,2025-07-08T21:00:00Z,continuous_test,condition_b,,,,true,false,false,false,0,23,1,-0.25881904510252157,0.96592582628906809,0.7818314824680298,0.62348980185873359
Hauptstraße 36,2025-07-08T22:00:00Z,continuous_test,condition_b,,,,true,false,false,false,0,0,2,0,1,0.97492791218182362,-0.22252093395631434
Hauptstraße 36,2025-07-08T23:00:00Z,continuous_test,condition_b,,,,true,false,false,false,0,1,2,0.25881904510252074,0.96592582628906831,0.97492791218182362,-0.22252093395631434
Hauptstraße 36,2025-07-09T00:00:00Z,continuous_test,condition_b,,,,true,false,false,false,0,2,2,0.49999999999999994,0.86602540378443871,0.97492791218182362,-0.22252093395631434
Hauptstraße 36,2025-07-09T01:00:00Z,continuous_test,condition_b,,,,true,false,false,false,0,3,2,0.70710678118654757,0.70710678118654757,0.97492791218182362,-0.22252093395631434
Hauptstraße 36,2025-07-09T02:00:00Z,continuous_test,condition_b,,,,true,false,false,false,0,4,2,0.8660254037844386,0.50000000000000011,0.97492791218182362,-0.22252093395631434
Hauptstraße 36,2025-07-09T03:00:00Z,continuous_test,condition_b,,,,true,false,false,false,0,5,2,0.96592582628906831,0.25881904510252074,0.97492791218182362,-0.22252093395631434
Hauptstraße 36,2025-07-09T04:00:00Z,continuous_test,condition_b,,,,true,false,false,false,0,6,2,1,6.123233995736766e-17,0.97492791218182362,-0.22252093395631434
Hauptstraße 36,2025-07-09T05:00:00Z,continuous_test,condition_b,,,,true,false,false,false,0,7,2,0.96592582628906831,-0.25881904510252063,0.97492791218182362,-0.22252093395631434
Hauptstraße 36,2025-07-09T06:00:00Z,continuous_test,condition_b,,,,true,false,false,false,0,8,2,0.86602540378443871,-0.49999999999999978,0.97492791218182362,-0.22252093395631434
Hauptstraße 36,2025-07-09T07:00:00Z,continuous_test,condition_b,45,45,12.27,false,true,true,false,0.75727623884162809,9,2,0.70710678118654757,-0.70710678118654746,0.97492791218182362,-0.22252093395631434
Hauptstraße 36,2025-07-09T08:00:00Z,continuous_test,condition_b,35,35,5.5300000000000002,false,true,true,false,0.49952378883128551,10,2,0.49999999999999994,-0.86602540378443871,0.97492791218182362,-0.22252093395631434
Hauptstraße 36,2025-07-09T09:00:00Z,continuous_test,condition_b,55,55,5.3899999999999997,false,true,true,false,0.96412207700368313,11,2,0.25881904510252102,-0.9659258262890682,0.97492791218182362,-0.22252093395631434
Hauptstraße 36,2025-07-09T10:00:00Z,continuous_test,condition_b,52,52,8.3499999999999996,false,true,true,false,0.90622533192437582,12,2,1.2246467991473532e-16,-1,0.97492791218182362,-0.22252093395631434
Hauptstraße 36,2025-07-09T11:00:00Z,continuous_test,condition_b,55,55,6.9400000000000004,false,true,true,false,0.96412207700368313,13,2,-0.25881904510252079,-0.96592582628906831,0.97492791218182362,-0.22252093395631434
Hauptstraße 36,2025-07-09T12:00:00Z,continuous_test,condition_b,54,54,8.3550000000000004,false,true,true,false,0.94517516379096045,14,2,-0.49999999999999972,-0.86602540378443882,0.97492791218182362,-0.22252093395631434
Hauptstraße 36,2025-07-09T13:00:00Z,continuous_test,condition_b,54,,9.0625,true,false,true,true,0.94517516379096045,15,2,-0.70710678118654713,-0.70710678118654791,0.97492791218182362,-0.22252093395631434
Hauptstraße 36,2025-07-09T14:00:00Z,continuous_test,condition_b,54,54,9.7699999999999996,false,true,true,false,0.94517516379096045,16,2,-0.86602540378443849,-0.50000000000000044,0.97492791218182362,-0.22252093395631434
Hauptstraße 36,2025-07-09T15:00:00Z,continuous_test,condition_b,52,52,7.3499999999999996,false,true,true,false,0.90622533192437582,17,2,-0.96592582628906831,-0.25881904510252063,0.97492791218182362,-0.22252093395631434
Hauptstraße 36,2025-07-09T16:00:00Z,continuous_test,condition_b,35.5,35.5,10.32,false,true,true,false,0.51402781511235807,18,2,-1,-1.8369701987210297e-16,0.97492791218182362,-0.22252093395631434
Hauptstraße 36,2025-07-09T17:00:00Z,continuous_test,condition_b,37,37,8.7599999999999998,false,true,true,false,0.55637683632230561,19,2,-0.96592582628906842,0.2588190451025203,0.97492791218182362,-0.22252093395631434
Hauptstraße 36,2025-07-09T18:00:00Z,continuous_test,condition_b,28,28,8.4050000000000011,false,true,true,false,0.27215973412928413,20,2,-0.8660254037844386,0.50000000000000011,0.97492791218182362,-0.22252093395631434
Hauptstraße 36,2025-07-09T19:00:00Z,continuous_test,condition_b,19,19,4.3799999999999999,false,true,true,false,-0.11854872144658637,21,2,-0.70710678118654768,0.70710678118654735,0.97492791218182362,-0.22252093395631434
Hauptstraße 36,2025-07-09T20:00:00Z,continuous_test,condition_b,9.5,,2.1899999999999999,true,false,true,true,-1.6935927612295278,22,2,-0.50000000000000044,0.86602540378443837,0.97492791218182362,-0.22252093395631434
Hauptstraße 36,2025-07-09T21:00:00Z,continuous_test,condition_b,0,0,0,false,true,true,false,-3.2686368010124696,23,2,-0.25881904510252157,0.96592582628906809,0.97492791218182362,-0.22252093395631434
Hauptstraße 36,2025-07-09T22:00:00Z,continuous_test,condition_b,,,,true,false,false,false,0,0,3,0,1,0.43388373911755823,-0.90096886790241903
Hauptstraße 36,2025-07-09T23:00:00Z,continuous_test,condition_b,,,,true,false,false,false,0,1,3,0.25881904510252074,0.96592582628906831,0.43388373911755823,-0.90096886790241903
Hauptstraße 36,2025-07-10T00:00:00Z,continuous_test,condition_b,,,,true,false,false,false,0,2,3,0.49999999999999994,0.86602540378443871,0.43388373911755823,-0.90096886790241903
Hauptstraße 36,2025-07-10T01:00:00Z,continuous_test,condition_b,,,,true,false,false,false,0,3,3,0.70710678118654757,0.70710678118654757,0.43388373911755823,-0.90096886790241903
Hauptstraße 36,2025-07-10T02:00:00Z,continuous_test,condition_b,,,,true,false,false,false,0,4,3,0.8660254037844386,0.50000000000000011,0.43388373911755823,-0.90096886790241903
Hauptstraße 36,2025-07-10T03:00:00Z,continuous_test,condition_b,,,,true,false,false,false,0,5,3,0.96592582628906831,0.25881904510252074,0.43388373911755823,-0.90096886790241903
Hauptstraße 36,2025-07-10T04:00:00Z,continuous_test,condition_b,,,,true,false,false,false,0,6,3,1,6.123233995736766e-17,0.43388373911755823,-0.90096886790241903
Hauptstraße 36,2025-07-10T05:00:00Z,continuous_test,condition_b,,,,true,false,false,false,0,7,3,0.96592582628906831,-0.25881904510252063,0.43388373911755823,-0.90096886790241903
Hauptstraße 36,2025-07-10T06:00:00Z,continuous_test,condition_b,,,,true,false,false,false,0,8,3,0.86602540378443871,-0.49999999999999978,0.43388373911755823,-0.90096886790241903
Hauptstraße 36,2025-07-10T07:00:00Z,continuous_test,condition_b,31.5,31.5,11.025,false,true,true,false,0.39197499808980879,9,3,0.70710678118654757,-0.70710678118654746,0.43388373911755823,-0.90096886790241903
Hauptstraße 36,2025-07-10T08:00:00Z,continuous_test,condition_b,39,39,8.9250000000000007,false,true,true,false,0.61031302969922507,10,3,0.49999999999999994,-0.86602540378443871,0.43388373911755823,-0.90096886790241903
Hauptstraße 36,2025-07-10T09:00:00Z,continuous_test,condition_b,51,51,8.4199999999999999,false,true,true,false,0.88619567425298251,11,3,0.25881904510252102,-0.9659258262890682,0.43388373911755823,-0.90096886790241903
Hauptstraße 36,2025-07-10T10:00:00Z,continuous_test,condition_b,67.5,67.5,6.5899999999999999,false,true,true,false,1.1759855415174798,12,3,1.2246467991473532e-16,-1,0.43388373911755823,-0.90096886790241903
Hauptstraße 36,2025-07-10T11:00:00Z,continuous_test,condition_b,60,60,6.25,false,true,true,false,1.0540508004294629,13,3,-0.25881904510252079,-0.96592582628906831,0.43388373911755823,-0.90096886790241903
Hauptstraße 36,2025-07-10T12:00:00Z,continuous_test,condition_b,48,48,5.2050000000000001,false,true,true,false,0.82371044814496652,14,3,-0.49999999999999972,-0.86602540378443882,0.43388373911755823,-0.90096886790241903
Hauptstraße 36,2025-07-10T13:00:00Z,continuous_test,condition_b,53,53,7.1299999999999999,false,true,true,false,0.92588058146154062,15,3,-0.70710678118654713,-0.70710678118654791,0.43388373911755823,-0.90096886790241903
Hauptstraße 36,2025-07-10T14:00:00Z,continuous_test,condition_b,56,56,11.359999999999999,false,true,true,false,0.98273362895256067,16,3,-0.86602540378443849,-0.50000000000000044,0.43388373911755823,-0.90096886790241903
Hauptstraße 36,2025-07-10T15:00:00Z,continuous_test,condition_b,53,53,10.02,false,true,true,false,0.92588058146154062,17,3,-0.96592582628906831,-0.25881904510252063,0.43388373911755823,-0.90096886790241903
Hauptstraße 36,2025-07-10T16:00:00Z,continuous_test,condition_b,46.5,46.5,6.0199999999999996,false,true,true,false,0.79101791130494337,18,3,-1,-1.8369701987210297e-16,0.43388373911755823,-0.90096886790241903
Hauptstraße 36,2025-07-10T17:00:00Z,continuous_test,condition_b,43,43,5.04,false,true,true,false,0.71053408880832225,19,3,-0.96592582628906842,0.2588190451025203,0.43388373911755823,-0.90096886790241903
Hauptstraße 36,2025-07-10T18:00:00Z,continuous_test,condition_b,23,23,6.4199999999999999,false,true,true,false,0.073166996201030912,20,3,-0.8660254037844386,0.50000000000000011,0.43388373911755823,-0.90096886790241903
Hauptstraße 36,2025-07-10T19:00:00Z,continuous_test,condition_b,17,17,7.2000000000000002,false,true,true,false,-0.22933796231452594,21,3,-0.70710678118654768,0.70710678118654735,0.43388373911755823,-0.90096886790241903
Hauptstraße 36,2025-07-10T20:00:00Z,continuous_test,condition_b,9,9,5.4500000000000002,false,true,true,false,-0.84741047259239743,22,3,-0.50000000000000044,0.86602540378443837,0.43388373911755823,-0.90096886790241903
Hauptstraße 36,2025-07-10T21:00:00Z,continuous_test,condition_b,6,6,2.3799999999999999,false,true,true,false,-1.2224631764337515,23,3,-0.25881904510252157,0.96592582628906809,0.43388373911755823,-0.90096886790241903
Hauptstraße 36,2025-07-10T22:00:00Z,continuous_test,condition_b,7,,7.3549999999999986,true,false,true,true,-1.0903314449470443,0,4,0,1,-0.43388373911755801,-0.90096886790241915
Hauptstraße 36,2025-07-10T23:00:00Z,continuous_test,condition_b,8,8,12.33,false,true,true,false,-0.95819971346033694,1,4,0.25881904510252074,0.96592582628906831,-0.43388373911755801,-0.90096886790241915
Hauptstraße 36,2025-07-11T00:00:00Z,continuous_test,condition_b,6,6,3.96,false,true,true,false,-1.2224631764337515,2,4,0.49999999999999994,0.86602540378443871,-0.43388373911755801,-0.90096886790241915
Hauptstraße 36,2025-07-11T01:00:00Z,continuous_test,condition_b,6,6,8.0800000000000001,false,true,true,false,-1.2224631764337515,3,4,0.70710678118654757,0.70710678118654757,-0.43388373911755801,-0.90096886790241915
Hauptstraße 36,2025-07-11T02:00:00Z,continuous_test,condition_b,5,5,6.2000000000000002,false,true,true,false,-1.384556506090592,4,4,0.8660254037844386,0.50000000000000011,-0.43388373911755801,-0.90096886790241915
Hauptstraße 36,2025-07-11T03:00:00Z,continuous_test,condition_b,14.5,14.5,7.4950000000000001,false,true,true,false,-0.38657435384958549,5,4,0.96592582628906831,0.25881904510252074,-0.43388373911755801,-0.90096886790241915
Hauptstraße 36,2025-07-11T04:00:00Z,continuous_test,condition_b,17,17,4.7349999999999994,false,true,true,false,-0.22933796231452594,6,4,1,6.123233995736766e-17,-0.43388373911755801,-0.90096886790241915
Hauptstraße 36,2025-07-11T05:00:00Z,continuous_test,condition_b,26.5,26.5,9.8000000000000007,false,true,true,false,0.21631341264514903,7,4,0.96592582628906831,-0.25881904510252063,-0.43388373911755801,-0.90096886790241915
Hauptstraße 36,2025-07-11T06:00:00Z,continuous_test,condition_b,30,30,4.4100000000000001,false,true,true,false,0.34228739729622598,8,4,0.86602540378443871,-0.49999999999999978,-0.43388373911755801,-0.90096886790241915
Hauptstraße 36,2025-07-11T07:00:00Z,continuous_test,condition_b,,,,true,false,false,false,0,9,4,0.70710678118654757,-0.70710678118654746,-0.43388373911755801,-0.90096886790241915
Hauptstraße 36,2025-07-11T08:00:00Z,continuous_test,condition_b,,,,true,false,false,false,0,10,4,0.49999999999999994,-0.86602540378443871,-0.43388373911755801,-0.90096886790241915
Hauptstraße 36,2025-07-11T09:00:00Z,continuous_test,condition_b,,,,true,false,false,false,0,11,4,0.25881904510252102,-0.9659258262890682,-0.43388373911755801,-0.90096886790241915
Hauptstraße 36,2025-07-11T10:00:00Z,continuous_test,condition_b,,,,true,false,false,false,0,12,4,1.2246467991473532e-16,-1,-0.43388373911755801,-0.90096886790241915
Hauptstraße 36,2025-07-11T11:00:00Z,continuous_test,condition_b,,,,true,false,false,false,0,13,4,-0.25881904510252079,-0.96592582628906831,-0.43388373911755801,-0.90096886790241915
Hauptstraße 36,2025-07-11T12:00:00Z,continuous_test,condition_b,,,,true,false,false,false,0,14,4,-0.49999999999999972,-0.86602540378443882,-0.43388373911755801,-0.90096886790241915
Hauptstraße 36,2025-07-11T13:00:00Z,continuous_test,condition_b,,,,true,false,false,false,0,15,4,-0.70710678118654713,-0.70710678118654791,-0.43388373911755801,-0.90096886790241915
Hauptstraße 36,2025-07-11T14:00:00Z,continuous_test,condition_b,,,,true,false,false,false,0,16,4,-0.86602540378443849,-0.50000000000000044,-0.43388373911755801,-0.90096886790241915
Hauptstraße 36,2025-07-11T15:00:00Z,continuous_test,condition_b,,,,true,false,false,false,0,17,4,-0.96592582628906831,-0.25881904510252063,-0.43388373911755801,-0.90096886790241915
Hauptstraße 36,2025-07-11T16:00:00Z,continuous_test,condition_b,,,,true,false,false,false,0,18,4,-1,-1.8369701987210297e-16,-0.43388373911755801,-0.90096886790241915
Hauptstraße 36,2025-07-11T17:00:00Z,continuous_test,condition_b,51,51,9.9299999999999997,false,true,true,false,0.88619567425298251,19,4,-0.96592582628906842,0.2588190451025203,-0.43388373911755801,-0.90096886790241915
Hauptstraße 36,2025-07-11T18:00:00Z,continuous_test,condition_b,30.5,,10.605,true,false,true,true,0.069503130384841127,20,4,-0.8660254037844386,0.50000000000000011,-0.43388373911755801,-0.90096886790241915
Hauptstraße 36,2025-07-11T19:00:00Z,continuous_test,condition_b,10,10,11.279999999999999,false,true,true,false,-0.74718941348330026,21,4,-0.70710678118654768,0.70710678118654735,-0.43388373911755801,-0.90096886790241915
Hauptstraße 36,2025-07-11T20:00:00Z,continuous_test,condition_b,12.5,12.5,4.3250000000000002,false,true,true,false,-0.53184292083008233,22,4,-0.50000000000000044,0.86602540378443837,-0.43388373911755801,-0.90096886790241915
Hauptstraße 36,2025-07-11T21:00:00Z,continuous_test,condition_b,5,5,1.0900000000000001,false,true,true,false,-1.384556506090592,23,4,-0.25881904510252157,0.96592582628906809,-0.43388373911755801,-0.90096886790241915
Hauptstraße 36,2025-07-11T22:00:00Z,continuous_test,condition_b,10.5,,10.545,true,false,true,true,-0.83699899144295276,0,5,0,1,-0.97492791218182362,-0.22252093395631459
Hauptstraße 36,2025-07-11T23:00:00Z,continuous_test,condition_b,16,16,20,false,true,true,false,-0.28944147679531351,1,5,0.25881904510252074,0.96592582628906831,-0.97492791218182362,-0.22252093395631459
Hauptstraße 36,2025-07-12T00:00:00Z,continuous_test,condition_b,,,,true,false,false,false,0,2,5,0.49999999999999994,0.86602540378443871,-0.97492791218182362,-0.22252093395631459
Hauptstraße 36,2025-07-12T01:00:00Z,continuous_test,condition_b,,,,true,false,false,false,0,3,5,0.70710678118654757,0.70710678118654757,-0.97492791218182362,-0.22252093395631459
Hauptstraße 36,2025-07-12T02:00:00Z,continuous_test,condition_b,,,,true,false,false,false,0,4,5,0.8660254037844386,0.50000000000000011,-0.97492791218182362,-0.22252093395631459
Hauptstraße 36,2025-07-12T03:00:00Z,continuous_test,condition_b,,,,true,false,false,false,0,5,5,0.96592582628906831,0.25881904510252074,-0.97492791218182362,-0.22252093395631459
Hauptstraße 36,2025-07-12T04:00:00Z,continuous_test,condition_b,,,,true,false,false,false,0,6,5,1,6.123233995736766e-17,-0.97492791218182362,-0.22252093395631459
Hauptstraße 36,2025-07-12T05:00:00Z,continuous_test,condition_b,,,,true,false,false,false,0,7,5,0.96592582628906831,-0.25881904510252063,-0.97492791218182362,-0.22252093395631459
Hauptstraße 36,2025-07-12T06:00:00Z,continuous_test,condition_b,22,22,6.8499999999999996,false,true,true,false,0.028414487695816663,8,5,0.86602540378443871,-0.49999999999999978,-0.97492791218182362,-0.22252093395631459
Hauptstraße 36,2025-07-12T07:00:00Z,continuous_test,condition_b,29,29,11.199999999999999,false,true,true,false,0.30780807118366871,9,5,0.70710678118654757,-0.70710678118654746,-0.97492791218182362,-0.22252093395631459
Hauptstraße 36,2025-07-12T08:00:00Z,continuous_test,condition_b,36,,9.5549999999999997,true,false,true,true,0.49379773644936331,10,5,0.49999999999999994,-0.86602540378443871,-0.97492791218182362,-0.22252093395631459
Hauptstraße 36,2025-07-12T09:00:00Z,continuous_test,condition_b,43,,7.9100000000000001,true,false,true,true,0.67978740171505803,11,5,0.25881904510252102,-0.9659258262890682,-0.97492791218182362,-0.22252093395631459
Hauptstraße 36,2025-07-12T10:00:00Z,continuous_test,condition_b,50,50,6.2649999999999997,false,true,true,false,0.86577706698075263,12,5,1.2246467991473532e-16,-1,-0.97492791218182362,-0.22252093395631459
Hauptstraße 36,2025-07-12T11:00:00Z,continuous_test,condition_b,62.5,62.5,9.1099999999999994,false,true,true,false,1.096286406848396,13,5,-0.25881904510252079,-0.96592582628906831,-0.97492791218182362,-0.22252093395631459
Hauptstraße 36,2025-07-12T12:00:00Z,continuous_test,condition_b,57.5,57.5,9.25,false,true,true,false,1.0100475083676808,14,5,-0.49999999999999972,-0.86602540378443882,-0.97492791218182362,-0.22252093395631459
Hauptstraße 36,2025-07-12T13:00:00Z,continuous_test,condition_b,61.5,61.5,11.625,false,true,true,false,1.0795951796645011,15,5,-0.70710678118654713,-0.70710678118654791,-0.97492791218182362,-0.22252093395631459
Hauptstraße 36,2025-07-12T14:00:00Z,continuous_test,condition_b,72,72,8.0700000000000003,false,true,true,false,1.2428895662581692,16,5,-0.86602540378443849,-0.50000000000000044,-0.97492791218182362,-0.22252093395631459
Hauptstraße 36,2025-07-12T15:00:00Z,continuous_test,condition_b,64,64,6.3399999999999999,false,true,true,false,1.1208367492356197,17,5,-0.96592582628906831,-0.25881904510252063,-0.97492791218182362,-0.22252093395631459
Hauptstraße 36,2025-07-12T16:00:00Z,continuous_test,condition_b,53.5,53.5,5.4700000000000006,false,true,true,false,0.93557212687626068,18,5,-1,-1.8369701987210297e-16,-0.97492791218182362,-0.22252093395631459
Hauptstraße 36,2025-07-12T17:00:00Z,continuous_test,condition_b,39,39,8.2400000000000002,false,true,true,false,0.61031302969922507,19,5,-0.96592582628906842,0.2588190451025203,-0.97492791218182362,-0.22252093395631459
Hauptstraße 36,2025-07-12T18:00:00Z,continuous_test,condition_b,29,29,4.8150000000000004,false,true,true,false,0.30780807118366871,20,5,-0.8660254037844386,0.50000000000000011,-0.97492791218182362,-0.22252093395631459
Hauptstraße 36,2025-07-12T19:00:00Z,continuous_test,condition_b,26,26,10.779999999999999,false,true,true,false,0.19701883031572914,21,5,-0.70710678118654768,0.70710678118654735,-0.97492791218182362,-0.22252093395631459
Hauptstraße 36,2025-07-12T20:00:00Z,continuous_test,condition_b,19.5,19.5,4.7949999999999999,false,true,true,false,-0.092583816217592291,22,5,-0.50000000000000044,0.86602540378443837,-0.97492791218182362,-0.22252093395631459
Hauptstraße 36,2025-07-12T21:00:00Z,continuous_test,condition_b,4,4,1.7250000000000001,false,true,true,false,-1.5762722237382092,23,5,-0.25881904510252157,0.96592582628906809,-0.97492791218182362,-0.22252093395631459
Hauptstraße 36,2025-07-12T22:00:00Z,continuous_test,condition_b,42,42,16.59,false,true,true,false,0.68636003028049808,0,6,0,1,-0.78183148246802991,0.62348980185873337
Hauptstraße 36,2025-07-12T23:00:00Z,continuous_test,condition_b,18.5,18.5,14.375,false,true,true,false,-0.14517103540838586,1,6,0.25881904510252074,0.96592582628906831,-0.78183148246802991,0.62348980185873337
Hauptstraße 36,2025-07-13T00:00:00Z,continuous_test,condition_b,9,9,8.0899999999999999,false,true,true,false,-0.84741047259239743,2,6,0.49999999999999994,0.86602540378443871,-0.78183148246802991,0.62348980185873337
Hauptstraße 36,2025-07-13T01:00:00Z,continuous_test,condition_b,4,4,7.7199999999999998,false,true,true,false,-1.5762722237382092,3,6,0.70710678118654757,0.70710678118654757,-0.78183148246802991,0.62348980185873337
Hauptstraße 36,2025-07-13T02:00:00Z,continuous_test,condition_b,7,7,7.7650000000000006,false,true,true,false,-1.0820515475750356,4,6,0.8660254037844386,0.50000000000000011,-0.78183148246802991,0.62348980185873337
Hauptstraße 36,2025-07-13T03:00:00Z,continuous_test,condition_b,3,3,12.414999999999999,false,true,true,false,-1.8109132987208469,5,6,0.96592582628906831,0.25881904510252074,-0.78183148246802991,0.62348980185873337
Hauptstraße 36,2025-07-13T04:00:00Z,continuous_test,condition_b,3,3,12.83,false,true,true,false,-1.8109132987208469,6,6,1,6.123233995736766e-17,-0.78183148246802991,0.62348980185873337
Hauptstraße 36,2025-07-13T05:00:00Z,continuous_test,condition_b,,,,true,false,false,false,0,7,6,0.96592582628906831,-0.25881904510252063,-0.78183148246802991,0.62348980185873337
Hauptstraße 36,2025-07-13T06:00:00Z,continuous_test,condition_b,,,,true,false,false,false,0,8,6,0.86602540378443871,-0.49999999999999978,-0.78183148246802991,0.62348980185873337
Hauptstraße 36,2025-07-13T07:00:00Z,continuous_test,condition_b,,,,true,false,false,false,0,9,6,0.70710678118654757,-0.70710678118654746,-0.78183148246802991,0.62348980185873337
Hauptstraße 36,2025-07-13T08:00:00Z,continuous_test,condition_b,,,,true,false,false,false,0,10,6,0.49999999999999994,-0.86602540378443871,-0.78183148246802991,0.62348980185873337
Hauptstraße 36,2025-07-13T09:00:00Z,continuous_test,condition_b,,,,true,false,false,false,0,11,6,0.25881904510252102,-0.9659258262890682,-0.78183148246802991,0.62348980185873337
Hauptstraße 36,2025-07-13T10:00:00Z,continuous_test,condition_b,,,,true,false,false,false,0,12,6,1.2246467991473532e-16,-1,-0.78183148246802991,0.62348980185873337
Hauptstraße 36,2025-07-13T11:00:00Z,continuous_test,condition_b,,,,true,false,false,false,0,13,6,-0.25881904510252079,-0.96592582628906831,-0.78183148246802991,0.62348980185873337
Hauptstraße 36,2025-07-13T12:00:00Z,continuous_test,condition_b,,,,true,false,false,false,0,14,6,-0.49999999999999972,-0.86602540378443882,-0.78183148246802991,0.62348980185873337
Hauptstraße 36,2025-07-13T13:00:00Z,continuous_test,condition_b,,,,true,false,false,false,0,15,6,-0.70710678118654713,-0.70710678118654791,-0.78183148246802991,0.62348980185873337
Hauptstraße 36,2025-07-13T14:00:00Z,continuous_test,condition_b,,,,true,false,false,false,0,16,6,-0.86602540378443849,-0.50000000000000044,-0.78183148246802991,0.62348980185873337
Hauptstraße 36,2025-07-13T15:00:00Z,continuous_test,condition_b,,,,true,false,false,false,0,17,6,-0.96592582628906831,-0.25881904510252063,-0.78183148246802991,0.62348980185873337
Hauptstraße 36,2025-07-13T16:00:00Z,continuous_test,condition_b,,,,true,false,false,false,0,18,6,-1,-1.8369701987210297e-16,-0.78183148246802991,0.62348980185873337
Hauptstraße 36,2025-07-13T17:00:00Z,continuous_test,condition_b,,,,true,false,false,false,0,19,6,-0.96592582628906842,0.2588190451025203,-0.78183148246802991,0.62348980185873337
Hauptstraße 36,2025-07-13T18:00:00Z,continuous_test,condition_b,,,,true,false,false,false,0,20,6,-0.8660254037844386,0.50000000000000011,-0.78183148246802991,0.62348980185873337
Hauptstraße 36,2025-07-13T19:00:00Z,continuous_test,condition_b,,,,true,false,false,false,0,21,6,-0.70710678118654768,0.70710678118654735,-0.78183148246802991,0.62348980185873337
Hauptstraße 36,2025-07-13T20:00:00Z,continuous_test,condition_b,,,,true,false,false,false,0,22,6,-0.50000000000000044,0.86602540378443837,-0.78183148246802991,0.62348980185873337
Hauptstraße 36,2025-07-13T21:00:00Z,continuous_test,condition_b,1.5,1.5,0.26000000000000001,false,true,true,false,-2.3051339748840203,23,6,-0.25881904510252157,0.96592582628906809,-0.78183148246802991,0.62348980185873337
Hauptstraße 36,2025-07-13T22:00:00Z,continuous_test,condition_b,3.75,,18.565000000000005,true,false,true,true,-1.7637985756588859,0,0,0,1,0,1
Hauptstraße 36,2025-07-13T23:00:00Z,continuous_test,condition_b,6,6,36.870000000000005,false,true,true,false,-1.2224631764337515,1,0,0.25881904510252074,0.96592582628906831,0,1
Hauptstraße 52 Marktplatz,2025-07-08T00:00:00Z,continuous_test,condition_b,2,2,4.8300000000000001,false,true,true,false,-1.7770404685248262,2,1,0.49999999999999994,0.86602540378443871,0.7818314824680298,0.62348980185873359
Hauptstraße 52 Marktplatz,2025-07-08T01:00:00Z,continuous_test,condition_b,3,3,28.52,false,true,true,false,-1.4737016722021312,3,1,0.70710678118654757,0.70710678118654757,0.7818314824680298,0.62348980185873359
Hauptstraße 52 Marktplatz,2025-07-08T02:00:00Z,continuous_test,condition_b,3.5,3.5,16.015000000000001,false,true,true,false,-1.3495084475122994,4,1,0.8660254037844386,0.50000000000000011,0.7818314824680298,0.62348980185873359
Hauptstraße 52 Marktplatz,2025-07-08T03:00:00Z,continuous_test,condition_b,7.5,,12.789999999999999,true,false,true,true,-0.8928435220852986,5,1,0.96592582628906831,0.25881904510252074,0.7818314824680298,0.62348980185873359
Hauptstraße 52 Marktplatz,2025-07-08T04:00:00Z,continuous_test,condition_b,11.5,,9.5649999999999995,true,false,true,true,-0.43617859665829772,6,1,1,6.123233995736766e-17,0.7818314824680298,0.62348980185873359
Hauptstraße 52 Marktplatz,2025-07-08T05:00:00Z,continuous_test,condition_b,15.5,15.5,6.3399999999999999,false,true,true,false,0.020486328768703144,7,1,0.96592582628906831,-0.25881904510252063,0.7818314824680298,0.62348980185873359
Hauptstraße 52 Marktplatz,2025-07-08T06:00:00Z,continuous_test,condition_b,22,22,4.085,false,true,true,false,0.37069611721732959,8,1,0.86602540378443871,-0.49999999999999978,0.7818314824680298,0.62348980185873359
Hauptstraße 52 Marktplatz,2025-07-08T07:00:00Z,continuous_test,condition_b,18,18,8.4600000000000009,false,true,true,false,0.16924294685871535,9,1,0.70710678118654757,-0.70710678118654746,0.7818314824680298,0.62348980185873359
Hauptstraße 52 Marktplatz,2025-07-08T08:00:00Z,continuous_test,condition_b,21,,7.5300000000000002,true,false,true,true,0.31392930449701151,10,1,0.49999999999999994,-0.86602540378443871,0.7818314824680298,0.62348980185873359
Hauptstraße 52 Marktplatz,2025-07-08T09:00:00Z,continuous_test,condition_b,24,24,6.5999999999999996,false,true,true,false,0.45861566213530769,11,1,0.25881904510252102,-0.9659258262890682,0.7818314824680298,0.62348980185873359
Hauptstraße 52 Marktplatz,2025-07-08T10:00:00Z,continuous_test,condition_b,33.5,33.5,9.9200000000000017,false,true,true,false,0.79822813822985672,12,1,1.2246467991473532e-16,-1,0.7818314824680298,0.62348980185873359
Hauptstraße 52 Marktplatz,2025-07-08T11:00:00Z,continuous_test,condition_b,35.5,35.5,8.745000000000001,false,true,true,false,0.8576480103024714,13,1,-0.25881904510252079,-0.96592582628906831,0.7818314824680298,0.62348980185873359
Hauptstraße 52 Marktplatz,2025-07-08T12:00:00Z,continuous_test,condition_b,31,31,6.4900000000000002,false,true,true,false,0.71891077980353502,14,1,-0.49999999999999972,-0.86602540378443882,0.7818314824680298,0.62348980185873359
Hauptstraße 52 Marktplatz,2025-07-08T13:00:00Z,continuous_test,condition_b,17,17,14.029999999999999,false,true,true,false,0.11223318715814441,15,1,-0.70710678118654713,-0.70710678118654791,0.7818314824680298,0.62348980185873359
Hauptstraße 52 Marktplatz,2025-07-08T14:00:00Z,continuous_test,condition_b,,,,true,false,false,false,0,16,1,-0.86602540378443849,-0.50000000000000044,0.7818314824680298,0.62348980185873359
Hauptstraße 52 Marktplatz,2025-07-08T15:00:00Z,continuous_test,condition_b,,,,true,false,false,false,0,17,1,-0.96592582628906831,-0.25881904510252063,0.7818314824680298,0.62348980185873359
Hauptstraße 52 Marktplatz,2025-07-08T16:00:00Z,continuous_test,condition_b,,,,true,false,false,false,0,18,1,-1,-1.8369701987210297e-16,0.7818314824680298,0.62348980185873359
Hauptstraße 52 Marktplatz,2025-07-08T17:00:00Z,continuous_test,condition_b,,,,true,false,false,false,0,19,1,-0.96592582628906842,0.2588190451025203,0.7818314824680298,0.62348980185873359
Hauptstraße 52 Marktplatz,2025-07-08T18:00:00Z,continuous_test,condition_b,,,,true,false,false,false,0,20,1,-0.8660254037844386,0.50000000000000011,0.7818314824680298,0.62348980185873359
Hauptstraße 52 Marktplatz,2025-07-08T19:00:00Z,continuous_test,condition_b,,,,true,false,false,false,0,21,1,-0.70710678118654768,0.70710678118654735,0.7818314824680298,0.62348980185873359
Hauptstraße 52 Marktplatz,2025-07-08T20:00:00Z,continuous_test,condition_b,,,,true,false,false,false,0,22,1,-0.50000000000000044,0.86602540378443837,0.7818314824680298,0.62348980185873359
Hauptstraße 52 Marktplatz,2025-07-08T21:00:00Z,continuous_test,condition_b,,,,true,false,false,false,0,23,1,-0.25881904510252157,0.96592582628906809,0.7818314824680298,0.62348980185873359
Hauptstraße 52 Marktplatz,2025-07-08T22:00:00Z,continuous_test,condition_b,,,,true,false,false,false,0,0,2,0,1,0.97492791218182362,-0.22252093395631434
Hauptstraße 52 Marktplatz,2025-07-08T23:00:00Z,continuous_test,condition_b,,,,true,false,false,false,0,1,2,0.25881904510252074,0.96592582628906831,0.97492791218182362,-0.22252093395631434
Hauptstraße 52 Marktplatz,2025-07-09T00:00:00Z,continuous_test,condition_b,,,,true,false,false,false,0,2,2,0.49999999999999994,0.86602540378443871,0.97492791218182362,-0.22252093395631434
Hauptstraße 52 Marktplatz,2025-07-09T01:00:00Z,continuous_test,condition_b,,,,true,false,false,false,0,3,2,0.70710678118654757,0.70710678118654757,0.97492791218182362,-0.22252093395631434
Hauptstraße 52 Marktplatz,2025-07-09T02:00:00Z,continuous_test,condition_b,,,,true,false,false,false,0,4,2,0.8660254037844386,0.50000000000000011,0.97492791218182362,-0.22252093395631434
Hauptstraße 52 Marktplatz,2025-07-09T03:00:00Z,continuous_test,condition_b,,,,true,false,false,false,0,5,2,0.96592582628906831,0.25881904510252074,0.97492791218182362,-0.22252093395631434
Hauptstraße 52 Marktplatz,2025-07-09T04:00:00Z,continuous_test,condition_b,,,,true,false,false,false,0,6,2,1,6.123233995736766e-17,0.97492791218182362,-0.22252093395631434
Hauptstraße 52 Marktplatz,2025-07-09T05:00:00Z,continuous_test,condition_b,,,,true,false,false,false,0,7,2,0.96592582628906831,-0.25881904510252063,0.97492791218182362,-0.22252093395631434
Hauptstraße 52 Marktplatz,2025-07-09T06:00:00Z,continuous_test,condition_b,,,,true,false,false,false,0,8,2,0.86602540378443871,-0.49999999999999978,0.97492791218182362,-0.22252093395631434
Hauptstraße 52 Marktplatz,2025-07-09T07:00:00Z,continuous_test,condition_b,15.5,15.5,10.465,false,true,true,false,0.020486328768703144,9,2,0.70710678118654757,-0.70710678118654746,0.97492791218182362,-0.22252093395631434
Hauptstraße 52 Marktplatz,2025-07-09T08:00:00Z,continuous_test,condition_b,19,19,6.79,false,true,true,false,0.22332781230181029,10,2,0.49999999999999994,-0.86602540378443871,0.97492791218182362,-0.22252093395631434
Hauptstraße 52 Marktplatz,2025-07-09T09:00:00Z,continuous_test,condition_b,24,24,5,false,true,true,false,0.45861566213530769,11,2,0.25881904510252102,-0.9659258262890682,0.97492791218182362,-0.22252093395631434
Hauptstraße 52 Marktplatz,2025-07-09T10:00:00Z,continuous_test,condition_b,43,43,13.449999999999999,false,true,true,false,1.0546959424266205,12,2,1.2246467991473532e-16,-1,0.97492791218182362,-0.22252093395631434
Hauptstraße 52 Marktplatz,2025-07-09T11:00:00Z,continuous_test,condition_b,40,40,10.51,false,true,true,false,0.98023510565860117,13,2,-0.25881904510252079,-0.96592582628906831,0.97492791218182362,-0.22252093395631434
Hauptstraße 52 Marktplatz,2025-07-09T12:00:00Z,continuous_test,condition_b,25,25,11.105,false,true,true,false,0.49997091176014569,14,2,-0.49999999999999972,-0.86602540378443882,0.97492791218182362,-0.22252093395631434
Hauptstraße 52 Marktplatz,2025-07-09T13:00:00Z,continuous_test,condition_b,25.5,,10.8775,true,false,true,true,0.51986805996540864,15,2,-0.70710678118654713,-0.70710678118654791,0.97492791218182362,-0.22252093395631434
Hauptstraße 52 Marktplatz,2025-07-09T14:00:00Z,continuous_test,condition_b,26,26,10.65,false,true,true,false,0.53976520817067153,16,2,-0.86602540378443849,-0.50000000000000044,0.97492791218182362,-0.22252093395631434
Hauptstraße 52 Marktplatz,2025-07-09T15:00:00Z,continuous_test,condition_b,43.5,43.5,11.945,false,true,true,false,1.0666104613276357,17,2,-0.96592582628906831,-0.25881904510252063,0.97492791218182362,-0.22252093395631434
Hauptstraße 52 Marktplatz,2025-07-09T16:00:00Z,continuous_test,condition_b,50,50,12.935,false,true,true,false,1.2103668390871583,18,2,-1,-1.8369701987210297e-16,0.97492791218182362,-0.22252093395631434
Hauptstraße 52 Marktplatz,2025-07-09T17:00:00Z,continuous_test,condition_b,58,58,14.460000000000001,false,true,true,false,1.364008826705877,19,2,-0.96592582628906842,0.2588190451025203,0.97492791218182362,-0.22252093395631434
Hauptstraße 52 Marktplatz,2025-07-09T18:00:00Z,continuous_test,condition_b,44.5,44.5,10.105,false,true,true,false,1.0900430635240013,20,2,-0.8660254037844386,0.50000000000000011,0.97492791218182362,-0.22252093395631434
Hauptstraße 52 Marktplatz,2025-07-09T19:00:00Z,continuous_test,condition_b,16,16,18.800000000000001,false,true,true,false,0.051964000739409405,21,2,-0.70710678118654768,0.70710678118654735,0.97492791218182362,-0.22252093395631434
Hauptstraße 52 Marktplatz,2025-07-09T20:00:00Z,continuous_test,condition_b,7,7,8.1300000000000008,false,true,true,false,-0.74283085486690925,22,2,-0.50000000000000044,0.86602540378443837,0.97492791218182362,-0.22252093395631434
Hauptstraße 52 Marktplatz,2025-07-09T21:00:00Z,continuous_test,condition_b,3,3,5.46,false,true,true,false,-1.4737016722021312,23,2,-0.25881904510252157,0.96592582628906809,0.97492791218182362,-0.22252093395631434
Hauptstraße 52 Marktplatz,2025-07-09T22:00:00Z,continuous_test,condition_b,,,,true,false,false,false,0,0,3,0,1,0.43388373911755823,-0.90096886790241903
Hauptstraße 52 Marktplatz,2025-07-09T23:00:00Z,continuous_test,condition_b,,,,true,false,false,false,0,1,3,0.25881904510252074,0.96592582628906831,0.43388373911755823,-0.90096886790241903
Hauptstraße 52 Marktplatz,2025-07-10T00:00:00Z,continuous_test,condition_b,,,,true,false,false,false,0,2,3,0.49999999999999994,0.86602540378443871,0.43388373911755823,-0.90096886790241903
Hauptstraße 52 Marktplatz,2025-07-10T01:00:00Z,continuous_test,condition_b,,,,true,false,false,false,0,3,3,0.70710678118654757,0.70710678118654757,0.43388373911755823,-0.90096886790241903
Hauptstraße 52 Marktplatz,2025-07-10T02:00:00Z,continuous_test,condition_b,,,,true,false,false,false,0,4,3,0.8660254037844386,0.50000000000000011,0.43388373911755823,-0.90096886790241903
Hauptstraße 52 Marktplatz,2025-07-10T03:00:00Z,continuous_test,condition_b,,,,true,false,false,false,0,5,3,0.96592582628906831,0.25881904510252074,0.43388373911755823,-0.90096886790241903
Hauptstraße 52 Marktplatz,2025-07-10T04:00:00Z,continuous_test,condition_b,,,,true,false,false,false,0,6,3,1,6.123233995736766e-17,0.43388373911755823,-0.90096886790241903
Hauptstraße 52 Marktplatz,2025-07-10T05:00:00Z,continuous_test,condition_b,,,,true,false,false,false,0,7,3,0.96592582628906831,-0.25881904510252063,0.43388373911755823,-0.90096886790241903
Hauptstraße 52 Marktplatz,2025-07-10T06:00:00Z,continuous_test,condition_b,,,,true,false,false,false,0,8,3,0.86602540378443871,-0.49999999999999978,0.43388373911755823,-0.90096886790241903
Hauptstraße 52 Marktplatz,2025-07-10T07:00:00Z,continuous_test,condition_b,13,13,8.4149999999999991,false,true,true,false,-0.1527587031030537,9,3,0.70710678118654757,-0.70710678118654746,0.43388373911755823,-0.90096886790241903
Hauptstraße 52 Marktplatz,2025-07-10T08:00:00Z,continuous_test,condition_b,32.5,32.5,7.8599999999999994,false,true,true,false,0.76721344045043038,10,3,0.49999999999999994,-0.86602540378443871,0.43388373911755823,-0.90096886790241903
Hauptstraße 52 Marktplatz,2025-07-10T09:00:00Z,continuous_test,condition_b,40,40,8.5599999999999987,false,true,true,false,0.98023510565860117,11,3,0.25881904510252102,-0.9659258262890682,0.43388373911755823,-0.90096886790241903
Hauptstraße 52 Marktplatz,2025-07-10T10:00:00Z,continuous_test,condition_b,38,38,9.0399999999999991,false,true,true,false,0.92750293277267226,12,3,1.2246467991473532e-16,-1,0.43388373911755823,-0.90096886790241903
Hauptstraße 52 Marktplatz,2025-07-10T11:00:00Z,continuous_test,condition_b,38.5,38.5,11.640000000000001,false,true,true,false,0.94093526351443946,13,3,-0.25881904510252079,-0.96592582628906831,0.43388373911755823,-0.90096886790241903
Hauptstraße 52 Marktplatz,2025-07-10T12:00:00Z,continuous_test,condition_b,34.5,34.5,6.0250000000000004,false,true,true,false,0.82835657942951713,14,3,-0.49999999999999972,-0.86602540378443882,0.43388373911755823,-0.90096886790241903
Hauptstraße 52 Marktplatz,2025-07-10T13:00:00Z,continuous_test,condition_b,30,30,10.414999999999999,false,true,true,false,0.68543419973902175,15,3,-0.70710678118654713,-0.70710678118654791,0.43388373911755823,-0.90096886790241903
Hauptstraße 52 Marktplatz,2025-07-10T14:00:00Z,continuous_test,condition_b,18.5,18.5,13.07,false,true,true,false,0.19663211543745013,16,3,-0.86602540378443849,-0.50000000000000044,0.43388373911755823,-0.90096886790241903
Hauptstraße 52 Marktplatz,2025-07-10T15:00:00Z,continuous_test,condition_b,45,45,16.27,false,true,true,false,1.1015669345525518,17,3,-0.96592582628906831,-0.25881904510252063,0.43388373911755823,-0.90096886790241903
Hauptstraße 52 Marktplatz,2025-07-10T16:00:00Z,continuous_test,condition_b,74,74,15.619999999999999,false,true,true,false,1.6170185004830564,18,3,-1,-1.8369701987210297e-16,0.43388373911755823,-0.90096886790241903
Hauptstraße 52 Marktplatz,2025-07-10T17:00:00Z,continuous_test,condition_b,61,61,13.805,false,true,true,false,1.4163050170742439,19,3,-0.96592582628906842,0.2588190451025203,0.43388373911755823,-0.90096886790241903
Hauptstraße 52 Marktplatz,2025-07-10T18:00:00Z,continuous_test,condition_b,49,49,9.6649999999999991,false,true,true,false,1.1894864794705298,20,3,-0.8660254037844386,0.50000000000000011,0.43388373911755823,-0.90096886790241903
Hauptstraße 52 Marktplatz,2025-07-10T19:00:00Z,continuous_test,condition_b,29,29,18.050000000000001,false,true,true,false,0.65085983331433739,21,3,-0.70710678118654768,0.70710678118654735,0.43388373911755823,-0.90096886790241903
Hauptstraße 52 Marktplatz,2025-07-10T20:00:00Z,continuous_test,condition_b,10,10,9.5749999999999993,false,true,true,false,-0.40704569224382348,22,3,-0.50000000000000044,0.86602540378443837,0.43388373911755823,-0.90096886790241903
Hauptstraße 52 Marktplatz,2025-07-10T21:00:00Z,continuous_test,condition_b,3,3,2.9500000000000002,false,true,true,false,-1.4737016722021312,23,3,-0.25881904510252157,0.96592582628906809,0.43388373911755823,-0.90096886790241903
Hauptstraße 52 Marktplatz,2025-07-10T22:00:00Z,continuous_test,condition_b,4.5,,9.2699999999999996,true,false,true,true,-1.1786655963202035,0,4,0,1,-0.43388373911755801,-0.90096886790241915
Hauptstraße 52 Marktplatz,2025-07-10T23:00:00Z,continuous_test,condition_b,6,6,15.59,false,true,true,false,-0.88362952043827558,1,4,0.25881904510252074,0.96592582628906831,-0.43388373911755801,-0.90096886790241915
Hauptstraße 52 Marktplatz,2025-07-11T00:00:00Z,continuous_test,condition_b,3,3,17.120000000000001,false,true,true,false,-1.4737016722021312,2,4,0.49999999999999994,0.86602540378443871,-0.43388373911755801,-0.90096886790241915
Hauptstraße 52 Marktplatz,2025-07-11T01:00:00Z,continuous_test,condition_b,2,2,3.98,false,true,true,false,-1.7770404685248262,3,4,0.70710678118654757,0.70710678118654757,-0.43388373911755801,-0.90096886790241915
Hauptstraße 52 Marktplatz,2025-07-11T02:00:00Z,continuous_test,condition_b,1,1,0.32000000000000001,false,true,true,false,-2.2045724895373531,4,4,0.8660254037844386,0.50000000000000011,-0.43388373911755801,-0.90096886790241915
Hauptstraße 52 Marktplatz,2025-07-11T03:00:00Z,continuous_test,condition_b,7,7,6.9550000000000001,false,true,true,false,-0.74283085486690925,5,4,0.96592582628906831,0.25881904510252074,-0.43388373911755801,-0.90096886790241915
Hauptstraße 52 Marktplatz,2025-07-11T04:00:00Z,continuous_test,condition_b,11,11,6.4350000000000005,false,true,true,false,-0.31529883385438223,6,4,1,6.123233995736766e-17,-0.43388373911755801,-0.90096886790241915
Hauptstraße 52 Marktplatz,2025-07-11T05:00:00Z,continuous_test,condition_b,16,16,4.8250000000000002,false,true,true,false,0.051964000739409405,7,4,0.96592582628906831,-0.25881904510252063,-0.43388373911755801,-0.90096886790241915
Hauptstraße 52 Marktplatz,2025-07-11T06:00:00Z,continuous_test,condition_b,15,15,3.3999999999999999,false,true,true,false,-0.011960037531687125,8,4,0.86602540378443871,-0.49999999999999978,-0.43388373911755801,-0.90096886790241915
Hauptstraße 52 Marktplatz,2025-07-11T07:00:00Z,continuous_test,condition_b,,,,true,false,false,false,0,9,4,0.70710678118654757,-0.70710678118654746,-0.43388373911755801,-0.90096886790241915
Hauptstraße 52 Marktplatz,2025-07-11T08:00:00Z,continuous_test,condition_b,,,,true,false,false,false,0,10,4,0.49999999999999994,-0.86602540378443871,-0.43388373911755801,-0.90096886790241915
Hauptstraße 52 Marktplatz,2025-07-11T09:00:00Z,continuous_test,condition_b,,,,true,false,false,false,0,11,4,0.25881904510252102,-0.9659258262890682,-0.43388373911755801,-0.90096886790241915
Hauptstraße 52 Marktplatz,2025-07-11T10:00:00Z,continuous_test,condition_b,,,,true,false,false,false,0,12,4,1.2246467991473532e-16,-1,-0.43388373911755801,-0.90096886790241915
Hauptstraße 52 Marktplatz,2025-07-11T11:00:00Z,continuous_test,condition_b,,,,true,false,false,false,0,13,4,-0.25881904510252079,-0.96592582628906831,-0.43388373911755801,-0.90096886790241915
Hauptstraße 52 Marktplatz,2025-07-11T12:00:00Z,continuous_test,condition_b,,,,true,false,false,false,0,14,4,-0.49999999999999972,-0.86602540378443882,-0.43388373911755801,-0.90096886790241915
Hauptstraße 52 Marktplatz,2025-07-11T13:00:00Z,continuous_test,condition_b,,,,true,false,false,false,0,15,4,-0.70710678118654713,-0.70710678118654791,-0.43388373911755801,-0.90096886790241915
Hauptstraße 52 Marktplatz,2025-07-11T14:00:00Z,continuous_test,condition_b,,,,true,false,false,false,0,16,4,-0.86602540378443849,-0.50000000000000044,-0.43388373911755801,-0.90096886790241915
Hauptstraße 52 Marktplatz,2025-07-11T15:00:00Z,continuous_test,condition_b,,,,true,false,false,false,0,17,4,-0.96592582628906831,-0.25881904510252063,-0.43388373911755801,-0.90096886790241915
Hauptstraße 52 Marktplatz,2025-07-11T16:00:00Z,continuous_test,condition_b,,,,true,false,false,false,0,18,4,-1,-1.8369701987210297e-16,-0.43388373911755801,-0.90096886790241915
Hauptstraße 52 Marktplatz,2025-07-11T17:00:00Z,continuous_test,condition_b,59,59,10.779999999999999,false,true,true,false,1.381730650649559,19,4,-0.96592582628906842,0.2588190451025203,-0.43388373911755801,-0.90096886790241915
Hauptstraße 52 Marktplatz,2025-07-11T18:00:00Z,continuous_test,condition_b,49.166666666666657,,11.535,true,false,true,true,1.143916674132142,20,4,-0.8660254037844386,0.50000000000000011,-0.43388373911755801,-0.90096886790241915
Hauptstraße 52 Marktplatz,2025-07-11T19:00:00Z,continuous_test,condition_b,39.333333333333329,,12.289999999999999,true,false,true,true,0.90610269761472506,21,4,-0.70710678118654768,0.70710678118654735,-0.43388373911755801,-0.90096886790241915
Hauptstraße 52 Marktplatz,2025-07-11T20:00:00Z,continuous_test,condition_b,29.5,29.5,13.045,false,true,true,false,0.66828872109730819,22,4,-0.50000000000000044,0.86602540378443837,-0.43388373911755801,-0.90096886790241915
Hauptstraße 52 Marktplatz,2025-07-11T21:00:00Z,continuous_test,condition_b,10,10,2.8100000000000001,false,true,true,false,-0.40704569224382348,23,4,-0.25881904510252157,0.96592582628906809,-0.43388373911755801,-0.90096886790241915
Hauptstraße 52 Marktplatz,2025-07-11T22:00:00Z,continuous_test,condition_b,34,34,33.789999999999999,false,true,true,false,0.81339996406566584,0,5,0,1,-0.97492791218182362,-0.22252093395631459
Hauptstraße 52 Marktplatz,2025-07-11T23:00:00Z,continuous_test,condition_b,,,,true,false,false,false,0,1,5,0.25881904510252074,0.96592582628906831,-0.97492791218182362,-0.22252093395631459
Hauptstraße 52 Marktplatz,2025-07-12T00:00:00Z,continuous_test,condition_b,,,,true,false,false,false,0,2,5,0.49999999999999994,0.86602540378443871,-0.97492791218182362,-0.22252093395631459
Hauptstraße 52 Marktplatz,2025-07-12T01:00:00Z,continuous_test,condition_b,,,,true,false,false,false,0,3,5,0.70710678118654757,0.70710678118654757,-0.97492791218182362,-0.22252093395631459
Hauptstraße 52 Marktplatz,2025-07-12T02:00:00Z,continuous_test,condition_b,,,,true,false,false,false,0,4,5,0.8660254037844386,0.50000000000000011,-0.97492791218182362,-0.22252093395631459
Hauptstraße 52 Marktplatz,2025-07-12T03:00:00Z,continuous_test,condition_b,,,,true,false,false,false,0,5,5,0.96592582628906831,0.25881904510252074,-0.97492791218182362,-0.22252093395631459
Hauptstraße 52 Marktplatz,2025-07-12T04:00:00Z,continuous_test,condition_b,,,,true,false,false,false,0,6,5,1,6.123233995736766e-17,-0.97492791218182362,-0.22252093395631459
Hauptstraße 52 Marktplatz,2025-07-12T05:00:00Z,continuous_test,condition_b,,,,true,false,false,false,0,7,5,0.96592582628906831,-0.25881904510252063,-0.97492791218182362,-0.22252093395631459
Hauptstraße 52 Marktplatz,2025-07-12T06:00:00Z,continuous_test,condition_b,9,9,3.8799999999999999,false,true,true,false,-0.50754300503341143,8,5,0.86602540378443871,-0.49999999999999978,-0.97492791218182362,-0.22252093395631459
Hauptstraße 52 Marktplatz,2025-07-12T07:00:00Z,continuous_test,condition_b,26,26,10.93,false,true,true,false,0.53976520817067153,9,5,0.70710678118654757,-0.70710678118654746,-0.97492791218182362,-0.22252093395631459
Hauptstraße 52 Marktplatz,2025-07-12T08:00:00Z,continuous_test,condition_b,29.333333333333329,,11.506666666666666,true,false,true,true,0.65050818289190726,10,5,0.49999999999999994,-0.86602540378443871,-0.97492791218182362,-0.22252093395631459
Hauptstraße 52 Marktplatz,2025-07-12T09:00:00Z,continuous_test,condition_b,32.666666666666664,,12.083333333333334,true,false,true,true,0.76125115761314288,11,5,0.25881904510252102,-0.9659258262890682,-0.97492791218182362,-0.22252093395631459
Hauptstraße 52 Marktplatz,2025-07-12T10:00:00Z,continuous_test,condition_b,36,36,12.66,false,true,true,false,0.87199413233437861,12,5,1.2246467991473532e-16,-1,-0.97492791218182362,-0.22252093395631459
Hauptstraße 52 Marktplatz,2025-07-12T11:00:00Z,continuous_test,condition_b,28,28,15.595000000000001,false,true,true,false,0.61511323363528891,13,5,-0.25881904510252079,-0.96592582628906831,-0.97492791218182362,-0.22252093395631459
Hauptstraße 52 Marktplatz,2025-07-12T12:00:00Z,continuous_test,condition_b,43,43,18.449999999999999,false,true,true,false,1.0546959424266205,14,5,-0.49999999999999972,-0.86602540378443882,-0.97492791218182362,-0.22252093395631459
Hauptstraße 52 Marktplatz,2025-07-12T13:00:00Z,continuous_test,condition_b,45,45,12.68,false,true,true,false,1.1015669345525518,15,5,-0.70710678118654713,-0.70710678118654791,-0.97492791218182362,-0.22252093395631459
Hauptstraße 52 Marktplatz,2025-07-12T14:00:00Z,continuous_test,condition_b,47,47,14.640000000000001,false,true,true,false,1.1464428008160621,16,5,-0.86602540378443849,-0.50000000000000044,-0.97492791218182362,-0.22252093395631459
Hauptstraße 52 Marktplatz,2025-07-12T15:00:00Z,continuous_test,condition_b,64.5,64.5,11.210000000000001,false,true,true,false,1.4742094935902303,17,5,-0.96592582628906831,-0.25881904510252063,-0.97492791218182362,-0.22252093395631459
Hauptstraße 52 Marktplatz,2025-07-12T16:00:00Z,continuous_test,condition_b,61,61,11.890000000000001,false,true,true,false,1.4163050170742439,18,5,-1,-1.8369701987210297e-16,-0.97492791218182362,-0.22252093395631459
Hauptstraße 52 Marktplatz,2025-07-12T17:00:00Z,continuous_test,condition_b,52,52,18.329999999999998,false,true,true,false,1.2509265973851669,19,5,-0.96592582628906842,0.2588190451025203,-0.97492791218182362,-0.22252093395631459
Hauptstraße 52 Marktplatz,2025-07-12T18:00:00Z,continuous_test,condition_b,27,27,15.67,false,true,true,false,0.57811211423216846,20,5,-0.8660254037844386,0.50000000000000011,-0.97492791218182362,-0.22252093395631459
Hauptstraße 52 Marktplatz,2025-07-12T19:00:00Z,continuous_test,condition_b,33.5,33.5,12.935,false,true,true,false,0.79822813822985672,21,5,-0.70710678118654768,0.70710678118654735,-0.97492791218182362,-0.22252093395631459
Hauptstraße 52 Marktplatz,2025-07-12T20:00:00Z,continuous_test,condition_b,20,20,8.7599999999999998,false,true,true,false,0.2747733179094734,22,5,-0.50000000000000044,0.86602540378443837,-0.97492791218182362,-0.22252093395631459
Hauptstraße 52 Marktplatz,2025-07-12T21:00:00Z,continuous_test,condition_b,5,5,3.98,false,true,true,false,-1.0461696511896044,23,5,-0.25881904510252157,0.96592582628906809,-0.97492791218182362,-0.22252093395631459
Hauptstraße 52 Marktplatz,2025-07-12T22:00:00Z,continuous_test,condition_b,31,31,14.300000000000001,false,true,true,false,0.71891077980353502,0,6,0,1,-0.78183148246802991,0.62348980185873337
Hauptstraße 52 Marktplatz,2025-07-12T23:00:00Z,continuous_test,condition_b,13,13,14.289999999999999,false,true,true,false,-0.1527587031030537,1,6,0.25881904510252074,0.96592582628906831,-0.78183148246802991,0.62348980185873337
Hauptstraße 52 Marktplatz,2025-07-13T00:00:00Z,continuous_test,condition_b,9,9,7.3550000000000004,false,true,true,false,-0.50754300503341143,2,6,0.49999999999999994,0.86602540378443871,-0.78183148246802991,0.62348980185873337
Hauptstraße 52 Marktplatz,2025-07-13T01:00:00Z,continuous_test,condition_b,3,3,21.920000000000002,false,true,true,false,-1.4737016722021312,3,6,0.70710678118654757,0.70710678118654757,-0.78183148246802991,0.62348980185873337
Hauptstraße 52 Marktplatz,2025-07-13T02:00:00Z,continuous_test,condition_b,5,5,30.649999999999999,false,true,true,false,-1.0461696511896044,4,6,0.8660254037844386,0.50000000000000011,-0.78183148246802991,0.62348980185873337
Hauptstraße 52 Marktplatz,2025-07-13T03:00:00Z,continuous_test,condition_b,1,1,0.02,false,true,true,false,-2.2045724895373531,5,6,0.96592582628906831,0.25881904510252074,-0.78183148246802991,0.62348980185873337
Hauptstraße 52 Marktplatz,2025-07-13T04:00:00Z,continuous_test,condition_b,,,,true,false,false,false,0,6,6,1,6.123233995736766e-17,-0.78183148246802991,0.62348980185873337
Hauptstraße 52 Marktplatz,2025-07-13T05:00:00Z,continuous_test,condition_b,,,,true,false,false,false,0,7,6,0.96592582628906831,-0.25881904510252063,-0.78183148246802991,0.62348980185873337
Hauptstraße 52 Marktplatz,2025-07-13T06:00:00Z,continuous_test,condition_b,,,,true,false,false,false,0,8,6,0.86602540378443871,-0.49999999999999978,-0.78183148246802991,0.62348980185873337
Hauptstraße 52 Marktplatz,2025-07-13T07:00:00Z,continuous_test,condition_b,,,,true,false,false,false,0,9,6,0.70710678118654757,-0.70710678118654746,-0.78183148246802991,0.62348980185873337
Hauptstraße 52 Marktplatz,2025-07-13T08:00:00Z,continuous_test,condition_b,,,,true,false,false,false,0,10,6,0.49999999999999994,-0.86602540378443871,-0.78183148246802991,0.62348980185873337
Hauptstraße 52 Marktplatz,2025-07-13T09:00:00Z,continuous_test,condition_b,,,,true,false,false,false,0,11,6,0.25881904510252102,-0.9659258262890682,-0.78183148246802991,0.62348980185873337
Hauptstraße 52 Marktplatz,2025-07-13T10:00:00Z,continuous_test,condition_b,,,,true,false,false,false,0,12,6,1.2246467991473532e-16,-1,-0.78183148246802991,0.62348980185873337
Hauptstraße 52 Marktplatz,2025-07-13T11:00:00Z,continuous_test,condition_b,,,,true,false,false,false,0,13,6,-0.25881904510252079,-0.96592582628906831,-0.78183148246802991,0.62348980185873337
Hauptstraße 52 Marktplatz,2025-07-13T12:00:00Z,continuous_test,condition_b,,,,true,false,false,false,0,14,6,-0.49999999999999972,-0.86602540378443882,-0.78183148246802991,0.62348980185873337
Hauptstraße 52 Marktplatz,2025-07-13T13:00:00Z,continuous_test,condition_b,,,,true,false,false,false,0,15,6,-0.70710678118654713,-0.70710678118654791,-0.78183148246802991,0.62348980185873337
Hauptstraße 52 Marktplatz,2025-07-13T14:00:00Z,continuous_test,condition_b,,,,true,false,false,false,0,16,6,-0.86602540378443849,-0.50000000000000044,-0.78183148246802991,0.62348980185873337
Hauptstraße 52 Marktplatz,2025-07-13T15:00:00Z,continuous_test,condition_b,,,,true,false,false,false,0,17,6,-0.96592582628906831,-0.25881904510252063,-0.78183148246802991,0.62348980185873337
Hauptstraße 52 Marktplatz,2025-07-13T16:00:00Z,continuous_test,condition_b,,,,true,false,false,false,0,18,6,-1,-1.8369701987210297e-16,-0.78183148246802991,0.62348980185873337
Hauptstraße 52 Marktplatz,2025-07-13T17:00:00Z,continuous_test,condition_b,,,,true,false,false,false,0,19,6,-0.96592582628906842,0.2588190451025203,-0.78183148246802991,0.62348980185873337
Hauptstraße 52 Marktplatz,2025-07-13T18:00:00Z,continuous_test,condition_b,,,,true,false,false,false,0,20,6,-0.8660254037844386,0.50000000000000011,-0.78183148246802991,0.62348980185873337
Hauptstraße 52 Marktplatz,2025-07-13T19:00:00Z,continuous_test,condition_b,,,,true,false,false,false,0,21,6,-0.70710678118654768,0.70710678118654735,-0.78183148246802991,0.62348980185873337
Hauptstraße 52 Marktplatz,2025-07-13T20:00:00Z,continuous_test,condition_b,,,,true,false,false,false,0,22,6,-0.50000000000000044,0.86602540378443837,-0.78183148246802991,0.62348980185873337
Hauptstraße 52 Marktplatz,2025-07-13T21:00:00Z,continuous_test,condition_b,1.5,1.5,5.96,false,true,true,false,-1.9692846397038557,23,6,-0.25881904510252157,0.96592582628906809,-0.78183148246802991,0.62348980185873337
Hauptstraße 52 Marktplatz,2025-07-13T22:00:00Z,continuous_test,condition_b,6.75,,19.434999999999999,true,false,true,true,-1.1000922726394662,0,0,0,1,0,1
Hauptstraße 52 Marktplatz,2025-07-13T23:00:00Z,continuous_test,condition_b,12,12,32.909999999999997,false,true,true,false,-0.2308999055750765,1,0,0.25881904510252074,0.96592582628906831,0,1
Hauptstraße 8,2025-07-08T00:00:00Z,continuous_test,condition_b,11,11,13.84,false,true,true,false,-0.56742328097602834,2,1,0.49999999999999994,0.86602540378443871,0.7818314824680298,0.62348980185873359
Hauptstraße 8,2025-07-08T01:00:00Z,continuous_test,condition_b,7,7,14.119999999999999,false,true,true,false,-0.9801325488447663,3,1,0.70710678118654757,0.70710678118654757,0.7818314824680298,0.62348980185873359
Hauptstraße 8,2025-07-08T02:00:00Z,continuous_test,condition_b,4,4,1.1299999999999999,false,true,true,false,-1.4585334021924512,4,1,0.8660254037844386,0.50000000000000011,0.7818314824680298,0.62348980185873359
Hauptstraße 8,2025-07-08T03:00:00Z,continuous_test,condition_b,7,7,3.71,false,true,true,false,-0.9801325488447663,5,1,0.96592582628906831,0.25881904510252074,0.7818314824680298,0.62348980185873359
Hauptstraße 8,2025-07-08T04:00:00Z,continuous_test,condition_b,17.25,,3.5625,true,false,true,true,-0.33355204590886878,6,1,1,6.123233995736766e-17,0.7818314824680298,0.62348980185873359
Hauptstraße 8,2025-07-08T05:00:00Z,continuous_test,condition_b,27.5,27.5,3.415,false,true,true,false,0.31302845702702875,7,1,0.96592582628906831,-0.25881904510252063,0.7818314824680298,0.62348980185873359
Hauptstraße 8,2025-07-08T06:00:00Z,continuous_test,condition_b,33,33,3.5900000000000003,false,true,true,false,0.49263751736208561,8,1,0.86602540378443871,-0.49999999999999978,0.7818314824680298,0.62348980185873359
Hauptstraße 8,2025-07-08T07:00:00Z,continuous_test,condition_b,56,56,6.4649999999999999,false,true,true,false,1.0185596104940282,9,1,0.70710678118654757,-0.70710678118654746,0.7818314824680298,0.62348980185873359
Hauptstraße 8,2025-07-08T08:00:00Z,continuous_test,condition_b,72.5,,8.1775000000000002,true,false,true,true,1.2510191022200252,10,1,0.49999999999999994,-0.86602540378443871,0.7818314824680298,0.62348980185873359
Hauptstraße 8,2025-07-08T09:00:00Z,continuous_test,condition_b,89,89,9.8900000000000006,false,true,true,false,1.4834785939460222,11,1,0.25881904510252102,-0.9659258262890682,0.7818314824680298,0.62348980185873359
Hauptstraße 8,2025-07-08T10:00:00Z,continuous_test,condition_b,83.5,83.5,9.2400000000000002,false,true,true,false,1.4192938426376016,12,1,1.2246467991473532e-16,-1,0.7818314824680298,0.62348980185873359
Hauptstraße 8,2025-07-08T11:00:00Z,continuous_test,condition_b,97.5,97.5,6.9100000000000001,false,true,true,false,1.5753378492535344,13,1,-0.25881904510252079,-0.96592582628906831,0.7818314824680298,0.62348980185873359
Hauptstraße 8,2025-07-08T12:00:00Z,continuous_test,condition_b,48,48,8.6300000000000008,false,true,true,false,0.86462670345535442,14,1,-0.49999999999999972,-0.86602540378443882,0.7818314824680298,0.62348980185873359
Hauptstraße 8,2025-07-08T13:00:00Z,continuous_test,condition_b,62,62,7.8799999999999999,false,true,true,false,1.1204311897762693,15,1,-0.70710678118654713,-0.70710678118654791,0.7818314824680298,0.62348980185873359
Hauptstraße 8,2025-07-08T14:00:00Z,continuous_test,condition_b,,,,true,false,false,false,0,16,1,-0.86602540378443849,-0.50000000000000044,0.7818314824680298,0.62348980185873359
Hauptstraße 8,2025-07-08T15:00:00Z,continuous_test,condition_b,,,,true,false,false,false,0,17,1,-0.96592582628906831,-0.25881904510252063,0.7818314824680298,0.62348980185873359
Hauptstraße 8,2025-07-08T16:00:00Z,continuous_test,condition_b,,,,true,false,false,false,0,18,1,-1,-1.8369701987210297e-16,0.7818314824680298,0.62348980185873359
Hauptstraße 8,2025-07-08T17:00:00Z,continuous_test,condition_b,,,,true,false,false,false,0,19,1,-0.96592582628906842,0.2588190451025203,0.7818314824680298,0.62348980185873359
Hauptstraße 8,2025-07-08T18:00:00Z,continuous_test,condition_b,,,,true,false,false,false,0,20,1,-0.8660254037844386,0.50000000000000011,0.7818314824680298,0.62348980185873359
Hauptstraße 8,2025-07-08T19:00:00Z,continuous_test,condition_b,,,,true,false,false,false,0,21,1,-0.70710678118654768,0.70710678118654735,0.7818314824680298,0.62348980185873359
Hauptstraße 8,2025-07-08T20:00:00Z,continuous_test,condition_b,,,,true,false,false,false,0,22,1,-0.50000000000000044,0.86602540378443837,0.7818314824680298,0.62348980185873359
Hauptstraße 8,2025-07-08T21:00:00Z,continuous_test,condition_b,,,,true,false,false,false,0,23,1,-0.25881904510252157,0.96592582628906809,0.7818314824680298,0.62348980185873359
Hauptstraße 8,2025-07-08T22:00:00Z,continuous_test,condition_b,,,,true,false,false,false,0,0,2,0,1,0.97492791218182362,-0.22252093395631434
Hauptstraße 8,2025-07-08T23:00:00Z,continuous_test,condition_b,,,,true,false,false,false,0,1,2,0.25881904510252074,0.96592582628906831,0.97492791218182362,-0.22252093395631434
Hauptstraße 8,2025-07-09T00:00:00Z,continuous_test,condition_b,,,,true,false,false,false,0,2,2,0.49999999999999994,0.86602540378443871,0.97492791218182362,-0.22252093395631434
Hauptstraße 8,2025-07-09T01:00:00Z,continuous_test,condition_b,,,,true,false,false,false,0,3,2,0.70710678118654757,0.70710678118654757,0.97492791218182362,-0.22252093395631434
Hauptstraße 8,2025-07-09T02:00:00Z,continuous_test,condition_b,,,,true,false,false,false,0,4,2,0.8660254037844386,0.50000000000000011,0.97492791218182362,-0.22252093395631434
Hauptstraße 8,2025-07-09T03:00:00Z,continuous_test,condition_b,,,,true,false,false,false,0,5,2,0.96592582628906831,0.25881904510252074,0.97492791218182362,-0.22252093395631434
Hauptstraße 8,2025-07-09T04:00:00Z,continuous_test,condition_b,,,,true,false,false,false,0,6,2,1,6.123233995736766e-17,0.97492791218182362,-0.22252093395631434
Hauptstraße 8,2025-07-09T05:00:00Z,continuous_test,condition_b,,,,true,false,false,false,0,7,2,0.96592582628906831,-0.25881904510252063,0.97492791218182362,-0.22252093395631434
Hauptstraße 8,2025-07-09T06:00:00Z,continuous_test,condition_b,,,,true,false,false,false,0,8,2,0.86602540378443871,-0.49999999999999978,0.97492791218182362,-0.22252093395631434
Hauptstraße 8,2025-07-09T07:00:00Z,continuous_test,condition_b,49,49,9.6099999999999994,false,true,true,false,0.88519035832786108,9,2,0.70710678118654757,-0.70710678118654746,0.97492791218182362,-0.22252093395631434
Hauptstraße 8,2025-07-09T08:00:00Z,continuous_test,condition_b,53,53,9.9900000000000002,false,true,true,false,0.96352640822844648,10,2,0.49999999999999994,-0.86602540378443871,0.97492791218182362,-0.22252093395631434
Hauptstraße 8,2025-07-09T09:00:00Z,continuous_test,condition_b,93,93,9.2599999999999998,false,true,true,false,1.5277406237802937,11,2,0.25881904510252102,-0.9659258262890682,0.97492791218182362,-0.22252093395631434
Hauptstraße 8,2025-07-09T10:00:00Z,continuous_test,condition_b,71,71,9.4550000000000001,false,true,true,false,1.2563482938267079,12,2,1.2246467991473532e-16,-1,0.97492791218182362,-0.22252093395631434
Hauptstraße 8,2025-07-09T11:00:00Z,continuous_test,condition_b,63.666666666666657,,8.2699999999999996,true,false,true,true,1.1326289819937589,13,2,-0.25881904510252079,-0.96592582628906831,0.97492791218182362,-0.22252093395631434
Hauptstraße 8,2025-07-09T12:00:00Z,continuous_test,condition_b,56.333333333333336,,7.0850000000000009,true,false,true,true,1.00890967016081,14,2,-0.49999999999999972,-0.86602540378443882,0.97492791218182362,-0.22252093395631434
Hauptstraße 8,2025-07-09T13:00:00Z,continuous_test,condition_b,49,49,5.9000000000000004,false,true,true,false,0.88519035832786108,15,2,-0.70710678118654713,-0.70710678118654791,0.97492791218182362,-0.22252093395631434
Hauptstraße 8,2025-07-09T14:00:00Z,continuous_test,condition_b,66,66,7.5899999999999999,false,true,true,false,1.1830888943316038,16,2,-0.86602540378443849,-0.50000000000000044,0.97492791218182362,-0.22252093395631434
Hauptstraße 8,2025-07-09T15:00:00Z,continuous_test,condition_b,48.5,48.5,6.8300000000000001,false,true,true,false,0.87496046019609164,17,2,-0.96592582628906831,-0.25881904510252063,0.97492791218182362,-0.22252093395631434
Hauptstraße 8,2025-07-09T16:00:00Z,continuous_test,condition_b,35,35,7.1500000000000004,false,true,true,false,0.55081714035970852,18,2,-1,-1.8369701987210297e-16,0.97492791218182362,-0.22252093395631434
Hauptstraße 8,2025-07-09T17:00:00Z,continuous_test,condition_b,33,33,8.5500000000000007,false,true,true,false,0.49263751736208561,19,2,-0.96592582628906842,0.2588190451025203,0.97492791218182362,-0.22252093395631434
Hauptstraße 8,2025-07-09T18:00:00Z,continuous_test,condition_b,22,22,6.96,false,true,true,false,0.094787875390575815,20,2,-0.8660254037844386,0.50000000000000011,0.97492791218182362,-0.22252093395631434
Hauptstraße 8,2025-07-09T19:00:00Z,continuous_test,condition_b,19,19,4.5999999999999996,false,true,true,false,-0.047471095258452639,21,2,-0.70710678118654768,0.70710678118654735,0.97492791218182362,-0.22252093395631434
Hauptstraße 8,2025-07-09T20:00:00Z,continuous_test,condition_b,14,14,2.7799999999999998,false,true,true,false,-0.34029298085671406,22,2,-0.50000000000000044,0.86602540378443837,0.97492791218182362,-0.22252093395631434
Hauptstraße 8,2025-07-09T21:00:00Z,continuous_test,condition_b,6.5,6.5,1.1399999999999999,false,true,true,false,-1.0458241343237134,23,2,-0.25881904510252157,0.96592582628906809,0.97492791218182362,-0.22252093395631434
Hauptstraße 8,2025-07-09T22:00:00Z,continuous_test,condition_b,,,,true,false,false,false,0,0,3,0,1,0.43388373911755823,-0.90096886790241903
Hauptstraße 8,2025-07-09T23:00:00Z,continuous_test,condition_b,,,,true,false,false,false,0,1,3,0.25881904510252074,0.96592582628906831,0.43388373911755823,-0.90096886790241903
Hauptstraße 8,2025-07-10T00:00:00Z,continuous_test,condition_b,,,,true,false,false,false,0,2,3,0.49999999999999994,0.86602540378443871,0.43388373911755823,-0.90096886790241903
Hauptstraße 8,2025-07-10T01:00:00Z,continuous_test,condition_b,,,,true,false,false,false,0,3,3,0.70710678118654757,0.70710678118654757,0.43388373911755823,-0.90096886790241903
Hauptstraße 8,2025-07-10T02:00:00Z,continuous_test,condition_b,,,,true,false,false,false,0,4,3,0.8660254037844386,0.50000000000000011,0.43388373911755823,-0.90096886790241903
Hauptstraße 8,2025-07-10T03:00:00Z,continuous_test,condition_b,,,,true,false,false,false,0,5,3,0.96592582628906831,0.25881904510252074,0.43388373911755823,-0.90096886790241903
Hauptstraße 8,2025-07-10T04:00:00Z,continuous_test,condition_b,,,,true,false,false,false,0,6,3,1,6.123233995736766e-17,0.43388373911755823,-0.90096886790241903
Hauptstraße 8,2025-07-10T05:00:00Z,continuous_test,condition_b,,,,true,false,false,false,0,7,3,0.96592582628906831,-0.25881904510252063,0.43388373911755823,-0.90096886790241903
Hauptstraße 8,2025-07-10T06:00:00Z,continuous_test,condition_b,,,,true,false,false,false,0,8,3,0.86602540378443871,-0.49999999999999978,0.43388373911755823,-0.90096886790241903
Hauptstraße 8,2025-07-10T07:00:00Z,continuous_test,condition_b,42.5,42.5,8.1050000000000004,false,true,true,false,0.7434401936360906,9,3,0.70710678118654757,-0.70710678118654746,0.43388373911755823,-0.90096886790241903
Hauptstraße 8,2025-07-10T08:00:00Z,continuous_test,condition_b,57,57,9.5899999999999999,false,true,true,false,1.036262079234352,10,3,0.49999999999999994,-0.86602540378443871,0.43388373911755823,-0.90096886790241903
Hauptstraße 8,2025-07-10T09:00:00Z,continuous_test,condition_b,91,91,11.295,false,true,true,false,1.5058501823245747,11,3,0.25881904510252102,-0.9659258262890682,0.43388373911755823,-0.90096886790241903
Hauptstraße 8,2025-07-10T10:00:00Z,continuous_test,condition_b,92.5,92.5,9.2349999999999994,false,true,true,false,1.5223119906654676,12,3,1.2246467991473532e-16,-1,0.43388373911755823,-0.90096886790241903
Hauptstraße 8,2025-07-10T11:00:00Z,continuous_test,condition_b,74,74,9.2050000000000001,false,true,true,false,1.2978996261965985,13,3,-0.25881904510252079,-0.96592582628906831,0.43388373911755823,-0.90096886790241903
Hauptstraße 8,2025-07-10T12:00:00Z,continuous_test,condition_b,36,36,4.9900000000000002,false,true,true,false,0.57870563273897047,14,3,-0.49999999999999972,-0.86602540378443882,0.43388373911755823,-0.90096886790241903
Hauptstraße 8,2025-07-10T13:00:00Z,continuous_test,condition_b,42.5,42.5,9.0199999999999996,false,true,true,false,0.7434401936360906,15,3,-0.70710678118654713,-0.70710678118654791,0.43388373911755823,-0.90096886790241903
Hauptstraße 8,2025-07-10T14:00:00Z,continuous_test,condition_b,36,36,11.414999999999999,false,true,true,false,0.57870563273897047,16,3,-0.86602540378443849,-0.50000000000000044,0.43388373911755823,-0.90096886790241903
Hauptstraße 8,2025-07-10T15:00:00Z,continuous_test,condition_b,44,44,6.3099999999999996,false,true,true,false,0.77794744047902287,17,3,-0.96592582628906831,-0.25881904510252063,0.43388373911755823,-0.90096886790241903
Hauptstraße 8,2025-07-10T16:00:00Z,continuous_test,condition_b,53.5,53.5,4.8399999999999999,false,true,true,false,0.97290773082436544,18,3,-1,-1.8369701987210297e-16,0.43388373911755823,-0.90096886790241903
Hauptstraße 8,2025-07-10T17:00:00Z,continuous_test,condition_b,39,39,4.9000000000000004,false,true,true,false,0.65806005820854674,19,3,-0.96592582628906842,0.2588190451025203,0.43388373911755823,-0.90096886790241903
Hauptstraße 8,2025-07-10T18:00:00Z,continuous_test,condition_b,40,40,6.7699999999999996,false,true,true,false,0.68319383633186703,20,3,-0.8660254037844386,0.50000000000000011,0.43388373911755823,-0.90096886790241903
Hauptstraße 8,2025-07-10T19:00:00Z,continuous_test,condition_b,32,32,6.46,false,true,true,false,0.46225119232735373,21,3,-0.70710678118654768,0.70710678118654735,0.43388373911755823,-0.90096886790241903
Hauptstraße 8,2025-07-10T20:00:00Z,continuous_test,condition_b,11,11,15.33,false,true,true,false,-0.56742328097602834,22,3,-0.50000000000000044,0.86602540378443837,0.43388373911755823,-0.90096886790241903
Hauptstraße 8,2025-07-10T21:00:00Z,continuous_test,condition_b,2,2,0.31,false,true,true,false,-1.9784855879100269,23,3,-0.25881904510252157,0.96592582628906809,0.43388373911755823,-0.90096886790241903
Hauptstraße 8,2025-07-10T22:00:00Z,continuous_test,condition_b,5,,5.5349999999999993,true,false,true,true,-1.4193653772421584,0,4,0,1,-0.43388373911755801,-0.90096886790241915
Hauptstraße 8,2025-07-10T23:00:00Z,continuous_test,condition_b,8,8,10.76,false,true,true,false,-0.86024516657428984,1,4,0.25881904510252074,0.96592582628906831,-0.43388373911755801,-0.90096886790241915
Hauptstraße 8,2025-07-11T00:00:00Z,continuous_test,condition_b,7.5,7.5,34.710000000000001,false,true,true,false,-0.91842478957191309,2,4,0.49999999999999994,0.86602540378443871,-0.43388373911755801,-0.90096886790241915
Hauptstraße 8,2025-07-11T01:00:00Z,continuous_test,condition_b,8,8,19.555,false,true,true,false,-0.86024516657428984,3,4,0.70710678118654757,0.70710678118654757,-0.43388373911755801,-0.90096886790241915
Hauptstraße 8,2025-07-11T02:00:00Z,continuous_test,condition_b,4,4,1.6299999999999999,false,true,true,false,-1.4585334021924512,4,4,0.8660254037844386,0.50000000000000011,-0.43388373911755801,-0.90096886790241915
Hauptstraße 8,2025-07-11T03:00:00Z,continuous_test,condition_b,11,11,7.3900000000000006,false,true,true,false,-0.56742328097602834,5,4,0.96592582628906831,0.25881904510252074,-0.43388373911755801,-0.90096886790241915
Hauptstraße 8,2025-07-11T04:00:00Z,continuous_test,condition_b,18,18,6.7750000000000004,false,true,true,false,-0.099680810841709211,6,4,1,6.123233995736766e-17,-0.43388373911755801,-0.90096886790241915
Hauptstraße 8,2025-07-11T05:00:00Z,continuous_test,condition_b,32.5,32.5,3.9750000000000001,false,true,true,false,0.47755774086460484,7,4,0.96592582628906831,-0.25881904510252063,-0.43388373911755801,-0.90096886790241915
Hauptstraße 8,2025-07-11T06:00:00Z,continuous_test,condition_b,53,53,9.5199999999999996,false,true,true,false,0.96352640822844648,8,4,0.86602540378443871,-0.49999999999999978,-0.43388373911755801,-0.90096886790241915
Hauptstraße 8,2025-07-11T07:00:00Z,continuous_test,condition_b,,,,true,false,false,false,0,9,4,0.70710678118654757,-0.70710678118654746,-0.43388373911755801,-0.90096886790241915
Hauptstraße 8,2025-07-11T08:00:00Z,continuous_test,condition_b,,,,true,false,false,false,0,10,4,0.49999999999999994,-0.86602540378443871,-0.43388373911755801,-0.90096886790241915
Hauptstraße 8,2025-07-11T09:00:00Z,continuous_test,condition_b,,,,true,false,false,false,0,11,4,0.25881904510252102,-0.9659258262890682,-0.43388373911755801,-0.90096886790241915
Hauptstraße 8,2025-07-11T10:00:00Z,continuous_test,condition_b,,,,true,false,false,false,0,12,4,1.2246467991473532e-16,-1,-0.43388373911755801,-0.90096886790241915
Hauptstraße 8,2025-07-11T11:00:00Z,continuous_test,condition_b,,,,true,false,false,false,0,13,4,-0.25881904510252079,-0.96592582628906831,-0.43388373911755801,-0.90096886790241915
Hauptstraße 8,2025-07-11T12:00:00Z,continuous_test,condition_b,,,,true,false,false,false,0,14,4,-0.49999999999999972,-0.86602540378443882,-0.43388373911755801,-0.90096886790241915
Hauptstraße 8,2025-07-11T13:00:00Z,continuous_test,condition_b,,,,true,false,false,false,0,15,4,-0.70710678118654713,-0.70710678118654791,-0.43388373911755801,-0.90096886790241915
Hauptstraße 8,2025-07-11T14:00:00Z,continuous_test,condition_b,,,,true,false,false,false,0,16,4,-0.86602540378443849,-0.50000000000000044,-0.43388373911755801,-0.90096886790241915
Hauptstraße 8,2025-07-11T15:00:00Z,continuous_test,condition_b,,,,true,false,false,false,0,17,4,-0.96592582628906831,-0.25881904510252063,-0.43388373911755801,-0.90096886790241915
Hauptstraße 8,2025-07-11T16:00:00Z,continuous_test,condition_b,,,,true,false,false,false,0,18,4,-1,-1.8369701987210297e-16,-0.43388373911755801,-0.90096886790241915
Hauptstraße 8,2025-07-11T17:00:00Z,continuous_test,condition_b,57,57,12.25,false,true,true,false,1.036262079234352,19,4,-0.96592582628906842,0.2588190451025203,-0.43388373911755801,-0.90096886790241915
Hauptstraße 8,2025-07-11T18:00:00Z,continuous_test,condition_b,36.5,,14.555,true,false,true,true,0.41168422156471918,20,4,-0.8660254037844386,0.50000000000000011,-0.43388373911755801,-0.90096886790241915
Hauptstraße 8,2025-07-11T19:00:00Z,continuous_test,condition_b,16,16,16.859999999999999,false,true,true,false,-0.21289363610491374,21,4,-0.70710678118654768,0.70710678118654735,-0.43388373911755801,-0.90096886790241915
Hauptstraße 8,2025-07-11T20:00:00Z,continuous_test,condition_b,21,21,5.2850000000000001,false,true,true,false,0.049541924458616229,22,4,-0.50000000000000044,0.86602540378443837,-0.43388373911755801,-0.90096886790241915
Hauptstraße 8,2025-07-11T21:00:00Z,continuous_test,condition_b,2,2,0.59999999999999998,false,true,true,false,-1.9784855879100269,23,4,-0.25881904510252157,0.96592582628906809,-0.43388373911755801,-0.90096886790241915
Hauptstraße 8,2025-07-11T22:00:00Z,continuous_test,condition_b,8,,7.4900000000000002,true,false,true,true,-1.1593892843833706,0,5,0,1,-0.97492791218182362,-0.22252093395631459
Hauptstraße 8,2025-07-11T23:00:00Z,continuous_test,condition_b,14,14,14.380000000000001,false,true,true,false,-0.34029298085671406,1,5,0.25881904510252074,0.96592582628906831,-0.97492791218182362,-0.22252093395631459
Hauptstraße 8,2025-07-12T00:00:00Z,continuous_test,condition_b,,,,true,false,false,false,0,2,5,0.49999999999999994,0.86602540378443871,-0.97492791218182362,-0.22252093395631459
Hauptstraße 8,2025-07-12T01:00:00Z,continuous_test,condition_b,,,,true,false,false,false,0,3,5,0.70710678118654757,0.70710678118654757,-0.97492791218182362,-0.22252093395631459
Hauptstraße 8,2025-07-12T02:00:00Z,continuous_test,condition_b,,,,true,false,false,false,0,4,5,0.8660254037844386,0.50000000000000011,-0.97492791218182362,-0.22252093395631459
Hauptstraße 8,2025-07-12T03:00:00Z,continuous_test,condition_b,,,,true,false,false,false,0,5,5,0.96592582628906831,0.25881904510252074,-0.97492791218182362,-0.22252093395631459
Hauptstraße 8,2025-07-12T04:00:00Z,continuous_test,condition_b,,,,true,false,false,false,0,6,5,1,6.123233995736766e-17,-0.97492791218182362,-0.22252093395631459
Hauptstraße 8,2025-07-12T05:00:00Z,continuous_test,condition_b,,,,true,false,false,false,0,7,5,0.96592582628906831,-0.25881904510252063,-0.97492791218182362,-0.22252093395631459
Hauptstraße 8,2025-07-12T06:00:00Z,continuous_test,condition_b,24,24,3.75,false,true,true,false,0.17965920486086168,8,5,0.86602540378443871,-0.49999999999999978,-0.97492791218182362,-0.22252093395631459
Hauptstraße 8,2025-07-12T07:00:00Z,continuous_test,condition_b,47,47,7.7199999999999998,false,true,true,false,0.84363902595797036,9,5,0.70710678118654757,-0.70710678118654746,-0.97492791218182362,-0.22252093395631459
Hauptstraße 8,2025-07-12T08:00:00Z,continuous_test,condition_b,56.5,,8.2266666666666666,true,false,true,true,1.001778035005167,10,5,0.49999999999999994,-0.86602540378443871,-0.97492791218182362,-0.22252093395631459
Hauptstraße 8,2025-07-12T09:00:00Z,continuous_test,condition_b,66,,8.7333333333333325,true,false,true,true,1.1599170440523638,11,5,0.25881904510252102,-0.9659258262890682,-0.97492791218182362,-0.22252093395631459
Hauptstraße 8,2025-07-12T10:00:00Z,continuous_test,condition_b,75.5,75.5,9.2399999999999984,false,true,true,false,1.3180560530995606,12,5,1.2246467991473532e-16,-1,-0.97492791218182362,-0.22252093395631459
Hauptstraße 8,2025-07-12T11:00:00Z,continuous_test,condition_b,87,87,8.9600000000000009,false,true,true,false,1.4606042313926151,13,5,-0.25881904510252079,-0.96592582628906831,-0.97492791218182362,-0.22252093395631459
Hauptstraße 8,2025-07-12T12:00:00Z,continuous_test,condition_b,83,83,9.7100000000000009,false,true,true,false,1.4132530753745307,14,5,-0.49999999999999972,-0.86602540378443882,-0.97492791218182362,-0.22252093395631459
Hauptstraße 8,2025-07-12T13:00:00Z,continuous_test,condition_b,79,79,7.3099999999999996,false,true,true,false,1.3635912116755458,15,5,-0.70710678118654713,-0.70710678118654791,-0.97492791218182362,-0.22252093395631459
Hauptstraße 8,2025-07-12T14:00:00Z,continuous_test,condition_b,83,83,6.3100000000000005,false,true,true,false,1.4132530753745307,16,5,-0.86602540378443849,-0.50000000000000044,-0.97492791218182362,-0.22252093395631459
Hauptstraße 8,2025-07-12T15:00:00Z,continuous_test,condition_b,75,75,6.0199999999999996,false,true,true,false,1.3113814960922896,17,5,-0.96592582628906831,-0.25881904510252063,-0.97492791218182362,-0.22252093395631459
Hauptstraße 8,2025-07-12T16:00:00Z,continuous_test,condition_b,58,58,8.2249999999999996,false,true,true,false,1.0536619268051222,18,5,-1,-1.8369701987210297e-16,-0.97492791218182362,-0.22252093395631459
Hauptstraße 8,2025-07-12T17:00:00Z,continuous_test,condition_b,33.5,33.5,5.7549999999999999,false,true,true,false,0.50749714325931372,19,5,-0.96592582628906842,0.2588190451025203,-0.97492791218182362,-0.22252093395631459
Hauptstraße 8,2025-07-12T18:00:00Z,continuous_test,condition_b,24,24,9.4299999999999997,false,true,true,false,0.17965920486086168,20,5,-0.8660254037844386,0.50000000000000011,-0.97492791218182362,-0.22252093395631459
Hauptstraße 8,2025-07-12T19:00:00Z,continuous_test,condition_b,29,29,6.8399999999999999,false,true,true,false,0.36523817261028529,21,5,-0.70710678118654768,0.70710678118654735,-0.97492791218182362,-0.22252093395631459
Hauptstraße 8,2025-07-12T20:00:00Z,continuous_test,condition_b,22,22,3.6699999999999999,false,true,true,false,0.094787875390575815,22,5,-0.50000000000000044,0.86602540378443837,-0.97492791218182362,-0.22252093395631459
Hauptstraße 8,2025-07-12T21:00:00Z,continuous_test,condition_b,3.5,3.5,1.895,false,true,true,false,-1.5657763200412891,23,5,-0.25881904510252157,0.96592582628906809,-0.97492791218182362,-0.22252093395631459
Hauptstraße 8,2025-07-12T22:00:00Z,continuous_test,condition_b,36,36,9.1799999999999997,false,true,true,false,0.57870563273897047,0,6,0,1,-0.78183148246802991,0.62348980185873337
Hauptstraße 8,2025-07-12T23:00:00Z,continuous_test,condition_b,10,10,25.899999999999999,false,true,true,false,-0.65598922900838319,1,6,0.25881904510252074,0.96592582628906831,-0.78183148246802991,0.62348980185873337
Hauptstraße 8,2025-07-13T00:00:00Z,continuous_test,condition_b,7,7,10.455,false,true,true,false,-0.9801325488447663,2,6,0.49999999999999994,0.86602540378443871,-0.78183148246802991,0.62348980185873337
Hauptstraße 8,2025-07-13T01:00:00Z,continuous_test,condition_b,6,6,7.4100000000000001,false,true,true,false,-1.1160496528952049,3,6,0.70710678118654757,0.70710678118654757,-0.78183148246802991,0.62348980185873337
Hauptstraße 8,2025-07-13T02:00:00Z,continuous_test,condition_b,4,4,45.079999999999998,false,true,true,false,-1.4585334021924512,4,6,0.8660254037844386,0.50000000000000011,-0.78183148246802991,0.62348980185873337
Hauptstraße 8,2025-07-13T03:00:00Z,continuous_test,condition_b,1,1,0.17999999999999999,false,true,true,false,-2.3911948557787648,5,6,0.96592582628906831,0.25881904510252074,-0.78183148246802991,0.62348980185873337
Hauptstraße 8,2025-07-13T04:00:00Z,continuous_test,condition_b,2,2,21.02,false,true,true,false,-1.9784855879100269,6,6,1,6.123233995736766e-17,-0.78183148246802991,0.62348980185873337
Hauptstraße 8,2025-07-13T05:00:00Z,continuous_test,condition_b,,,,true,false,false,false,0,7,6,0.96592582628906831,-0.25881904510252063,-0.78183148246802991,0.62348980185873337
Hauptstraße 8,2025-07-13T06:00:00Z,continuous_test,condition_b,,,,true,false,false,false,0,8,6,0.86602540378443871,-0.49999999999999978,-0.78183148246802991,0.62348980185873337
Hauptstraße 8,2025-07-13T07:00:00Z,continuous_test,condition_b,,,,true,false,false,false,0,9,6,0.70710678118654757,-0.70710678118654746,-0.78183148246802991,0.62348980185873337
Hauptstraße 8,2025-07-13T08:00:00Z,continuous_test,condition_b,,,,true,false,false,false,0,10,6,0.49999999999999994,-0.86602540378443871,-0.78183148246802991,0.62348980185873337
Hauptstraße 8,2025-07-13T09:00:00Z,continuous_test,condition_b,,,,true,false,false,false,0,11,6,0.25881904510252102,-0.9659258262890682,-0.78183148246802991,0.62348980185873337
Hauptstraße 8,2025-07-13T10:00:00Z,continuous_test,condition_b,,,,true,false,false,false,0,12,6,1.2246467991473532e-16,-1,-0.78183148246802991,0.62348980185873337
Hauptstraße 8,2025-07-13T11:00:00Z,continuous_test,condition_b,,,,true,false,false,false,0,13,6,-0.25881904510252079,-0.96592582628906831,-0.78183148246802991,0.62348980185873337
Hauptstraße 8,2025-07-13T12:00:00Z,continuous_test,condition_b,,,,true,false,false,false,0,14,6,-0.49999999999999972,-0.86602540378443882,-0.78183148246802991,0.62348980185873337
Hauptstraße 8,2025-07-13T13:00:00Z,continuous_test,condition_b,,,,true,false,false,false,0,15,6,-0.70710678118654713,-0.70710678118654791,-0.78183148246802991,0.62348980185873337
Hauptstraße 8,2025-07-13T14:00:00Z,continuous_test,condition_b,,,,true,false,false,false,0,16,6,-0.86602540378443849,-0.50000000000000044,-0.78183148246802991,0.62348980185873337
Hauptstraße 8,2025-07-13T15:00:00Z,continuous_test,condition_b,,,,true,false,false,false,0,17,6,-0.96592582628906831,-0.25881904510252063,-0.78183148246802991,0.62348980185873337
Hauptstraße 8,2025-07-13T16:00:00Z,continuous_test,condition_b,,,,true,false,false,false,0,18,6,-1,-1.8369701987210297e-16,-0.78183148246802991,0.62348980185873337
Hauptstraße 8,2025-07-13T17:00:00Z,continuous_test,condition_b,,,,true,false,false,false,0,19,6,-0.96592582628906842,0.2588190451025203,-0.78183148246802991,0.62348980185873337
Hauptstraße 8,2025-07-13T18:00:00Z,continuous_test,condition_b,,,,true,false,false,false,0,20,6,-0.8660254037844386,0.50000000000000011,-0.78183148246802991,0.62348980185873337
Hauptstraße 8,2025-07-13T19:00:00Z,continuous_test,condition_b,,,,true,false,false,false,0,21,6,-0.70710678118654768,0.70710678118654735,-0.78183148246802991,0.62348980185873337
Hauptstraße 8,2025-07-13T20:00:00Z,continuous_test,condition_b,,,,true,false,false,false,0,22,6,-0.50000000000000044,0.86602540378443837,-0.78183148246802991,0.62348980185873337
Hauptstraße 8,2025-07-13T21:00:00Z,continuous_test,condition_b,2.5,2.5,0.38,false,true,true,false,-1.8215808063622039,23,6,-0.25881904510252157,0.96592582628906809,-0.78183148246802991,0.62348980185873337
Hauptstraße 8,2025-07-13T22:00:00Z,continuous_test,condition_b,3.25,,7.9749999999999996,true,false,true,true,-1.6400571042773275,0,0,0,1,0,1
Hauptstraße 8,2025-07-13T23:00:00Z,continuous_test,condition_b,4,4,15.57,false,true,true,false,-1.4585334021924512,1,0,0.25881904510252074,0.96592582628906831,0,1
Innenstadt,2025-07-08T00:00:00Z,continuous_test,condition_b,12,12,30.02,false,true,true,false,-2.0798609008136757,2,1,0.49999999999999994,0.86602540378443871,0.7818314824680298,0.62348980185873359
Innenstadt,2025-07-08T01:00:00Z,continuous_test,condition_b,16,16,23.954999999999998,false,true,true,false,-1.8524281312404864,3,1,0.70710678118654757,0.70710678118654757,0.7818314824680298,0.62348980185873359
Innenstadt,2025-07-08T02:00:00Z,continuous_test,condition_b,22,22,24.510000000000002,false,true,true,false,-1.5961560287054113,4,1,0.8660254037844386,0.50000000000000011,0.7818314824680298,0.62348980185873359
Innenstadt,2025-07-08T03:00:00Z,continuous_test,condition_b,79.333333333333343,,21.781666666666663,true,false,true,true,-0.99210083886066136,5,1,0.96592582628906831,0.25881904510252074,0.7818314824680298,0.62348980185873359
Innenstadt,2025-07-08T04:00:00Z,continuous_test,condition_b,136.66666666666669,,19.053333333333331,true,false,true,true,-0.38804564901591143,6,1,1,6.123233995736766e-17,0.7818314824680298,0.62348980185873359
Innenstadt,2025-07-08T05:00:00Z,continuous_test,condition_b,194,194,16.324999999999999,false,true,true,false,0.21600954082883853,7,1,0.96592582628906831,-0.25881904510252063,0.7818314824680298,0.62348980185873359
Innenstadt,2025-07-08T06:00:00Z,continuous_test,condition_b,232,232,19.425000000000001,false,true,true,false,0.36694996147957532,8,1,0.86602540378443871,-0.49999999999999978,0.7818314824680298,0.62348980185873359
Innenstadt,2025-07-08T07:00:00Z,continuous_test,condition_b,377,377,18.300000000000001,false,true,true,false,0.77716026546448225,9,1,0.70710678118654757,-0.70710678118654746,0.7818314824680298,0.62348980185873359
Innenstadt,2025-07-08T08:00:00Z,continuous_test,condition_b,406,406,22.079999999999998,false,true,true,false,0.83982838872956844,10,1,0.49999999999999994,-0.86602540378443871,0.7818314824680298,0.62348980185873359
Innenstadt,2025-07-08T09:00:00Z,continuous_test,condition_b,432,432,17.640000000000001,false,true,true,false,0.89232768391162665,11,1,0.25881904510252102,-0.9659258262890682,0.7818314824680298,0.62348980185873359
Innenstadt,2025-07-08T10:00:00Z,continuous_test,condition_b,492,492,19.82,false,true,true,false,1.0023472201121142,12,1,1.2246467991473532e-16,-1,0.7818314824680298,0.62348980185873359
Innenstadt,2025-07-08T11:00:00Z,continuous_test,condition_b,540,540,20.23,false,true,true,false,1.0811159088395657,13,1,-0.25881904510252079,-0.96592582628906831,0.7818314824680298,0.62348980185873359
Innenstadt,2025-07-08T12:00:00Z,continuous_test,condition_b,556,,18.655000000000001,true,false,true,true,1.1054757778025786,14,1,-0.49999999999999972,-0.86602540378443882,0.7818314824680298,0.62348980185873359
Innenstadt,2025-07-08T13:00:00Z,continuous_test,condition_b,572,572,17.079999999999998,false,true,true,false,1.1298356467655915,15,1,-0.70710678118654713,-0.70710678118654791,0.7818314824680298,0.62348980185873359
Innenstadt,2025-07-08T14:00:00Z,continuous_test,condition_b,,,,true,false,false,false,0,16,1,-0.86602540378443849,-0.50000000000000044,0.7818314824680298,0.62348980185873359
Innenstadt,2025-07-08T15:00:00Z,continuous_test,condition_b,,,,true,false,false,false,0,17,1,-0.96592582628906831,-0.25881904510252063,0.7818314824680298,0.62348980185873359
Innenstadt,2025-07-08T16:00:00Z,continuous_test,condition_b,,,,true,false,false,false,0,18,1,-1,-1.8369701987210297e-16,0.7818314824680298,0.62348980185873359
Innenstadt,2025-07-08T17:00:00Z,continuous_test,condition_b,,,,true,false,false,false,0,19,1,-0.96592582628906842,0.2588190451025203,0.7818314824680298,0.62348980185873359
Innenstadt,2025-07-08T18:00:00Z,continuous_test,condition_b,,,,true,false,false,false,0,20,1,-0.8660254037844386,0.50000000000000011,0.7818314824680298,0.62348980185873359
Innenstadt,2025-07-08T19:00:00Z,continuous_test,condition_b,,,,true,false,false,false,0,21,1,-0.70710678118654768,0.70710678118654735,0.7818314824680298,0.62348980185873359
Innenstadt,2025-07-08T20:00:00Z,continuous_test,condition_b,,,,true,false,false,false,0,22,1,-0.50000000000000044,0.86602540378443837,0.7818314824680298,0.62348980185873359
Innenstadt,2025-07-08T21:00:00Z,continuous_test,condition_b,,,,true,false,false,false,0,23,1,-0.25881904510252157,0.96592582628906809,0.7818314824680298,0.62348980185873359
Innenstadt,2025-07-08T22:00:00Z,continuous_test,condition_b,,,,true,false,false,false,0,0,2,0,1,0.97492791218182362,-0.22252093395631434
Innenstadt,2025-07-08T23:00:00Z,continuous_test,condition_b,,,,true,false,false,false,0,1,2,0.25881904510252074,0.96592582628906831,0.97492791218182362,-0.22252093395631434
Innenstadt,2025-07-09T00:00:00Z,continuous_test,condition_b,,,,true,false,false,false,0,2,2,0.49999999999999994,0.86602540378443871,0.97492791218182362,-0.22252093395631434
Innenstadt,2025-07-09T01:00:00Z,continuous_test,condition_b,,,,true,false,false,false,0,3,2,0.70710678118654757,0.70710678118654757,0.97492791218182362,-0.22252093395631434
Innenstadt,2025-07-09T02:00:00Z,continuous_test,condition_b,,,,true,false,false,false,0,4,2,0.8660254037844386,0.50000000000000011,0.97492791218182362,-0.22252093395631434
Innenstadt,2025-07-09T03:00:00Z,continuous_test,condition_b,,,,true,false,false,false,0,5,2,0.96592582628906831,0.25881904510252074,0.97492791218182362,-0.22252093395631434
Innenstadt,2025-07-09T04:00:00Z,continuous_test,condition_b,,,,true,false,false,false,0,6,2,1,6.123233995736766e-17,0.97492791218182362,-0.22252093395631434
Innenstadt,2025-07-09T05:00:00Z,continuous_test,condition_b,,,,true,false,false,false,0,7,2,0.96592582628906831,-0.25881904510252063,0.97492791218182362,-0.22252093395631434
Innenstadt,2025-07-09T06:00:00Z,continuous_test,condition_b,,,,true,false,false,false,0,8,2,0.86602540378443871,-0.49999999999999978,0.97492791218182362,-0.22252093395631434
Innenstadt,2025-07-09T07:00:00Z,continuous_test,condition_b,,,,true,false,false,false,0,9,2,0.70710678118654757,-0.70710678118654746,0.97492791218182362,-0.22252093395631434
Innenstadt,2025-07-09T08:00:00Z,continuous_test,condition_b,433,433,16.995000000000001,false,true,true,false,0.8942833817538044,10,2,0.49999999999999994,-0.86602540378443871,0.97492791218182362,-0.22252093395631434
Innenstadt,2025-07-09T09:00:00Z,continuous_test,condition_b,479,479,19.52,false,true,true,false,0.97969154451897933,11,2,0.25881904510252102,-0.9659258262890682,0.97492791218182362,-0.22252093395631434
Innenstadt,2025-07-09T10:00:00Z,continuous_test,condition_b,467,467,23.760000000000002,false,true,true,false,0.95822724264796788,12,2,1.2246467991473532e-16,-1,0.97492791218182362,-0.22252093395631434
Innenstadt,2025-07-09T11:00:00Z,continuous_test,condition_b,437,437,14.449999999999999,false,true,true,false,0.90206136877343068,13,2,-0.25881904510252079,-0.96592582628906831,0.97492791218182362,-0.22252093395631434
Innenstadt,2025-07-09T12:00:00Z,continuous_test,condition_b,470,470,18.350000000000001,false,true,true,false,0.96364447921805074,14,2,-0.49999999999999972,-0.86602540378443882,0.97492791218182362,-0.22252093395631434
Innenstadt,2025-07-09T13:00:00Z,continuous_test,condition_b,492.5,492.5,17.899999999999999,false,true,true,false,1.0032066166769691,15,2,-0.70710678118654713,-0.70710678118654791,0.97492791218182362,-0.22252093395631434
Innenstadt,2025-07-09T14:00:00Z,continuous_test,condition_b,505.5,505.5,19.98,false,true,true,false,1.0252505191438923,16,2,-0.86602540378443849,-0.50000000000000044,0.97492791218182362,-0.22252093395631434
Innenstadt,2025-07-09T15:00:00Z,continuous_test,condition_b,433.5,433.5,17.785,false,true,true,false,0.89525954149162346,17,2,-0.96592582628906831,-0.25881904510252063,0.97492791218182362,-0.22252093395631434
Innenstadt,2025-07-09T16:00:00Z,continuous_test,condition_b,393,393,17.675000000000001,false,true,true,false,0.81230704505631257,18,2,-1,-1.8369701987210297e-16,0.97492791218182362,-0.22252093395631434
Innenstadt,2025-07-09T17:00:00Z,continuous_test,condition_b,257.5,257.5,15.664999999999999,false,true,true,false,0.45499957305928118,19,2,-0.96592582628906842,0.2588190451025203,0.97492791218182362,-0.22252093395631434
Innenstadt,2025-07-09T18:00:00Z,continuous_test,condition_b,215,215,16.550000000000001,false,true,true,false,0.30272100075864672,20,2,-0.8660254037844386,0.50000000000000011,0.97492791218182362,-0.22252093395631434
Innenstadt,2025-07-09T19:00:00Z,continuous_test,condition_b,116,116,17.199999999999999,false,true,true,false,-0.2170656842761457,21,2,-0.70710678118654768,0.70710678118654735,0.97492791218182362,-0.22252093395631434
Innenstadt,2025-07-09T20:00:00Z,continuous_test,condition_b,73,73,12.57,false,true,true,false,-0.60544790408940041,22,2,-0.50000000000000044,0.86602540378443837,0.97492791218182362,-0.22252093395631434
Innenstadt,2025-07-09T21:00:00Z,continuous_test,condition_b,13,13,4.125,false,true,true,false,-2.0170325593418132,23,2,-0.25881904510252157,0.96592582628906809,0.97492791218182362,-0.22252093395631434
Innenstadt,2025-07-09T22:00:00Z,continuous_test,condition_b,,,,true,false,false,false,0,0,3,0,1,0.43388373911755823,-0.90096886790241903
Innenstadt,2025-07-09T23:00:00Z,continuous_test,condition_b,,,,true,false,false,false,0,1,3,0.25881904510252074,0.96592582628906831,0.43388373911755823,-0.90096886790241903
Innenstadt,2025-07-10T00:00:00Z,continuous_test,condition_b,,,,true,false,false,false,0,2,3,0.49999999999999994,0.86602540378443871,0.43388373911755823,-0.90096886790241903
Innenstadt,2025-07-10T01:00:00Z,continuous_test,condition_b,,,,true,false,false,false,0,3,3,0.70710678118654757,0.70710678118654757,0.43388373911755823,-0.90096886790241903
Innenstadt,2025-07-10T02:00:00Z,continuous_test,condition_b,,,,true,false,false,false,0,4,3,0.8660254037844386,0.50000000000000011,0.43388373911755823,-0.90096886790241903
Innenstadt,2025-07-10T03:00:00Z,continuous_test,condition_b,,,,true,false,false,false,0,5,3,0.96592582628906831,0.25881904510252074,0.43388373911755823,-0.90096886790241903
Innenstadt,2025-07-10T04:00:00Z,continuous_test,condition_b,,,,true,false,false,false,0,6,3,1,6.123233995736766e-17,0.43388373911755823,-0.90096886790241903
Innenstadt,2025-07-10T05:00:00Z,continuous_test,condition_b,,,,true,false,false,false,0,7,3,0.96592582628906831,-0.25881904510252063,0.43388373911755823,-0.90096886790241903
Innenstadt,2025-07-10T06:00:00Z,continuous_test,condition_b,,,,true,false,false,false,0,8,3,0.86602540378443871,-0.49999999999999978,0.43388373911755823,-0.90096886790241903
Innenstadt,2025-07-10T07:00:00Z,continuous_test,condition_b,346,346,20.469999999999999,false,true,true,false,0.7046149736262145,9,3,0.70710678118654757,-0.70710678118654746,0.43388373911755823,-0.90096886790241903
Innenstadt,2025-07-10T08:00:00Z,continuous_test,condition_b,406,406,20.635000000000002,false,true,true,false,0.83982838872956844,10,3,0.49999999999999994,-0.86602540378443871,0.43388373911755823,-0.90096886790241903
Innenstadt,2025-07-10T09:00:00Z,continuous_test,condition_b,535.5,535.5,20.859999999999999,false,true,true,false,1.0740345203390864,11,3,0.25881904510252102,-0.9659258262890682,0.43388373911755823,-0.90096886790241903
Innenstadt,2025-07-10T10:00:00Z,continuous_test,condition_b,620.5,620.5,18.449999999999999,false,true,true,false,1.1987191258267558,12,3,1.2246467991473532e-16,-1,0.43388373911755823,-0.90096886790241903
Innenstadt,2025-07-10T11:00:00Z,continuous_test,condition_b,565,565,16.98,false,true,true,false,1.1194148615354831,13,3,-0.25881904510252079,-0.96592582628906831,0.43388373911755823,-0.90096886790241903
Innenstadt,2025-07-10T12:00:00Z,continuous_test,condition_b,430.5,430.5,13.074999999999999,false,true,true,false,0.88938565213803489,14,3,-0.49999999999999972,-0.86602540378443882,0.43388373911755823,-0.90096886790241903
Innenstadt,2025-07-10T13:00:00Z,continuous_test,condition_b,648.5,648.5,21.465,false,true,true,false,1.2360788287183351,15,3,-0.70710678118654713,-0.70710678118654791,0.43388373911755823,-0.90096886790241903
Innenstadt,2025-07-10T14:00:00Z,continuous_test,condition_b,504.5,504.5,20.48,false,true,true,false,1.0235750351230055,16,3,-0.86602540378443849,-0.50000000000000044,0.43388373911755823,-0.90096886790241903
Innenstadt,2025-07-10T15:00:00Z,continuous_test,condition_b,565.5,565.5,19.940000000000001,false,true,true,false,1.1201634661215472,17,3,-0.96592582628906831,-0.25881904510252063,0.43388373911755823,-0.90096886790241903
Innenstadt,2025-07-10T16:00:00Z,continuous_test,condition_b,548,548,19.699999999999999,false,true,true,false,1.0935608242449155,18,3,-1,-1.8369701987210297e-16,0.43388373911755823,-0.90096886790241903
Innenstadt,2025-07-10T17:00:00Z,continuous_test,condition_b,481,481,18.009999999999998,false,true,true,false,0.98321668323039646,19,3,-0.96592582628906842,0.2588190451025203,0.43388373911755823,-0.90096886790241903
Innenstadt,2025-07-10T18:00:00Z,continuous_test,condition_b,287,287,18.274999999999999,false,true,true,false,0.54661631941399513,20,3,-0.8660254037844386,0.50000000000000011,0.43388373911755823,-0.90096886790241903
Innenstadt,2025-07-10T19:00:00Z,continuous_test,condition_b,248,248,16.07,false,true,true,false,0.42325577009712767,21,3,-0.70710678118654768,0.70710678118654735,0.43388373911755823,-0.90096886790241903
Innenstadt,2025-07-10T20:00:00Z,continuous_test,condition_b,119,119,11.94,false,true,true,false,-0.19560138240513425,22,3,-0.50000000000000044,0.86602540378443837,0.43388373911755823,-0.90096886790241903
Innenstadt,2025-07-10T21:00:00Z,continuous_test,condition_b,23,23,6.2000000000000002,false,true,true,false,-1.5600742157788834,23,3,-0.25881904510252157,0.96592582628906809,0.43388373911755823,-0.90096886790241903
Innenstadt,2025-07-10T22:00:00Z,continuous_test,condition_b,28,,19.815000000000001,true,false,true,true,-1.4124279417786565,0,4,0,1,-0.43388373911755801,-0.90096886790241915
Innenstadt,2025-07-10T23:00:00Z,continuous_test,condition_b,33,33,33.43,false,true,true,false,-1.2647816677784296,1,4,0.25881904510252074,0.96592582628906831,-0.43388373911755801,-0.90096886790241915
Innenstadt,2025-07-11T00:00:00Z,continuous_test,condition_b,22,22,21.699999999999999,false,true,true,false,-1.5961560287054113,2,4,0.49999999999999994,0.86602540378443871,-0.43388373911755801,-0.90096886790241915
Innenstadt,2025-07-11T01:00:00Z,continuous_test,condition_b,17,17,13.27,false,true,true,false,-1.8039695344342321,3,4,0.70710678118654757,0.70710678118654757,-0.43388373911755801,-0.90096886790241915
Innenstadt,2025-07-11T02:00:00Z,continuous_test,condition_b,28.5,28.5,28.995000000000001,false,true,true,false,-1.38514329412874,4,4,0.8660254037844386,0.50000000000000011,-0.43388373911755801,-0.90096886790241915
Innenstadt,2025-07-11T03:00:00Z,continuous_test,condition_b,45,45,23.469999999999999,false,true,true,false,-1.0085095652433544,5,4,0.96592582628906831,0.25881904510252074,-0.43388373911755801,-0.90096886790241915
Innenstadt,2025-07-11T04:00:00Z,continuous_test,condition_b,114.5,114.5,20.085000000000001,false,true,true,false,-0.22800512171613546,6,4,1,6.123233995736766e-17,-0.43388373911755801,-0.90096886790241915
Innenstadt,2025-07-11T05:00:00Z,continuous_test,condition_b,152,152,21.344999999999999,false,true,true,false,0.010367085297043331,7,4,0.96592582628906831,-0.25881904510252063,-0.43388373911755801,-0.90096886790241915
Innenstadt,2025-07-11T06:00:00Z,continuous_test,condition_b,269,269,17.939999999999998,false,true,true,false,0.49190090720828261,8,4,0.86602540378443871,-0.49999999999999978,-0.43388373911755801,-0.90096886790241915
Innenstadt,2025-07-11T07:00:00Z,continuous_test,condition_b,,,,true,false,false,false,0,9,4,0.70710678118654757,-0.70710678118654746,-0.43388373911755801,-0.90096886790241915
Innenstadt,2025-07-11T08:00:00Z,continuous_test,condition_b,,,,true,false,false,false,0,10,4,0.49999999999999994,-0.86602540378443871,-0.43388373911755801,-0.90096886790241915
Innenstadt,2025-07-11T09:00:00Z,continuous_test,condition_b,,,,true,false,false,false,0,11,4,0.25881904510252102,-0.9659258262890682,-0.43388373911755801,-0.90096886790241915
Innenstadt,2025-07-11T10:00:00Z,continuous_test,condition_b,,,,true,false,false,false,0,12,4,1.2246467991473532e-16,-1,-0.43388373911755801,-0.90096886790241915
Innenstadt,2025-07-11T11:00:00Z,continuous_test,condition_b,,,,true,false,false,false,0,13,4,-0.25881904510252079,-0.96592582628906831,-0.43388373911755801,-0.90096886790241915
Innenstadt,2025-07-11T12:00:00Z,continuous_test,condition_b,,,,true,false,false,false,0,14,4,-0.49999999999999972,-0.86602540378443882,-0.43388373911755801,-0.90096886790241915
Innenstadt,2025-07-11T13:00:00Z,continuous_test,condition_b,,,,true,false,false,false,0,15,4,-0.70710678118654713,-0.70710678118654791,-0.43388373911755801,-0.90096886790241915
Innenstadt,2025-07-11T14:00:00Z,continuous_test,condition_b,,,,true,false,false,false,0,16,4,-0.86602540378443849,-0.50000000000000044,-0.43388373911755801,-0.90096886790241915
Innenstadt,2025-07-11T15:00:00Z,continuous_test,condition_b,,,,true,false,false,false,0,17,4,-0.96592582628906831,-0.25881904510252063,-0.43388373911755801,-0.90096886790241915
Innenstadt,2025-07-11T16:00:00Z,continuous_test,condition_b,,,,true,false,false,false,0,18,4,-1,-1.8369701987210297e-16,-0.43388373911755801,-0.90096886790241915
Innenstadt,2025-07-11T17:00:00Z,continuous_test,condition_b,448,448,21.02,false,true,true,false,0.9230900478009284,19,4,-0.96592582628906842,0.2588190451025203,-0.43388373911755801,-0.90096886790241915
Innenstadt,2025-07-11T18:00:00Z,continuous_test,condition_b,360.66666666666669,,17.923333333333332,true,false,true,true,0.67555824021413224,20,4,-0.8660254037844386,0.50000000000000011,-0.43388373911755801,-0.90096886790241915
Innenstadt,2025-07-11T19:00:00Z,continuous_test,condition_b,273.33333333333337,,14.826666666666668,true,false,true,true,0.42802643262733614,21,4,-0.70710678118654768,0.70710678118654735,-0.43388373911755801,-0.90096886790241915
Innenstadt,2025-07-11T20:00:00Z,continuous_test,condition_b,186,186,11.73,false,true,true,false,0.18049462504053998,22,4,-0.50000000000000044,0.86602540378443837,-0.43388373911755801,-0.90096886790241915
Innenstadt,2025-07-11T21:00:00Z,continuous_test,condition_b,39,39,4.6900000000000004,false,true,true,false,-1.1269989906738991,23,4,-0.25881904510252157,0.96592582628906809,-0.43388373911755801,-0.90096886790241915
Innenstadt,2025-07-11T22:00:00Z,continuous_test,condition_b,39.5,,13.375,true,false,true,true,-1.1165318583899242,0,5,0,1,-0.97492791218182362,-0.22252093395631459
Innenstadt,2025-07-11T23:00:00Z,continuous_test,condition_b,40,40,22.059999999999999,false,true,true,false,-1.1060647261059491,1,5,0.25881904510252074,0.96592582628906831,-0.97492791218182362,-0.22252093395631459
Innenstadt,2025-07-12T00:00:00Z,continuous_test,condition_b,,,,true,false,false,false,0,2,5,0.49999999999999994,0.86602540378443871,-0.97492791218182362,-0.22252093395631459
Innenstadt,2025-07-12T01:00:00Z,continuous_test,condition_b,,,,true,false,false,false,0,3,5,0.70710678118654757,0.70710678118654757,-0.97492791218182362,-0.22252093395631459
Innenstadt,2025-07-12T02:00:00Z,continuous_test,condition_b,,,,true,false,false,false,0,4,5,0.8660254037844386,0.50000000000000011,-0.97492791218182362,-0.22252093395631459
Innenstadt,2025-07-12T03:00:00Z,continuous_test,condition_b,,,,true,false,false,false,0,5,5,0.96592582628906831,0.25881904510252074,-0.97492791218182362,-0.22252093395631459
Innenstadt,2025-07-12T04:00:00Z,continuous_test,condition_b,,,,true,false,false,false,0,6,5,1,6.123233995736766e-17,-0.97492791218182362,-0.22252093395631459
Innenstadt,2025-07-12T05:00:00Z,continuous_test,condition_b,,,,true,false,false,false,0,7,5,0.96592582628906831,-0.25881904510252063,-0.97492791218182362,-0.22252093395631459
Innenstadt,2025-07-12T06:00:00Z,continuous_test,condition_b,149,149,12.73,false,true,true,false,-0.0064214759554983777,8,5,0.86602540378443871,-0.49999999999999978,-0.97492791218182362,-0.22252093395631459
Innenstadt,2025-07-12T07:00:00Z,continuous_test,condition_b,343,343,26.300000000000001,false,true,true,false,0.69725346886184403,9,5,0.70710678118654757,-0.70710678118654746,-0.97492791218182362,-0.22252093395631459
Innenstadt,2025-07-12T08:00:00Z,continuous_test,condition_b,432.33333333333331,,22.82,true,false,true,true,0.86005564998161499,10,5,0.49999999999999994,-0.86602540378443871,-0.97492791218182362,-0.22252093395631459
Innenstadt,2025-07-12T09:00:00Z,continuous_test,condition_b,521.66666666666663,,19.34,true,false,true,true,1.0228578311013861,11,5,0.25881904510252102,-0.9659258262890682,-0.97492791218182362,-0.22252093395631459
Innenstadt,2025-07-12T10:00:00Z,continuous_test,condition_b,611,611,15.859999999999999,false,true,true,false,1.1856600122211569,12,5,1.2246467991473532e-16,-1,-0.97492791218182362,-0.22252093395631459
Innenstadt,2025-07-12T11:00:00Z,continuous_test,condition_b,677.5,677.5,21.355,false,true,true,false,1.2731118915996673,13,5,-0.25881904510252079,-0.96592582628906831,-0.97492791218182362,-0.22252093395631459
Innenstadt,2025-07-12T12:00:00Z,continuous_test,condition_b,648.5,648.5,21.684999999999999,false,true,true,false,1.2360788287183351,14,5,-0.49999999999999972,-0.86602540378443882,-0.97492791218182362,-0.22252093395631459
Innenstadt,2025-07-12T13:00:00Z,continuous_test,condition_b,710,710,20.530000000000001,false,true,true,false,1.3127784652101837,15,5,-0.70710678118654713,-0.70710678118654791,-0.97492791218182362,-0.22252093395631459
Innenstadt,2025-07-12T14:00:00Z,continuous_test,condition_b,648.5,648.5,19.285,false,true,true,false,1.2360788287183351,16,5,-0.86602540378443849,-0.50000000000000044,-0.97492791218182362,-0.22252093395631459
Innenstadt,2025-07-12T15:00:00Z,continuous_test,condition_b,502,502,17.645,false,true,true,false,1.0193717809076839,17,5,-0.96592582628906831,-0.25881904510252063,-0.97492791218182362,-0.22252093395631459
Innenstadt,2025-07-12T16:00:00Z,continuous_test,condition_b,426,426,16.494999999999997,false,true,true,false,0.88049779933733485,18,5,-1,-1.8369701987210297e-16,-0.97492791218182362,-0.22252093395631459
Innenstadt,2025-07-12T17:00:00Z,continuous_test,condition_b,324,324,17.039999999999999,false,true,true,false,0.6490847659338228,19,5,-0.96592582628906842,0.2588190451025203,-0.97492791218182362,-0.22252093395631459
Innenstadt,2025-07-12T18:00:00Z,continuous_test,condition_b,206.5,206.5,18.094999999999999,false,true,true,false,0.26868453174005585,20,5,-0.8660254037844386,0.50000000000000011,-0.97492791218182362,-0.22252093395631459
Innenstadt,2025-07-12T19:00:00Z,continuous_test,condition_b,172.5,172.5,15.234999999999999,false,true,true,false,0.11696851016415767,21,5,-0.70710678118654768,0.70710678118654735,-0.97492791218182362,-0.22252093395631459
Innenstadt,2025-07-12T20:00:00Z,continuous_test,condition_b,94,94,17.32,false,true,true,false,-0.39365880074177784,22,5,-0.50000000000000044,0.86602540378443837,-0.97492791218182362,-0.22252093395631459
Innenstadt,2025-07-12T21:00:00Z,continuous_test,condition_b,27,27,4.5899999999999999,false,true,true,false,-1.4293860958797562,23,5,-0.25881904510252157,0.96592582628906809,-0.97492791218182362,-0.22252093395631459
Innenstadt,2025-07-12T22:00:00Z,continuous_test,condition_b,37.75,,13.2525,true,false,true,true,-1.1878629004785375,0,6,0,1,-0.78183148246802991,0.62348980185873337
Innenstadt,2025-07-12T23:00:00Z,continuous_test,condition_b,48.5,48.5,21.914999999999999,false,true,true,false,-0.9463397050773189,1,6,0.25881904510252074,0.96592582628906831,-0.78183148246802991,0.62348980185873337
Innenstadt,2025-07-13T00:00:00Z,continuous_test,condition_b,26.5,26.5,12.48,false,true,true,false,-1.4446620882410997,2,6,0.49999999999999994,0.86602540378443871,-0.78183148246802991,0.62348980185873337
Innenstadt,2025-07-13T01:00:00Z,continuous_test,condition_b,16.5,16.5,28.815000000000001,false,true,true,false,-1.8278526528921768,3,6,0.70710678118654757,0.70710678118654757,-0.78183148246802991,0.62348980185873337
Innenstadt,2025-07-13T02:00:00Z,continuous_test,condition_b,15.5,15.5,19.875,false,true,true,false,-1.8777373133460842,4,6,0.8660254037844386,0.50000000000000011,-0.78183148246802991,0.62348980185873337
Innenstadt,2025-07-13T03:00:00Z,continuous_test,condition_b,14,14,27.074999999999999,false,true,true,false,-1.9585407727913042,5,6,0.96592582628906831,0.25881904510252074,-0.78183148246802991,0.62348980185873337
Innenstadt,2025-07-13T04:00:00Z,continuous_test,condition_b,29,29,13.755000000000001,false,true,true,false,-1.3708943093292474,6,6,1,6.123233995736766e-17,-0.78183148246802991,0.62348980185873337
Innenstadt,2025-07-13T05:00:00Z,continuous_test,condition_b,,,,true,false,false,false,0,7,6,0.96592582628906831,-0.25881904510252063,-0.78183148246802991,0.62348980185873337
Innenstadt,2025-07-13T06:00:00Z,continuous_test,condition_b,,,,true,false,false,false,0,8,6,0.86602540378443871,-0.49999999999999978,-0.78183148246802991,0.62348980185873337
Innenstadt,2025-07-13T07:00:00Z,continuous_test,condition_b,,,,true,false,false,false,0,9,6,0.70710678118654757,-0.70710678118654746,-0.78183148246802991,0.62348980185873337
Innenstadt,2025-07-13T08:00:00Z,continuous_test,condition_b,,,,true,false,false,false,0,10,6,0.49999999999999994,-0.86602540378443871,-0.78183148246802991,0.62348980185873337
Innenstadt,2025-07-13T09:00:00Z,continuous_test,condition_b,,,,true,false,false,false,0,11,6,0.25881904510252102,-0.9659258262890682,-0.78183148246802991,0.62348980185873337
Innenstadt,2025-07-13T10:00:00Z,continuous_test,condition_b,,,,true,false,false,false,0,12,6,1.2246467991473532e-16,-1,-0.78183148246802991,0.62348980185873337
Innenstadt,2025-07-13T11:00:00Z,continuous_test,condition_b,,,,true,false,false,false,0,13,6,-0.25881904510252079,-0.96592582628906831,-0.78183148246802991,0.62348980185873337
Innenstadt,2025-07-13T12:00:00Z,continuous_test,condition_b,,,,true,false,false,false,0,14,6,-0.49999999999999972,-0.86602540378443882,-0.78183148246802991,0.62348980185873337
Innenstadt,2025-07-13T13:00:00Z,continuous_test,condition_b,,,,true,false,false,false,0,15,6,-0.70710678118654713,-0.70710678118654791,-0.78183148246802991,0.62348980185873337
Innenstadt,2025-07-13T14:00:00Z,continuous_test,condition_b,,,,true,false,false,false,0,16,6,-0.86602540378443849,-0.50000000000000044,-0.78183148246802991,0.62348980185873337
Innenstadt,2025-07-13T15:00:00Z,continuous_test,condition_b,,,,true,false,false,false,0,17,6,-0.96592582628906831,-0.25881904510252063,-0.78183148246802991,0.62348980185873337
Innenstadt,2025-07-13T16:00:00Z,continuous_test,condition_b,,,,true,false,false,false,0,18,6,-1,-1.8369701987210297e-16,-0.78183148246802991,0.62348980185873337
Innenstadt,2025-07-13T17:00:00Z,continuous_test,condition_b,,,,true,false,false,false,0,19,6,-0.96592582628906842,0.2588190451025203,-0.78183148246802991,0.62348980185873337
Innenstadt,2025-07-13T18:00:00Z,continuous_test,condition_b,,,,true,false,false,false,0,20,6,-0.8660254037844386,0.50000000000000011,-0.78183148246802991,0.62348980185873337
Innenstadt,2025-07-13T19:00:00Z,continuous_test,condition_b,,,,true,false,false,false,0,21,6,-0.70710678118654768,0.70710678118654735,-0.78183148246802991,0.62348980185873337
Innenstadt,2025-07-13T20:00:00Z,continuous_test,condition_b,,,,true,false,false,false,0,22,6,-0.50000000000000044,0.86602540378443837,-0.78183148246802991,0.62348980185873337
Innenstadt,2025-07-13T21:00:00Z,continuous_test,condition_b,0,0,0,false,true,true,false,-4.2544112144338184,23,6,-0.25881904510252157,0.96592582628906809,-0.78183148246802991,0.62348980185873337
Innenstadt,2025-07-13T22:00:00Z,continuous_test,condition_b,16.75,,17.5275,true,false,true,true,-2.7534080491662607,0,0,0,1,0,1
Innenstadt,2025-07-13T23:00:00Z,continuous_test,condition_b,33.5,33.5,35.055,false,true,true,false,-1.252404883898703,1,0,0.25881904510252074,0.96592582628906831,0,1
Karlstraße 15,2025-07-08T00:00:00Z,continuous_test,condition_b,5,5,25.215,false,true,true,false,-1.6338733740433213,2,1,0.49999999999999994,0.86602540378443871,0.7818314824680298,0.62348980185873359
Karlstraße 15,2025-07-08T01:00:00Z,continuous_test,condition_b,6,6,3.6400000000000001,false,true,true,false,-1.4947933299529674,3,1,0.70710678118654757,0.70710678118654757,0.7818314824680298,0.62348980185873359
Karlstraße 15,2025-07-08T02:00:00Z,continuous_test,condition_b,3,3,3.27,false,true,true,false,-1.9996979372303065,4,1,0.8660254037844386,0.50000000000000011,0.7818314824680298,0.62348980185873359
Karlstraße 15,2025-07-08T03:00:00Z,continuous_test,condition_b,13,13,6.3700000000000001,false,true,true,false,-0.86941210853110307,5,1,0.96592582628906831,0.25881904510252074,0.7818314824680298,0.62348980185873359
Karlstraße 15,2025-07-08T04:00:00Z,continuous_test,condition_b,26.75,,6.2825000000000006,true,false,true,true,-0.37921188191935712,6,1,1,6.123233995736766e-17,0.7818314824680298,0.62348980185873359
Karlstraße 15,2025-07-08T05:00:00Z,continuous_test,condition_b,40.5,40.5,6.1950000000000003,false,true,true,false,0.1109883446923888,7,1,0.96592582628906831,-0.25881904510252063,0.7818314824680298,0.62348980185873359
Karlstraße 15,2025-07-08T06:00:00Z,continuous_test,condition_b,53,53,4.4400000000000004,false,true,true,false,0.34853819517437817,8,1,0.86602540378443871,-0.49999999999999978,0.7818314824680298,0.62348980185873359
Karlstraße 15,2025-07-08T07:00:00Z,continuous_test,condition_b,88.5,88.5,11.390000000000001,false,true,true,false,0.8043962501858416,9,1,0.70710678118654757,-0.70710678118654746,0.7818314824680298,0.62348980185873359
Karlstraße 15,2025-07-08T08:00:00Z,continuous_test,condition_b,107.75,,9.7349999999999994,true,false,true,true,0.96580221003242905,10,1,0.49999999999999994,-0.86602540378443871,0.7818314824680298,0.62348980185873359
Karlstraße 15,2025-07-08T09:00:00Z,continuous_test,condition_b,127,127,8.0800000000000001,false,true,true,false,1.1272081698790166,11,1,0.25881904510252102,-0.9659258262890682,0.7818314824680298,0.62348980185873359
Karlstraße 15,2025-07-08T10:00:00Z,continuous_test,condition_b,121,121,11.6,false,true,true,false,1.0838926014451646,12,1,1.2246467991473532e-16,-1,0.7818314824680298,0.62348980185873359
Karlstraße 15,2025-07-08T11:00:00Z,continuous_test,condition_b,148,148,7.4800000000000004,false,true,true,false,1.2642720469028665,13,1,-0.25881904510252079,-0.96592582628906831,0.7818314824680298,0.62348980185873359
Karlstraße 15,2025-07-08T12:00:00Z,continuous_test,condition_b,118,118,10.93,false,true,true,false,1.0614291742246551,14,1,-0.49999999999999972,-0.86602540378443882,0.7818314824680298,0.62348980185873359
Karlstraße 15,2025-07-08T13:00:00Z,continuous_test,condition_b,117,117,7.2800000000000002,false,true,true,false,1.0538153367465799,15,1,-0.70710678118654713,-0.70710678118654791,0.7818314824680298,0.62348980185873359
Karlstraße 15,2025-07-08T14:00:00Z,continuous_test,condition_b,,,,true,false,false,false,0,16,1,-0.86602540378443849,-0.50000000000000044,0.7818314824680298,0.62348980185873359
Karlstraße 15,2025-07-08T15:00:00Z,continuous_test,condition_b,,,,true,false,false,false,0,17,1,-0.96592582628906831,-0.25881904510252063,0.7818314824680298,0.62348980185873359
Karlstraße 15,2025-07-08T16:00:00Z,continuous_test,condition_b,,,,true,false,false,false,0,18,1,-1,-1.8369701987210297e-16,0.7818314824680298,0.62348980185873359
Karlstraße 15,2025-07-08T17:00:00Z,continuous_test,condition_b,,,,true,false,false,false,0,19,1,-0.96592582628906842,0.2588190451025203,0.7818314824680298,0.62348980185873359
Karlstraße 15,2025-07-08T18:00:00Z,continuous_test,condition_b,,,,true,false,false,false,0,20,1,-0.8660254037844386,0.50000000000000011,0.7818314824680298,0.62348980185873359
Karlstraße 15,2025-07-08T19:00:00Z,continuous_test,condition_b,,,,true,false,false,false,0,21,1,-0.70710678118654768,0.70710678118654735,0.7818314824680298,0.62348980185873359
Karlstraße 15,2025-07-08T20:00:00Z,continuous_test,condition_b,,,,true,false,false,false,0,22,1,-0.50000000000000044,0.86602540378443837,0.7818314824680298,0.62348980185873359
Karlstraße 15,2025-07-08T21:00:00Z,continuous_test,condition_b,,,,true,false,false,false,0,23,1,-0.25881904510252157,0.96592582628906809,0.7818314824680298,0.62348980185873359
Karlstraße 15,2025-07-08T22:00:00Z,continuous_test,condition_b,,,,true,false,false,false,0,0,2,0,1,0.97492791218182362,-0.22252093395631434
Karlstraße 15,2025-07-08T23:00:00Z,continuous_test,condition_b,,,,true,false,false,false,0,1,2,0.25881904510252074,0.96592582628906831,0.97492791218182362,-0.22252093395631434
Karlstraße 15,2025-07-09T00:00:00Z,continuous_test,condition_b,,,,true,false,false,false,0,2,2,0.49999999999999994,0.86602540378443871,0.97492791218182362,-0.22252093395631434
Karlstraße 15,2025-07-09T01:00:00Z,continuous_test,condition_b,,,,true,false,false,false,0,3,2,0.70710678118654757,0.70710678118654757,0.97492791218182362,-0.22252093395631434
Karlstraße 15,2025-07-09T02:00:00Z,continuous_test,condition_b,,,,true,false,false,false,0,4,2,0.8660254037844386,0.50000000000000011,0.97492791218182362,-0.22252093395631434
Karlstraße 15,2025-07-09T03:00:00Z,continuous_test,condition_b,,,,true,false,false,false,0,5,2,0.96592582628906831,0.25881904510252074,0.97492791218182362,-0.22252093395631434
Karlstraße 15,2025-07-09T04:00:00Z,continuous_test,condition_b,,,,true,false,false,false,0,6,2,1,6.123233995736766e-17,0.97492791218182362,-0.22252093395631434
Karlstraße 15,2025-07-09T05:00:00Z,continuous_test,condition_b,,,,true,false,false,false,0,7,2,0.96592582628906831,-0.25881904510252063,0.97492791218182362,-0.22252093395631434
Karlstraße 15,2025-07-09T06:00:00Z,continuous_test,condition_b,,,,true,false,false,false,0,8,2,0.86602540378443871,-0.49999999999999978,0.97492791218182362,-0.22252093395631434
Karlstraße 15,2025-07-09T07:00:00Z,continuous_test,condition_b,93,93,9.7300000000000004,false,true,true,false,0.84865640190626235,9,2,0.70710678118654757,-0.70710678118654746,0.97492791218182362,-0.22252093395631434
Karlstraße 15,2025-07-09T08:00:00Z,continuous_test,condition_b,85,85,7.0700000000000003,false,true,true,false,0.76840492140184147,10,2,0.49999999999999994,-0.86602540378443871,0.97492791218182362,-0.22252093395631434
Karlstraße 15,2025-07-09T09:00:00Z,continuous_test,condition_b,122,122,8.8399999999999999,false,true,true,false,1.0912578210140302,11,2,0.25881904510252102,-0.9659258262890682,0.97492791218182362,-0.22252093395631434
Karlstraße 15,2025-07-09T10:00:00Z,continuous_test,condition_b,100,100,6.6299999999999999,false,true,true,false,0.91346004949436643,12,2,1.2246467991473532e-16,-1,0.97492791218182362,-0.22252093395631434
Karlstraße 15,2025-07-09T11:00:00Z,continuous_test,condition_b,98,98,7.9699999999999998,false,true,true,false,0.89541476023247479,13,2,-0.25881904510252079,-0.96592582628906831,0.97492791218182362,-0.22252093395631434
Karlstraße 15,2025-07-09T12:00:00Z,continuous_test,condition_b,104,104,7.25,false,true,true,false,0.9485026826902837,14,2,-0.49999999999999972,-0.86602540378443882,0.97492791218182362,-0.22252093395631434
Karlstraße 15,2025-07-09T13:00:00Z,continuous_test,condition_b,113.5,,7.9100000000000001,true,false,true,true,1.0235330426067084,15,2,-0.70710678118654713,-0.70710678118654791,0.97492791218182362,-0.22252093395631434
Karlstraße 15,2025-07-09T14:00:00Z,continuous_test,condition_b,123,123,8.5700000000000003,false,true,true,false,1.098563402523133,16,2,-0.86602540378443849,-0.50000000000000044,0.97492791218182362,-0.22252093395631434
Karlstraße 15,2025-07-09T15:00:00Z,continuous_test,condition_b,85,85,7.6600000000000001,false,true,true,false,0.76840492140184147,17,2,-0.96592582628906831,-0.25881904510252063,0.97492791218182362,-0.22252093395631434
Karlstraße 15,2025-07-09T16:00:00Z,continuous_test,condition_b,94,94,10.75,false,true,true,false,0.8582039448292601,18,2,-1,-1.8369701987210297e-16,0.97492791218182362,-0.22252093395631434
Karlstraße 15,2025-07-09T17:00:00Z,continuous_test,condition_b,57.5,57.5,8.4350000000000005,false,true,true,false,0.42075547845085592,19,2,-0.96592582628906842,0.2588190451025203,0.97492791218182362,-0.22252093395631434
Karlstraße 15,2025-07-09T18:00:00Z,continuous_test,condition_b,48,48,8.375,false,true,true,false,0.2608737201681004,20,2,-0.8660254037844386,0.50000000000000011,0.97492791218182362,-0.22252093395631434
Karlstraße 15,2025-07-09T19:00:00Z,continuous_test,condition_b,26,26,7.5,false,true,true,false,-0.27684302624748652,21,2,-0.70710678118654768,0.70710678118654735,0.97492791218182362,-0.22252093395631434
Karlstraße 15,2025-07-09T20:00:00Z,continuous_test,condition_b,13.5,13.5,6.5650000000000004,false,true,true,false,-0.83775151311881368,22,2,-0.50000000000000044,0.86602540378443837,0.97492791218182362,-0.22252093395631434
Karlstraße 15,2025-07-09T21:00:00Z,continuous_test,condition_b,2,2,2.125,false,true,true,false,-2.2592545954651859,23,2,-0.25881904510252157,0.96592582628906809,0.97492791218182362,-0.22252093395631434
Karlstraße 15,2025-07-09T22:00:00Z,continuous_test,condition_b,,,,true,false,false,false,0,0,3,0,1,0.43388373911755823,-0.90096886790241903
Karlstraße 15,2025-07-09T23:00:00Z,continuous_test,condition_b,,,,true,false,false,false,0,1,3,0.25881904510252074,0.96592582628906831,0.43388373911755823,-0.90096886790241903
Karlstraße 15,2025-07-10T00:00:00Z,continuous_test,condition_b,,,,true,false,false,false,0,2,3,0.49999999999999994,0.86602540378443871,0.43388373911755823,-0.90096886790241903
Karlstraße 15,2025-07-10T01:00:00Z,continuous_test,condition_b,,,,true,false,false,false,0,3,3,0.70710678118654757,0.70710678118654757,0.43388373911755823,-0.90096886790241903
Karlstraße 15,2025-07-10T02:00:00Z,continuous_test,condition_b,,,,true,false,false,false,0,4,3,0.8660254037844386,0.50000000000000011,0.43388373911755823,-0.90096886790241903
Karlstraße 15,2025-07-10T03:00:00Z,continuous_test,condition_b,,,,true,false,false,false,0,5,3,0.96592582628906831,0.25881904510252074,0.43388373911755823,-0.90096886790241903
Karlstraße 15,2025-07-10T04:00:00Z,continuous_test,condition_b,,,,true,false,false,false,0,6,3,1,6.123233995736766e-17,0.43388373911755823,-0.90096886790241903
Karlstraße 15,2025-07-10T05:00:00Z,continuous_test,condition_b,,,,true,false,false,false,0,7,3,0.96592582628906831,-0.25881904510252063,0.43388373911755823,-0.90096886790241903
Karlstraße 15,2025-07-10T06:00:00Z,continuous_test,condition_b,,,,true,false,false,false,0,8,3,0.86602540378443871,-0.49999999999999978,0.43388373911755823,-0.90096886790241903
Karlstraße 15,2025-07-10T07:00:00Z,continuous_test,condition_b,81,81,8.5899999999999999,false,true,true,false,0.72543325782704582,9,3,0.70710678118654757,-0.70710678118654746,0.43388373911755823,-0.90096886790241903
Karlstraße 15,2025-07-10T08:00:00Z,continuous_test,condition_b,98.5,98.5,10.34,false,true,true,false,0.89996003123997026,10,3,0.49999999999999994,-0.86602540378443871,0.43388373911755823,-0.90096886790241903
Karlstraße 15,2025-07-10T09:00:00Z,continuous_test,condition_b,120,120,8.4049999999999994,false,true,true,false,1.076466762103587,11,3,0.25881904510252102,-0.9659258262890682,0.43388373911755823,-0.90096886790241903
Karlstraße 15,2025-07-10T10:00:00Z,continuous_test,condition_b,116,116,9.6050000000000004,false,true,true,false,1.0461366998727206,12,3,1.2246467991473532e-16,-1,0.43388373911755823,-0.90096886790241903
Karlstraße 15,2025-07-10T11:00:00Z,continuous_test,condition_b,104,104,8.2300000000000004,false,true,true,false,0.9485026826902837,13,3,-0.25881904510252079,-0.96592582628906831,0.43388373911755823,-0.90096886790241903
Karlstraße 15,2025-07-10T12:00:00Z,continuous_test,condition_b,71,71,7.7799999999999994,false,true,true,false,0.60809485340925762,14,3,-0.49999999999999972,-0.86602540378443882,0.43388373911755823,-0.90096886790241903
Karlstraße 15,2025-07-10T13:00:00Z,continuous_test,condition_b,104.5,104.5,10.715,false,true,true,false,0.95278883985716745,15,3,-0.70710678118654713,-0.70710678118654791,0.43388373911755823,-0.90096886790241903
Karlstraße 15,2025-07-10T14:00:00Z,continuous_test,condition_b,117,117,8.4199999999999999,false,true,true,false,1.0538153367465799,16,3,-0.86602540378443849,-0.50000000000000044,0.43388373911755823,-0.90096886790241903
Karlstraße 15,2025-07-10T15:00:00Z,continuous_test,condition_b,112,112,12.43,false,true,true,false,1.0147514697568802,17,3,-0.96592582628906831,-0.25881904510252063,0.43388373911755823,-0.90096886790241903
Karlstraße 15,2025-07-10T16:00:00Z,continuous_test,condition_b,123.5,123.5,9.8800000000000008,false,true,true,false,1.1021941293012383,18,3,-1,-1.8369701987210297e-16,0.43388373911755823,-0.90096886790241903
Karlstraße 15,2025-07-10T17:00:00Z,continuous_test,condition_b,76,76,8.6799999999999997,false,true,true,false,0.66867024113584395,19,3,-0.96592582628906842,0.2588190451025203,0.43388373911755823,-0.90096886790241903
Karlstraße 15,2025-07-10T18:00:00Z,continuous_test,condition_b,57,57,8.1600000000000001,false,true,true,false,0.41301092972491538,20,3,-0.8660254037844386,0.50000000000000011,0.43388373911755823,-0.90096886790241903
Karlstraße 15,2025-07-10T19:00:00Z,continuous_test,condition_b,42,42,8.1099999999999994,false,true,true,false,0.14302369997997713,21,3,-0.70710678118654768,0.70710678118654735,0.43388373911755823,-0.90096886790241903
Karlstraße 15,2025-07-10T20:00:00Z,continuous_test,condition_b,21,21,6.4299999999999997,false,true,true,false,-0.46161558756335952,22,3,-0.50000000000000044,0.86602540378443837,0.43388373911755823,-0.90096886790241903
Karlstraße 15,2025-07-10T21:00:00Z,continuous_test,condition_b,6,6,2.3300000000000001,false,true,true,false,-1.4947933299529674,23,3,-0.25881904510252157,0.96592582628906809,0.43388373911755823,-0.90096886790241903
Karlstraße 15,2025-07-10T22:00:00Z,continuous_test,condition_b,9,,10.285,true,false,true,true,-1.2155340996489732,0,4,0,1,-0.43388373911755801,-0.90096886790241915
Karlstraße 15,2025-07-10T23:00:00Z,continuous_test,condition_b,12,12,18.239999999999998,false,true,true,false,-0.93627486934497883,1,4,0.25881904510252074,0.96592582628906831,-0.43388373911755801,-0.90096886790241915
Karlstraße 15,2025-07-11T00:00:00Z,continuous_test,condition_b,8,8,14.119999999999999,false,true,true,false,-1.2680488108563359,2,4,0.49999999999999994,0.86602540378443871,-0.43388373911755801,-0.90096886790241915
Karlstraße 15,2025-07-11T01:00:00Z,continuous_test,condition_b,5.5,5.5,5,false,true,true,false,-1.5616560907668435,3,4,0.70710678118654757,0.70710678118654757,-0.43388373911755801,-0.90096886790241915
Karlstraße 15,2025-07-11T02:00:00Z,continuous_test,condition_b,2,2,2.2400000000000002,false,true,true,false,-2.2592545954651859,4,4,0.8660254037844386,0.50000000000000011,-0.43388373911755801,-0.90096886790241915
Karlstraße 15,2025-07-11T03:00:00Z,continuous_test,condition_b,13,13,7.8849999999999998,false,true,true,false,-0.86941210853110307,5,4,0.96592582628906831,0.25881904510252074,-0.43388373911755801,-0.90096886790241915
Karlstraße 15,2025-07-11T04:00:00Z,continuous_test,condition_b,26,26,7.4100000000000001,false,true,true,false,-0.27684302624748652,6,4,1,6.123233995736766e-17,-0.43388373911755801,-0.90096886790241915
Karlstraße 15,2025-07-11T05:00:00Z,continuous_test,condition_b,33,33,7.915,false,true,true,false,-0.068856654474548307,7,4,0.96592582628906831,-0.25881904510252063,-0.43388373911755801,-0.90096886790241915
Karlstraße 15,2025-07-11T06:00:00Z,continuous_test,condition_b,70.5,70.5,9.5749999999999993,false,true,true,false,0.60180748032196729,8,4,0.86602540378443871,-0.49999999999999978,-0.43388373911755801,-0.90096886790241915
Karlstraße 15,2025-07-11T07:00:00Z,continuous_test,condition_b,,,,true,false,false,false,0,9,4,0.70710678118654757,-0.70710678118654746,-0.43388373911755801,-0.90096886790241915
Karlstraße 15,2025-07-11T08:00:00Z,continuous_test,condition_b,,,,true,false,false,false,0,10,4,0.49999999999999994,-0.86602540378443871,-0.43388373911755801,-0.90096886790241915
Karlstraße 15,2025-07-11T09:00:00Z,continuous_test,condition_b,,,,true,false,false,false,0,11,4,0.25881904510252102,-0.9659258262890682,-0.43388373911755801,-0.90096886790241915
Karlstraße 15,2025-07-11T10:00:00Z,continuous_test,condition_b,,,,true,false,false,false,0,12,4,1.2246467991473532e-16,-1,-0.43388373911755801,-0.90096886790241915
Karlstraße 15,2025-07-11T11:00:00Z,continuous_test,condition_b,,,,true,false,false,false,0,13,4,-0.25881904510252079,-0.96592582628906831,-0.43388373911755801,-0.90096886790241915
Karlstraße 15,2025-07-11T12:00:00Z,continuous_test,condition_b,,,,true,false,false,false,0,14,4,-0.49999999999999972,-0.86602540378443882,-0.43388373911755801,-0.90096886790241915
Karlstraße 15,2025-07-11T13:00:00Z,continuous_test,condition_b,,,,true,false,false,false,0,15,4,-0.70710678118654713,-0.70710678118654791,-0.43388373911755801,-0.90096886790241915
Karlstraße 15,2025-07-11T14:00:00Z,continuous_test,condition_b,,,,true,false,false,false,0,16,4,-0.86602540378443849,-0.50000000000000044,-0.43388373911755801,-0.90096886790241915
Karlstraße 15,2025-07-11T15:00:00Z,continuous_test,condition_b,,,,true,false,false,false,0,17,4,-0.96592582628906831,-0.25881904510252063,-0.43388373911755801,-0.90096886790241915
Karlstraße 15,2025-07-11T16:00:00Z,continuous_test,condition_b,,,,true,false,false,false,0,18,4,-1,-1.8369701987210297e-16,-0.43388373911755801,-0.90096886790241915
Karlstraße 15,2025-07-11T17:00:00Z,continuous_test,condition_b,111,111,11.24,false,true,true,false,1.0067315557344907,19,4,-0.96592582628906842,0.2588190451025203,-0.43388373911755801,-0.90096886790241915
Karlstraße 15,2025-07-11T18:00:00Z,continuous_test,condition_b,77,,9.4700000000000006,true,false,true,true,0.58524859479649771,20,4,-0.8660254037844386,0.50000000000000011,-0.43388373911755801,-0.90096886790241915
Karlstraße 15,2025-07-11T19:00:00Z,continuous_test,condition_b,43,43,7.7000000000000002,false,true,true,false,0.16376563385850476,21,4,-0.70710678118654768,0.70710678118654735,-0.43388373911755801,-0.90096886790241915
Karlstraße 15,2025-07-11T20:00:00Z,continuous_test,condition_b,27.5,27.5,7.3599999999999994,false,true,true,false,-0.22806172001815669,22,4,-0.50000000000000044,0.86602540378443837,-0.43388373911755801,-0.90096886790241915
Karlstraße 15,2025-07-11T21:00:00Z,continuous_test,condition_b,4,4,1.9099999999999999,false,true,true,false,-1.7983701520396338,23,4,-0.25881904510252157,0.96592582628906809,-0.43388373911755801,-0.90096886790241915
Karlstraße 15,2025-07-11T22:00:00Z,continuous_test,condition_b,7,,9.3049999999999997,true,false,true,true,-1.4426834805124291,0,5,0,1,-0.97492791218182362,-0.22252093395631459
Karlstraße 15,2025-07-11T23:00:00Z,continuous_test,condition_b,10,10,16.699999999999999,false,true,true,false,-1.0869968089852242,1,5,0.25881904510252074,0.96592582628906831,-0.97492791218182362,-0.22252093395631459
Karlstraße 15,2025-07-12T00:00:00Z,continuous_test,condition_b,,,,true,false,false,false,0,2,5,0.49999999999999994,0.86602540378443871,-0.97492791218182362,-0.22252093395631459
Karlstraße 15,2025-07-12T01:00:00Z,continuous_test,condition_b,,,,true,false,false,false,0,3,5,0.70710678118654757,0.70710678118654757,-0.97492791218182362,-0.22252093395631459
Karlstraße 15,2025-07-12T02:00:00Z,continuous_test,condition_b,,,,true,false,false,false,0,4,5,0.8660254037844386,0.50000000000000011,-0.97492791218182362,-0.22252093395631459
Karlstraße 15,2025-07-12T03:00:00Z,continuous_test,condition_b,,,,true,false,false,false,0,5,5,0.96592582628906831,0.25881904510252074,-0.97492791218182362,-0.22252093395631459
Karlstraße 15,2025-07-12T04:00:00Z,continuous_test,condition_b,,,,true,false,false,false,0,6,5,1,6.123233995736766e-17,-0.97492791218182362,-0.22252093395631459
Karlstraße 15,2025-07-12T05:00:00Z,continuous_test,condition_b,,,,true,false,false,false,0,7,5,0.96592582628906831,-0.25881904510252063,-0.97492791218182362,-0.22252093395631459
Karlstraße 15,2025-07-12T06:00:00Z,continuous_test,condition_b,46,46,6.4699999999999998,false,true,true,false,0.22327518048439768,8,5,0.86602540378443871,-0.49999999999999978,-0.97492791218182362,-0.22252093395631459
Karlstraße 15,2025-07-12T07:00:00Z,continuous_test,condition_b,80,80,9.5399999999999991,false,true,true,false,0.71436275836136343,9,5,0.70710678118654757,-0.70710678118654746,-0.97492791218182362,-0.22252093395631459
Karlstraße 15,2025-07-12T08:00:00Z,continuous_test,condition_b,98.666666666666686,,10.683333333333332,true,false,true,true,0.87241370346070923,10,5,0.49999999999999994,-0.86602540378443871,-0.97492791218182362,-0.22252093395631459
Karlstraße 15,2025-07-12T09:00:00Z,continuous_test,condition_b,117.33333333333334,,11.826666666666666,true,false,true,true,1.030464648560055,11,5,0.25881904510252102,-0.9659258262890682,-0.97492791218182362,-0.22252093395631459
Karlstraße 15,2025-07-12T10:00:00Z,continuous_test,condition_b,136,136,12.970000000000001,false,true,true,false,1.1885155936594007,12,5,1.2246467991473532e-16,-1,-0.97492791218182362,-0.22252093395631459
Karlstraße 15,2025-07-12T11:00:00Z,continuous_test,condition_b,168,168,13.289999999999999,false,true,true,false,1.3779106413840778,13,5,-0.25881904510252079,-0.96592582628906831,-0.97492791218182362,-0.22252093395631459
Karlstraße 15,2025-07-12T12:00:00Z,continuous_test,condition_b,129.5,129.5,9.5500000000000007,false,true,true,false,1.1446600560988858,14,5,-0.49999999999999972,-0.86602540378443882,-0.97492791218182362,-0.22252093395631459
Karlstraße 15,2025-07-12T13:00:00Z,continuous_test,condition_b,154,154,8.6649999999999991,false,true,true,false,1.2998911877138057,15,5,-0.70710678118654713,-0.70710678118654791,-0.97492791218182362,-0.22252093395631459
Karlstraße 15,2025-07-12T14:00:00Z,continuous_test,condition_b,139.5,139.5,9.3699999999999992,false,true,true,false,1.2112758662100267,16,5,-0.86602540378443849,-0.50000000000000044,-0.97492791218182362,-0.22252093395631459
Karlstraße 15,2025-07-12T15:00:00Z,continuous_test,condition_b,151,151,9.0500000000000007,false,true,true,false,1.2822573810604523,17,5,-0.96592582628906831,-0.25881904510252063,-0.97492791218182362,-0.22252093395631459
Karlstraße 15,2025-07-12T16:00:00Z,continuous_test,condition_b,94,94,7.7349999999999994,false,true,true,false,0.8582039448292601,18,5,-1,-1.8369701987210297e-16,-0.97492791218182362,-0.22252093395631459
Karlstraße 15,2025-07-12T17:00:00Z,continuous_test,condition_b,71.5,71.5,11.465,false,true,true,false,0.61433871491558789,19,5,-0.96592582628906842,0.2588190451025203,-0.97492791218182362,-0.22252093395631459
Karlstraße 15,2025-07-12T18:00:00Z,continuous_test,condition_b,40,40,13.49,false,true,true,false,0.10005203640518112,20,5,-0.8660254037844386,0.50000000000000011,-0.97492791218182362,-0.22252093395631459
Karlstraße 15,2025-07-12T19:00:00Z,continuous_test,condition_b,29,29,5.9199999999999999,false,true,true,false,-0.18178314600891929,21,5,-0.70710678118654768,0.70710678118654735,-0.97492791218182362,-0.22252093395631459
Karlstraße 15,2025-07-12T20:00:00Z,continuous_test,condition_b,24,24,7.0199999999999996,false,true,true,false,-0.34627992400523194,22,5,-0.50000000000000044,0.86602540378443837,-0.97492791218182362,-0.22252093395631459
Karlstraße 15,2025-07-12T21:00:00Z,continuous_test,condition_b,7.5,7.5,3.0249999999999999,false,true,true,false,-1.3196190973182778,23,5,-0.25881904510252157,0.96592582628906809,-0.97492791218182362,-0.22252093395631459
Karlstraße 15,2025-07-12T22:00:00Z,continuous_test,condition_b,44,44,15.48,false,true,true,false,0.18404141717806552,0,6,0,1,-0.78183148246802991,0.62348980185873337
Karlstraße 15,2025-07-12T23:00:00Z,continuous_test,condition_b,15,15,11.800000000000001,false,true,true,false,-0.74893549438657703,1,6,0.25881904510252074,0.96592582628906831,-0.78183148246802991,0.62348980185873337
Karlstraße 15,2025-07-13T00:00:00Z,continuous_test,condition_b,3,3,4.5199999999999996,false,true,true,false,-1.9996979372303065,2,6,0.49999999999999994,0.86602540378443871,-0.78183148246802991,0.62348980185873337
Karlstraße 15,2025-07-13T01:00:00Z,continuous_test,condition_b,4,4,0.62,false,true,true,false,-1.7983701520396338,3,6,0.70710678118654757,0.70710678118654757,-0.78183148246802991,0.62348980185873337
Karlstraße 15,2025-07-13T02:00:00Z,continuous_test,condition_b,3,3,14.699999999999999,false,true,true,false,-1.9996979372303065,4,6,0.8660254037844386,0.50000000000000011,-0.78183148246802991,0.62348980185873337
Karlstraße 15,2025-07-13T03:00:00Z,continuous_test,condition_b,3,3,41.490000000000002,false,true,true,false,-1.9996979372303065,5,6,0.96592582628906831,0.25881904510252074,-0.78183148246802991,0.62348980185873337
Karlstraße 15,2025-07-13T04:00:00Z,continuous_test,condition_b,,,,true,false,false,false,0,6,6,1,6.123233995736766e-17,-0.78183148246802991,0.62348980185873337
Karlstraße 15,2025-07-13T05:00:00Z,continuous_test,condition_b,,,,true,false,false,false,0,7,6,0.96592582628906831,-0.25881904510252063,-0.78183148246802991,0.62348980185873337
Karlstraße 15,2025-07-13T06:00:00Z,continuous_test,condition_b,,,,true,false,false,false,0,8,6,0.86602540378443871,-0.49999999999999978,-0.78183148246802991,0.62348980185873337
Karlstraße 15,2025-07-13T07:00:00Z,continuous_test,condition_b,,,,true,false,false,false,0,9,6,0.70710678118654757,-0.70710678118654746,-0.78183148246802991,0.62348980185873337
Karlstraße 15,2025-07-13T08:00:00Z,continuous_test,condition_b,,,,true,false,false,false,0,10,6,0.49999999999999994,-0.86602540378443871,-0.78183148246802991,0.62348980185873337
Karlstraße 15,2025-07-13T09:00:00Z,continuous_test,condition_b,,,,true,false,false,false,0,11,6,0.25881904510252102,-0.9659258262890682,-0.78183148246802991,0.62348980185873337
Karlstraße 15,2025-07-13T10:00:00Z,continuous_test,condition_b,,,,true,false,false,false,0,12,6,1.2246467991473532e-16,-1,-0.78183148246802991,0.62348980185873337
Karlstraße 15,2025-07-13T11:00:00Z,continuous_test,condition_b,,,,true,false,false,false,0,13,6,-0.25881904510252079,-0.96592582628906831,-0.78183148246802991,0.62348980185873337
Karlstraße 15,2025-07-13T12:00:00Z,continuous_test,condition_b,,,,true,false,false,false,0,14,6,-0.49999999999999972,-0.86602540378443882,-0.78183148246802991,0.62348980185873337
Karlstraße 15,2025-07-13T13:00:00Z,continuous_test,condition_b,,,,true,false,false,false,0,15,6,-0.70710678118654713,-0.70710678118654791,-0.78183148246802991,0.62348980185873337
Karlstraße 15,2025-07-13T14:00:00Z,continuous_test,condition_b,,,,true,false,false,false,0,16,6,-0.86602540378443849,-0.50000000000000044,-0.78183148246802991,0.62348980185873337
Karlstraße 15,2025-07-13T15:00:00Z,continuous_test,condition_b,,,,true,false,false,false,0,17,6,-0.96592582628906831,-0.25881904510252063,-0.78183148246802991,0.62348980185873337
Karlstraße 15,2025-07-13T16:00:00Z,continuous_test,condition_b,,,,true,false,false,false,0,18,6,-1,-1.8369701987210297e-16,-0.78183148246802991,0.62348980185873337
Karlstraße 15,2025-07-13T17:00:00Z,continuous_test,condition_b,,,,true,false,false,false,0,19,6,-0.96592582628906842,0.2588190451025203,-0.78183148246802991,0.62348980185873337
Karlstraße 15,2025-07-13T18:00:00Z,continuous_test,condition_b,,,,true,false,false,false,0,20,6,-0.8660254037844386,0.50000000000000011,-0.78183148246802991,0.62348980185873337
Karlstraße 15,2025-07-13T19:00:00Z,continuous_test,condition_b,,,,true,false,false,false,0,21,6,-0.70710678118654768,0.70710678118654735,-0.78183148246802991,0.62348980185873337
Karlstraße 15,2025-07-13T20:00:00Z,continuous_test,condition_b,,,,true,false,false,false,0,22,6,-0.50000000000000044,0.86602540378443837,-0.78183148246802991,0.62348980185873337
Karlstraße 15,2025-07-13T21:00:00Z,continuous_test,condition_b,4.5,4.5,0.34000000000000002,false,true,true,false,-1.712378030407089,23,6,-0.25881904510252157,0.96592582628906809,-0.78183148246802991,0.62348980185873337
Karlstraße 15,2025-07-13T22:00:00Z,continuous_test,condition_b,7.25,,17.794999999999998,true,false,true,true,-1.3996874196961566,0,0,0,1,0,1
Karlstraße 15,2025-07-13T23:00:00Z,continuous_test,condition_b,10,10,35.25,false,true,true,false,-1.0869968089852242,1,0,0.25881904510252074,0.96592582628906831,0,1
Karlstraße 6,2025-07-08T00:00:00Z,continuous_test,condition_b,4,4,4.1849999999999996,false,true,true,false,-1.1751329315827788,2,1,0.49999999999999994,0.86602540378443871,0.7818314824680298,0.62348980185873359
Karlstraße 6,2025-07-08T01:00:00Z,continuous_test,condition_b,1,1,2,false,true,true,false,-1.93783497282161,3,1,0.70710678118654757,0.70710678118654757,0.7818314824680298,0.62348980185873359
Karlstraße 6,2025-07-08T02:00:00Z,continuous_test,condition_b,1,1,4.2999999999999998,false,true,true,false,-1.93783497282161,4,1,0.8660254037844386,0.50000000000000011,0.7818314824680298,0.62348980185873359
Karlstraße 6,2025-07-08T03:00:00Z,continuous_test,condition_b,6,6,2.29,false,true,true,false,-0.8950601852762714,5,1,0.96592582628906831,0.25881904510252074,0.7818314824680298,0.62348980185873359
Karlstraße 6,2025-07-08T04:00:00Z,continuous_test,condition_b,12,,2.665,true,false,true,true,-0.47948249226399747,6,1,1,6.123233995736766e-17,0.7818314824680298,0.62348980185873359
Karlstraße 6,2025-07-08T05:00:00Z,continuous_test,condition_b,18,18,3.04,false,true,true,false,-0.063904799251723501,7,1,0.96592582628906831,-0.25881904510252063,0.7818314824680298,0.62348980185873359
Karlstraße 6,2025-07-08T06:00:00Z,continuous_test,condition_b,25.5,25.5,10.225,false,true,true,false,0.21303280226233876,8,1,0.86602540378443871,-0.49999999999999978,0.7818314824680298,0.62348980185873359
Karlstraße 6,2025-07-08T07:00:00Z,continuous_test,condition_b,65.5,65.5,9.4900000000000002,false,true,true,false,0.97886998829361527,9,1,0.70710678118654757,-0.70710678118654746,0.7818314824680298,0.62348980185873359
Karlstraße 6,2025-07-08T08:00:00Z,continuous_test,condition_b,61.25,,10.635,true,false,true,true,0.92195228910319837,10,1,0.49999999999999994,-0.86602540378443871,0.7818314824680298,0.62348980185873359
Karlstraße 6,2025-07-08T09:00:00Z,continuous_test,condition_b,57,57,11.779999999999999,false,true,true,false,0.86503458991278137,11,1,0.25881904510252102,-0.9659258262890682,0.7818314824680298,0.62348980185873359
Karlstraße 6,2025-07-08T10:00:00Z,continuous_test,condition_b,38,38,11.07,false,true,true,false,0.53467849632752096,12,1,1.2246467991473532e-16,-1,0.7818314824680298,0.62348980185873359
Karlstraße 6,2025-07-08T11:00:00Z,continuous_test,condition_b,83.5,83.5,8.1849999999999987,false,true,true,false,1.1782662632961087,13,1,-0.25881904510252079,-0.96592582628906831,0.7818314824680298,0.62348980185873359
Karlstraße 6,2025-07-08T12:00:00Z,continuous_test,condition_b,82,82,10.44,false,true,true,false,1.1633575669865543,14,1,-0.49999999999999972,-0.86602540378443882,0.7818314824680298,0.62348980185873359
Karlstraße 6,2025-07-08T13:00:00Z,continuous_test,condition_b,89,89,6.4000000000000004,false,true,true,false,1.2307545918864022,15,1,-0.70710678118654713,-0.70710678118654791,0.7818314824680298,0.62348980185873359
Karlstraße 6,2025-07-08T14:00:00Z,continuous_test,condition_b,,,,true,false,false,false,0,16,1,-0.86602540378443849,-0.50000000000000044,0.7818314824680298,0.62348980185873359
Karlstraße 6,2025-07-08T15:00:00Z,continuous_test,condition_b,,,,true,false,false,false,0,17,1,-0.96592582628906831,-0.25881904510252063,0.7818314824680298,0.62348980185873359
Karlstraße 6,2025-07-08T16:00:00Z,continuous_test,condition_b,,,,true,false,false,false,0,18,1,-1,-1.8369701987210297e-16,0.7818314824680298,0.62348980185873359
Karlstraße 6,2025-07-08T17:00:00Z,continuous_test,condition_b,,,,true,false,false,false,0,19,1,-0.96592582628906842,0.2588190451025203,0.7818314824680298,0.62348980185873359
Karlstraße 6,2025-07-08T18:00:00Z,continuous_test,condition_b,,,,true,false,false,false,0,20,1,-0.8660254037844386,0.50000000000000011,0.7818314824680298,0.62348980185873359
Karlstraße 6,2025-07-08T19:00:00Z,continuous_test,condition_b,,,,true,false,false,false,0,21,1,-0.70710678118654768,0.70710678118654735,0.7818314824680298,0.62348980185873359
Karlstraße 6,2025-07-08T20:00:00Z,continuous_test,condition_b,,,,true,false,false,false,0,22,1,-0.50000000000000044,0.86602540378443837,0.7818314824680298,0.62348980185873359
Karlstraße 6,2025-07-08T21:00:00Z,continuous_test,condition_b,,,,true,false,false,false,0,23,1,-0.25881904510252157,0.96592582628906809,0.7818314824680298,0.62348980185873359
Karlstraße 6,2025-07-08T22:00:00Z,continuous_test,condition_b,,,,true,false,false,false,0,0,2,0,1,0.97492791218182362,-0.22252093395631434
Karlstraße 6,2025-07-08T23:00:00Z,continuous_test,condition_b,,,,true,false,false,false,0,1,2,0.25881904510252074,0.96592582628906831,0.97492791218182362,-0.22252093395631434
Karlstraße 6,2025-07-09T00:00:00Z,continuous_test,condition_b,,,,true,false,false,false,0,2,2,0.49999999999999994,0.86602540378443871,0.97492791218182362,-0.22252093395631434
Karlstraße 6,2025-07-09T01:00:00Z,continuous_test,condition_b,,,,true,false,false,false,0,3,2,0.70710678118654757,0.70710678118654757,0.97492791218182362,-0.22252093395631434
Karlstraße 6,2025-07-09T02:00:00Z,continuous_test,condition_b,,,,true,false,false,false,0,4,2,0.8660254037844386,0.50000000000000011,0.97492791218182362,-0.22252093395631434
Karlstraße 6,2025-07-09T03:00:00Z,continuous_test,condition_b,,,,true,false,false,false,0,5,2,0.96592582628906831,0.25881904510252074,0.97492791218182362,-0.22252093395631434
Karlstraße 6,2025-07-09T04:00:00Z,continuous_test,condition_b,,,,true,false,false,false,0,6,2,1,6.123233995736766e-17,0.97492791218182362,-0.22252093395631434
Karlstraße 6,2025-07-09T05:00:00Z,continuous_test,condition_b,,,,true,false,false,false,0,7,2,0.96592582628906831,-0.25881904510252063,0.97492791218182362,-0.22252093395631434
Karlstraße 6,2025-07-09T06:00:00Z,continuous_test,condition_b,,,,true,false,false,false,0,8,2,0.86602540378443871,-0.49999999999999978,0.97492791218182362,-0.22252093395631434
Karlstraße 6,2025-07-09T07:00:00Z,continuous_test,condition_b,52,52,10.9,false,true,true,false,0.78999462355097638,9,2,0.70710678118654757,-0.70710678118654746,0.97492791218182362,-0.22252093395631434
Karlstraße 6,2025-07-09T08:00:00Z,continuous_test,condition_b,68,68,9.1400000000000006,false,true,true,false,1.0095886018586702,10,2,0.49999999999999994,-0.86602540378443871,0.97492791218182362,-0.22252093395631434
Karlstraße 6,2025-07-09T09:00:00Z,continuous_test,condition_b,57,57,9.2100000000000009,false,true,true,false,0.86503458991278137,11,2,0.25881904510252102,-0.9659258262890682,0.97492791218182362,-0.22252093395631434
Karlstraße 6,2025-07-09T10:00:00Z,continuous_test,condition_b,93,93,12.210000000000001,false,true,true,false,1.266950727551881,12,2,1.2246467991473532e-16,-1,0.97492791218182362,-0.22252093395631434
Karlstraße 6,2025-07-09T11:00:00Z,continuous_test,condition_b,51,51,8.4100000000000001,false,true,true,false,0.77413928781452457,13,2,-0.25881904510252079,-0.96592582628906831,0.97492791218182362,-0.22252093395631434
Karlstraße 6,2025-07-09T12:00:00Z,continuous_test,condition_b,72,72,12.025,false,true,true,false,1.0564956568383042,14,2,-0.49999999999999972,-0.86602540378443882,0.97492791218182362,-0.22252093395631434
Karlstraße 6,2025-07-09T13:00:00Z,continuous_test,condition_b,72,,11.4475,true,false,true,true,1.0564956568383042,15,2,-0.70710678118654713,-0.70710678118654791,0.97492791218182362,-0.22252093395631434
Karlstraße 6,2025-07-09T14:00:00Z,continuous_test,condition_b,72,72,10.869999999999999,false,true,true,false,1.0564956568383042,16,2,-0.86602540378443849,-0.50000000000000044,0.97492791218182362,-0.22252093395631434
Karlstraße 6,2025-07-09T15:00:00Z,continuous_test,condition_b,65.5,65.5,8.0800000000000001,false,true,true,false,0.97886998829361527,17,2,-0.96592582628906831,-0.25881904510252063,0.97492791218182362,-0.22252093395631434
Karlstraße 6,2025-07-09T16:00:00Z,continuous_test,condition_b,62.5,62.5,5.29,false,true,true,false,0.94044562989319469,18,2,-1,-1.8369701987210297e-16,0.97492791218182362,-0.22252093395631434
Karlstraße 6,2025-07-09T17:00:00Z,continuous_test,condition_b,31,31,6.8249999999999993,false,true,true,false,0.37001231233293991,19,2,-0.96592582628906842,0.2588190451025203,0.97492791218182362,-0.22252093395631434
Karlstraße 6,2025-07-09T18:00:00Z,continuous_test,condition_b,17.5,17.5,8.0749999999999993,false,true,true,false,-0.086102913647383969,20,2,-0.8660254037844386,0.50000000000000011,0.97492791218182362,-0.22252093395631434
Karlstraße 6,2025-07-09T19:00:00Z,continuous_test,condition_b,6,6,6.0899999999999999,false,true,true,false,-0.8950601852762714,21,2,-0.70710678118654768,0.70710678118654735,0.97492791218182362,-0.22252093395631434
Karlstraße 6,2025-07-09T20:00:00Z,continuous_test,condition_b,4,4,3.6699999999999999,false,true,true,false,-1.1751329315827788,22,2,-0.50000000000000044,0.86602540378443837,0.97492791218182362,-0.22252093395631434
Karlstraße 6,2025-07-09T21:00:00Z,continuous_test,condition_b,1.5,1.5,0.25,false,true,true,false,-1.7520947528714161,23,2,-0.25881904510252157,0.96592582628906809,0.97492791218182362,-0.22252093395631434
Karlstraße 6,2025-07-09T22:00:00Z,continuous_test,condition_b,,,,true,false,false,false,0,0,3,0,1,0.43388373911755823,-0.90096886790241903
Karlstraße 6,2025-07-09T23:00:00Z,continuous_test,condition_b,,,,true,false,false,false,0,1,3,0.25881904510252074,0.96592582628906831,0.43388373911755823,-0.90096886790241903
Karlstraße 6,2025-07-10T00:00:00Z,continuous_test,condition_b,,,,true,false,false,false,0,2,3,0.49999999999999994,0.86602540378443871,0.43388373911755823,-0.90096886790241903
Karlstraße 6,2025-07-10T01:00:00Z,continuous_test,condition_b,,,,true,false,false,false,0,3,3,0.70710678118654757,0.70710678118654757,0.43388373911755823,-0.90096886790241903
Karlstraße 6,2025-07-10T02:00:00Z,continuous_test,condition_b,,,,true,false,false,false,0,4,3,0.8660254037844386,0.50000000000000011,0.43388373911755823,-0.90096886790241903
Karlstraße 6,2025-07-10T03:00:00Z,continuous_test,condition_b,,,,true,false,false,false,0,5,3,0.96592582628906831,0.25881904510252074,0.43388373911755823,-0.90096886790241903
Karlstraße 6,2025-07-10T04:00:00Z,continuous_test,condition_b,,,,true,false,false,false,0,6,3,1,6.123233995736766e-17,0.43388373911755823,-0.90096886790241903
Karlstraße 6,2025-07-10T05:00:00Z,continuous_test,condition_b,,,,true,false,false,false,0,7,3,0.96592582628906831,-0.25881904510252063,0.43388373911755823,-0.90096886790241903
Karlstraße 6,2025-07-10T06:00:00Z,continuous_test,condition_b,,,,true,false,false,false,0,8,3,0.86602540378443871,-0.49999999999999978,0.43388373911755823,-0.90096886790241903
Karlstraße 6,2025-07-10T07:00:00Z,continuous_test,condition_b,44.5,44.5,6.4350000000000005,false,true,true,false,0.66299043278258818,9,3,0.70710678118654757,-0.70710678118654746,0.43388373911755823,-0.90096886790241903
Karlstraße 6,2025-07-10T08:00:00Z,continuous_test,condition_b,65.5,65.5,7.8499999999999996,false,true,true,false,0.97886998829361527,10,3,0.49999999999999994,-0.86602540378443871,0.43388373911755823,-0.90096886790241903
Karlstraße 6,2025-07-10T09:00:00Z,continuous_test,condition_b,70,70,10.619999999999999,false,true,true,false,1.0333725044237261,11,3,0.25881904510252102,-0.9659258262890682,0.43388373911755823,-0.90096886790241903
Karlstraße 6,2025-07-10T10:00:00Z,continuous_test,condition_b,81.5,81.5,9.6349999999999998,false,true,true,false,1.1583280655313295,12,3,1.2246467991473532e-16,-1,0.43388373911755823,-0.90096886790241903
Karlstraße 6,2025-07-10T11:00:00Z,continuous_test,condition_b,89,89,12.02,false,true,true,false,1.2307545918864022,13,3,-0.25881904510252079,-0.96592582628906831,0.43388373911755823,-0.90096886790241903
Karlstraße 6,2025-07-10T12:00:00Z,continuous_test,condition_b,65,65,4.4550000000000001,false,true,true,false,0.97258784558113565,14,3,-0.49999999999999972,-0.86602540378443882,0.43388373911755823,-0.90096886790241903
Karlstraße 6,2025-07-10T13:00:00Z,continuous_test,condition_b,94,94,8.7550000000000008,false,true,true,false,1.2757590632757456,15,3,-0.70710678118654713,-0.70710678118654791,0.43388373911755823,-0.90096886790241903
Karlstraße 6,2025-07-10T14:00:00Z,continuous_test,condition_b,105.5,105.5,11.005000000000001,false,true,true,false,1.3708735342253604,16,3,-0.86602540378443849,-0.50000000000000044,0.43388373911755823,-0.90096886790241903
Karlstraße 6,2025-07-10T15:00:00Z,continuous_test,condition_b,55,55,8.9499999999999993,false,true,true,false,0.83582527858964151,17,3,-0.96592582628906831,-0.25881904510252063,0.43388373911755823,-0.90096886790241903
Karlstraße 6,2025-07-10T16:00:00Z,continuous_test,condition_b,39,39,7.5599999999999996,false,true,true,false,0.55575253228313382,18,3,-1,-1.8369701987210297e-16,0.43388373911755823,-0.90096886790241903
Karlstraße 6,2025-07-10T17:00:00Z,continuous_test,condition_b,38.5,38.5,2.96,false,true,true,false,0.5452822060736261,19,3,-0.96592582628906842,0.2588190451025203,0.43388373911755823,-0.90096886790241903
Karlstraße 6,2025-07-10T18:00:00Z,continuous_test,condition_b,14,14,5.04,false,true,true,false,-0.26067008049250701,20,3,-0.8660254037844386,0.50000000000000011,0.43388373911755823,-0.90096886790241903
Karlstraße 6,2025-07-10T19:00:00Z,continuous_test,condition_b,26,26,5.4400000000000004,false,true,true,false,0.22859175916056756,21,3,-0.70710678118654768,0.70710678118654735,0.43388373911755823,-0.90096886790241903
Karlstraße 6,2025-07-10T20:00:00Z,continuous_test,condition_b,13,,2.7200000000000002,true,false,true,true,-1.1431025174748402,22,3,-0.50000000000000044,0.86602540378443837,0.43388373911755823,-0.90096886790241903
Karlstraße 6,2025-07-10T21:00:00Z,continuous_test,condition_b,0,0,0,false,true,true,false,-2.5147967941102478,23,3,-0.25881904510252157,0.96592582628906809,0.43388373911755823,-0.90096886790241903
Karlstraße 6,2025-07-10T22:00:00Z,continuous_test,condition_b,1.5,,8.2799999999999994,true,false,true,true,-1.9378349728216102,0,4,0,1,-0.43388373911755801,-0.90096886790241915
Karlstraße 6,2025-07-10T23:00:00Z,continuous_test,condition_b,3,3,16.559999999999999,false,true,true,false,-1.3608731515329726,1,4,0.25881904510252074,0.96592582628906831,-0.43388373911755801,-0.90096886790241915
Karlstraße 6,2025-07-11T00:00:00Z,continuous_test,condition_b,4,4,1.1000000000000001,false,true,true,false,-1.1751329315827788,2,4,0.49999999999999994,0.86602540378443871,-0.43388373911755801,-0.90096886790241915
Karlstraße 6,2025-07-11T01:00:00Z,continuous_test,condition_b,2,2,0.45000000000000001,false,true,true,false,-1.6003339430199759,3,4,0.70710678118654757,0.70710678118654757,-0.43388373911755801,-0.90096886790241915
Karlstraße 6,2025-07-11T02:00:00Z,continuous_test,condition_b,3,3,4.1500000000000004,false,true,true,false,-1.3608731515329726,4,4,0.8660254037844386,0.50000000000000011,-0.43388373911755801,-0.90096886790241915
Karlstraße 6,2025-07-11T03:00:00Z,continuous_test,condition_b,5,5,0.78000000000000003,false,true,true,false,-1.0233721217313385,5,4,0.96592582628906831,0.25881904510252074,-0.43388373911755801,-0.90096886790241915
Karlstraße 6,2025-07-11T04:00:00Z,continuous_test,condition_b,11,11,2.1299999999999999,false,true,true,false,-0.44641030044270086,6,4,1,6.123233995736766e-17,-0.43388373911755801,-0.90096886790241915
Karlstraße 6,2025-07-11T05:00:00Z,continuous_test,condition_b,17,17,18.809999999999999,false,true,true,false,-0.10890927064106684,7,4,0.96592582628906831,-0.25881904510252063,-0.43388373911755801,-0.90096886790241915
Karlstraße 6,2025-07-11T06:00:00Z,continuous_test,condition_b,31,31,6.2199999999999998,false,true,true,false,0.37001231233293991,8,4,0.86602540378443871,-0.49999999999999978,-0.43388373911755801,-0.90096886790241915
Karlstraße 6,2025-07-11T07:00:00Z,continuous_test,condition_b,,,,true,false,false,false,0,9,4,0.70710678118654757,-0.70710678118654746,-0.43388373911755801,-0.90096886790241915
Karlstraße 6,2025-07-11T08:00:00Z,continuous_test,condition_b,,,,true,false,false,false,0,10,4,0.49999999999999994,-0.86602540378443871,-0.43388373911755801,-0.90096886790241915
Karlstraße 6,2025-07-11T09:00:00Z,continuous_test,condition_b,,,,true,false,false,false,0,11,4,0.25881904510252102,-0.9659258262890682,-0.43388373911755801,-0.90096886790241915
Karlstraße 6,2025-07-11T10:00:00Z,continuous_test,condition_b,,,,true,false,false,false,0,12,4,1.2246467991473532e-16,-1,-0.43388373911755801,-0.90096886790241915
Karlstraße 6,2025-07-11T11:00:00Z,continuous_test,condition_b,,,,true,false,false,false,0,13,4,-0.25881904510252079,-0.96592582628906831,-0.43388373911755801,-0.90096886790241915
Karlstraße 6,2025-07-11T12:00:00Z,continuous_test,condition_b,,,,true,false,false,false,0,14,4,-0.49999999999999972,-0.86602540378443882,-0.43388373911755801,-0.90096886790241915
Karlstraße 6,2025-07-11T13:00:00Z,continuous_test,condition_b,,,,true,false,false,false,0,15,4,-0.70710678118654713,-0.70710678118654791,-0.43388373911755801,-0.90096886790241915
Karlstraße 6,2025-07-11T14:00:00Z,continuous_test,condition_b,,,,true,false,false,false,0,16,4,-0.86602540378443849,-0.50000000000000044,-0.43388373911755801,-0.90096886790241915
Karlstraße 6,2025-07-11T15:00:00Z,continuous_test,condition_b,,,,true,false,false,false,0,17,4,-0.96592582628906831,-0.25881904510252063,-0.43388373911755801,-0.90096886790241915
Karlstraße 6,2025-07-11T16:00:00Z,continuous_test,condition_b,,,,true,false,false,false,0,18,4,-1,-1.8369701987210297e-16,-0.43388373911755801,-0.90096886790241915
Karlstraße 6,2025-07-11T17:00:00Z,continuous_test,condition_b,44,44,3.8900000000000001,false,true,true,false,0.65379277059776464,19,4,-0.96592582628906842,0.2588190451025203,-0.43388373911755801,-0.90096886790241915
Karlstraße 6,2025-07-11T18:00:00Z,continuous_test,condition_b,31.5,,5.6950000000000003,true,false,true,true,0.31629174079613043,20,4,-0.8660254037844386,0.50000000000000011,-0.43388373911755801,-0.90096886790241915
Karlstraße 6,2025-07-11T19:00:00Z,continuous_test,condition_b,19,19,7.5,false,true,true,false,-0.021209289005503812,21,4,-0.70710678118654768,0.70710678118654735,-0.43388373911755801,-0.90096886790241915
Karlstraße 6,2025-07-11T20:00:00Z,continuous_test,condition_b,9,9,5,false,true,true,false,-0.59817111029414105,22,4,-0.50000000000000044,0.86602540378443837,-0.43388373911755801,-0.90096886790241915
Karlstraße 6,2025-07-11T21:00:00Z,continuous_test,condition_b,3,3,1.78,false,true,true,false,-1.3608731515329726,23,4,-0.25881904510252157,0.96592582628906809,-0.43388373911755801,-0.90096886790241915
Karlstraße 6,2025-07-11T22:00:00Z,continuous_test,condition_b,2.5,,2.0600000000000001,true,false,true,true,-1.4806035472764743,0,5,0,1,-0.97492791218182362,-0.22252093395631459
Karlstraße 6,2025-07-11T23:00:00Z,continuous_test,condition_b,2,2,2.3399999999999999,false,true,true,false,-1.6003339430199759,1,5,0.25881904510252074,0.96592582628906831,-0.97492791218182362,-0.22252093395631459
Karlstraße 6,2025-07-12T00:00:00Z,continuous_test,condition_b,,,,true,false,false,false,0,2,5,0.49999999999999994,0.86602540378443871,-0.97492791218182362,-0.22252093395631459
Karlstraße 6,2025-07-12T01:00:00Z,continuous_test,condition_b,,,,true,false,false,false,0,3,5,0.70710678118654757,0.70710678118654757,-0.97492791218182362,-0.22252093395631459
Karlstraße 6,2025-07-12T02:00:00Z,continuous_test,condition_b,,,,true,false,false,false,0,4,5,0.8660254037844386,0.50000000000000011,-0.97492791218182362,-0.22252093395631459
Karlstraße 6,2025-07-12T03:00:00Z,continuous_test,condition_b,,,,true,false,false,false,0,5,5,0.96592582628906831,0.25881904510252074,-0.97492791218182362,-0.22252093395631459
Karlstraße 6,2025-07-12T04:00:00Z,continuous_test,condition_b,,,,true,false,false,false,0,6,5,1,6.123233995736766e-17,-0.97492791218182362,-0.22252093395631459
Karlstraße 6,2025-07-12T05:00:00Z,continuous_test,condition_b,,,,true,false,false,false,0,7,5,0.96592582628906831,-0.25881904510252063,-0.97492791218182362,-0.22252093395631459
Karlstraße 6,2025-07-12T06:00:00Z,continuous_test,condition_b,20,20,6.7199999999999998,false,true,true,false,0.019402665814000367,8,5,0.86602540378443871,-0.49999999999999978,-0.97492791218182362,-0.22252093395631459
Karlstraße 6,2025-07-12T07:00:00Z,continuous_test,condition_b,44,44,13.75,false,true,true,false,0.65379277059776464,9,5,0.70710678118654757,-0.70710678118654746,-0.97492791218182362,-0.22252093395631459
Karlstraße 6,2025-07-12T08:00:00Z,continuous_test,condition_b,51.833333333333336,,12.246666666666666,true,false,true,true,0.77037348131557704,10,5,0.49999999999999994,-0.86602540378443871,-0.97492791218182362,-0.22252093395631459
Karlstraße 6,2025-07-12T09:00:00Z,continuous_test,condition_b,59.666666666666657,,10.743333333333334,true,false,true,true,0.88695419203338932,11,5,0.25881904510252102,-0.9659258262890682,-0.97492791218182362,-0.22252093395631459
Karlstraße 6,2025-07-12T10:00:00Z,continuous_test,condition_b,67.5,67.5,9.2400000000000002,false,true,true,false,1.0035349027512017,12,5,1.2246467991473532e-16,-1,-0.97492791218182362,-0.22252093395631459
Karlstraße 6,2025-07-12T11:00:00Z,continuous_test,condition_b,88.5,88.5,12.215,false,true,true,false,1.2261173656401405,13,5,-0.25881904510252079,-0.96592582628906831,-0.97492791218182362,-0.22252093395631459
Karlstraße 6,2025-07-12T12:00:00Z,continuous_test,condition_b,51.5,51.5,11.52,false,true,true,false,0.78210470705283186,14,5,-0.49999999999999972,-0.86602540378443882,-0.97492791218182362,-0.22252093395631459
Karlstraße 6,2025-07-12T13:00:00Z,continuous_test,condition_b,114.5,114.5,8.995000000000001,false,true,true,false,1.4384008118378369,15,5,-0.70710678118654713,-0.70710678118654791,-0.97492791218182362,-0.22252093395631459
Karlstraße 6,2025-07-12T14:00:00Z,continuous_test,condition_b,65,65,8.2750000000000004,false,true,true,false,0.97258784558113565,16,5,-0.86602540378443849,-0.50000000000000044,-0.97492791218182362,-0.22252093395631459
Karlstraße 6,2025-07-12T15:00:00Z,continuous_test,condition_b,65.5,65.5,8.1699999999999999,false,true,true,false,0.97886998829361527,17,5,-0.96592582628906831,-0.25881904510252063,-0.97492791218182362,-0.22252093395631459
Karlstraße 6,2025-07-12T16:00:00Z,continuous_test,condition_b,51,51,6.1999999999999993,false,true,true,false,0.77413928781452457,18,5,-1,-1.8369701987210297e-16,-0.97492791218182362,-0.22252093395631459
Karlstraße 6,2025-07-12T17:00:00Z,continuous_test,condition_b,33,33,7.71,false,true,true,false,0.42047503251581486,19,5,-0.96592582628906842,0.2588190451025203,-0.97492791218182362,-0.22252093395631459
Karlstraße 6,2025-07-12T18:00:00Z,continuous_test,condition_b,18,18,5.54,false,true,true,false,-0.063904799251723501,20,5,-0.8660254037844386,0.50000000000000011,-0.97492791218182362,-0.22252093395631459
Karlstraße 6,2025-07-12T19:00:00Z,continuous_test,condition_b,9,9,3.1000000000000001,false,true,true,false,-0.59817111029414105,21,5,-0.70710678118654768,0.70710678118654735,-0.97492791218182362,-0.22252093395631459
Karlstraße 6,2025-07-12T20:00:00Z,continuous_test,condition_b,4,4,4.3700000000000001,false,true,true,false,-1.1751329315827788,22,5,-0.50000000000000044,0.86602540378443837,-0.97492791218182362,-0.22252093395631459
Karlstraße 6,2025-07-12T21:00:00Z,continuous_test,condition_b,1.5,1.5,0.28000000000000003,false,true,true,false,-1.7520947528714161,23,5,-0.25881904510252157,0.96592582628906809,-0.97492791218182362,-0.22252093395631459
Karlstraße 6,2025-07-12T22:00:00Z,continuous_test,condition_b,11,11,12.18,false,true,true,false,-0.44641030044270086,0,6,0,1,-0.78183148246802991,0.62348980185873337
Karlstraße 6,2025-07-12T23:00:00Z,continuous_test,condition_b,6,6,8.1950000000000003,false,true,true,false,-0.8950601852762714,1,6,0.25881904510252074,0.96592582628906831,-0.78183148246802991,0.62348980185873337
Karlstraße 6,2025-07-13T00:00:00Z,continuous_test,condition_b,2,2,9.2599999999999998,false,true,true,false,-1.6003339430199759,2,6,0.49999999999999994,0.86602540378443871,-0.78183148246802991,0.62348980185873337
Karlstraße 6,2025-07-13T01:00:00Z,continuous_test,condition_b,2,2,17.510000000000002,false,true,true,false,-1.6003339430199759,3,6,0.70710678118654757,0.70710678118654757,-0.78183148246802991,0.62348980185873337
Karlstraße 6,2025-07-13T02:00:00Z,continuous_test,condition_b,1,1,4.2800000000000002,false,true,true,false,-1.93783497282161,4,6,0.8660254037844386,0.50000000000000011,-0.78183148246802991,0.62348980185873337
Karlstraße 6,2025-07-13T03:00:00Z,continuous_test,condition_b,1,1,2.6699999999999999,false,true,true,false,-1.93783497282161,5,6,0.96592582628906831,0.25881904510252074,-0.78183148246802991,0.62348980185873337
Karlstraße 6,2025-07-13T04:00:00Z,continuous_test,condition_b,1,1,0.13,false,true,true,false,-1.93783497282161,6,6,1,6.123233995736766e-17,-0.78183148246802991,0.62348980185873337
Karlstraße 6,2025-07-13T05:00:00Z,continuous_test,condition_b,,,,true,false,false,false,0,7,6,0.96592582628906831,-0.25881904510252063,-0.78183148246802991,0.62348980185873337
Karlstraße 6,2025-07-13T06:00:00Z,continuous_test,condition_b,,,,true,false,false,false,0,8,6,0.86602540378443871,-0.49999999999999978,-0.78183148246802991,0.62348980185873337
Karlstraße 6,2025-07-13T07:00:00Z,continuous_test,condition_b,,,,true,false,false,false,0,9,6,0.70710678118654757,-0.70710678118654746,-0.78183148246802991,0.62348980185873337
Karlstraße 6,2025-07-13T08:00:00Z,continuous_test,condition_b,,,,true,false,false,false,0,10,6,0.49999999999999994,-0.86602540378443871,-0.78183148246802991,0.62348980185873337
Karlstraße 6,2025-07-13T09:00:00Z,continuous_test,condition_b,,,,true,false,false,false,0,11,6,0.25881904510252102,-0.9659258262890682,-0.78183148246802991,0.62348980185873337
Karlstraße 6,2025-07-13T10:00:00Z,continuous_test,condition_b,,,,true,false,false,false,0,12,6,1.2246467991473532e-16,-1,-0.78183148246802991,0.62348980185873337
Karlstraße 6,2025-07-13T11:00:00Z,continuous_test,condition_b,,,,true,false,false,false,0,13,6,-0.25881904510252079,-0.96592582628906831,-0.78183148246802991,0.62348980185873337
Karlstraße 6,2025-07-13T12:00:00Z,continuous_test,condition_b,,,,true,false,false,false,0,14,6,-0.49999999999999972,-0.86602540378443882,-0.78183148246802991,0.62348980185873337
Karlstraße 6,2025-07-13T13:00:00Z,continuous_test,condition_b,,,,true,false,false,false,0,15,6,-0.70710678118654713,-0.70710678118654791,-0.78183148246802991,0.62348980185873337
Karlstraße 6,2025-07-13T14:00:00Z,continuous_test,condition_b,,,,true,false,false,false,0,16,6,-0.86602540378443849,-0.50000000000000044,-0.78183148246802991,0.62348980185873337
Karlstraße 6,2025-07-13T15:00:00Z,continuous_test,condition_b,,,,true,false,false,false,0,17,6,-0.96592582628906831,-0.25881904510252063,-0.78183148246802991,0.62348980185873337
Karlstraße 6,2025-07-13T16:00:00Z,continuous_test,condition_b,,,,true,false,false,false,0,18,6,-1,-1.8369701987210297e-16,-0.78183148246802991,0.62348980185873337
Karlstraße 6,2025-07-13T17:00:00Z,continuous_test,condition_b,,,,true,false,false,false,0,19,6,-0.96592582628906842,0.2588190451025203,-0.78183148246802991,0.62348980185873337
Karlstraße 6,2025-07-13T18:00:00Z,continuous_test,condition_b,,,,true,false,false,false,0,20,6,-0.8660254037844386,0.50000000000000011,-0.78183148246802991,0.62348980185873337
Karlstraße 6,2025-07-13T19:00:00Z,continuous_test,condition_b,,,,true,false,false,false,0,21,6,-0.70710678118654768,0.70710678118654735,-0.78183148246802991,0.62348980185873337
Karlstraße 6,2025-07-13T20:00:00Z,continuous_test,condition_b,,,,true,false,false,false,0,22,6,-0.50000000000000044,0.86602540378443837,-0.78183148246802991,0.62348980185873337
Karlstraße 6,2025-07-13T21:00:00Z,continuous_test,condition_b,1.5,1.5,0.39000000000000001,false,true,true,false,-1.7520947528714161,23,6,-0.25881904510252157,0.96592582628906809,-0.78183148246802991,0.62348980185873337
Karlstraße 6,2025-07-13T22:00:00Z,continuous_test,condition_b,14,14,47.100000000000001,false,true,true,false,-0.26067008049250701,0,0,0,1,0,1
Karlstraße 6,2025-07-13T23:00:00Z,continuous_test,condition_b,,,,true,false,true,true,-0.26067008049250701,1,0,0.25881904510252074,0.96592582628906831,0,1
Kurpark,2025-07-08T00:00:00Z,continuous_test,condition_b,3,3,22.379999999999999,false,true,true,false,-1.8095523065390198,2,1,0.49999999999999994,0.86602540378443871,0.7818314824680298,0.62348980185873359
Kurpark,2025-07-08T01:00:00Z,continuous_test,condition_b,1,1,44.280000000000001,false,true,true,false,-2.3013256527167636,3,1,0.70710678118654757,0.70710678118654757,0.7818314824680298,0.62348980185873359
Kurpark,2025-07-08T02:00:00Z,continuous_test,condition_b,5,5,9.5700000000000003,false,true,true,false,-1.5218833401708753,4,1,0.8660254037844386,0.50000000000000011,0.7818314824680298,0.62348980185873359
Kurpark,2025-07-08T03:00:00Z,continuous_test,condition_b,25.833333333333329,,10.966666666666669,true,false,true,true,-0.94600534556650706,5,1,0.96592582628906831,0.25881904510252074,0.7818314824680298,0.62348980185873359
Kurpark,2025-07-08T04:00:00Z,continuous_test,condition_b,46.666666666666657,,12.363333333333332,true,false,true,true,-0.37012735096213878,6,1,1,6.123233995736766e-17,0.7818314824680298,0.62348980185873359
Kurpark,2025-07-08T05:00:00Z,continuous_test,condition_b,67.5,67.5,13.76,false,true,true,false,0.20575064364222967,7,1,0.96592582628906831,-0.25881904510252063,0.7818314824680298,0.62348980185873359
Kurpark,2025-07-08T06:00:00Z,continuous_test,condition_b,65,65,13.625,false,true,true,false,0.17937292279947772,8,1,0.86602540378443871,-0.49999999999999978,0.7818314824680298,0.62348980185873359
Kurpark,2025-07-08T07:00:00Z,continuous_test,condition_b,105,105,12.82,false,true,true,false,0.51551295586372603,9,1,0.70710678118654757,-0.70710678118654746,0.7818314824680298,0.62348980185873359
Kurpark,2025-07-08T08:00:00Z,continuous_test,condition_b,145,145,13.550000000000001,false,true,true,false,0.74266508285684152,10,1,0.49999999999999994,-0.86602540378443871,0.7818314824680298,0.62348980185873359
Kurpark,2025-07-08T09:00:00Z,continuous_test,condition_b,150,150,14.23,false,true,true,false,0.76655552075222821,11,1,0.25881904510252102,-0.9659258262890682,0.7818314824680298,0.62348980185873359
Kurpark,2025-07-08T10:00:00Z,continuous_test,condition_b,173,173,13.385000000000002,false,true,true,false,0.86714222947089825,12,1,1.2246467991473532e-16,-1,0.7818314824680298,0.62348980185873359
Kurpark,2025-07-08T11:00:00Z,continuous_test,condition_b,178.5,178.5,14.93,false,true,true,false,0.88922115018232695,13,1,-0.25881904510252079,-0.96592582628906831,0.7818314824680298,0.62348980185873359
Kurpark,2025-07-08T12:00:00Z,continuous_test,condition_b,225.25,,15.550000000000001,true,false,true,true,1.0379622051409045,14,1,-0.49999999999999972,-0.86602540378443882,0.7818314824680298,0.62348980185873359
Kurpark,2025-07-08T13:00:00Z,continuous_test,condition_b,272,272,16.170000000000002,false,true,true,false,1.186703260099482,15,1,-0.70710678118654713,-0.70710678118654791,0.7818314824680298,0.62348980185873359
Kurpark,2025-07-08T14:00:00Z,continuous_test,condition_b,,,,true,false,false,false,0,16,1,-0.86602540378443849,-0.50000000000000044,0.7818314824680298,0.62348980185873359
Kurpark,2025-07-08T15:00:00Z,continuous_test,condition_b,,,,true,false,false,false,0,17,1,-0.96592582628906831,-0.25881904510252063,0.7818314824680298,0.62348980185873359
Kurpark,2025-07-08T16:00:00Z,continuous_test,condition_b,,,,true,false,false,false,0,18,1,-1,-1.8369701987210297e-16,0.7818314824680298,0.62348980185873359
Kurpark,2025-07-08T17:00:00Z,continuous_test,condition_b,,,,true,false,false,false,0,19,1,-0.96592582628906842,0.2588190451025203,0.7818314824680298,0.62348980185873359
Kurpark,2025-07-08T18:00:00Z,continuous_test,condition_b,,,,true,false,false,false,0,20,1,-0.8660254037844386,0.50000000000000011,0.7818314824680298,0.62348980185873359
Kurpark,2025-07-08T19:00:00Z,continuous_test,condition_b,,,,true,false,false,false,0,21,1,-0.70710678118654768,0.70710678118654735,0.7818314824680298,0.62348980185873359
Kurpark,2025-07-08T20:00:00Z,continuous_test,condition_b,,,,true,false,false,false,0,22,1,-0.50000000000000044,0.86602540378443837,0.7818314824680298,0.62348980185873359
Kurpark,2025-07-08T21:00:00Z,continuous_test,condition_b,,,,true,false,false,false,0,23,1,-0.25881904510252157,0.96592582628906809,0.7818314824680298,0.62348980185873359
Kurpark,2025-07-08T22:00:00Z,continuous_test,condition_b,,,,true,false,false,false,0,0,2,0,1,0.97492791218182362,-0.22252093395631434
Kurpark,2025-07-08T23:00:00Z,continuous_test,condition_b,,,,true,false,false,false,0,1,2,0.25881904510252074,0.96592582628906831,0.97492791218182362,-0.22252093395631434
Kurpark,2025-07-09T00:00:00Z,continuous_test,condition_b,,,,true,false,false,false,0,2,2,0.49999999999999994,0.86602540378443871,0.97492791218182362,-0.22252093395631434
Kurpark,2025-07-09T01:00:00Z,continuous_test,condition_b,,,,true,false,false,false,0,3,2,0.70710678118654757,0.70710678118654757,0.97492791218182362,-0.22252093395631434
Kurpark,2025-07-09T02:00:00Z,continuous_test,condition_b,,,,true,false,false,false,0,4,2,0.8660254037844386,0.50000000000000011,0.97492791218182362,-0.22252093395631434
Kurpark,2025-07-09T03:00:00Z,continuous_test,condition_b,,,,true,false,false,false,0,5,2,0.96592582628906831,0.25881904510252074,0.97492791218182362,-0.22252093395631434
Kurpark,2025-07-09T04:00:00Z,continuous_test,condition_b,,,,true,false,false,false,0,6,2,1,6.123233995736766e-17,0.97492791218182362,-0.22252093395631434
Kurpark,2025-07-09T05:00:00Z,continuous_test,condition_b,,,,true,false,false,false,0,7,2,0.96592582628906831,-0.25881904510252063,0.97492791218182362,-0.22252093395631434
Kurpark,2025-07-09T06:00:00Z,continuous_test,condition_b,,,,true,false,false,false,0,8,2,0.86602540378443871,-0.49999999999999978,0.97492791218182362,-0.22252093395631434
Kurpark,2025-07-09T07:00:00Z,continuous_test,condition_b,,,,true,false,false,false,0,9,2,0.70710678118654757,-0.70710678118654746,0.97492791218182362,-0.22252093395631434
Kurpark,2025-07-09T08:00:00Z,continuous_test,condition_b,141.5,141.5,12.765000000000001,false,true,true,false,0.7254498438871656,10,2,0.49999999999999994,-0.86602540378443871,0.97492791218182362,-0.22252093395631434
Kurpark,2025-07-09T09:00:00Z,continuous_test,condition_b,175,175,18.18,false,true,true,false,0.87525064878682202,11,2,0.25881904510252102,-0.9659258262890682,0.97492791218182362,-0.22252093395631434
Kurpark,2025-07-09T10:00:00Z,continuous_test,condition_b,197,,18.856666666666666,true,false,true,true,0.9505627235991958,12,2,1.2246467991473532e-16,-1,0.97492791218182362,-0.22252093395631434
Kurpark,2025-07-09T11:00:00Z,continuous_test,condition_b,219,,19.533333333333331,true,false,true,true,1.0258747984115697,13,2,-0.25881904510252079,-0.96592582628906831,0.97492791218182362,-0.22252093395631434
Kurpark,2025-07-09T12:00:00Z,continuous_test,condition_b,241,241,20.210000000000001,false,true,true,false,1.1011868732239434,14,2,-0.49999999999999972,-0.86602540378443882,0.97492791218182362,-0.22252093395631434
Kurpark,2025-07-09T13:00:00Z,continuous_test,condition_b,282,282,19.140000000000001,false,true,true,false,1.2122268386570729,15,2,-0.70710678118654713,-0.70710678118654791,0.97492791218182362,-0.22252093395631434
Kurpark,2025-07-09T14:00:00Z,continuous_test,condition_b,292,292,21.48,false,true,true,false,1.2368640005177265,16,2,-0.86602540378443849,-0.50000000000000044,0.97492791218182362,-0.22252093395631434
Kurpark,2025-07-09T15:00:00Z,continuous_test,condition_b,254.5,254.5,15.080000000000002,false,true,true,false,1.1397007144301814,17,2,-0.96592582628906831,-0.25881904510252063,0.97492791218182362,-0.22252093395631434
Kurpark,2025-07-09T16:00:00Z,continuous_test,condition_b,221,221,15.25,false,true,true,false,1.0399869732013844,18,2,-1,-1.8369701987210297e-16,0.97492791218182362,-0.22252093395631434
Kurpark,2025-07-09T17:00:00Z,continuous_test,condition_b,135.5,135.5,15.279999999999999,false,true,true,false,0.69492991392173764,19,2,-0.96592582628906842,0.2588190451025203,0.97492791218182362,-0.22252093395631434
Kurpark,2025-07-09T18:00:00Z,continuous_test,condition_b,95.5,95.5,14.375,false,true,true,false,0.44889565785583352,20,2,-0.8660254037844386,0.50000000000000011,0.97492791218182362,-0.22252093395631434
Kurpark,2025-07-09T19:00:00Z,continuous_test,condition_b,63,63,18.975000000000001,false,true,true,false,0.15754107817195692,21,2,-0.70710678118654768,0.70710678118654735,0.97492791218182362,-0.22252093395631434
Kurpark,2025-07-09T20:00:00Z,continuous_test,condition_b,29,29,9.5899999999999999,false,true,true,false,-0.38002099136400252,22,2,-0.50000000000000044,0.86602540378443837,0.97492791218182362,-0.22252093395631434
Kurpark,2025-07-09T21:00:00Z,continuous_test,condition_b,10,10,5.665,false,true,true,false,-1.0918427359241543,23,2,-0.25881904510252157,0.96592582628906809,0.97492791218182362,-0.22252093395631434
Kurpark,2025-07-09T22:00:00Z,continuous_test,condition_b,,,,true,false,false,false,0,0,3,0,1,0.43388373911755823,-0.90096886790241903
Kurpark,2025-07-09T23:00:00Z,continuous_test,condition_b,,,,true,false,false,false,0,1,3,0.25881904510252074,0.96592582628906831,0.43388373911755823,-0.90096886790241903
Kurpark,2025-07-10T00:00:00Z,continuous_test,condition_b,,,,true,false,false,false,0,2,3,0.49999999999999994,0.86602540378443871,0.43388373911755823,-0.90096886790241903
Kurpark,2025-07-10T01:00:00Z,continuous_test,condition_b,,,,true,false,false,false,0,3,3,0.70710678118654757,0.70710678118654757,0.43388373911755823,-0.90096886790241903
Kurpark,2025-07-10T02:00:00Z,continuous_test,condition_b,,,,true,false,false,false,0,4,3,0.8660254037844386,0.50000000000000011,0.43388373911755823,-0.90096886790241903
Kurpark,2025-07-10T03:00:00Z,continuous_test,condition_b,,,,true,false,false,false,0,5,3,0.96592582628906831,0.25881904510252074,0.43388373911755823,-0.90096886790241903
Kurpark,2025-07-10T04:00:00Z,continuous_test,condition_b,,,,true,false,false,false,0,6,3,1,6.123233995736766e-17,0.43388373911755823,-0.90096886790241903
Kurpark,2025-07-10T05:00:00Z,continuous_test,condition_b,,,,true,false,false,false,0,7,3,0.96592582628906831,-0.25881904510252063,0.43388373911755823,-0.90096886790241903
Kurpark,2025-07-10T06:00:00Z,continuous_test,condition_b,,,,true,false,false,false,0,8,3,0.86602540378443871,-0.49999999999999978,0.43388373911755823,-0.90096886790241903
Kurpark,2025-07-10T07:00:00Z,continuous_test,condition_b,111,111,15.765000000000001,false,true,true,false,0.55457670974529671,9,3,0.70710678118654757,-0.70710678118654746,0.43388373911755823,-0.90096886790241903
Kurpark,2025-07-10T08:00:00Z,continuous_test,condition_b,180,180,19.265000000000001,false,true,true,false,0.89512530881379238,10,3,0.49999999999999994,-0.86602540378443871,0.43388373911755823,-0.90096886790241903
Kurpark,2025-07-10T09:00:00Z,continuous_test,condition_b,233.5,233.5,15.93,false,true,true,false,1.078850958260638,11,3,0.25881904510252102,-0.9659258262890682,0.43388373911755823,-0.90096886790241903
Kurpark,2025-07-10T10:00:00Z,continuous_test,condition_b,245,245,19.015000000000001,false,true,true,false,1.1128179364614403,12,3,1.2246467991473532e-16,-1,0.43388373911755823,-0.90096886790241903
Kurpark,2025-07-10T11:00:00Z,continuous_test,condition_b,275,275,15.904999999999999,false,true,true,false,1.1944572057793674,13,3,-0.25881904510252079,-0.96592582628906831,0.43388373911755823,-0.90096886790241903
Kurpark,2025-07-10T12:00:00Z,continuous_test,condition_b,190,190,13.17,false,true,true,false,0.93327853129233473,14,3,-0.49999999999999972,-0.86602540378443882,0.43388373911755823,-0.90096886790241903
Kurpark,2025-07-10T13:00:00Z,continuous_test,condition_b,315,315,20.48,false,true,true,false,1.2904790455628783,15,3,-0.70710678118654713,-0.70710678118654791,0.43388373911755823,-0.90096886790241903
Kurpark,2025-07-10T14:00:00Z,continuous_test,condition_b,311,311,17.310000000000002,false,true,true,false,1.2814409747038864,16,3,-0.86602540378443849,-0.50000000000000044,0.43388373911755823,-0.90096886790241903
Kurpark,2025-07-10T15:00:00Z,continuous_test,condition_b,224,224,13.225,false,true,true,false,1.0495103238110144,17,3,-0.96592582628906831,-0.25881904510252063,0.43388373911755823,-0.90096886790241903
Kurpark,2025-07-10T16:00:00Z,continuous_test,condition_b,170.5,170.5,15.4,false,true,true,false,0.85687462671423265,18,3,-1,-1.8369701987210297e-16,0.43388373911755823,-0.90096886790241903
Kurpark,2025-07-10T17:00:00Z,continuous_test,condition_b,168.5,168.5,14.065,false,true,true,false,0.84855219735160803,19,3,-0.96592582628906842,0.2588190451025203,0.43388373911755823,-0.90096886790241903
Kurpark,2025-07-10T18:00:00Z,continuous_test,condition_b,98,98,13.02,false,true,true,false,0.46704188916762196,20,3,-0.8660254037844386,0.50000000000000011,0.43388373911755823,-0.90096886790241903
Kurpark,2025-07-10T19:00:00Z,continuous_test,condition_b,54.5,54.5,17.309999999999999,false,true,true,false,0.056440280845895988,21,3,-0.70710678118654768,0.70710678118654735,0.43388373911755823,-0.90096886790241903
Kurpark,2025-07-10T20:00:00Z,continuous_test,condition_b,48,48,9.004999999999999,false,true,true,false,-0.031934351036851653,22,3,-0.50000000000000044,0.86602540378443837,0.43388373911755823,-0.90096886790241903
Kurpark,2025-07-10T21:00:00Z,continuous_test,condition_b,5,5,5.2000000000000002,false,true,true,false,-1.5218833401708753,23,3,-0.25881904510252157,0.96592582628906809,0.43388373911755823,-0.90096886790241903
Kurpark,2025-07-10T22:00:00Z,continuous_test,condition_b,6.5,,7.6600000000000001,true,false,true,true,-1.3780488569868032,0,4,0,1,-0.43388373911755801,-0.90096886790241915
Kurpark,2025-07-10T23:00:00Z,continuous_test,condition_b,8,8,10.119999999999999,false,true,true,false,-1.2342143738027311,1,4,0.25881904510252074,0.96592582628906831,-0.43388373911755801,-0.90096886790241915
Kurpark,2025-07-11T00:00:00Z,continuous_test,condition_b,3,3,2.5899999999999999,false,true,true,false,-1.8095523065390198,2,4,0.49999999999999994,0.86602540378443871,-0.43388373911755801,-0.90096886790241915
Kurpark,2025-07-11T01:00:00Z,continuous_test,condition_b,2,2,0.77000000000000002,false,true,true,false,-2.0136566863486198,3,4,0.70710678118654757,0.70710678118654757,-0.43388373911755801,-0.90096886790241915
Kurpark,2025-07-11T02:00:00Z,continuous_test,condition_b,7,7,13.619999999999999,false,true,true,false,-1.3177789603612755,4,4,0.8660254037844386,0.50000000000000011,-0.43388373911755801,-0.90096886790241915
Kurpark,2025-07-11T03:00:00Z,continuous_test,condition_b,19,19,18.405000000000001,false,true,true,false,-0.66768995773214679,5,4,0.96592582628906831,0.25881904510252074,-0.43388373911755801,-0.90096886790241915
Kurpark,2025-07-11T04:00:00Z,continuous_test,condition_b,43.5,43.5,11.619999999999999,false,true,true,false,-0.10027924677082259,6,4,1,6.123233995736766e-17,-0.43388373911755801,-0.90096886790241915
Kurpark,2025-07-11T05:00:00Z,continuous_test,condition_b,26.5,26.5,11.385,false,true,true,false,-0.4417537332950256,7,4,0.96592582628906831,-0.25881904510252063,-0.43388373911755801,-0.90096886790241915
Kurpark,2025-07-11T06:00:00Z,continuous_test,condition_b,75,75,10.725,false,true,true,false,0.27946522106763683,8,4,0.86602540378443871,-0.49999999999999978,-0.43388373911755801,-0.90096886790241915
Kurpark,2025-07-11T07:00:00Z,continuous_test,condition_b,,,,true,false,false,false,0,9,4,0.70710678118654757,-0.70710678118654746,-0.43388373911755801,-0.90096886790241915
Kurpark,2025-07-11T08:00:00Z,continuous_test,condition_b,,,,true,false,false,false,0,10,4,0.49999999999999994,-0.86602540378443871,-0.43388373911755801,-0.90096886790241915
Kurpark,2025-07-11T09:00:00Z,continuous_test,condition_b,,,,true,false,false,false,0,11,4,0.25881904510252102,-0.9659258262890682,-0.43388373911755801,-0.90096886790241915
Kurpark,2025-07-11T10:00:00Z,continuous_test,condition_b,,,,true,false,false,false,0,12,4,1.2246467991473532e-16,-1,-0.43388373911755801,-0.90096886790241915
Kurpark,2025-07-11T11:00:00Z,continuous_test,condition_b,,,,true,false,false,false,0,13,4,-0.25881904510252079,-0.96592582628906831,-0.43388373911755801,-0.90096886790241915
Kurpark,2025-07-11T12:00:00Z,continuous_test,condition_b,,,,true,false,false,false,0,14,4,-0.49999999999999972,-0.86602540378443882,-0.43388373911755801,-0.90096886790241915
Kurpark,2025-07-11T13:00:00Z,continuous_test,condition_b,,,,true,false,false,false,0,15,4,-0.70710678118654713,-0.70710678118654791,-0.43388373911755801,-0.90096886790241915
Kurpark,2025-07-11T14:00:00Z,continuous_test,condition_b,,,,true,false,false,false,0,16,4,-0.86602540378443849,-0.50000000000000044,-0.43388373911755801,-0.90096886790241915
Kurpark,2025-07-11T15:00:00Z,continuous_test,condition_b,,,,true,false,false,false,0,17,4,-0.96592582628906831,-0.25881904510252063,-0.43388373911755801,-0.90096886790241915
Kurpark,2025-07-11T16:00:00Z,continuous_test,condition_b,,,,true,false,false,false,0,18,4,-1,-1.8369701987210297e-16,-0.43388373911755801,-0.90096886790241915
Kurpark,2025-07-11T17:00:00Z,continuous_test,condition_b,153,153,17.920000000000002,false,true,true,false,0.78051293418241818,19,4,-0.96592582628906842,0.2588190451025203,-0.43388373911755801,-0.90096886790241915
Kurpark,2025-07-11T18:00:00Z,continuous_test,condition_b,111,,17.204999999999998,true,false,true,true,0.50081597710067793,20,4,-0.8660254037844386,0.50000000000000011,-0.43388373911755801,-0.90096886790241915
Kurpark,2025-07-11T19:00:00Z,continuous_test,condition_b,69,69,16.489999999999998,false,true,true,false,0.2211190200189376,21,4,-0.70710678118654768,0.70710678118654735,-0.43388373911755801,-0.90096886790241915
Kurpark,2025-07-11T20:00:00Z,continuous_test,condition_b,60,60,9.8300000000000001,false,true,true,false,0.12347954690007829,22,4,-0.50000000000000044,0.86602540378443837,-0.43388373911755801,-0.90096886790241915
Kurpark,2025-07-11T21:00:00Z,continuous_test,condition_b,12,12,3.6800000000000002,false,true,true,false,-0.97332137637523441,23,4,-0.25881904510252157,0.96592582628906809,-0.43388373911755801,-0.90096886790241915
Kurpark,2025-07-11T22:00:00Z,continuous_test,condition_b,7.5,,15.595000000000001,true,false,true,true,-1.3914368414571272,0,5,0,1,-0.97492791218182362,-0.22252093395631459
Kurpark,2025-07-11T23:00:00Z,continuous_test,condition_b,3,3,27.510000000000002,false,true,true,false,-1.8095523065390198,1,5,0.25881904510252074,0.96592582628906831,-0.97492791218182362,-0.22252093395631459
Kurpark,2025-07-12T00:00:00Z,continuous_test,condition_b,,,,true,false,false,false,0,2,5,0.49999999999999994,0.86602540378443871,-0.97492791218182362,-0.22252093395631459
Kurpark,2025-07-12T01:00:00Z,continuous_test,condition_b,,,,true,false,false,false,0,3,5,0.70710678118654757,0.70710678118654757,-0.97492791218182362,-0.22252093395631459
Kurpark,2025-07-12T02:00:00Z,continuous_test,condition_b,,,,true,false,false,false,0,4,5,0.8660254037844386,0.50000000000000011,-0.97492791218182362,-0.22252093395631459
Kurpark,2025-07-12T03:00:00Z,continuous_test,condition_b,,,,true,false,false,false,0,5,5,0.96592582628906831,0.25881904510252074,-0.97492791218182362,-0.22252093395631459
Kurpark,2025-07-12T04:00:00Z,continuous_test,condition_b,,,,true,false,false,false,0,6,5,1,6.123233995736766e-17,-0.97492791218182362,-0.22252093395631459
Kurpark,2025-07-12T05:00:00Z,continuous_test,condition_b,,,,true,false,false,false,0,7,5,0.96592582628906831,-0.25881904510252063,-0.97492791218182362,-0.22252093395631459
Kurpark,2025-07-12T06:00:00Z,continuous_test,condition_b,44,44,8.4900000000000002,false,true,true,false,-0.092352024995858609,8,5,0.86602540378443871,-0.49999999999999978,-0.97492791218182362,-0.22252093395631459
Kurpark,2025-07-12T07:00:00Z,continuous_test,condition_b,132,132,22.48,false,true,true,false,0.67650085264097659,9,5,0.70710678118654757,-0.70710678118654746,-0.97492791218182362,-0.22252093395631459
Kurpark,2025-07-12T08:00:00Z,continuous_test,condition_b,194,,18.993333333333329,true,false,true,true,0.88339484633319076,10,5,0.49999999999999994,-0.86602540378443871,-0.97492791218182362,-0.22252093395631459
Kurpark,2025-07-12T09:00:00Z,continuous_test,condition_b,256,,15.506666666666668,true,false,true,true,1.0902888400254049,11,5,0.25881904510252102,-0.9659258262890682,-0.97492791218182362,-0.22252093395631459
Kurpark,2025-07-12T10:00:00Z,continuous_test,condition_b,318,318,12.02,false,true,true,false,1.297182833717619,12,5,1.2246467991473532e-16,-1,-0.97492791218182362,-0.22252093395631459
Kurpark,2025-07-12T11:00:00Z,continuous_test,condition_b,302.5,302.5,21.545000000000002,false,true,true,false,1.261844046545803,13,5,-0.25881904510252079,-0.96592582628906831,-0.97492791218182362,-0.22252093395631459
Kurpark,2025-07-12T12:00:00Z,continuous_test,condition_b,357,357,21.795000000000002,false,true,true,false,1.379015474246275,14,5,-0.49999999999999972,-0.86602540378443882,-0.97492791218182362,-0.22252093395631459
Kurpark,2025-07-12T13:00:00Z,continuous_test,condition_b,473,473,19.539999999999999,false,true,true,false,1.5781480119310225,15,5,-0.70710678118654713,-0.70710678118654791,-0.97492791218182362,-0.22252093395631459
Kurpark,2025-07-12T14:00:00Z,continuous_test,condition_b,335,335,17.995000000000001,false,true,true,false,1.3340190222911852,16,5,-0.86602540378443849,-0.50000000000000044,-0.97492791218182362,-0.22252093395631459
Kurpark,2025-07-12T15:00:00Z,continuous_test,condition_b,257.5,257.5,17.370000000000001,false,true,true,false,1.1479826641292066,17,5,-0.96592582628906831,-0.25881904510252063,-0.97492791218182362,-0.22252093395631459
Kurpark,2025-07-12T16:00:00Z,continuous_test,condition_b,227,227,15.805,false,true,true,false,1.0589075336135252,18,5,-1,-1.8369701987210297e-16,-0.97492791218182362,-0.22252093395631459
Kurpark,2025-07-12T17:00:00Z,continuous_test,condition_b,157.5,157.5,12.94,false,true,true,false,0.80094734095855769,19,5,-0.96592582628906842,0.2588190451025203,-0.97492791218182362,-0.22252093395631459
Kurpark,2025-07-12T18:00:00Z,continuous_test,condition_b,84,84,17.73,false,true,true,false,0.3588686287312341,20,5,-0.8660254037844386,0.50000000000000011,-0.97492791218182362,-0.22252093395631459
Kurpark,2025-07-12T19:00:00Z,continuous_test,condition_b,60,60,13.31,false,true,true,false,0.12347954690007829,21,5,-0.70710678118654768,0.70710678118654735,-0.97492791218182362,-0.22252093395631459
Kurpark,2025-07-12T20:00:00Z,continuous_test,condition_b,30,30,9.4000000000000004,false,true,true,false,-0.35675730171412012,22,5,-0.50000000000000044,0.86602540378443837,-0.97492791218182362,-0.22252093395631459
Kurpark,2025-07-12T21:00:00Z,continuous_test,condition_b,9,9,4.5700000000000003,false,true,true,false,-1.1594633039098907,23,5,-0.25881904510252157,0.96592582628906809,-0.97492791218182362,-0.22252093395631459
Kurpark,2025-07-12T22:00:00Z,continuous_test,condition_b,8,,7.6799999999999997,true,false,true,true,-1.2386211321355831,0,6,0,1,-0.78183148246802991,0.62348980185873337
Kurpark,2025-07-12T23:00:00Z,continuous_test,condition_b,7,7,10.789999999999999,false,true,true,false,-1.3177789603612755,1,6,0.25881904510252074,0.96592582628906831,-0.78183148246802991,0.62348980185873337
Kurpark,2025-07-13T00:00:00Z,continuous_test,condition_b,16,16,12.5,false,true,true,false,-0.78299372007563883,2,6,0.49999999999999994,0.86602540378443871,-0.78183148246802991,0.62348980185873337
Kurpark,2025-07-13T01:00:00Z,continuous_test,condition_b,1,1,2.8500000000000001,false,true,true,false,-2.3013256527167636,3,6,0.70710678118654757,0.70710678118654757,-0.78183148246802991,0.62348980185873337
Kurpark,2025-07-13T02:00:00Z,continuous_test,condition_b,4,4,20.82,false,true,true,false,-1.6512366500876352,4,6,0.8660254037844386,0.50000000000000011,-0.78183148246802991,0.62348980185873337
Kurpark,2025-07-13T03:00:00Z,continuous_test,condition_b,6,6,15.279999999999999,false,true,true,false,-1.4125166749656797,5,6,0.96592582628906831,0.25881904510252074,-0.78183148246802991,0.62348980185873337
Kurpark,2025-07-13T04:00:00Z,continuous_test,condition_b,,,,true,false,false,false,0,6,6,1,6.123233995736766e-17,-0.78183148246802991,0.62348980185873337
Kurpark,2025-07-13T05:00:00Z,continuous_test,condition_b,,,,true,false,false,false,0,7,6,0.96592582628906831,-0.25881904510252063,-0.78183148246802991,0.62348980185873337
Kurpark,2025-07-13T06:00:00Z,continuous_test,condition_b,,,,true,false,false,false,0,8,6,0.86602540378443871,-0.49999999999999978,-0.78183148246802991,0.62348980185873337
Kurpark,2025-07-13T07:00:00Z,continuous_test,condition_b,,,,true,false,false,false,0,9,6,0.70710678118654757,-0.70710678118654746,-0.78183148246802991,0.62348980185873337
Kurpark,2025-07-13T08:00:00Z,continuous_test,condition_b,,,,true,false,false,false,0,10,6,0.49999999999999994,-0.86602540378443871,-0.78183148246802991,0.62348980185873337
Kurpark,2025-07-13T09:00:00Z,continuous_test,condition_b,,,,true,false,false,false,0,11,6,0.25881904510252102,-0.9659258262890682,-0.78183148246802991,0.62348980185873337
Kurpark,2025-07-13T10:00:00Z,continuous_test,condition_b,,,,true,false,false,false,0,12,6,1.2246467991473532e-16,-1,-0.78183148246802991,0.62348980185873337
Kurpark,2025-07-13T11:00:00Z,continuous_test,condition_b,,,,true,false,false,false,0,13,6,-0.25881904510252079,-0.96592582628906831,-0.78183148246802991,0.62348980185873337
Kurpark,2025-07-13T12:00:00Z,continuous_test,condition_b,,,,true,false,false,false,0,14,6,-0.49999999999999972,-0.86602540378443882,-0.78183148246802991,0.62348980185873337
Kurpark,2025-07-13T13:00:00Z,continuous_test,condition_b,,,,true,false,false,false,0,15,6,-0.70710678118654713,-0.70710678118654791,-0.78183148246802991,0.62348980185873337
Kurpark,2025-07-13T14:00:00Z,continuous_test,condition_b,,,,true,false,false,false,0,16,6,-0.86602540378443849,-0.50000000000000044,-0.78183148246802991,0.62348980185873337
Kurpark,2025-07-13T15:00:00Z,continuous_test,condition_b,,,,true,false,false,false,0,17,6,-0.96592582628906831,-0.25881904510252063,-0.78183148246802991,0.62348980185873337
Kurpark,2025-07-13T16:00:00Z,continuous_test,condition_b,,,,true,false,false,false,0,18,6,-1,-1.8369701987210297e-16,-0.78183148246802991,0.62348980185873337
Kurpark,2025-07-13T17:00:00Z,continuous_test,condition_b,,,,true,false,false,false,0,19,6,-0.96592582628906842,0.2588190451025203,-0.78183148246802991,0.62348980185873337
Kurpark,2025-07-13T18:00:00Z,continuous_test,condition_b,,,,true,false,false,false,0,20,6,-0.8660254037844386,0.50000000000000011,-0.78183148246802991,0.62348980185873337
Kurpark,2025-07-13T19:00:00Z,continuous_test,condition_b,,,,true,false,false,false,0,21,6,-0.70710678118654768,0.70710678118654735,-0.78183148246802991,0.62348980185873337
Kurpark,2025-07-13T20:00:00Z,continuous_test,condition_b,,,,true,false,false,false,0,22,6,-0.50000000000000044,0.86602540378443837,-0.78183148246802991,0.62348980185873337
Kurpark,2025-07-13T21:00:00Z,continuous_test,condition_b,0,0,0,false,true,true,false,-2.7930989988945076,23,6,-0.25881904510252157,0.96592582628906809,-0.78183148246802991,0.62348980185873337
Kurpark,2025-07-13T22:00:00Z,continuous_test,condition_b,9,9,24.379999999999999,false,true,true,false,-1.1594633039098907,0,0,0,1,0,1
Kurpark,2025-07-13T23:00:00Z,continuous_test,condition_b,5,5,40.085000000000001,false,true,true,false,-1.5218833401708753,1,0,0.25881904510252074,0.96592582628906831,0,1
Kurpark - Eingang Kolonnaden,2025-07-08T00:00:00Z,continuous_test,condition_b,3.5,,2.4449999999999998,true,false,true,true,-1.7699390697425683,2,1,0.49999999999999994,0.86602540378443871,0.7818314824680298,0.62348980185873359
Kurpark - Eingang Kolonnaden,2025-07-08T01:00:00Z,continuous_test,condition_b,0,0,0,false,true,true,false,-2.6284244511381143,3,1,0.70710678118654757,0.70710678118654757,0.7818314824680298,0.62348980185873359
Kurpark - Eingang Kolonnaden,2025-07-08T02:00:00Z,continuous_test,condition_b,1,1,0.69999999999999996,false,true,true,false,-2.0561008635410838,4,1,0.8660254037844386,0.50000000000000011,0.7818314824680298,0.62348980185873359
Kurpark - Eingang Kolonnaden,2025-07-08T03:00:00Z,continuous_test,condition_b,9.3333333333333339,,2.0566666666666662,true,false,true,true,-1.3397639681206006,5,1,0.96592582628906831,0.25881904510252074,0.7818314824680298,0.62348980185873359
Kurpark - Eingang Kolonnaden,2025-07-08T04:00:00Z,continuous_test,condition_b,17.666666666666668,,3.4133333333333331,true,false,true,true,-0.62342707270011721,6,1,1,6.123233995736766e-17,0.7818314824680298,0.62348980185873359
Kurpark - Eingang Kolonnaden,2025-07-08T05:00:00Z,continuous_test,condition_b,26,26,4.7699999999999996,false,true,true,false,0.092909822720366117,7,1,0.96592582628906831,-0.25881904510252063,0.7818314824680298,0.62348980185873359
Kurpark - Eingang Kolonnaden,2025-07-08T06:00:00Z,continuous_test,condition_b,28,28,10.35,false,true,true,false,0.15191266047149118,8,1,0.86602540378443871,-0.49999999999999978,0.7818314824680298,0.62348980185873359
Kurpark - Eingang Kolonnaden,2025-07-08T07:00:00Z,continuous_test,condition_b,43,43,8.1050000000000004,false,true,true,false,0.49613703908104789,9,1,0.70710678118654757,-0.70710678118654746,0.7818314824680298,0.62348980185873359
Kurpark - Eingang Kolonnaden,2025-07-08T08:00:00Z,continuous_test,condition_b,54.5,,8.2375000000000007,true,false,true,true,0.66973925805464662,10,1,0.49999999999999994,-0.86602540378443871,0.7818314824680298,0.62348980185873359
Kurpark - Eingang Kolonnaden,2025-07-08T09:00:00Z,continuous_test,condition_b,66,66,8.3699999999999992,false,true,true,false,0.84334147702824536,11,1,0.25881904510252102,-0.9659258262890682,0.7818314824680298,0.62348980185873359
Kurpark - Eingang Kolonnaden,2025-07-08T10:00:00Z,continuous_test,condition_b,59,59,7.7000000000000002,false,true,true,false,0.75222836608371424,12,1,1.2246467991473532e-16,-1,0.7818314824680298,0.62348980185873359
Kurpark - Eingang Kolonnaden,2025-07-08T11:00:00Z,continuous_test,condition_b,78.5,78.5,9.1199999999999992,false,true,true,false,0.98458736991037343,13,1,-0.25881904510252079,-0.96592582628906831,0.7818314824680298,0.62348980185873359
Kurpark - Eingang Kolonnaden,2025-07-08T12:00:00Z,continuous_test,condition_b,92,92,12.609999999999999,false,true,true,false,1.1140903795019685,14,1,-0.49999999999999972,-0.86602540378443882,0.7818314824680298,0.62348980185873359
Kurpark - Eingang Kolonnaden,2025-07-08T13:00:00Z,continuous_test,condition_b,130,130,9.2599999999999998,false,true,true,false,1.3969694341892749,15,1,-0.70710678118654713,-0.70710678118654791,0.7818314824680298,0.62348980185873359
Kurpark - Eingang Kolonnaden,2025-07-08T14:00:00Z,continuous_test,condition_b,,,,true,false,false,false,0,16,1,-0.86602540378443849,-0.50000000000000044,0.7818314824680298,0.62348980185873359
Kurpark - Eingang Kolonnaden,2025-07-08T15:00:00Z,continuous_test,condition_b,,,,true,false,false,false,0,17,1,-0.96592582628906831,-0.25881904510252063,0.7818314824680298,0.62348980185873359
Kurpark - Eingang Kolonnaden,2025-07-08T16:00:00Z,continuous_test,condition_b,,,,true,false,false,false,0,18,1,-1,-1.8369701987210297e-16,0.7818314824680298,0.62348980185873359
Kurpark - Eingang Kolonnaden,2025-07-08T17:00:00Z,continuous_test,condition_b,,,,true,false,false,false,0,19,1,-0.96592582628906842,0.2588190451025203,0.7818314824680298,0.62348980185873359
Kurpark - Eingang Kolonnaden,2025-07-08T18:00:00Z,continuous_test,condition_b,,,,true,false,false,false,0,20,1,-0.8660254037844386,0.50000000000000011,0.7818314824680298,0.62348980185873359
Kurpark - Eingang Kolonnaden,2025-07-08T19:00:00Z,continuous_test,condition_b,,,,true,false,false,false,0,21,1,-0.70710678118654768,0.70710678118654735,0.7818314824680298,0.62348980185873359
Kurpark - Eingang Kolonnaden,2025-07-08T20:00:00Z,continuous_test,condition_b,,,,true,false,false,false,0,22,1,-0.50000000000000044,0.86602540378443837,0.7818314824680298,0.62348980185873359
Kurpark - Eingang Kolonnaden,2025-07-08T21:00:00Z,continuous_test,condition_b,,,,true,false,false,false,0,23,1,-0.25881904510252157,0.96592582628906809,0.7818314824680298,0.62348980185873359
Kurpark - Eingang Kolonnaden,2025-07-08T22:00:00Z,continuous_test,condition_b,,,,true,false,false,false,0,0,2,0,1,0.97492791218182362,-0.22252093395631434
Kurpark - Eingang Kolonnaden,2025-07-08T23:00:00Z,continuous_test,condition_b,,,,true,false,false,false,0,1,2,0.25881904510252074,0.96592582628906831,0.97492791218182362,-0.22252093395631434
Kurpark - Eingang Kolonnaden,2025-07-09T00:00:00Z,continuous_test,condition_b,,,,true,false,false,false,0,2,2,0.49999999999999994,0.86602540378443871,0.97492791218182362,-0.22252093395631434
Kurpark - Eingang Kolonnaden,2025-07-09T01:00:00Z,continuous_test,condition_b,,,,true,false,false,false,0,3,2,0.70710678118654757,0.70710678118654757,0.97492791218182362,-0.22252093395631434
Kurpark - Eingang Kolonnaden,2025-07-09T02:00:00Z,continuous_test,condition_b,,,,true,false,false,false,0,4,2,0.8660254037844386,0.50000000000000011,0.97492791218182362,-0.22252093395631434
Kurpark - Eingang Kolonnaden,2025-07-09T03:00:00Z,continuous_test,condition_b,,,,true,false,false,false,0,5,2,0.96592582628906831,0.25881904510252074,0.97492791218182362,-0.22252093395631434
Kurpark - Eingang Kolonnaden,2025-07-09T04:00:00Z,continuous_test,condition_b,,,,true,false,false,false,0,6,2,1,6.123233995736766e-17,0.97492791218182362,-0.22252093395631434
Kurpark - Eingang Kolonnaden,2025-07-09T05:00:00Z,continuous_test,condition_b,,,,true,false,false,false,0,7,2,0.96592582628906831,-0.25881904510252063,0.97492791218182362,-0.22252093395631434
Kurpark - Eingang Kolonnaden,2025-07-09T06:00:00Z,continuous_test,condition_b,,,,true,false,false,false,0,8,2,0.86602540378443871,-0.49999999999999978,0.97492791218182362,-0.22252093395631434
Kurpark - Eingang Kolonnaden,2025-07-09T07:00:00Z,continuous_test,condition_b,62,62,8.1799999999999997,false,true,true,false,0.79251383875106296,9,2,0.70710678118654757,-0.70710678118654746,0.97492791218182362,-0.22252093395631434
Kurpark - Eingang Kolonnaden,2025-07-09T08:00:00Z,continuous_test,condition_b,66,66,11.57,false,true,true,false,0.84334147702824536,10,2,0.49999999999999994,-0.86602540378443871,0.97492791218182362,-0.22252093395631434
Kurpark - Eingang Kolonnaden,2025-07-09T09:00:00Z,continuous_test,condition_b,71,71,9.6300000000000008,false,true,true,false,0.90276916089196468,11,2,0.25881904510252102,-0.9659258262890682,0.97492791218182362,-0.22252093395631434
Kurpark - Eingang Kolonnaden,2025-07-09T10:00:00Z,continuous_test,condition_b,78,78,14.335000000000001,false,true,true,false,0.97937796208369954,12,2,1.2246467991473532e-16,-1,0.97492791218182362,-0.22252093395631434
Kurpark - Eingang Kolonnaden,2025-07-09T11:00:00Z,continuous_test,condition_b,94.666666666666686,,14.19,true,false,true,true,1.1143407364370681,13,2,-0.25881904510252079,-0.96592582628906831,0.97492791218182362,-0.22252093395631434
Kurpark - Eingang Kolonnaden,2025-07-09T12:00:00Z,continuous_test,condition_b,111.33333333333334,,14.045,true,false,true,true,1.2493035107904369,14,2,-0.49999999999999972,-0.86602540378443882,0.97492791218182362,-0.22252093395631434
Kurpark - Eingang Kolonnaden,2025-07-09T13:00:00Z,continuous_test,condition_b,128,128,13.9,false,true,true,false,1.3842662851438055,15,2,-0.70710678118654713,-0.70710678118654791,0.97492791218182362,-0.22252093395631434
Kurpark - Eingang Kolonnaden,2025-07-09T14:00:00Z,continuous_test,condition_b,113,113,14.56,false,true,true,false,1.2821996754245768,16,2,-0.86602540378443849,-0.50000000000000044,0.97492791218182362,-0.22252093395631434
Kurpark - Eingang Kolonnaden,2025-07-09T15:00:00Z,continuous_test,condition_b,112.5,112.5,9.4849999999999994,false,true,true,false,1.2785702700133053,17,2,-0.96592582628906831,-0.25881904510252063,0.97492791218182362,-0.22252093395631434
Kurpark - Eingang Kolonnaden,2025-07-09T16:00:00Z,continuous_test,condition_b,88.5,88.5,10.045,false,true,true,false,1.0824162558239949,18,2,-1,-1.8369701987210297e-16,0.97492791218182362,-0.22252093395631434
Kurpark - Eingang Kolonnaden,2025-07-09T17:00:00Z,continuous_test,condition_b,75,75,11.414999999999999,false,true,true,false,0.94741183840211374,19,2,-0.96592582628906842,0.2588190451025203,0.97492791218182362,-0.22252093395631434
Kurpark - Eingang Kolonnaden,2025-07-09T18:00:00Z,continuous_test,condition_b,53,53,11.15,false,true,true,false,0.66523341031739691,20,2,-0.8660254037844386,0.50000000000000011,0.97492791218182362,-0.22252093395631434
Kurpark - Eingang Kolonnaden,2025-07-09T19:00:00Z,continuous_test,condition_b,33,33,8.8399999999999999,false,true,true,false,0.28325053393286315,21,2,-0.70710678118654768,0.70710678118654735,0.97492791218182362,-0.22252093395631434
Kurpark - Eingang Kolonnaden,2025-07-09T20:00:00Z,continuous_test,condition_b,10,10,7.1500000000000004,false,true,true,false,-0.64851013611301334,22,2,-0.50000000000000044,0.86602540378443837,0.97492791218182362,-0.22252093395631434
Kurpark - Eingang Kolonnaden,2025-07-09T21:00:00Z,continuous_test,condition_b,3.5,3.5,10.815,false,true,true,false,-1.3865251894961581,23,2,-0.25881904510252157,0.96592582628906809,0.97492791218182362,-0.22252093395631434
Kurpark - Eingang Kolonnaden,2025-07-09T22:00:00Z,continuous_test,condition_b,,,,true,false,false,false,0,0,3,0,1,0.43388373911755823,-0.90096886790241903
Kurpark - Eingang Kolonnaden,2025-07-09T23:00:00Z,continuous_test,condition_b,,,,true,false,false,false,0,1,3,0.25881904510252074,0.96592582628906831,0.43388373911755823,-0.90096886790241903
Kurpark - Eingang Kolonnaden,2025-07-10T00:00:00Z,continuous_test,condition_b,,,,true,false,false,false,0,2,3,0.49999999999999994,0.86602540378443871,0.43388373911755823,-0.90096886790241903
Kurpark - Eingang Kolonnaden,2025-07-10T01:00:00Z,continuous_test,condition_b,,,,true,false,false,false,0,3,3,0.70710678118654757,0.70710678118654757,0.43388373911755823,-0.90096886790241903
Kurpark - Eingang Kolonnaden,2025-07-10T02:00:00Z,continuous_test,condition_b,,,,true,false,false,false,0,4,3,0.8660254037844386,0.50000000000000011,0.43388373911755823,-0.90096886790241903
Kurpark - Eingang Kolonnaden,2025-07-10T03:00:00Z,continuous_test,condition_b,,,,true,false,false,false,0,5,3,0.96592582628906831,0.25881904510252074,0.43388373911755823,-0.90096886790241903
Kurpark - Eingang Kolonnaden,2025-07-10T04:00:00Z,continuous_test,condition_b,,,,true,false,false,false,0,6,3,1,6.123233995736766e-17,0.43388373911755823,-0.90096886790241903
Kurpark - Eingang Kolonnaden,2025-07-10T05:00:00Z,continuous_test,condition_b,,,,true,false,false,false,0,7,3,0.96592582628906831,-0.25881904510252063,0.43388373911755823,-0.90096886790241903
Kurpark - Eingang Kolonnaden,2025-07-10T06:00:00Z,continuous_test,condition_b,,,,true,false,false,false,0,8,3,0.86602540378443871,-0.49999999999999978,0.43388373911755823,-0.90096886790241903
Kurpark - Eingang Kolonnaden,2025-07-10T07:00:00Z,continuous_test,condition_b,47.5,47.5,12.025,false,true,true,false,0.57653775693310738,9,3,0.70710678118654757,-0.70710678118654746,0.43388373911755823,-0.90096886790241903
Kurpark - Eingang Kolonnaden,2025-07-10T08:00:00Z,continuous_test,condition_b,66,66,6.5700000000000003,false,true,true,false,0.84334147702824536,10,3,0.49999999999999994,-0.86602540378443871,0.43388373911755823,-0.90096886790241903
Kurpark - Eingang Kolonnaden,2025-07-10T09:00:00Z,continuous_test,condition_b,107,107,7.4250000000000007,false,true,true,false,1.2375569979144276,11,3,0.25881904510252102,-0.9659258262890682,0.43388373911755823,-0.90096886790241903
Kurpark - Eingang Kolonnaden,2025-07-10T10:00:00Z,continuous_test,condition_b,103,103,11.355,false,true,true,false,1.2063952468260326,12,3,1.2246467991473532e-16,-1,0.43388373911755823,-0.90096886790241903
Kurpark - Eingang Kolonnaden,2025-07-10T11:00:00Z,continuous_test,condition_b,122,122,7.5549999999999997,false,true,true,false,1.344940357502064,13,3,-0.25881904510252079,-0.96592582628906831,0.43388373911755823,-0.90096886790241903
Kurpark - Eingang Kolonnaden,2025-07-10T12:00:00Z,continuous_test,condition_b,85.5,85.5,6.4900000000000002,false,true,true,false,1.0542650609560593,14,3,-0.49999999999999972,-0.86602540378443882,0.43388373911755823,-0.90096886790241903
Kurpark - Eingang Kolonnaden,2025-07-10T13:00:00Z,continuous_test,condition_b,128.5,128.5,9.2149999999999999,false,true,true,false,1.3874604415512324,15,3,-0.70710678118654713,-0.70710678118654791,0.43388373911755823,-0.90096886790241903
Kurpark - Eingang Kolonnaden,2025-07-10T14:00:00Z,continuous_test,condition_b,125,125,9.8100000000000005,false,true,true,false,1.3648374263480938,16,3,-0.86602540378443849,-0.50000000000000044,0.43388373911755823,-0.90096886790241903
Kurpark - Eingang Kolonnaden,2025-07-10T15:00:00Z,continuous_test,condition_b,106.5,106.5,9.5999999999999996,false,true,true,false,1.233725490335555,17,3,-0.96592582628906831,-0.25881904510252063,0.43388373911755823,-0.90096886790241903
Kurpark - Eingang Kolonnaden,2025-07-10T16:00:00Z,continuous_test,condition_b,68.5,68.5,11.744999999999999,false,true,true,false,0.87358985589782667,18,3,-1,-1.8369701987210297e-16,0.43388373911755823,-0.90096886790241903
Kurpark - Eingang Kolonnaden,2025-07-10T17:00:00Z,continuous_test,condition_b,80,80,11.875,false,true,true,false,1.0000212473398598,19,3,-0.96592582628906842,0.2588190451025203,0.43388373911755823,-0.90096886790241903
Kurpark - Eingang Kolonnaden,2025-07-10T18:00:00Z,continuous_test,condition_b,39,39,9.1850000000000005,false,true,true,false,0.41744052906125168,20,3,-0.8660254037844386,0.50000000000000011,0.43388373911755823,-0.90096886790241903
Kurpark - Eingang Kolonnaden,2025-07-10T19:00:00Z,continuous_test,condition_b,37,37,10.279999999999999,false,true,true,false,0.37508825080508301,21,3,-0.70710678118654768,0.70710678118654735,0.43388373911755823,-0.90096886790241903
Kurpark - Eingang Kolonnaden,2025-07-10T20:00:00Z,continuous_test,condition_b,23,23,6.5800000000000001,false,true,true,false,-0.0043422637275286466,22,3,-0.50000000000000044,0.86602540378443837,0.43388373911755823,-0.90096886790241903
Kurpark - Eingang Kolonnaden,2025-07-10T21:00:00Z,continuous_test,condition_b,14.5,,4.4500000000000002,true,false,true,true,-0.51302563710772631,23,3,-0.25881904510252157,0.96592582628906809,0.43388373911755823,-0.90096886790241903
Kurpark - Eingang Kolonnaden,2025-07-10T22:00:00Z,continuous_test,condition_b,6,6,2.3199999999999998,false,true,true,false,-1.0217090104879238,0,4,0,1,-0.43388373911755801,-0.90096886790241915
Kurpark - Eingang Kolonnaden,2025-07-10T23:00:00Z,continuous_test,condition_b,3,,1.1599999999999999,true,false,true,true,-1.8250667308130191,1,4,0.25881904510252074,0.96592582628906831,-0.43388373911755801,-0.90096886790241915
Kurpark - Eingang Kolonnaden,2025-07-11T00:00:00Z,continuous_test,condition_b,0,0,0,false,true,true,false,-2.6284244511381143,2,4,0.49999999999999994,0.86602540378443871,-0.43388373911755801,-0.90096886790241915
Kurpark - Eingang Kolonnaden,2025-07-11T01:00:00Z,continuous_test,condition_b,1,1,0.050000000000000003,false,true,true,false,-2.0561008635410838,3,4,0.70710678118654757,0.70710678118654757,-0.43388373911755801,-0.90096886790241915
Kurpark - Eingang Kolonnaden,2025-07-11T02:00:00Z,continuous_test,condition_b,2,2,5.6399999999999997,false,true,true,false,-1.7213130265186209,4,4,0.8660254037844386,0.50000000000000011,-0.43388373911755801,-0.90096886790241915
Kurpark - Eingang Kolonnaden,2025-07-11T03:00:00Z,continuous_test,condition_b,6,6,7.8650000000000002,false,true,true,false,-1.0217090104879238,5,4,0.96592582628906831,0.25881904510252074,-0.43388373911755801,-0.90096886790241915
Kurpark - Eingang Kolonnaden,2025-07-11T04:00:00Z,continuous_test,condition_b,11,11,4.6799999999999997,false,true,true,false,-0.57666585132455939,6,4,1,6.123233995736766e-17,-0.43388373911755801,-0.90096886790241915
Kurpark - Eingang Kolonnaden,2025-07-11T05:00:00Z,continuous_test,condition_b,12,12,5.6799999999999997,false,true,true,false,-0.51057551596505935,7,4,0.96592582628906831,-0.25881904510252063,-0.43388373911755801,-0.90096886790241915
Kurpark - Eingang Kolonnaden,2025-07-11T06:00:00Z,continuous_test,condition_b,24,24,5.3300000000000001,false,true,true,false,0.029363983678433399,8,4,0.86602540378443871,-0.49999999999999978,-0.43388373911755801,-0.90096886790241915
Kurpark - Eingang Kolonnaden,2025-07-11T07:00:00Z,continuous_test,condition_b,,,,true,false,false,false,0,9,4,0.70710678118654757,-0.70710678118654746,-0.43388373911755801,-0.90096886790241915
Kurpark - Eingang Kolonnaden,2025-07-11T08:00:00Z,continuous_test,condition_b,,,,true,false,false,false,0,10,4,0.49999999999999994,-0.86602540378443871,-0.43388373911755801,-0.90096886790241915
Kurpark - Eingang Kolonnaden,2025-07-11T09:00:00Z,continuous_test,condition_b,,,,true,false,false,false,0,11,4,0.25881904510252102,-0.9659258262890682,-0.43388373911755801,-0.90096886790241915
Kurpark - Eingang Kolonnaden,2025-07-11T10:00:00Z,continuous_test,condition_b,,,,true,false,false,false,0,12,4,1.2246467991473532e-16,-1,-0.43388373911755801,-0.90096886790241915
Kurpark - Eingang Kolonnaden,2025-07-11T11:00:00Z,continuous_test,condition_b,,,,true,false,false,false,0,13,4,-0.25881904510252079,-0.96592582628906831,-0.43388373911755801,-0.90096886790241915
Kurpark - Eingang Kolonnaden,2025-07-11T12:00:00Z,continuous_test,condition_b,,,,true,false,false,false,0,14,4,-0.49999999999999972,-0.86602540378443882,-0.43388373911755801,-0.90096886790241915
Kurpark - Eingang Kolonnaden,2025-07-11T13:00:00Z,continuous_test,condition_b,,,,true,false,false,false,0,15,4,-0.70710678118654713,-0.70710678118654791,-0.43388373911755801,-0.90096886790241915
Kurpark - Eingang Kolonnaden,2025-07-11T14:00:00Z,continuous_test,condition_b,,,,true,false,false,false,0,16,4,-0.86602540378443849,-0.50000000000000044,-0.43388373911755801,-0.90096886790241915
Kurpark - Eingang Kolonnaden,2025-07-11T15:00:00Z,continuous_test,condition_b,,,,true,false,false,false,0,17,4,-0.96592582628906831,-0.25881904510252063,-0.43388373911755801,-0.90096886790241915
Kurpark - Eingang Kolonnaden,2025-07-11T16:00:00Z,continuous_test,condition_b,,,,true,false,false,false,0,18,4,-1,-1.8369701987210297e-16,-0.43388373911755801,-0.90096886790241915
Kurpark - Eingang Kolonnaden,2025-07-11T17:00:00Z,continuous_test,condition_b,70,70,14.220000000000001,false,true,true,false,0.89122088311131087,19,4,-0.96592582628906842,0.2588190451025203,-0.43388373911755801,-0.90096886790241915
Kurpark - Eingang Kolonnaden,2025-07-11T18:00:00Z,continuous_test,condition_b,45.5,,11.31,true,false,true,true,0.40751716729766418,20,4,-0.8660254037844386,0.50000000000000011,-0.43388373911755801,-0.90096886790241915
Kurpark - Eingang Kolonnaden,2025-07-11T19:00:00Z,continuous_test,condition_b,21,21,8.4000000000000004,false,true,true,false,-0.076186548515982541,21,4,-0.70710678118654768,0.70710678118654735,-0.43388373911755801,-0.90096886790241915
Kurpark - Eingang Kolonnaden,2025-07-11T20:00:00Z,continuous_test,condition_b,19.5,19.5,2.7999999999999998,false,true,true,false,-0.13449465471445973,22,4,-0.50000000000000044,0.86602540378443837,-0.43388373911755801,-0.90096886790241915
Kurpark - Eingang Kolonnaden,2025-07-11T21:00:00Z,continuous_test,condition_b,5,5,2.0699999999999998,false,true,true,false,-1.1489894389215902,23,4,-0.25881904510252157,0.96592582628906809,-0.43388373911755801,-0.90096886790241915
Kurpark - Eingang Kolonnaden,2025-07-11T22:00:00Z,continuous_test,condition_b,10,10,4.4000000000000004,false,true,true,false,-0.64851013611301334,0,5,0,1,-0.97492791218182362,-0.22252093395631459
Kurpark - Eingang Kolonnaden,2025-07-11T23:00:00Z,continuous_test,condition_b,,,,true,false,false,false,0,1,5,0.25881904510252074,0.96592582628906831,-0.97492791218182362,-0.22252093395631459
Kurpark - Eingang Kolonnaden,2025-07-12T00:00:00Z,continuous_test,condition_b,,,,true,false,false,false,0,2,5,0.49999999999999994,0.86602540378443871,-0.97492791218182362,-0.22252093395631459
Kurpark - Eingang Kolonnaden,2025-07-12T01:00:00Z,continuous_test,condition_b,,,,true,false,false,false,0,3,5,0.70710678118654757,0.70710678118654757,-0.97492791218182362,-0.22252093395631459
Kurpark - Eingang Kolonnaden,2025-07-12T02:00:00Z,continuous_test,condition_b,,,,true,false,false,false,0,4,5,0.8660254037844386,0.50000000000000011,-0.97492791218182362,-0.22252093395631459
Kurpark - Eingang Kolonnaden,2025-07-12T03:00:00Z,continuous_test,condition_b,,,,true,false,false,false,0,5,5,0.96592582628906831,0.25881904510252074,-0.97492791218182362,-0.22252093395631459
Kurpark - Eingang Kolonnaden,2025-07-12T04:00:00Z,continuous_test,condition_b,,,,true,false,false,false,0,6,5,1,6.123233995736766e-17,-0.97492791218182362,-0.22252093395631459
Kurpark - Eingang Kolonnaden,2025-07-12T05:00:00Z,continuous_test,condition_b,,,,true,false,false,false,0,7,5,0.96592582628906831,-0.25881904510252063,-0.97492791218182362,-0.22252093395631459
Kurpark - Eingang Kolonnaden,2025-07-12T06:00:00Z,continuous_test,condition_b,20,20,3.8100000000000001,false,true,true,false,-0.11459758586843037,8,5,0.86602540378443871,-0.49999999999999978,-0.97492791218182362,-0.22252093395631459
Kurpark - Eingang Kolonnaden,2025-07-12T07:00:00Z,continuous_test,condition_b,51,51,11.43,false,true,true,false,0.63407165922900222,9,5,0.70710678118654757,-0.70710678118654746,-0.97492791218182362,-0.22252093395631459
Kurpark - Eingang Kolonnaden,2025-07-12T08:00:00Z,continuous_test,condition_b,74.833333333333329,,10.438333333333333,true,false,true,true,0.87214444308069372,10,5,0.49999999999999994,-0.86602540378443871,-0.97492791218182362,-0.22252093395631459
Kurpark - Eingang Kolonnaden,2025-07-12T09:00:00Z,continuous_test,condition_b,98.666666666666657,,9.4466666666666672,true,false,true,true,1.1102172269323853,11,5,0.25881904510252102,-0.9659258262890682,-0.97492791218182362,-0.22252093395631459
Kurpark - Eingang Kolonnaden,2025-07-12T10:00:00Z,continuous_test,condition_b,122.5,122.5,8.4550000000000001,false,true,true,false,1.3482900107840767,12,5,1.2246467991473532e-16,-1,-0.97492791218182362,-0.22252093395631459
Kurpark - Eingang Kolonnaden,2025-07-12T11:00:00Z,continuous_test,condition_b,92.5,92.5,12.050000000000001,false,true,true,false,1.1185176737639027,13,5,-0.25881904510252079,-0.96592582628906831,-0.97492791218182362,-0.22252093395631459
Kurpark - Eingang Kolonnaden,2025-07-12T12:00:00Z,continuous_test,condition_b,144,144,12.365,false,true,true,false,1.4808068778797649,14,5,-0.49999999999999972,-0.86602540378443882,-0.97492791218182362,-0.22252093395631459
Kurpark - Eingang Kolonnaden,2025-07-12T13:00:00Z,continuous_test,condition_b,190,190,12.720000000000001,false,true,true,false,1.7083168004844691,15,5,-0.70710678118654713,-0.70710678118654791,-0.97492791218182362,-0.22252093395631459
Kurpark - Eingang Kolonnaden,2025-07-12T14:00:00Z,continuous_test,condition_b,119.5,119.5,10.93,false,true,true,false,1.3279851744342732,16,5,-0.86602540378443849,-0.50000000000000044,-0.97492791218182362,-0.22252093395631459
Kurpark - Eingang Kolonnaden,2025-07-12T15:00:00Z,continuous_test,condition_b,121,121,11.525,false,true,true,false,1.3382000065885697,17,5,-0.96592582628906831,-0.25881904510252063,-0.97492791218182362,-0.22252093395631459
Kurpark - Eingang Kolonnaden,2025-07-12T16:00:00Z,continuous_test,condition_b,118.5,118.5,10.595000000000001,false,true,true,false,1.3211043979346975,18,5,-1,-1.8369701987210297e-16,-0.97492791218182362,-0.22252093395631459
Kurpark - Eingang Kolonnaden,2025-07-12T17:00:00Z,continuous_test,condition_b,70,70,13.74,false,true,true,false,0.89122088311131087,19,5,-0.96592582628906842,0.2588190451025203,-0.97492791218182362,-0.22252093395631459
Kurpark - Eingang Kolonnaden,2025-07-12T18:00:00Z,continuous_test,condition_b,39,39,6.8899999999999997,false,true,true,false,0.41744052906125168,20,5,-0.8660254037844386,0.50000000000000011,-0.97492791218182362,-0.22252093395631459
Kurpark - Eingang Kolonnaden,2025-07-12T19:00:00Z,continuous_test,condition_b,33,33,12.375,false,true,true,false,0.28325053393286315,21,5,-0.70710678118654768,0.70710678118654735,-0.97492791218182362,-0.22252093395631459
Kurpark - Eingang Kolonnaden,2025-07-12T20:00:00Z,continuous_test,condition_b,13,13,5.54,false,true,true,false,-0.44938542289089334,22,5,-0.50000000000000044,0.86602540378443837,-0.97492791218182362,-0.22252093395631459
Kurpark - Eingang Kolonnaden,2025-07-12T21:00:00Z,continuous_test,condition_b,3,3,5.5099999999999998,false,true,true,false,-1.4837772759440531,23,5,-0.25881904510252157,0.96592582628906809,-0.97492791218182362,-0.22252093395631459
Kurpark - Eingang Kolonnaden,2025-07-12T22:00:00Z,continuous_test,condition_b,24,24,6.2850000000000001,false,true,true,false,0.029363983678433399,0,6,0,1,-0.78183148246802991,0.62348980185873337
Kurpark - Eingang Kolonnaden,2025-07-12T23:00:00Z,continuous_test,condition_b,,,,true,false,false,false,0,1,6,0.25881904510252074,0.96592582628906831,-0.78183148246802991,0.62348980185873337
Kurpark - Eingang Kolonnaden,2025-07-13T00:00:00Z,continuous_test,condition_b,,,,true,false,false,false,0,2,6,0.49999999999999994,0.86602540378443871,-0.78183148246802991,0.62348980185873337
Kurpark - Eingang Kolonnaden,2025-07-13T01:00:00Z,continuous_test,condition_b,,,,true,false,false,false,0,3,6,0.70710678118654757,0.70710678118654757,-0.78183148246802991,0.62348980185873337
Kurpark - Eingang Kolonnaden,2025-07-13T02:00:00Z,continuous_test,condition_b,,,,true,false,false,false,0,4,6,0.8660254037844386,0.50000000000000011,-0.78183148246802991,0.62348980185873337
Kurpark - Eingang Kolonnaden,2025-07-13T03:00:00Z,continuous_test,condition_b,0,0,0,false,true,true,false,-2.6284244511381143,5,6,0.96592582628906831,0.25881904510252074,-0.78183148246802991,0.62348980185873337
Kurpark - Eingang Kolonnaden,2025-07-13T04:00:00Z,continuous_test,condition_b,,,,true,false,false,false,0,6,6,1,6.123233995736766e-17,-0.78183148246802991,0.62348980185873337
Kurpark - Eingang Kolonnaden,2025-07-13T05:00:00Z,continuous_test,condition_b,,,,true,false,false,false,0,7,6,0.96592582628906831,-0.25881904510252063,-0.78183148246802991,0.62348980185873337
Kurpark - Eingang Kolonnaden,2025-07-13T06:00:00Z,continuous_test,condition_b,,,,true,false,false,false,0,8,6,0.86602540378443871,-0.49999999999999978,-0.78183148246802991,0.62348980185873337
Kurpark - Eingang Kolonnaden,2025-07-13T07:00:00Z,continuous_test,condition_b,,,,true,false,false,false,0,9,6,0.70710678118654757,-0.70710678118654746,-0.78183148246802991,0.62348980185873337
Kurpark - Eingang Kolonnaden,2025-07-13T08:00:00Z,continuous_test,condition_b,,,,true,false,false,false,0,10,6,0.49999999999999994,-0.86602540378443871,-0.78183148246802991,0.62348980185873337
Kurpark - Eingang Kolonnaden,2025-07-13T09:00:00Z,continuous_test,condition_b,,,,true,false,false,false,0,11,6,0.25881904510252102,-0.9659258262890682,-0.78183148246802991,0.62348980185873337
Kurpark - Eingang Kolonnaden,2025-07-13T10:00:00Z,continuous_test,condition_b,,,,true,false,false,false,0,12,6,1.2246467991473532e-16,-1,-0.78183148246802991,0.62348980185873337
Kurpark - Eingang Kolonnaden,2025-07-13T11:00:00Z,continuous_test,condition_b,,,,true,false,false,false,0,13,6,-0.25881904510252079,-0.96592582628906831,-0.78183148246802991,0.62348980185873337
Kurpark - Eingang Kolonnaden,2025-07-13T12:00:00Z,continuous_test,condition_b,,,,true,false,false,false,0,14,6,-0.49999999999999972,-0.86602540378443882,-0.78183148246802991,0.62348980185873337
Kurpark - Eingang Kolonnaden,2025-07-13T13:00:00Z,continuous_test,condition_b,,,,true,false,false,false,0,15,6,-0.70710678118654713,-0.70710678118654791,-0.78183148246802991,0.62348980185873337
Kurpark - Eingang Kolonnaden,2025-07-13T14:00:00Z,continuous_test,condition_b,,,,true,false,false,false,0,16,6,-0.86602540378443849,-0.50000000000000044,-0.78183148246802991,0.62348980185873337
Kurpark - Eingang Kolonnaden,2025-07-13T15:00:00Z,continuous_test,condition_b,,,,true,false,false,false,0,17,6,-0.96592582628906831,-0.25881904510252063,-0.78183148246802991,0.62348980185873337
Kurpark - Eingang Kolonnaden,2025-07-13T16:00:00Z,continuous_test,condition_b,,,,true,false,false,false,0,18,6,-1,-1.8369701987210297e-16,-0.78183148246802991,0.62348980185873337
Kurpark - Eingang Kolonnaden,2025-07-13T17:00:00Z,continuous_test,condition_b,,,,true,false,false,false,0,19,6,-0.96592582628906842,0.2588190451025203,-0.78183148246802991,0.62348980185873337
Kurpark - Eingang Kolonnaden,2025-07-13T18:00:00Z,continuous_test,condition_b,,,,true,false,false,false,0,20,6,-0.8660254037844386,0.50000000000000011,-0.78183148246802991,0.62348980185873337
Kurpark - Eingang Kolonnaden,2025-07-13T19:00:00Z,continuous_test,condition_b,,,,true,false,false,false,0,21,6,-0.70710678118654768,0.70710678118654735,-0.78183148246802991,0.62348980185873337
Kurpark - Eingang Kolonnaden,2025-07-13T20:00:00Z,continuous_test,condition_b,9,9,5.25,false,true,true,false,-0.7272066461328095,22,6,-0.50000000000000044,0.86602540378443837,-0.78183148246802991,0.62348980185873337
Kurpark - Eingang Kolonnaden,2025-07-13T21:00:00Z,continuous_test,condition_b,6,,3.6299999999999999,true,false,true,true,-1.1054919610384313,23,6,-0.25881904510252157,0.96592582628906809,-0.78183148246802991,0.62348980185873337
Kurpark - Eingang Kolonnaden,2025-07-13T22:00:00Z,continuous_test,condition_b,3,3,2.0099999999999998,false,true,true,false,-1.4837772759440531,0,0,0,1,0,1
Kurpark - Eingang Kolonnaden,2025-07-13T23:00:00Z,continuous_test,condition_b,,,,true,false,true,true,-1.4837772759440531,1,0,0.25881904510252074,0.96592582628906831,0,1
Kurpark - Eingang Kurhaus,2025-07-08T00:00:00Z,continuous_test,condition_b,1,,1.0499999999999998,true,false,true,true,-1.9902389861270047,2,1,0.49999999999999994,0.86602540378443871,0.7818314824680298,0.62348980185873359
Kurpark - Eingang Kurhaus,2025-07-08T01:00:00Z,continuous_test,condition_b,0,0,0,false,true,true,false,-2.412156224015964,3,1,0.70710678118654757,0.70710678118654757,0.7818314824680298,0.62348980185873359
Kurpark - Eingang Kurhaus,2025-07-08T02:00:00Z,continuous_test,condition_b,1,1,14.869999999999999,false,true,true,false,-1.7792803671825252,4,1,0.8660254037844386,0.50000000000000011,0.7818314824680298,0.62348980185873359
Kurpark - Eingang Kurhaus,2025-07-08T03:00:00Z,continuous_test,condition_b,11,11,3.5800000000000001,false,true,true,false,-0.14332000965631472,5,1,0.96592582628906831,0.25881904510252074,0.7818314824680298,0.62348980185873359
Kurpark - Eingang Kurhaus,2025-07-08T04:00:00Z,continuous_test,condition_b,14,,3.0674999999999999,true,false,true,true,0.041784312273351581,6,1,1,6.123233995736766e-17,0.7818314824680298,0.62348980185873359
Kurpark - Eingang Kurhaus,2025-07-08T05:00:00Z,continuous_test,condition_b,17,17,2.5550000000000002,false,true,true,false,0.22688863420301789,7,1,0.96592582628906831,-0.25881904510252063,0.7818314824680298,0.62348980185873359
Kurpark - Eingang Kurhaus,2025-07-08T06:00:00Z,continuous_test,condition_b,10,10,9.0600000000000005,false,true,true,false,-0.22276547421419424,8,1,0.86602540378443871,-0.49999999999999978,0.7818314824680298,0.62348980185873359
Kurpark - Eingang Kurhaus,2025-07-08T07:00:00Z,continuous_test,condition_b,33,33,7.585,false,true,true,false,0.80757618074862592,9,1,0.70710678118654757,-0.70710678118654746,0.7818314824680298,0.62348980185873359
Kurpark - Eingang Kurhaus,2025-07-08T08:00:00Z,continuous_test,condition_b,39.5,,7.5274999999999999,true,false,true,true,0.95539256779780679,10,1,0.49999999999999994,-0.86602540378443871,0.7818314824680298,0.62348980185873359
Kurpark - Eingang Kurhaus,2025-07-08T09:00:00Z,continuous_test,condition_b,46,46,7.4699999999999998,false,true,true,false,1.1032089548469877,11,1,0.25881904510252102,-0.9659258262890682,0.7818314824680298,0.62348980185873359
Kurpark - Eingang Kurhaus,2025-07-08T10:00:00Z,continuous_test,condition_b,52,52,8.125,false,true,true,false,1.2129063415395012,12,1,1.2246467991473532e-16,-1,0.7818314824680298,0.62348980185873359
Kurpark - Eingang Kurhaus,2025-07-08T11:00:00Z,continuous_test,condition_b,39,39,5.3599999999999994,false,true,true,false,0.95596357904182616,13,1,-0.25881904510252079,-0.96592582628906831,0.7818314824680298,0.62348980185873359
Kurpark - Eingang Kurhaus,2025-07-08T12:00:00Z,continuous_test,condition_b,53,53,12.029999999999999,false,true,true,false,1.2299731348957899,14,1,-0.49999999999999972,-0.86602540378443882,0.7818314824680298,0.62348980185873359
Kurpark - Eingang Kurhaus,2025-07-08T13:00:00Z,continuous_test,condition_b,93,93,8.0399999999999991,false,true,true,false,1.7360848116804266,15,1,-0.70710678118654713,-0.70710678118654791,0.7818314824680298,0.62348980185873359
Kurpark - Eingang Kurhaus,2025-07-08T14:00:00Z,continuous_test,condition_b,,,,true,false,false,false,0,16,1,-0.86602540378443849,-0.50000000000000044,0.7818314824680298,0.62348980185873359
Kurpark - Eingang Kurhaus,2025-07-08T15:00:00Z,continuous_test,condition_b,,,,true,false,false,false,0,17,1,-0.96592582628906831,-0.25881904510252063,0.7818314824680298,0.62348980185873359
Kurpark - Eingang Kurhaus,2025-07-08T16:00:00Z,continuous_test,condition_b,,,,true,false,false,false,0,18,1,-1,-1.8369701987210297e-16,0.7818314824680298,0.62348980185873359
Kurpark - Eingang Kurhaus,2025-07-08T17:00:00Z,continuous_test,condition_b,,,,true,false,false,false,0,19,1,-0.96592582628906842,0.2588190451025203,0.7818314824680298,0.62348980185873359
Kurpark - Eingang Kurhaus,2025-07-08T18:00:00Z,continuous_test,condition_b,,,,true,false,false,false,0,20,1,-0.8660254037844386,0.50000000000000011,0.7818314824680298,0.62348980185873359
Kurpark - Eingang Kurhaus,2025-07-08T19:00:00Z,continuous_test,condition_b,,,,true,false,false,false,0,21,1,-0.70710678118654768,0.70710678118654735,0.7818314824680298,0.62348980185873359
Kurpark - Eingang Kurhaus,2025-07-08T20:00:00Z,continuous_test,condition_b,,,,true,false,false,false,0,22,1,-0.50000000000000044,0.86602540378443837,0.7818314824680298,0.62348980185873359
Kurpark - Eingang Kurhaus,2025-07-08T21:00:00Z,continuous_test,condition_b,,,,true,false,false,false,0,23,1,-0.25881904510252157,0.96592582628906809,0.7818314824680298,0.62348980185873359
Kurpark - Eingang Kurhaus,2025-07-08T22:00:00Z,continuous_test,condition_b,,,,true,false,false,false,0,0,2,0,1,0.97492791218182362,-0.22252093395631434
Kurpark - Eingang Kurhaus,2025-07-08T23:00:00Z,continuous_test,condition_b,,,,true,false,false,false,0,1,2,0.25881904510252074,0.96592582628906831,0.97492791218182362,-0.22252093395631434
Kurpark - Eingang Kurhaus,2025-07-09T00:00:00Z,continuous_test,condition_b,,,,true,false,false,false,0,2,2,0.49999999999999994,0.86602540378443871,0.97492791218182362,-0.22252093395631434
Kurpark - Eingang Kurhaus,2025-07-09T01:00:00Z,continuous_test,condition_b,,,,true,false,false,false,0,3,2,0.70710678118654757,0.70710678118654757,0.97492791218182362,-0.22252093395631434
Kurpark - Eingang Kurhaus,2025-07-09T02:00:00Z,continuous_test,condition_b,,,,true,false,false,false,0,4,2,0.8660254037844386,0.50000000000000011,0.97492791218182362,-0.22252093395631434
Kurpark - Eingang Kurhaus,2025-07-09T03:00:00Z,continuous_test,condition_b,,,,true,false,false,false,0,5,2,0.96592582628906831,0.25881904510252074,0.97492791218182362,-0.22252093395631434
Kurpark - Eingang Kurhaus,2025-07-09T04:00:00Z,continuous_test,condition_b,,,,true,false,false,false,0,6,2,1,6.123233995736766e-17,0.97492791218182362,-0.22252093395631434
Kurpark - Eingang Kurhaus,2025-07-09T05:00:00Z,continuous_test,condition_b,,,,true,false,false,false,0,7,2,0.96592582628906831,-0.25881904510252063,0.97492791218182362,-0.22252093395631434
Kurpark - Eingang Kurhaus,2025-07-09T06:00:00Z,continuous_test,condition_b,,,,true,false,false,false,0,8,2,0.86602540378443871,-0.49999999999999978,0.97492791218182362,-0.22252093395631434
Kurpark - Eingang Kurhaus,2025-07-09T07:00:00Z,continuous_test,condition_b,40,40,7.7599999999999998,false,true,true,false,0.97850909143641362,9,2,0.70710678118654757,-0.70710678118654746,0.97492791218182362,-0.22252093395631434
Kurpark - Eingang Kurhaus,2025-07-09T08:00:00Z,continuous_test,condition_b,40,40,5.6699999999999999,false,true,true,false,0.97850909143641362,10,2,0.49999999999999994,-0.86602540378443871,0.97492791218182362,-0.22252093395631434
Kurpark - Eingang Kurhaus,2025-07-09T09:00:00Z,continuous_test,condition_b,42,42,7.4900000000000002,false,true,true,false,1.0219957320212161,11,2,0.25881904510252102,-0.9659258262890682,0.97492791218182362,-0.22252093395631434
Kurpark - Eingang Kurhaus,2025-07-09T10:00:00Z,continuous_test,condition_b,45.5,45.5,10.535,false,true,true,false,1.0934436547005235,12,2,1.2246467991473532e-16,-1,0.97492791218182362,-0.22252093395631434
Kurpark - Eingang Kurhaus,2025-07-09T11:00:00Z,continuous_test,condition_b,55,,10.33,true,false,true,true,1.2389333503976006,13,2,-0.25881904510252079,-0.96592582628906831,0.97492791218182362,-0.22252093395631434
Kurpark - Eingang Kurhaus,2025-07-09T12:00:00Z,continuous_test,condition_b,64.5,,10.125,true,false,true,true,1.3844230460946778,14,2,-0.49999999999999972,-0.86602540378443882,0.97492791218182362,-0.22252093395631434
Kurpark - Eingang Kurhaus,2025-07-09T13:00:00Z,continuous_test,condition_b,74,74,9.9199999999999999,false,true,true,false,1.5299127417917548,15,2,-0.70710678118654713,-0.70710678118654791,0.97492791218182362,-0.22252093395631434
Kurpark - Eingang Kurhaus,2025-07-09T14:00:00Z,continuous_test,condition_b,76,76,9.3800000000000008,false,true,true,false,1.5539416775185841,16,2,-0.86602540378443849,-0.50000000000000044,0.97492791218182362,-0.22252093395631434
Kurpark - Eingang Kurhaus,2025-07-09T15:00:00Z,continuous_test,condition_b,73.5,73.5,8.5099999999999998,false,true,true,false,1.5238053821630766,17,2,-0.96592582628906831,-0.25881904510252063,0.97492791218182362,-0.22252093395631434
Kurpark - Eingang Kurhaus,2025-07-09T16:00:00Z,continuous_test,condition_b,60.5,60.5,8.8249999999999993,false,true,true,false,1.3487177352957467,18,2,-1,-1.8369701987210297e-16,0.97492791218182362,-0.22252093395631434
Kurpark - Eingang Kurhaus,2025-07-09T17:00:00Z,continuous_test,condition_b,35.5,35.5,8.8000000000000007,false,true,true,false,0.87235844050045075,19,2,-0.96592582628906842,0.2588190451025203,0.97492791218182362,-0.22252093395631434
Kurpark - Eingang Kurhaus,2025-07-09T18:00:00Z,continuous_test,condition_b,21,21,7.8600000000000003,false,true,true,false,0.41011038261924471,20,2,-0.8660254037844386,0.50000000000000011,0.97492791218182362,-0.22252093395631434
Kurpark - Eingang Kurhaus,2025-07-09T19:00:00Z,continuous_test,condition_b,17,17,7.2599999999999998,false,true,true,false,0.22688863420301789,21,2,-0.70710678118654768,0.70710678118654735,0.97492791218182362,-0.22252093395631434
Kurpark - Eingang Kurhaus,2025-07-09T20:00:00Z,continuous_test,condition_b,6.5,6.5,2.9649999999999999,false,true,true,false,-0.57245534759915762,22,2,-0.50000000000000044,0.86602540378443837,0.97492791218182362,-0.22252093395631434
Kurpark - Eingang Kurhaus,2025-07-09T21:00:00Z,continuous_test,condition_b,3.5,3.5,2.8500000000000001,false,true,true,false,-1.0388630794638596,23,2,-0.25881904510252157,0.96592582628906809,0.97492791218182362,-0.22252093395631434
Kurpark - Eingang Kurhaus,2025-07-09T22:00:00Z,continuous_test,condition_b,,,,true,false,false,false,0,0,3,0,1,0.43388373911755823,-0.90096886790241903
Kurpark - Eingang Kurhaus,2025-07-09T23:00:00Z,continuous_test,condition_b,,,,true,false,false,false,0,1,3,0.25881904510252074,0.96592582628906831,0.43388373911755823,-0.90096886790241903
Kurpark - Eingang Kurhaus,2025-07-10T00:00:00Z,continuous_test,condition_b,,,,true,false,false,false,0,2,3,0.49999999999999994,0.86602540378443871,0.43388373911755823,-0.90096886790241903
Kurpark - Eingang Kurhaus,2025-07-10T01:00:00Z,continuous_test,condition_b,,,,true,false,false,false,0,3,3,0.70710678118654757,0.70710678118654757,0.43388373911755823,-0.90096886790241903
Kurpark - Eingang Kurhaus,2025-07-10T02:00:00Z,continuous_test,condition_b,,,,true,false,false,false,0,4,3,0.8660254037844386,0.50000000000000011,0.43388373911755823,-0.90096886790241903
Kurpark - Eingang Kurhaus,2025-07-10T03:00:00Z,continuous_test,condition_b,,,,true,false,false,false,0,5,3,0.96592582628906831,0.25881904510252074,0.43388373911755823,-0.90096886790241903
Kurpark - Eingang Kurhaus,2025-07-10T04:00:00Z,continuous_test,condition_b,,,,true,false,false,false,0,6,3,1,6.123233995736766e-17,0.43388373911755823,-0.90096886790241903
Kurpark - Eingang Kurhaus,2025-07-10T05:00:00Z,continuous_test,condition_b,,,,true,false,false,false,0,7,3,0.96592582628906831,-0.25881904510252063,0.43388373911755823,-0.90096886790241903
Kurpark - Eingang Kurhaus,2025-07-10T06:00:00Z,continuous_test,condition_b,,,,true,false,false,false,0,8,3,0.86602540378443871,-0.49999999999999978,0.43388373911755823,-0.90096886790241903
Kurpark - Eingang Kurhaus,2025-07-10T07:00:00Z,continuous_test,condition_b,21,21,6.8150000000000004,false,true,true,false,0.41011038261924471,9,3,0.70710678118654757,-0.70710678118654746,0.43388373911755823,-0.90096886790241903
Kurpark - Eingang Kurhaus,2025-07-10T08:00:00Z,continuous_test,condition_b,56,56,13.09,false,true,true,false,1.2793390415137562,10,3,0.49999999999999994,-0.86602540378443871,0.43388373911755823,-0.90096886790241903
Kurpark - Eingang Kurhaus,2025-07-10T09:00:00Z,continuous_test,condition_b,48,48,8.6900000000000013,false,true,true,false,1.1412580794495921,11,3,0.25881904510252102,-0.9659258262890682,0.43388373911755823,-0.90096886790241903
Kurpark - Eingang Kurhaus,2025-07-10T10:00:00Z,continuous_test,condition_b,54,54,6.0300000000000002,false,true,true,false,1.2467267583432797,12,3,1.2246467991473532e-16,-1,0.43388373911755823,-0.90096886790241903
Kurpark - Eingang Kurhaus,2025-07-10T11:00:00Z,continuous_test,condition_b,68,68,7.6699999999999999,false,true,true,false,1.4537814255555366,13,3,-0.25881904510252079,-0.96592582628906831,0.43388373911755823,-0.90096886790241903
Kurpark - Eingang Kurhaus,2025-07-10T12:00:00Z,continuous_test,condition_b,58,58,8.0800000000000001,false,true,true,false,1.3108265362941849,14,3,-0.49999999999999972,-0.86602540378443882,0.43388373911755823,-0.90096886790241903
Kurpark - Eingang Kurhaus,2025-07-10T13:00:00Z,continuous_test,condition_b,61,61,9.2300000000000004,false,true,true,false,1.3561108676746298,15,3,-0.70710678118654713,-0.70710678118654791,0.43388373911755823,-0.90096886790241903
Kurpark - Eingang Kurhaus,2025-07-10T14:00:00Z,continuous_test,condition_b,50,50,11.239999999999998,false,true,true,false,1.1777848246079585,16,3,-0.86602540378443849,-0.50000000000000044,0.43388373911755823,-0.90096886790241903
Kurpark - Eingang Kurhaus,2025-07-10T15:00:00Z,continuous_test,condition_b,63.5,63.5,10.295000000000002,false,true,true,false,1.3922043758805487,17,3,-0.96592582628906831,-0.25881904510252063,0.43388373911755823,-0.90096886790241903
Kurpark - Eingang Kurhaus,2025-07-10T16:00:00Z,continuous_test,condition_b,47.5,47.5,10.275,false,true,true,false,1.1318934141757921,18,3,-1,-1.8369701987210297e-16,0.43388373911755823,-0.90096886790241903
Kurpark - Eingang Kurhaus,2025-07-10T17:00:00Z,continuous_test,condition_b,51,51,8.6799999999999997,false,true,true,false,1.1955144469299464,19,3,-0.96592582628906842,0.2588190451025203,0.43388373911755823,-0.90096886790241903
Kurpark - Eingang Kurhaus,2025-07-10T18:00:00Z,continuous_test,condition_b,36,36,9.0600000000000005,false,true,true,false,0.8847810383902992,20,3,-0.8660254037844386,0.50000000000000011,0.43388373911755823,-0.90096886790241903
Kurpark - Eingang Kurhaus,2025-07-10T19:00:00Z,continuous_test,condition_b,12,12,4.9299999999999997,false,true,true,false,-0.070237266736931453,21,3,-0.70710678118654768,0.70710678118654735,0.43388373911755823,-0.90096886790241903
Kurpark - Eingang Kurhaus,2025-07-10T20:00:00Z,continuous_test,condition_b,15,15,6.7599999999999998,false,true,true,false,0.11934720331779121,22,3,-0.50000000000000044,0.86602540378443837,0.43388373911755823,-0.90096886790241903
Kurpark - Eingang Kurhaus,2025-07-10T21:00:00Z,continuous_test,condition_b,0,0,0,false,true,true,false,-2.412156224015964,23,3,-0.25881904510252157,0.96592582628906809,0.43388373911755823,-0.90096886790241903
Kurpark - Eingang Kurhaus,2025-07-10T22:00:00Z,continuous_test,condition_b,1.5,,1.6599999999999999,true,false,true,true,-1.7792803671825252,0,4,0,1,-0.43388373911755801,-0.90096886790241915
Kurpark - Eingang Kurhaus,2025-07-10T23:00:00Z,continuous_test,condition_b,3,3,3.3199999999999998,false,true,true,false,-1.1464045103490865,1,4,0.25881904510252074,0.96592582628906831,-0.43388373911755801,-0.90096886790241915
Kurpark - Eingang Kurhaus,2025-07-11T00:00:00Z,continuous_test,condition_b,1.5,,1.6599999999999999,true,false,true,true,-1.7792803671825252,2,4,0.49999999999999994,0.86602540378443871,-0.43388373911755801,-0.90096886790241915
Kurpark - Eingang Kurhaus,2025-07-11T01:00:00Z,continuous_test,condition_b,0,0,0,false,true,true,false,-2.412156224015964,3,4,0.70710678118654757,0.70710678118654757,-0.43388373911755801,-0.90096886790241915
Kurpark - Eingang Kurhaus,2025-07-11T02:00:00Z,continuous_test,condition_b,3,3,0.40000000000000002,false,true,true,false,-1.1464045103490865,4,4,0.8660254037844386,0.50000000000000011,-0.43388373911755801,-0.90096886790241915
Kurpark - Eingang Kurhaus,2025-07-11T03:00:00Z,continuous_test,condition_b,6,6,4.5350000000000001,false,true,true,false,-0.63544907228318603,5,4,0.96592582628906831,0.25881904510252074,-0.43388373911755801,-0.90096886790241915
Kurpark - Eingang Kurhaus,2025-07-11T04:00:00Z,continuous_test,condition_b,18,18,7.5599999999999996,false,true,true,false,0.27625454082098422,6,4,1,6.123233995736766e-17,-0.43388373911755801,-0.90096886790241915
Kurpark - Eingang Kurhaus,2025-07-11T05:00:00Z,continuous_test,condition_b,13,13,5.25,false,true,true,false,-0.0025732154497473112,7,4,0.96592582628906831,-0.25881904510252063,-0.43388373911755801,-0.90096886790241915
Kurpark - Eingang Kurhaus,2025-07-11T06:00:00Z,continuous_test,condition_b,23,23,3.1600000000000001,false,true,true,false,0.48955584717712425,8,4,0.86602540378443871,-0.49999999999999978,-0.43388373911755801,-0.90096886790241915
Kurpark - Eingang Kurhaus,2025-07-11T07:00:00Z,continuous_test,condition_b,,,,true,false,false,false,0,9,4,0.70710678118654757,-0.70710678118654746,-0.43388373911755801,-0.90096886790241915
Kurpark - Eingang Kurhaus,2025-07-11T08:00:00Z,continuous_test,condition_b,,,,true,false,false,false,0,10,4,0.49999999999999994,-0.86602540378443871,-0.43388373911755801,-0.90096886790241915
Kurpark - Eingang Kurhaus,2025-07-11T09:00:00Z,continuous_test,condition_b,,,,true,false,false,false,0,11,4,0.25881904510252102,-0.9659258262890682,-0.43388373911755801,-0.90096886790241915
Kurpark - Eingang Kurhaus,2025-07-11T10:00:00Z,continuous_test,condition_b,,,,true,false,false,false,0,12,4,1.2246467991473532e-16,-1,-0.43388373911755801,-0.90096886790241915
Kurpark - Eingang Kurhaus,2025-07-11T11:00:00Z,continuous_test,condition_b,,,,true,false,false,false,0,13,4,-0.25881904510252079,-0.96592582628906831,-0.43388373911755801,-0.90096886790241915
Kurpark - Eingang Kurhaus,2025-07-11T12:00:00Z,continuous_test,condition_b,,,,true,false,false,false,0,14,4,-0.49999999999999972,-0.86602540378443882,-0.43388373911755801,-0.90096886790241915
Kurpark - Eingang Kurhaus,2025-07-11T13:00:00Z,continuous_test,condition_b,,,,true,false,false,false,0,15,4,-0.70710678118654713,-0.70710678118654791,-0.43388373911755801,-0.90096886790241915
Kurpark - Eingang Kurhaus,2025-07-11T14:00:00Z,continuous_test,condition_b,,,,true,false,false,false,0,16,4,-0.86602540378443849,-0.50000000000000044,-0.43388373911755801,-0.90096886790241915
Kurpark - Eingang Kurhaus,2025-07-11T15:00:00Z,continuous_test,condition_b,,,,true,false,false,false,0,17,4,-0.96592582628906831,-0.25881904510252063,-0.43388373911755801,-0.90096886790241915
Kurpark - Eingang Kurhaus,2025-07-11T16:00:00Z,continuous_test,condition_b,,,,true,false,false,false,0,18,4,-1,-1.8369701987210297e-16,-0.43388373911755801,-0.90096886790241915
Kurpark - Eingang Kurhaus,2025-07-11T17:00:00Z,continuous_test,condition_b,54,54,9.6799999999999997,false,true,true,false,1.2467267583432797,19,4,-0.96592582628906842,0.2588190451025203,-0.43388373911755801,-0.90096886790241915
Kurpark - Eingang Kurhaus,2025-07-11T18:00:00Z,continuous_test,condition_b,38.5,,10.5,true,false,true,true,0.86814130276020196,20,4,-0.8660254037844386,0.50000000000000011,-0.43388373911755801,-0.90096886790241915
Kurpark - Eingang Kurhaus,2025-07-11T19:00:00Z,continuous_test,condition_b,23,23,11.32,false,true,true,false,0.48955584717712425,21,4,-0.70710678118654768,0.70710678118654735,-0.43388373911755801,-0.90096886790241915
Kurpark - Eingang Kurhaus,2025-07-11T20:00:00Z,continuous_test,condition_b,21.5,21.5,5.1050000000000004,false,true,true,false,0.43062915309361388,22,4,-0.50000000000000044,0.86602540378443837,-0.43388373911755801,-0.90096886790241915
Kurpark - Eingang Kurhaus,2025-07-11T21:00:00Z,continuous_test,condition_b,4,4,3.1299999999999999,false,true,true,false,-0.94266399145849045,23,4,-0.25881904510252157,0.96592582628906809,-0.43388373911755801,-0.90096886790241915
Kurpark - Eingang Kurhaus,2025-07-11T22:00:00Z,continuous_test,condition_b,9,9,2.8199999999999998,false,true,true,false,-0.30978813462505134,0,5,0,1,-0.97492791218182362,-0.22252093395631459
Kurpark - Eingang Kurhaus,2025-07-11T23:00:00Z,continuous_test,condition_b,,,,true,false,false,false,0,1,5,0.25881904510252074,0.96592582628906831,-0.97492791218182362,-0.22252093395631459
Kurpark - Eingang Kurhaus,2025-07-12T00:00:00Z,continuous_test,condition_b,,,,true,false,false,false,0,2,5,0.49999999999999994,0.86602540378443871,-0.97492791218182362,-0.22252093395631459
Kurpark - Eingang Kurhaus,2025-07-12T01:00:00Z,continuous_test,condition_b,,,,true,false,false,false,0,3,5,0.70710678118654757,0.70710678118654757,-0.97492791218182362,-0.22252093395631459
Kurpark - Eingang Kurhaus,2025-07-12T02:00:00Z,continuous_test,condition_b,,,,true,false,false,false,0,4,5,0.8660254037844386,0.50000000000000011,-0.97492791218182362,-0.22252093395631459
Kurpark - Eingang Kurhaus,2025-07-12T03:00:00Z,continuous_test,condition_b,,,,true,false,false,false,0,5,5,0.96592582628906831,0.25881904510252074,-0.97492791218182362,-0.22252093395631459
Kurpark - Eingang Kurhaus,2025-07-12T04:00:00Z,continuous_test,condition_b,,,,true,false,false,false,0,6,5,1,6.123233995736766e-17,-0.97492791218182362,-0.22252093395631459
Kurpark - Eingang Kurhaus,2025-07-12T05:00:00Z,continuous_test,condition_b,15,15,13.039999999999999,false,true,true,false,0.11934720331779121,7,5,0.96592582628906831,-0.25881904510252063,-0.97492791218182362,-0.22252093395631459
Kurpark - Eingang Kurhaus,2025-07-12T06:00:00Z,continuous_test,condition_b,26,,10.395,true,false,true,true,0.51423880048610715,8,5,0.86602540378443871,-0.49999999999999978,-0.97492791218182362,-0.22252093395631459
Kurpark - Eingang Kurhaus,2025-07-12T07:00:00Z,continuous_test,condition_b,37,37,7.75,false,true,true,false,0.90913039765442316,9,5,0.70710678118654757,-0.70710678118654746,-0.97492791218182362,-0.22252093395631459
Kurpark - Eingang Kurhaus,2025-07-12T08:00:00Z,continuous_test,condition_b,47,,7.6150000000000002,true,false,true,true,1.0862376109636371,10,5,0.49999999999999994,-0.86602540378443871,-0.97492791218182362,-0.22252093395631459
Kurpark - Eingang Kurhaus,2025-07-12T09:00:00Z,continuous_test,condition_b,57,,7.4800000000000004,true,false,true,true,1.2633448242728509,11,5,0.25881904510252102,-0.9659258262890682,-0.97492791218182362,-0.22252093395631459
Kurpark - Eingang Kurhaus,2025-07-12T10:00:00Z,continuous_test,condition_b,67,67,7.3450000000000006,false,true,true,false,1.4404520375820649,12,5,1.2246467991473532e-16,-1,-0.97492791218182362,-0.22252093395631459
Kurpark - Eingang Kurhaus,2025-07-12T11:00:00Z,continuous_test,condition_b,75.5,75.5,9.9849999999999994,false,true,true,false,1.5479934684672911,13,5,-0.25881904510252079,-0.96592582628906831,-0.97492791218182362,-0.22252093395631459
Kurpark - Eingang Kurhaus,2025-07-12T12:00:00Z,continuous_test,condition_b,108,108,13.010000000000002,false,true,true,false,1.8712642297338826,14,5,-0.49999999999999972,-0.86602540378443882,-0.97492791218182362,-0.22252093395631459
Kurpark - Eingang Kurhaus,2025-07-12T13:00:00Z,continuous_test,condition_b,140,140,9.9100000000000001,false,true,true,false,2.1062934555397597,15,5,-0.70710678118654713,-0.70710678118654791,-0.97492791218182362,-0.22252093395631459
Kurpark - Eingang Kurhaus,2025-07-12T14:00:00Z,continuous_test,condition_b,72.5,72.5,10.74,false,true,true,false,1.5114667233089247,16,5,-0.86602540378443849,-0.50000000000000044,-0.97492791218182362,-0.22252093395631459
Kurpark - Eingang Kurhaus,2025-07-12T15:00:00Z,continuous_test,condition_b,49,49,12.56,false,true,true,false,1.1597040979324222,17,5,-0.96592582628906831,-0.25881904510252063,-0.97492791218182362,-0.22252093395631459
Kurpark - Eingang Kurhaus,2025-07-12T16:00:00Z,continuous_test,condition_b,53.5,53.5,10.175000000000001,false,true,true,false,1.2383883729004441,18,5,-1,-1.8369701987210297e-16,-0.97492791218182362,-0.22252093395631459
Kurpark - Eingang Kurhaus,2025-07-12T17:00:00Z,continuous_test,condition_b,56,56,7.3799999999999999,false,true,true,false,1.2793390415137562,19,5,-0.96592582628906842,0.2588190451025203,-0.97492791218182362,-0.22252093395631459
Kurpark - Eingang Kurhaus,2025-07-12T18:00:00Z,continuous_test,condition_b,26,26,16.120000000000001,false,true,true,false,0.59709727806235091,20,5,-0.8660254037844386,0.50000000000000011,-0.97492791218182362,-0.22252093395631459
Kurpark - Eingang Kurhaus,2025-07-12T19:00:00Z,continuous_test,condition_b,17,17,4.5199999999999996,false,true,true,false,0.22688863420301789,21,5,-0.70710678118654768,0.70710678118654735,-0.97492791218182362,-0.22252093395631459
Kurpark - Eingang Kurhaus,2025-07-12T20:00:00Z,continuous_test,condition_b,9,9,14.18,false,true,true,false,-0.30978813462505134,22,5,-0.50000000000000044,0.86602540378443837,-0.97492791218182362,-0.22252093395631459
Kurpark - Eingang Kurhaus,2025-07-12T21:00:00Z,continuous_test,condition_b,5,5,3,false,true,true,false,-0.77619586648975369,23,5,-0.25881904510252157,0.96592582628906809,-0.97492791218182362,-0.22252093395631459
Kurpark - Eingang Kurhaus,2025-07-12T22:00:00Z,continuous_test,condition_b,8,8,2.5800000000000001,false,true,true,false,-0.40598722263042064,0,6,0,1,-0.78183148246802991,0.62348980185873337
Kurpark - Eingang Kurhaus,2025-07-12T23:00:00Z,continuous_test,condition_b,6,6,5.3300000000000001,false,true,true,false,-0.63544907228318603,1,6,0.25881904510252074,0.96592582628906831,-0.78183148246802991,0.62348980185873337
Kurpark - Eingang Kurhaus,2025-07-13T00:00:00Z,continuous_test,condition_b,3,,2.665,true,false,true,true,-1.523802648149575,2,6,0.49999999999999994,0.86602540378443871,-0.78183148246802991,0.62348980185873337
Kurpark - Eingang Kurhaus,2025-07-13T01:00:00Z,continuous_test,condition_b,0,0,0,false,true,true,false,-2.412156224015964,3,6,0.70710678118654757,0.70710678118654757,-0.78183148246802991,0.62348980185873337
Kurpark - Eingang Kurhaus,2025-07-13T02:00:00Z,continuous_test,condition_b,0,,0,true,false,true,true,-2.412156224015964,4,6,0.8660254037844386,0.50000000000000011,-0.78183148246802991,0.62348980185873337
Kurpark - Eingang Kurhaus,2025-07-13T03:00:00Z,continuous_test,condition_b,0,0,0,false,true,true,false,-2.412156224015964,5,6,0.96592582628906831,0.25881904510252074,-0.78183148246802991,0.62348980185873337
Kurpark - Eingang Kurhaus,2025-07-13T04:00:00Z,continuous_test,condition_b,,,,true,false,false,false,0,6,6,1,6.123233995736766e-17,-0.78183148246802991,0.62348980185873337
Kurpark - Eingang Kurhaus,2025-07-13T05:00:00Z,continuous_test,condition_b,,,,true,false,false,false,0,7,6,0.96592582628906831,-0.25881904510252063,-0.78183148246802991,0.62348980185873337
Kurpark - Eingang Kurhaus,2025-07-13T06:00:00Z,continuous_test,condition_b,,,,true,false,false,false,0,8,6,0.86602540378443871,-0.49999999999999978,-0.78183148246802991,0.62348980185873337
Kurpark - Eingang Kurhaus,2025-07-13T07:00:00Z,continuous_test,condition_b,,,,true,false,false,false,0,9,6,0.70710678118654757,-0.70710678118654746,-0.78183148246802991,0.62348980185873337
Kurpark - Eingang Kurhaus,2025-07-13T08:00:00Z,continuous_test,condition_b,,,,true,false,false,false,0,10,6,0.49999999999999994,-0.86602540378443871,-0.78183148246802991,0.62348980185873337
Kurpark - Eingang Kurhaus,2025-07-13T09:00:00Z,continuous_test,condition_b,,,,true,false,false,false,0,11,6,0.25881904510252102,-0.9659258262890682,-0.78183148246802991,0.62348980185873337
Kurpark - Eingang Kurhaus,2025-07-13T10:00:00Z,continuous_test,condition_b,,,,true,false,false,false,0,12,6,1.2246467991473532e-16,-1,-0.78183148246802991,0.62348980185873337
Kurpark - Eingang Kurhaus,2025-07-13T11:00:00Z,continuous_test,condition_b,,,,true,false,false,false,0,13,6,-0.25881904510252079,-0.96592582628906831,-0.78183148246802991,0.62348980185873337
Kurpark - Eingang Kurhaus,2025-07-13T12:00:00Z,continuous_test,condition_b,,,,true,false,false,false,0,14,6,-0.49999999999999972,-0.86602540378443882,-0.78183148246802991,0.62348980185873337
Kurpark - Eingang Kurhaus,2025-07-13T13:00:00Z,continuous_test,condition_b,,,,true,false,false,false,0,15,6,-0.70710678118654713,-0.70710678118654791,-0.78183148246802991,0.62348980185873337
Kurpark - Eingang Kurhaus,2025-07-13T14:00:00Z,continuous_test,condition_b,,,,true,false,false,false,0,16,6,-0.86602540378443849,-0.50000000000000044,-0.78183148246802991,0.62348980185873337
Kurpark - Eingang Kurhaus,2025-07-13T15:00:00Z,continuous_test,condition_b,,,,true,false,false,false,0,17,6,-0.96592582628906831,-0.25881904510252063,-0.78183148246802991,0.62348980185873337
Kurpark - Eingang Kurhaus,2025-07-13T16:00:00Z,continuous_test,condition_b,,,,true,false,false,false,0,18,6,-1,-1.8369701987210297e-16,-0.78183148246802991,0.62348980185873337
Kurpark - Eingang Kurhaus,2025-07-13T17:00:00Z,continuous_test,condition_b,,,,true,false,false,false,0,19,6,-0.96592582628906842,0.2588190451025203,-0.78183148246802991,0.62348980185873337
Kurpark - Eingang Kurhaus,2025-07-13T18:00:00Z,continuous_test,condition_b,,,,true,false,false,false,0,20,6,-0.8660254037844386,0.50000000000000011,-0.78183148246802991,0.62348980185873337
Kurpark - Eingang Kurhaus,2025-07-13T19:00:00Z,continuous_test,condition_b,,,,true,false,false,false,0,21,6,-0.70710678118654768,0.70710678118654735,-0.78183148246802991,0.62348980185873337
Kurpark - Eingang Kurhaus,2025-07-13T20:00:00Z,continuous_test,condition_b,,,,true,false,false,false,0,22,6,-0.50000000000000044,0.86602540378443837,-0.78183148246802991,0.62348980185873337
Kurpark - Eingang Kurhaus,2025-07-13T21:00:00Z,continuous_test,condition_b,0,0,0,false,true,true,false,-2.412156224015964,23,6,-0.25881904510252157,0.96592582628906809,-0.78183148246802991,0.62348980185873337
Kurpark - Eingang Kurhaus,2025-07-13T22:00:00Z,continuous_test,condition_b,2.5,,22.934999999999999,true,false,true,true,-1.5941760452528588,0,0,0,1,0,1
Kurpark - Eingang Kurhaus,2025-07-13T23:00:00Z,continuous_test,condition_b,5,5,45.869999999999997,false,true,true,false,-0.77619586648975369,1,0,0.25881904510252074,0.96592582628906831,0,1
Kurpark - Eingang Parkstraße,2025-07-08T00:00:00Z,continuous_test,condition_b,0,0,0,false,true,true,false,-2.5065576077487237,2,1,0.49999999999999994,0.86602540378443871,0.7818314824680298,0.62348980185873359
Kurpark - Eingang Parkstraße,2025-07-08T01:00:00Z,continuous_test,condition_b,1,1,88.180000000000007,false,true,true,false,-1.5568303303384838,3,1,0.70710678118654757,0.70710678118654757,0.7818314824680298,0.62348980185873359
Kurpark - Eingang Parkstraße,2025-07-08T02:00:00Z,continuous_test,condition_b,1,1,1.8,false,true,true,false,-1.5568303303384838,4,1,0.8660254037844386,0.50000000000000011,0.7818314824680298,0.62348980185873359
Kurpark - Eingang Parkstraße,2025-07-08T03:00:00Z,continuous_test,condition_b,4,4,6.2599999999999998,false,true,true,false,-0.30135915984900463,5,1,0.96592582628906831,0.25881904510252074,0.7818314824680298,0.62348980185873359
Kurpark - Eingang Parkstraße,2025-07-08T04:00:00Z,continuous_test,condition_b,2,2,0.41999999999999998,false,true,true,false,-1.0012754871414948,6,1,1,6.123233995736766e-17,0.7818314824680298,0.62348980185873359
Kurpark - Eingang Parkstraße,2025-07-08T05:00:00Z,continuous_test,condition_b,5,5,2.27,false,true,true,false,-0.051548209731255491,7,1,0.96592582628906831,-0.25881904510252063,0.7818314824680298,0.62348980185873359
Kurpark - Eingang Parkstraße,2025-07-08T06:00:00Z,continuous_test,condition_b,9,9,1.4399999999999999,false,true,true,false,0.64836811756123536,8,1,0.86602540378443871,-0.49999999999999978,0.7818314824680298,0.62348980185873359
Kurpark - Eingang Parkstraße,2025-07-08T07:00:00Z,continuous_test,condition_b,5,5,2.8650000000000002,false,true,true,false,-0.051548209731255491,9,1,0.70710678118654757,-0.70710678118654746,0.7818314824680298,0.62348980185873359
Kurpark - Eingang Parkstraße,2025-07-08T08:00:00Z,continuous_test,condition_b,5.5,,2.8624999999999998,true,false,true,true,0.054057864685012273,10,1,0.49999999999999994,-0.86602540378443871,0.7818314824680298,0.62348980185873359
Kurpark - Eingang Parkstraße,2025-07-08T09:00:00Z,continuous_test,condition_b,6,6,2.8599999999999999,false,true,true,false,0.15966393910128004,11,1,0.25881904510252102,-0.9659258262890682,0.7818314824680298,0.62348980185873359
Kurpark - Eingang Parkstraße,2025-07-08T10:00:00Z,continuous_test,condition_b,14,14,4.7599999999999998,false,true,true,false,1.203922960758224,12,1,1.2246467991473532e-16,-1,0.7818314824680298,0.62348980185873359
Kurpark - Eingang Parkstraße,2025-07-08T11:00:00Z,continuous_test,condition_b,13,13,4.8899999999999997,false,true,true,false,1.1093912165115194,13,1,-0.25881904510252079,-0.96592582628906831,0.7818314824680298,0.62348980185873359
Kurpark - Eingang Parkstraße,2025-07-08T12:00:00Z,continuous_test,condition_b,22,22,10.130000000000001,false,true,true,false,1.7895925729738411,14,1,-0.49999999999999972,-0.86602540378443882,0.7818314824680298,0.62348980185873359
Kurpark - Eingang Parkstraße,2025-07-08T13:00:00Z,continuous_test,condition_b,11,11,6.5300000000000002,false,true,true,false,0.89817906767898426,15,1,-0.70710678118654713,-0.70710678118654791,0.7818314824680298,0.62348980185873359
Kurpark - Eingang Parkstraße,2025-07-08T14:00:00Z,continuous_test,condition_b,,,,true,false,false,false,0,16,1,-0.86602540378443849,-0.50000000000000044,0.7818314824680298,0.62348980185873359
Kurpark - Eingang Parkstraße,2025-07-08T15:00:00Z,continuous_test,condition_b,,,,true,false,false,false,0,17,1,-0.96592582628906831,-0.25881904510252063,0.7818314824680298,0.62348980185873359
Kurpark - Eingang Parkstraße,2025-07-08T16:00:00Z,continuous_test,condition_b,,,,true,false,false,false,0,18,1,-1,-1.8369701987210297e-16,0.7818314824680298,0.62348980185873359
Kurpark - Eingang Parkstraße,2025-07-08T17:00:00Z,continuous_test,condition_b,,,,true,false,false,false,0,19,1,-0.96592582628906842,0.2588190451025203,0.7818314824680298,0.62348980185873359
Kurpark - Eingang Parkstraße,2025-07-08T18:00:00Z,continuous_test,condition_b,,,,true,false,false,false,0,20,1,-0.8660254037844386,0.50000000000000011,0.7818314824680298,0.62348980185873359
Kurpark - Eingang Parkstraße,2025-07-08T19:00:00Z,continuous_test,condition_b,,,,true,false,false,false,0,21,1,-0.70710678118654768,0.70710678118654735,0.7818314824680298,0.62348980185873359
Kurpark - Eingang Parkstraße,2025-07-08T20:00:00Z,continuous_test,condition_b,,,,true,false,false,false,0,22,1,-0.50000000000000044,0.86602540378443837,0.7818314824680298,0.62348980185873359
Kurpark - Eingang Parkstraße,2025-07-08T21:00:00Z,continuous_test,condition_b,,,,true,false,false,false,0,23,1,-0.25881904510252157,0.96592582628906809,0.7818314824680298,0.62348980185873359
Kurpark - Eingang Parkstraße,2025-07-08T22:00:00Z,continuous_test,condition_b,,,,true,false,false,false,0,0,2,0,1,0.97492791218182362,-0.22252093395631434
Kurpark - Eingang Parkstraße,2025-07-08T23:00:00Z,continuous_test,condition_b,,,,true,false,false,false,0,1,2,0.25881904510252074,0.96592582628906831,0.97492791218182362,-0.22252093395631434
Kurpark - Eingang Parkstraße,2025-07-09T00:00:00Z,continuous_test,condition_b,,,,true,false,false,false,0,2,2,0.49999999999999994,0.86602540378443871,0.97492791218182362,-0.22252093395631434
Kurpark - Eingang Parkstraße,2025-07-09T01:00:00Z,continuous_test,condition_b,,,,true,false,false,false,0,3,2,0.70710678118654757,0.70710678118654757,0.97492791218182362,-0.22252093395631434
Kurpark - Eingang Parkstraße,2025-07-09T02:00:00Z,continuous_test,condition_b,,,,true,false,false,false,0,4,2,0.8660254037844386,0.50000000000000011,0.97492791218182362,-0.22252093395631434
Kurpark - Eingang Parkstraße,2025-07-09T03:00:00Z,continuous_test,condition_b,,,,true,false,false,false,0,5,2,0.96592582628906831,0.25881904510252074,0.97492791218182362,-0.22252093395631434
Kurpark - Eingang Parkstraße,2025-07-09T04:00:00Z,continuous_test,condition_b,,,,true,false,false,false,0,6,2,1,6.123233995736766e-17,0.97492791218182362,-0.22252093395631434
Kurpark - Eingang Parkstraße,2025-07-09T05:00:00Z,continuous_test,condition_b,,,,true,false,false,false,0,7,2,0.96592582628906831,-0.25881904510252063,0.97492791218182362,-0.22252093395631434
Kurpark - Eingang Parkstraße,2025-07-09T06:00:00Z,continuous_test,condition_b,,,,true,false,false,false,0,8,2,0.86602540378443871,-0.49999999999999978,0.97492791218182362,-0.22252093395631434
Kurpark - Eingang Parkstraße,2025-07-09T07:00:00Z,continuous_test,condition_b,6,6,1.1850000000000001,false,true,true,false,0.15966393910128004,9,2,0.70710678118654757,-0.70710678118654746,0.97492791218182362,-0.22252093395631434
Kurpark - Eingang Parkstraße,2025-07-09T08:00:00Z,continuous_test,condition_b,7,7,2.3799999999999999,false,true,true,false,0.34262422448199492,10,2,0.49999999999999994,-0.86602540378443871,0.97492791218182362,-0.22252093395631434
Kurpark - Eingang Parkstraße,2025-07-09T09:00:00Z,continuous_test,condition_b,16,16,3.2400000000000002,false,true,true,false,1.3754173479874838,11,2,0.25881904510252102,-0.9659258262890682,0.97492791218182362,-0.22252093395631434
Kurpark - Eingang Parkstraße,2025-07-09T10:00:00Z,continuous_test,condition_b,11.5,11.5,11.244999999999999,false,true,true,false,0.95411201064047524,12,2,1.2246467991473532e-16,-1,0.97492791218182362,-0.22252093395631434
Kurpark - Eingang Parkstraße,2025-07-09T11:00:00Z,continuous_test,condition_b,16,,11.353333333333332,true,false,true,true,1.2886007432244402,13,2,-0.25881904510252079,-0.96592582628906831,0.97492791218182362,-0.22252093395631434
Kurpark - Eingang Parkstraße,2025-07-09T12:00:00Z,continuous_test,condition_b,20.5,,11.461666666666666,true,false,true,true,1.6230894758084049,14,2,-0.49999999999999972,-0.86602540378443882,0.97492791218182362,-0.22252093395631434
Kurpark - Eingang Parkstraße,2025-07-09T13:00:00Z,continuous_test,condition_b,25,25,11.57,false,true,true,false,1.9575782083923698,15,2,-0.70710678118654713,-0.70710678118654791,0.97492791218182362,-0.22252093395631434
Kurpark - Eingang Parkstraße,2025-07-09T14:00:00Z,continuous_test,condition_b,29,29,12.73,false,true,true,false,2.1536502381684639,16,2,-0.86602540378443849,-0.50000000000000044,0.97492791218182362,-0.22252093395631434
Kurpark - Eingang Parkstraße,2025-07-09T15:00:00Z,continuous_test,condition_b,25,25,8.4700000000000006,false,true,true,false,1.9575782083923698,17,2,-0.96592582628906831,-0.25881904510252063,0.97492791218182362,-0.22252093395631434
Kurpark - Eingang Parkstraße,2025-07-09T16:00:00Z,continuous_test,condition_b,12,12,4.0599999999999996,false,true,true,false,1.0078509309821302,18,2,-1,-1.8369701987210297e-16,0.97492791218182362,-0.22252093395631434
Kurpark - Eingang Parkstraße,2025-07-09T17:00:00Z,continuous_test,condition_b,5,5,6.5300000000000002,false,true,true,false,-0.051548209731255491,19,2,-0.96592582628906842,0.2588190451025203,0.97492791218182362,-0.22252093395631434
Kurpark - Eingang Parkstraße,2025-07-09T18:00:00Z,continuous_test,condition_b,4,4,3.0800000000000001,false,true,true,false,-0.30135915984900463,20,2,-0.8660254037844386,0.50000000000000011,0.97492791218182362,-0.22252093395631434
Kurpark - Eingang Parkstraße,2025-07-09T19:00:00Z,continuous_test,condition_b,3,3,3.6499999999999999,false,true,true,false,-0.60710305292824451,21,2,-0.70710678118654768,0.70710678118654735,0.97492791218182362,-0.22252093395631434
Kurpark - Eingang Parkstraße,2025-07-09T20:00:00Z,continuous_test,condition_b,2,2,1.6499999999999999,false,true,true,false,-1.0012754871414948,22,2,-0.50000000000000044,0.86602540378443837,0.97492791218182362,-0.22252093395631434
Kurpark - Eingang Parkstraße,2025-07-09T21:00:00Z,continuous_test,condition_b,,,,true,false,false,false,0,23,2,-0.25881904510252157,0.96592582628906809,0.97492791218182362,-0.22252093395631434
Kurpark - Eingang Parkstraße,2025-07-09T22:00:00Z,continuous_test,condition_b,,,,true,false,false,false,0,0,3,0,1,0.43388373911755823,-0.90096886790241903
Kurpark - Eingang Parkstraße,2025-07-09T23:00:00Z,continuous_test,condition_b,,,,true,false,false,false,0,1,3,0.25881904510252074,0.96592582628906831,0.43388373911755823,-0.90096886790241903
Kurpark - Eingang Parkstraße,2025-07-10T00:00:00Z,continuous_test,condition_b,,,,true,false,false,false,0,2,3,0.49999999999999994,0.86602540378443871,0.43388373911755823,-0.90096886790241903
Kurpark - Eingang Parkstraße,2025-07-10T01:00:00Z,continuous_test,condition_b,,,,true,false,false,false,0,3,3,0.70710678118654757,0.70710678118654757,0.43388373911755823,-0.90096886790241903
Kurpark - Eingang Parkstraße,2025-07-10T02:00:00Z,continuous_test,condition_b,,,,true,false,false,false,0,4,3,0.8660254037844386,0.50000000000000011,0.43388373911755823,-0.90096886790241903
Kurpark - Eingang Parkstraße,2025-07-10T03:00:00Z,continuous_test,condition_b,,,,true,false,false,false,0,5,3,0.96592582628906831,0.25881904510252074,0.43388373911755823,-0.90096886790241903
Kurpark - Eingang Parkstraße,2025-07-10T04:00:00Z,continuous_test,condition_b,,,,true,false,false,false,0,6,3,1,6.123233995736766e-17,0.43388373911755823,-0.90096886790241903
Kurpark - Eingang Parkstraße,2025-07-10T05:00:00Z,continuous_test,condition_b,,,,true,false,false,false,0,7,3,0.96592582628906831,-0.25881904510252063,0.43388373911755823,-0.90096886790241903
Kurpark - Eingang Parkstraße,2025-07-10T06:00:00Z,continuous_test,condition_b,,,,true,false,false,false,0,8,3,0.86602540378443871,-0.49999999999999978,0.43388373911755823,-0.90096886790241903
Kurpark - Eingang Parkstraße,2025-07-10T07:00:00Z,continuous_test,condition_b,4.5,4.5,7.375,false,true,true,false,-0.17076831260366454,9,3,0.70710678118654757,-0.70710678118654746,0.43388373911755823,-0.90096886790241903
Kurpark - Eingang Parkstraße,2025-07-10T08:00:00Z,continuous_test,condition_b,8,8,2.8799999999999999,false,true,true,false,0.50400663346573382,10,3,0.49999999999999994,-0.86602540378443871,0.43388373911755823,-0.90096886790241903
Kurpark - Eingang Parkstraße,2025-07-10T09:00:00Z,continuous_test,condition_b,19,19,1.9299999999999999,false,true,true,false,1.5980953949714745,11,3,0.25881904510252102,-0.9659258262890682,0.43388373911755823,-0.90096886790241903
Kurpark - Eingang Parkstraße,2025-07-10T10:00:00Z,continuous_test,condition_b,14,14,2.6800000000000002,false,true,true,false,1.203922960758224,12,3,1.2246467991473532e-16,-1,0.43388373911755823,-0.90096886790241903
Kurpark - Eingang Parkstraße,2025-07-10T11:00:00Z,continuous_test,condition_b,20,20,2.0099999999999998,false,true,true,false,1.6649460597085086,13,3,-0.25881904510252079,-0.96592582628906831,0.43388373911755823,-0.90096886790241903
Kurpark - Eingang Parkstraße,2025-07-10T12:00:00Z,continuous_test,condition_b,6,6,1.2350000000000001,false,true,true,false,0.15966393910128004,14,3,-0.49999999999999972,-0.86602540378443882,0.43388373911755823,-0.90096886790241903
Kurpark - Eingang Parkstraße,2025-07-10T13:00:00Z,continuous_test,condition_b,14,14,4.46,false,true,true,false,1.203922960758224,15,3,-0.70710678118654713,-0.70710678118654791,0.43388373911755823,-0.90096886790241903
Kurpark - Eingang Parkstraße,2025-07-10T14:00:00Z,continuous_test,condition_b,15,15,3.25,false,true,true,false,1.2923515018922347,16,3,-0.86602540378443849,-0.50000000000000044,0.43388373911755823,-0.90096886790241903
Kurpark - Eingang Parkstraße,2025-07-10T15:00:00Z,continuous_test,condition_b,17,17,8.7899999999999991,false,true,true,false,1.4537339108759728,17,3,-0.96592582628906831,-0.25881904510252063,0.43388373911755823,-0.90096886790241903
Kurpark - Eingang Parkstraße,2025-07-10T16:00:00Z,continuous_test,condition_b,11.5,11.5,10.83,false,true,true,false,0.95411201064047524,18,3,-1,-1.8369701987210297e-16,0.43388373911755823,-0.90096886790241903
Kurpark - Eingang Parkstraße,2025-07-10T17:00:00Z,continuous_test,condition_b,7.5,7.5,6.125,false,true,true,false,0.42569007057724401,19,3,-0.96592582628906842,0.2588190451025203,0.43388373911755823,-0.90096886790241903
Kurpark - Eingang Parkstraße,2025-07-10T18:00:00Z,continuous_test,condition_b,6,6,7.0050000000000008,false,true,true,false,0.15966393910128004,20,3,-0.8660254037844386,0.50000000000000011,0.43388373911755823,-0.90096886790241903
Kurpark - Eingang Parkstraße,2025-07-10T19:00:00Z,continuous_test,condition_b,4,4,5.1299999999999999,false,true,true,false,-0.30135915984900463,21,3,-0.70710678118654768,0.70710678118654735,0.43388373911755823,-0.90096886790241903
Kurpark - Eingang Parkstraße,2025-07-10T20:00:00Z,continuous_test,condition_b,2,,2.5649999999999999,true,false,true,true,-1.4039583837988643,22,3,-0.50000000000000044,0.86602540378443837,0.43388373911755823,-0.90096886790241903
Kurpark - Eingang Parkstraße,2025-07-10T21:00:00Z,continuous_test,condition_b,0,0,0,false,true,true,false,-2.5065576077487237,23,3,-0.25881904510252157,0.96592582628906809,0.43388373911755823,-0.90096886790241903
Kurpark - Eingang Parkstraße,2025-07-10T22:00:00Z,continuous_test,condition_b,6,6,1.8600000000000001,false,true,true,false,0.15966393910128004,0,4,0,1,-0.43388373911755801,-0.90096886790241915
Kurpark - Eingang Parkstraße,2025-07-10T23:00:00Z,continuous_test,condition_b,3,,0.93000000000000005,true,false,true,true,-1.1734468343237219,1,4,0.25881904510252074,0.96592582628906831,-0.43388373911755801,-0.90096886790241915
Kurpark - Eingang Parkstraße,2025-07-11T00:00:00Z,continuous_test,condition_b,0,0,0,false,true,true,false,-2.5065576077487237,2,4,0.49999999999999994,0.86602540378443871,-0.43388373911755801,-0.90096886790241915
Kurpark - Eingang Parkstraße,2025-07-11T01:00:00Z,continuous_test,condition_b,0,,0,true,false,true,true,-2.5065576077487237,3,4,0.70710678118654757,0.70710678118654757,-0.43388373911755801,-0.90096886790241915
Kurpark - Eingang Parkstraße,2025-07-11T02:00:00Z,continuous_test,condition_b,0,,0,true,false,true,true,-2.5065576077487237,4,4,0.8660254037844386,0.50000000000000011,-0.43388373911755801,-0.90096886790241915
Kurpark - Eingang Parkstraße,2025-07-11T03:00:00Z,continuous_test,condition_b,0,0,0,false,true,true,false,-2.5065576077487237,5,4,0.96592582628906831,0.25881904510252074,-0.43388373911755801,-0.90096886790241915
Kurpark - Eingang Parkstraße,2025-07-11T04:00:00Z,continuous_test,condition_b,1,1,0.32000000000000001,false,true,true,false,-1.5568303303384838,6,4,1,6.123233995736766e-17,-0.43388373911755801,-0.90096886790241915
Kurpark - Eingang Parkstraße,2025-07-11T05:00:00Z,continuous_test,condition_b,4,4,1.4850000000000001,false,true,true,false,-0.30135915984900463,7,4,0.96592582628906831,-0.25881904510252063,-0.43388373911755801,-0.90096886790241915
Kurpark - Eingang Parkstraße,2025-07-11T06:00:00Z,continuous_test,condition_b,3,3,2.4100000000000001,false,true,true,false,-0.60710305292824451,8,4,0.86602540378443871,-0.49999999999999978,-0.43388373911755801,-0.90096886790241915
Kurpark - Eingang Parkstraße,2025-07-11T07:00:00Z,continuous_test,condition_b,,,,true,false,false,false,0,9,4,0.70710678118654757,-0.70710678118654746,-0.43388373911755801,-0.90096886790241915
Kurpark - Eingang Parkstraße,2025-07-11T08:00:00Z,continuous_test,condition_b,,,,true,false,false,false,0,10,4,0.49999999999999994,-0.86602540378443871,-0.43388373911755801,-0.90096886790241915
Kurpark - Eingang Parkstraße,2025-07-11T09:00:00Z,continuous_test,condition_b,,,,true,false,false,false,0,11,4,0.25881904510252102,-0.9659258262890682,-0.43388373911755801,-0.90096886790241915
Kurpark - Eingang Parkstraße,2025-07-11T10:00:00Z,continuous_test,condition_b,,,,true,false,false,false,0,12,4,1.2246467991473532e-16,-1,-0.43388373911755801,-0.90096886790241915
Kurpark - Eingang Parkstraße,2025-07-11T11:00:00Z,continuous_test,condition_b,,,,true,false,false,false,0,13,4,-0.25881904510252079,-0.96592582628906831,-0.43388373911755801,-0.90096886790241915
Kurpark - Eingang Parkstraße,2025-07-11T12:00:00Z,continuous_test,condition_b,,,,true,false,false,false,0,14,4,-0.49999999999999972,-0.86602540378443882,-0.43388373911755801,-0.90096886790241915
Kurpark - Eingang Parkstraße,2025-07-11T13:00:00Z,continuous_test,condition_b,,,,true,false,false,false,0,15,4,-0.70710678118654713,-0.70710678118654791,-0.43388373911755801,-0.90096886790241915
Kurpark - Eingang Parkstraße,2025-07-11T14:00:00Z,continuous_test,condition_b,,,,true,false,false,false,0,16,4,-0.86602540378443849,-0.50000000000000044,-0.43388373911755801,-0.90096886790241915
Kurpark - Eingang Parkstraße,2025-07-11T15:00:00Z,continuous_test,condition_b,,,,true,false,false,false,0,17,4,-0.96592582628906831,-0.25881904510252063,-0.43388373911755801,-0.90096886790241915
Kurpark - Eingang Parkstraße,2025-07-11T16:00:00Z,continuous_test,condition_b,,,,true,false,false,false,0,18,4,-1,-1.8369701987210297e-16,-0.43388373911755801,-0.90096886790241915
Kurpark - Eingang Parkstraße,2025-07-11T17:00:00Z,continuous_test,condition_b,9,9,7.4299999999999997,false,true,true,false,0.64836811756123536,19,4,-0.96592582628906842,0.2588190451025203,-0.43388373911755801,-0.90096886790241915
Kurpark - Eingang Parkstraße,2025-07-11T18:00:00Z,continuous_test,condition_b,5.5,,3.98,true,false,true,true,-0.17645368479012979,20,4,-0.8660254037844386,0.50000000000000011,-0.43388373911755801,-0.90096886790241915
Kurpark - Eingang Parkstraße,2025-07-11T19:00:00Z,continuous_test,condition_b,2,2,0.53000000000000003,false,true,true,false,-1.0012754871414948,21,4,-0.70710678118654768,0.70710678118654735,-0.43388373911755801,-0.90096886790241915
Kurpark - Eingang Parkstraße,2025-07-11T20:00:00Z,continuous_test,condition_b,,,,true,false,false,false,0,22,4,-0.50000000000000044,0.86602540378443837,-0.43388373911755801,-0.90096886790241915
Kurpark - Eingang Parkstraße,2025-07-11T21:00:00Z,continuous_test,condition_b,,,,true,false,false,false,0,23,4,-0.25881904510252157,0.96592582628906809,-0.43388373911755801,-0.90096886790241915
Kurpark - Eingang Parkstraße,2025-07-11T22:00:00Z,continuous_test,condition_b,,,,true,false,false,false,0,0,5,0,1,-0.97492791218182362,-0.22252093395631459
Kurpark - Eingang Parkstraße,2025-07-11T23:00:00Z,continuous_test,condition_b,0,0,0,false,true,true,false,-2.5065576077487237,1,5,0.25881904510252074,0.96592582628906831,-0.97492791218182362,-0.22252093395631459
Kurpark - Eingang Parkstraße,2025-07-12T00:00:00Z,continuous_test,condition_b,,,,true,false,false,false,0,2,5,0.49999999999999994,0.86602540378443871,-0.97492791218182362,-0.22252093395631459
Kurpark - Eingang Parkstraße,2025-07-12T01:00:00Z,continuous_test,condition_b,,,,true,false,false,false,0,3,5,0.70710678118654757,0.70710678118654757,-0.97492791218182362,-0.22252093395631459
Kurpark - Eingang Parkstraße,2025-07-12T02:00:00Z,continuous_test,condition_b,,,,true,false,false,false,0,4,5,0.8660254037844386,0.50000000000000011,-0.97492791218182362,-0.22252093395631459
Kurpark - Eingang Parkstraße,2025-07-12T03:00:00Z,continuous_test,condition_b,,,,true,false,false,false,0,5,5,0.96592582628906831,0.25881904510252074,-0.97492791218182362,-0.22252093395631459
Kurpark - Eingang Parkstraße,2025-07-12T04:00:00Z,continuous_test,condition_b,,,,true,false,false,false,0,6,5,1,6.123233995736766e-17,-0.97492791218182362,-0.22252093395631459
Kurpark - Eingang Parkstraße,2025-07-12T05:00:00Z,continuous_test,condition_b,1,1,0.57999999999999996,false,true,true,false,-1.5568303303384838,7,5,0.96592582628906831,-0.25881904510252063,-0.97492791218182362,-0.22252093395631459
Kurpark - Eingang Parkstraße,2025-07-12T06:00:00Z,continuous_test,condition_b,3,,0.83499999999999996,true,false,true,true,-0.80418927003486962,8,5,0.86602540378443871,-0.49999999999999978,-0.97492791218182362,-0.22252093395631459
Kurpark - Eingang Parkstraße,2025-07-12T07:00:00Z,continuous_test,condition_b,5,5,1.0900000000000001,false,true,true,false,-0.051548209731255491,9,5,0.70710678118654757,-0.70710678118654746,-0.97492791218182362,-0.22252093395631459
Kurpark - Eingang Parkstraße,2025-07-12T08:00:00Z,continuous_test,condition_b,10.5,,3.1349999999999998,true,false,true,true,0.55212712816423393,10,5,0.49999999999999994,-0.86602540378443871,-0.97492791218182362,-0.22252093395631459
Kurpark - Eingang Parkstraße,2025-07-12T09:00:00Z,continuous_test,condition_b,16,,5.1799999999999997,true,false,true,true,1.1558024660597235,11,5,0.25881904510252102,-0.9659258262890682,-0.97492791218182362,-0.22252093395631459
Kurpark - Eingang Parkstraße,2025-07-12T10:00:00Z,continuous_test,condition_b,21.5,21.5,7.2249999999999996,false,true,true,false,1.7594778039552128,12,5,1.2246467991473532e-16,-1,-0.97492791218182362,-0.22252093395631459
Kurpark - Eingang Parkstraße,2025-07-12T11:00:00Z,continuous_test,condition_b,19,19,7.2400000000000002,false,true,true,false,1.5980953949714745,13,5,-0.25881904510252079,-0.96592582628906831,-0.97492791218182362,-0.22252093395631459
Kurpark - Eingang Parkstraße,2025-07-12T12:00:00Z,continuous_test,condition_b,29.5,29.5,5.4649999999999999,false,true,true,false,2.1762981394798899,14,5,-0.49999999999999972,-0.86602540378443882,-0.97492791218182362,-0.22252093395631459
Kurpark - Eingang Parkstraße,2025-07-12T13:00:00Z,continuous_test,condition_b,32.5,32.5,2.8650000000000002,false,true,true,false,2.3048454862221814,15,5,-0.70710678118654713,-0.70710678118654791,-0.97492791218182362,-0.22252093395631459
Kurpark - Eingang Parkstraße,2025-07-12T14:00:00Z,continuous_test,condition_b,16,16,8.4700000000000006,false,true,true,false,1.3754173479874838,16,5,-0.86602540378443849,-0.50000000000000044,-0.97492791218182362,-0.22252093395631459
Kurpark - Eingang Parkstraße,2025-07-12T15:00:00Z,continuous_test,condition_b,16.5,16.5,4.2450000000000001,false,true,true,false,1.4151351095907598,17,5,-0.96592582628906831,-0.25881904510252063,-0.97492791218182362,-0.22252093395631459
Kurpark - Eingang Parkstraße,2025-07-12T16:00:00Z,continuous_test,condition_b,10,10,15.84,false,true,true,false,0.77895896480657512,18,5,-1,-1.8369701987210297e-16,-0.97492791218182362,-0.22252093395631459
Kurpark - Eingang Parkstraße,2025-07-12T17:00:00Z,continuous_test,condition_b,14,14,3.8100000000000001,false,true,true,false,1.203922960758224,19,5,-0.96592582628906842,0.2588190451025203,-0.97492791218182362,-0.22252093395631459
Kurpark - Eingang Parkstraße,2025-07-12T18:00:00Z,continuous_test,condition_b,3,3,2.23,false,true,true,false,-0.60710305292824451,20,5,-0.8660254037844386,0.50000000000000011,-0.97492791218182362,-0.22252093395631459
Kurpark - Eingang Parkstraße,2025-07-12T19:00:00Z,continuous_test,condition_b,2,2,5.5049999999999999,false,true,true,false,-1.0012754871414948,21,5,-0.70710678118654768,0.70710678118654735,-0.97492791218182362,-0.22252093395631459
Kurpark - Eingang Parkstraße,2025-07-12T20:00:00Z,continuous_test,condition_b,,,,true,false,false,false,0,22,5,-0.50000000000000044,0.86602540378443837,-0.97492791218182362,-0.22252093395631459
Kurpark - Eingang Parkstraße,2025-07-12T21:00:00Z,continuous_test,condition_b,,,,true,false,false,false,0,23,5,-0.25881904510252157,0.96592582628906809,-0.97492791218182362,-0.22252093395631459
Kurpark - Eingang Parkstraße,2025-07-12T22:00:00Z,continuous_test,condition_b,,,,true,false,false,false,0,0,6,0,1,-0.78183148246802991,0.62348980185873337
Kurpark - Eingang Parkstraße,2025-07-12T23:00:00Z,continuous_test,condition_b,,,,true,false,false,false,0,1,6,0.25881904510252074,0.96592582628906831,-0.78183148246802991,0.62348980185873337
Kurpark - Eingang Parkstraße,2025-07-13T00:00:00Z,continuous_test,condition_b,1,1,0.40000000000000002,false,true,true,false,-1.5568303303384838,2,6,0.49999999999999994,0.86602540378443871,-0.78183148246802991,0.62348980185873337
Kurpark - Eingang Parkstraße,2025-07-13T01:00:00Z,continuous_test,condition_b,1,1,1.6799999999999999,false,true,true,false,-1.5568303303384838,3,6,0.70710678118654757,0.70710678118654757,-0.78183148246802991,0.62348980185873337
Kurpark - Eingang Parkstraße,2025-07-13T02:00:00Z,continuous_test,condition_b,1,1,1.3300000000000001,false,true,true,false,-1.5568303303384838,4,6,0.8660254037844386,0.50000000000000011,-0.78183148246802991,0.62348980185873337
Kurpark - Eingang Parkstraße,2025-07-13T03:00:00Z,continuous_test,condition_b,1,1,0.17000000000000001,false,true,true,false,-1.5568303303384838,5,6,0.96592582628906831,0.25881904510252074,-0.78183148246802991,0.62348980185873337
Kurpark - Eingang Parkstraße,2025-07-13T04:00:00Z,continuous_test,condition_b,,,,true,false,false,false,0,6,6,1,6.123233995736766e-17,-0.78183148246802991,0.62348980185873337
Kurpark - Eingang Parkstraße,2025-07-13T05:00:00Z,continuous_test,condition_b,,,,true,false,false,false,0,7,6,0.96592582628906831,-0.25881904510252063,-0.78183148246802991,0.62348980185873337
Kurpark - Eingang Parkstraße,2025-07-13T06:00:00Z,continuous_test,condition_b,,,,true,false,false,false,0,8,6,0.86602540378443871,-0.49999999999999978,-0.78183148246802991,0.62348980185873337
Kurpark - Eingang Parkstraße,2025-07-13T07:00:00Z,continuous_test,condition_b,,,,true,false,false,false,0,9,6,0.70710678118654757,-0.70710678118654746,-0.78183148246802991,0.62348980185873337
Kurpark - Eingang Parkstraße,2025-07-13T08:00:00Z,continuous_test,condition_b,,,,true,false,false,false,0,10,6,0.49999999999999994,-0.86602540378443871,-0.78183148246802991,0.62348980185873337
Kurpark - Eingang Parkstraße,2025-07-13T09:00:00Z,continuous_test,condition_b,,,,true,false,false,false,0,11,6,0.25881904510252102,-0.9659258262890682,-0.78183148246802991,0.62348980185873337
Kurpark - Eingang Parkstraße,2025-07-13T10:00:00Z,continuous_test,condition_b,,,,true,false,false,false,0,12,6,1.2246467991473532e-16,-1,-0.78183148246802991,0.62348980185873337
Kurpark - Eingang Parkstraße,2025-07-13T11:00:00Z,continuous_test,condition_b,,,,true,false,false,false,0,13,6,-0.25881904510252079,-0.96592582628906831,-0.78183148246802991,0.62348980185873337
Kurpark - Eingang Parkstraße,2025-07-13T12:00:00Z,continuous_test,condition_b,,,,true,false,false,false,0,14,6,-0.49999999999999972,-0.86602540378443882,-0.78183148246802991,0.62348980185873337
Kurpark - Eingang Parkstraße,2025-07-13T13:00:00Z,continuous_test,condition_b,,,,true,false,false,false,0,15,6,-0.70710678118654713,-0.70710678118654791,-0.78183148246802991,0.62348980185873337
Kurpark - Eingang Parkstraße,2025-07-13T14:00:00Z,continuous_test,condition_b,,,,true,false,false,false,0,16,6,-0.86602540378443849,-0.50000000000000044,-0.78183148246802991,0.62348980185873337
Kurpark - Eingang Parkstraße,2025-07-13T15:00:00Z,continuous_test,condition_b,,,,true,false,false,false,0,17,6,-0.96592582628906831,-0.25881904510252063,-0.78183148246802991,0.62348980185873337
Kurpark - Eingang Parkstraße,2025-07-13T16:00:00Z,continuous_test,condition_b,,,,true,false,false,false,0,18,6,-1,-1.8369701987210297e-16,-0.78183148246802991,0.62348980185873337
Kurpark - Eingang Parkstraße,2025-07-13T17:00:00Z,continuous_test,condition_b,,,,true,false,false,false,0,19,6,-0.96592582628906842,0.2588190451025203,-0.78183148246802991,0.62348980185873337
Kurpark - Eingang Parkstraße,2025-07-13T18:00:00Z,continuous_test,condition_b,,,,true,false,false,false,0,20,6,-0.8660254037844386,0.50000000000000011,-0.78183148246802991,0.62348980185873337
Kurpark - Eingang Parkstraße,2025-07-13T19:00:00Z,continuous_test,condition_b,,,,true,false,false,false,0,21,6,-0.70710678118654768,0.70710678118654735,-0.78183148246802991,0.62348980185873337
Kurpark - Eingang Parkstraße,2025-07-13T20:00:00Z,continuous_test,condition_b,,,,true,false,false,false,0,22,6,-0.50000000000000044,0.86602540378443837,-0.78183148246802991,0.62348980185873337
Kurpark - Eingang Parkstraße,2025-07-13T21:00:00Z,continuous_test,condition_b,0,0,0,false,true,true,false,-2.5065576077487237,23,6,-0.25881904510252157,0.96592582628906809,-0.78183148246802991,0.62348980185873337
Kurpark - Eingang Parkstraße,2025-07-13T22:00:00Z,continuous_test,condition_b,4,4,4.9349999999999996,false,true,true,false,-0.30135915984900463,0,0,0,1,0,1
Kurpark - Eingang Parkstraße,2025-07-13T23:00:00Z,continuous_test,condition_b,,,,true,false,true,true,-0.30135915984900463,1,0,0.25881904510252074,0.96592582628906831,0,1
Kurpark - Eingang Sprudelhof,2025-07-08T00:00:00Z,continuous_test,condition_b,1.3333333333333337,,0.39333333333333331,true,false,true,true,-2.0328030634359409,2,1,0.49999999999999994,0.86602540378443871,0.7818314824680298,0.62348980185873359
Kurpark - Eingang Sprudelhof,2025-07-08T01:00:00Z,continuous_test,condition_b,0.66666666666666674,,0.1966666666666666,true,false,true,true,-2.3292560049181255,3,1,0.70710678118654757,0.70710678118654757,0.7818314824680298,0.62348980185873359
Kurpark - Eingang Sprudelhof,2025-07-08T02:00:00Z,continuous_test,condition_b,0,0,0,false,true,true,false,-2.6257089464003105,4,1,0.8660254037844386,0.50000000000000011,0.7818314824680298,0.62348980185873359
Kurpark - Eingang Sprudelhof,2025-07-08T03:00:00Z,continuous_test,condition_b,7,7,2.8500000000000001,false,true,true,false,-0.94234011456631428,5,1,0.96592582628906831,0.25881904510252074,0.7818314824680298,0.62348980185873359
Kurpark - Eingang Sprudelhof,2025-07-08T04:00:00Z,continuous_test,condition_b,16.5,,7.1524999999999999,true,false,true,true,-0.44998629381348126,6,1,1,6.123233995736766e-17,0.7818314824680298,0.62348980185873359
Kurpark - Eingang Sprudelhof,2025-07-08T05:00:00Z,continuous_test,condition_b,26,26,11.455,false,true,true,false,0.042367526939351779,7,1,0.96592582628906831,-0.25881904510252063,0.7818314824680298,0.62348980185873359
Kurpark - Eingang Sprudelhof,2025-07-08T06:00:00Z,continuous_test,condition_b,21,21,8.1649999999999991,false,true,true,false,-0.12341954823062548,8,1,0.86602540378443871,-0.49999999999999978,0.7818314824680298,0.62348980185873359
Kurpark - Eingang Sprudelhof,2025-07-08T07:00:00Z,continuous_test,condition_b,35,35,9.2550000000000008,false,true,true,false,0.27525459038212846,9,1,0.70710678118654757,-0.70710678118654746,0.7818314824680298,0.62348980185873359
Kurpark - Eingang Sprudelhof,2025-07-08T08:00:00Z,continuous_test,condition_b,39,,9.3574999999999999,true,false,true,true,0.35647899304808406,10,1,0.49999999999999994,-0.86602540378443871,0.7818314824680298,0.62348980185873359
Kurpark - Eingang Sprudelhof,2025-07-08T09:00:00Z,continuous_test,condition_b,43,43,9.4600000000000009,false,true,true,false,0.4377033957140396,11,1,0.25881904510252102,-0.9659258262890682,0.7818314824680298,0.62348980185873359
Kurpark - Eingang Sprudelhof,2025-07-08T10:00:00Z,continuous_test,condition_b,53.5,53.5,11.23,false,true,true,false,0.61095162313399065,12,1,1.2246467991473532e-16,-1,0.7818314824680298,0.62348980185873359
Kurpark - Eingang Sprudelhof,2025-07-08T11:00:00Z,continuous_test,condition_b,56.5,56.5,19.164999999999999,false,true,true,false,0.6543296397848497,13,1,-0.25881904510252079,-0.96592582628906831,0.7818314824680298,0.62348980185873359
Kurpark - Eingang Sprudelhof,2025-07-08T12:00:00Z,continuous_test,condition_b,93,93,14.279999999999999,false,true,true,false,1.0522212463999294,14,1,-0.49999999999999972,-0.86602540378443882,0.7818314824680298,0.62348980185873359
Kurpark - Eingang Sprudelhof,2025-07-08T13:00:00Z,continuous_test,condition_b,110,110,13.279999999999999,false,true,true,false,1.1867936869104052,15,1,-0.70710678118654713,-0.70710678118654791,0.7818314824680298,0.62348980185873359
Kurpark - Eingang Sprudelhof,2025-07-08T14:00:00Z,continuous_test,condition_b,,,,true,false,false,false,0,16,1,-0.86602540378443849,-0.50000000000000044,0.7818314824680298,0.62348980185873359
Kurpark - Eingang Sprudelhof,2025-07-08T15:00:00Z,continuous_test,condition_b,,,,true,false,false,false,0,17,1,-0.96592582628906831,-0.25881904510252063,0.7818314824680298,0.62348980185873359
Kurpark - Eingang Sprudelhof,2025-07-08T16:00:00Z,continuous_test,condition_b,,,,true,false,false,false,0,18,1,-1,-1.8369701987210297e-16,0.7818314824680298,0.62348980185873359
Kurpark - Eingang Sprudelhof,2025-07-08T17:00:00Z,continuous_test,condition_b,,,,true,false,false,false,0,19,1,-0.96592582628906842,0.2588190451025203,0.7818314824680298,0.62348980185873359
Kurpark - Eingang Sprudelhof,2025-07-08T18:00:00Z,continuous_test,condition_b,,,,true,false,false,false,0,20,1,-0.8660254037844386,0.50000000000000011,0.7818314824680298,0.62348980185873359
Kurpark - Eingang Sprudelhof,2025-07-08T19:00:00Z,continuous_test,condition_b,,,,true,false,false,false,0,21,1,-0.70710678118654768,0.70710678118654735,0.7818314824680298,0.62348980185873359
Kurpark - Eingang Sprudelhof,2025-07-08T20:00:00Z,continuous_test,condition_b,,,,true,false,false,false,0,22,1,-0.50000000000000044,0.86602540378443837,0.7818314824680298,0.62348980185873359
Kurpark - Eingang Sprudelhof,2025-07-08T21:00:00Z,continuous_test,condition_b,,,,true,false,false,false,0,23,1,-0.25881904510252157,0.96592582628906809,0.7818314824680298,0.62348980185873359
Kurpark - Eingang Sprudelhof,2025-07-08T22:00:00Z,continuous_test,condition_b,,,,true,false,false,false,0,0,2,0,1,0.97492791218182362,-0.22252093395631434
Kurpark - Eingang Sprudelhof,2025-07-08T23:00:00Z,continuous_test,condition_b,,,,true,false,false,false,0,1,2,0.25881904510252074,0.96592582628906831,0.97492791218182362,-0.22252093395631434
Kurpark - Eingang Sprudelhof,2025-07-09T00:00:00Z,continuous_test,condition_b,,,,true,false,false,false,0,2,2,0.49999999999999994,0.86602540378443871,0.97492791218182362,-0.22252093395631434
Kurpark - Eingang Sprudelhof,2025-07-09T01:00:00Z,continuous_test,condition_b,,,,true,false,false,false,0,3,2,0.70710678118654757,0.70710678118654757,0.97492791218182362,-0.22252093395631434
Kurpark - Eingang Sprudelhof,2025-07-09T02:00:00Z,continuous_test,condition_b,,,,true,false,false,false,0,4,2,0.8660254037844386,0.50000000000000011,0.97492791218182362,-0.22252093395631434
Kurpark - Eingang Sprudelhof,2025-07-09T03:00:00Z,continuous_test,condition_b,,,,true,false,false,false,0,5,2,0.96592582628906831,0.25881904510252074,0.97492791218182362,-0.22252093395631434
Kurpark - Eingang Sprudelhof,2025-07-09T04:00:00Z,continuous_test,condition_b,,,,true,false,false,false,0,6,2,1,6.123233995736766e-17,0.97492791218182362,-0.22252093395631434
Kurpark - Eingang Sprudelhof,2025-07-09T05:00:00Z,continuous_test,condition_b,,,,true,false,false,false,0,7,2,0.96592582628906831,-0.25881904510252063,0.97492791218182362,-0.22252093395631434
Kurpark - Eingang Sprudelhof,2025-07-09T06:00:00Z,continuous_test,condition_b,,,,true,false,false,false,0,8,2,0.86602540378443871,-0.49999999999999978,0.97492791218182362,-0.22252093395631434
Kurpark - Eingang Sprudelhof,2025-07-09T07:00:00Z,continuous_test,condition_b,36.5,36.5,12.380000000000001,false,true,true,false,0.30830119056362865,9,2,0.70710678118654757,-0.70710678118654746,0.97492791218182362,-0.22252093395631434
Kurpark - Eingang Sprudelhof,2025-07-09T08:00:00Z,continuous_test,condition_b,46,46,12.49,false,true,true,false,0.49109830245526387,10,2,0.49999999999999994,-0.86602540378443871,0.97492791218182362,-0.22252093395631434
Kurpark - Eingang Sprudelhof,2025-07-09T09:00:00Z,continuous_test,condition_b,69,69,12.5,false,true,true,false,0.81357238433789003,11,2,0.25881904510252102,-0.9659258262890682,0.97492791218182362,-0.22252093395631434
Kurpark - Eingang Sprudelhof,2025-07-09T10:00:00Z,continuous_test,condition_b,77,77,14.15,false,true,true,false,0.90117445052400658,12,2,1.2246467991473532e-16,-1,0.97492791218182362,-0.22252093395631434
Kurpark - Eingang Sprudelhof,2025-07-09T11:00:00Z,continuous_test,condition_b,79,79,15.369999999999999,false,true,true,false,0.92166995760937609,13,2,-0.25881904510252079,-0.96592582628906831,0.97492791218182362,-0.22252093395631434
Kurpark - Eingang Sprudelhof,2025-07-09T12:00:00Z,continuous_test,condition_b,105,105,9.3599999999999994,false,true,true,false,1.1494815856897234,14,2,-0.49999999999999972,-0.86602540378443882,0.97492791218182362,-0.22252093395631434
Kurpark - Eingang Sprudelhof,2025-07-09T13:00:00Z,continuous_test,condition_b,123.75,,12.31,true,false,true,true,1.2720831535376,15,2,-0.70710678118654713,-0.70710678118654791,0.97492791218182362,-0.22252093395631434
Kurpark - Eingang Sprudelhof,2025-07-09T14:00:00Z,continuous_test,condition_b,142.5,142.5,15.26,false,true,true,false,1.3946847213854767,16,2,-0.86602540378443849,-0.50000000000000044,0.97492791218182362,-0.22252093395631434
Kurpark - Eingang Sprudelhof,2025-07-09T15:00:00Z,continuous_test,condition_b,92,92,10.925000000000001,false,true,true,false,1.0435630966103266,17,2,-0.96592582628906831,-0.25881904510252063,0.97492791218182362,-0.22252093395631434
Kurpark - Eingang Sprudelhof,2025-07-09T16:00:00Z,continuous_test,condition_b,81,81,14.01,false,true,true,false,0.941659350712298,18,2,-1,-1.8369701987210297e-16,0.97492791218182362,-0.22252093395631434
Kurpark - Eingang Sprudelhof,2025-07-09T17:00:00Z,continuous_test,condition_b,35,35,13.890000000000001,false,true,true,false,0.27525459038212846,19,2,-0.96592582628906842,0.2588190451025203,0.97492791218182362,-0.22252093395631434
Kurpark - Eingang Sprudelhof,2025-07-09T18:00:00Z,continuous_test,condition_b,27,27,13.42,false,true,true,false,0.071808200051529894,20,2,-0.8660254037844386,0.50000000000000011,0.97492791218182362,-0.22252093395631434
Kurpark - Eingang Sprudelhof,2025-07-09T19:00:00Z,continuous_test,condition_b,15,15,16.745000000000001,false,true,true,false,-0.38121717062164878,21,2,-0.70710678118654768,0.70710678118654735,0.97492791218182362,-0.22252093395631434
Kurpark - Eingang Sprudelhof,2025-07-09T20:00:00Z,continuous_test,condition_b,8,8,3.145,false,true,true,false,-0.84699129750720215,22,2,-0.50000000000000044,0.86602540378443837,0.97492791218182362,-0.22252093395631434
Kurpark - Eingang Sprudelhof,2025-07-09T21:00:00Z,continuous_test,condition_b,,,,true,false,false,false,0,23,2,-0.25881904510252157,0.96592582628906809,0.97492791218182362,-0.22252093395631434
Kurpark - Eingang Sprudelhof,2025-07-09T22:00:00Z,continuous_test,condition_b,,,,true,false,false,false,0,0,3,0,1,0.43388373911755823,-0.90096886790241903
Kurpark - Eingang Sprudelhof,2025-07-09T23:00:00Z,continuous_test,condition_b,,,,true,false,false,false,0,1,3,0.25881904510252074,0.96592582628906831,0.43388373911755823,-0.90096886790241903
Kurpark - Eingang Sprudelhof,2025-07-10T00:00:00Z,continuous_test,condition_b,,,,true,false,false,false,0,2,3,0.49999999999999994,0.86602540378443871,0.43388373911755823,-0.90096886790241903
Kurpark - Eingang Sprudelhof,2025-07-10T01:00:00Z,continuous_test,condition_b,,,,true,false,false,false,0,3,3,0.70710678118654757,0.70710678118654757,0.43388373911755823,-0.90096886790241903
Kurpark - Eingang Sprudelhof,2025-07-10T02:00:00Z,continuous_test,condition_b,,,,true,false,false,false,0,4,3,0.8660254037844386,0.50000000000000011,0.43388373911755823,-0.90096886790241903
Kurpark - Eingang Sprudelhof,2025-07-10T03:00:00Z,continuous_test,condition_b,,,,true,false,false,false,0,5,3,0.96592582628906831,0.25881904510252074,0.43388373911755823,-0.90096886790241903
Kurpark - Eingang Sprudelhof,2025-07-10T04:00:00Z,continuous_test,condition_b,,,,true,false,false,false,0,6,3,1,6.123233995736766e-17,0.43388373911755823,-0.90096886790241903
Kurpark - Eingang Sprudelhof,2025-07-10T05:00:00Z,continuous_test,condition_b,,,,true,false,false,false,0,7,3,0.96592582628906831,-0.25881904510252063,0.43388373911755823,-0.90096886790241903
Kurpark - Eingang Sprudelhof,2025-07-10T06:00:00Z,continuous_test,condition_b,,,,true,false,false,false,0,8,3,0.86602540378443871,-0.49999999999999978,0.43388373911755823,-0.90096886790241903
Kurpark - Eingang Sprudelhof,2025-07-10T07:00:00Z,continuous_test,condition_b,53.5,53.5,17.384999999999998,false,true,true,false,0.61095162313399065,9,3,0.70710678118654757,-0.70710678118654746,0.43388373911755823,-0.90096886790241903
Kurpark - Eingang Sprudelhof,2025-07-10T08:00:00Z,continuous_test,condition_b,80,80,16.145,false,true,true,false,0.93172635138590609,10,3,0.49999999999999994,-0.86602540378443871,0.43388373911755823,-0.90096886790241903
Kurpark - Eingang Sprudelhof,2025-07-10T09:00:00Z,continuous_test,condition_b,94.5,94.5,14.23,false,true,true,false,1.0650372811736193,11,3,0.25881904510252102,-0.9659258262890682,0.43388373911755823,-0.90096886790241903
Kurpark - Eingang Sprudelhof,2025-07-10T10:00:00Z,continuous_test,condition_b,104.5,104.5,16.425000000000001,false,true,true,false,1.1456540169111677,12,3,1.2246467991473532e-16,-1,0.43388373911755823,-0.90096886790241903
Kurpark - Eingang Sprudelhof,2025-07-10T11:00:00Z,continuous_test,condition_b,121.5,121.5,14.855,false,true,true,false,1.2665977550110687,13,3,-0.25881904510252079,-0.96592582628906831,0.43388373911755823,-0.90096886790241903
Kurpark - Eingang Sprudelhof,2025-07-10T12:00:00Z,continuous_test,condition_b,91,91,10.494999999999999,false,true,true,false,1.0348113433878208,14,3,-0.49999999999999972,-0.86602540378443882,0.43388373911755823,-0.90096886790241903
Kurpark - Eingang Sprudelhof,2025-07-10T13:00:00Z,continuous_test,condition_b,157,157,18.835000000000001,false,true,true,false,1.4726100089431966,15,3,-0.70710678118654713,-0.70710678118654791,0.43388373911755823,-0.90096886790241903
Kurpark - Eingang Sprudelhof,2025-07-10T14:00:00Z,continuous_test,condition_b,170.5,170.5,17.289999999999999,false,true,true,false,1.538981885342553,16,3,-0.86602540378443849,-0.50000000000000044,0.43388373911755823,-0.90096886790241903
Kurpark - Eingang Sprudelhof,2025-07-10T15:00:00Z,continuous_test,condition_b,87,87,12.285,false,true,true,false,0.99882633965870549,17,3,-0.96592582628906831,-0.25881904510252063,0.43388373911755823,-0.90096886790241903
Kurpark - Eingang Sprudelhof,2025-07-10T16:00:00Z,continuous_test,condition_b,52,52,6.3700000000000001,false,true,true,false,0.58835864174505814,18,3,-1,-1.8369701987210297e-16,0.43388373911755823,-0.90096886790241903
Kurpark - Eingang Sprudelhof,2025-07-10T17:00:00Z,continuous_test,condition_b,39,39,8.8200000000000003,false,true,true,false,0.36054701366471098,19,3,-0.96592582628906842,0.2588190451025203,0.43388373911755823,-0.90096886790241903
Kurpark - Eingang Sprudelhof,2025-07-10T18:00:00Z,continuous_test,condition_b,22,22,16.399999999999999,false,true,true,false,-0.087434544501510114,20,3,-0.8660254037844386,0.50000000000000011,0.43388373911755823,-0.90096886790241903
Kurpark - Eingang Sprudelhof,2025-07-10T19:00:00Z,continuous_test,condition_b,19,19,8.0549999999999997,false,true,true,false,-0.20057593027995446,21,3,-0.70710678118654768,0.70710678118654735,0.43388373911755823,-0.90096886790241903
Kurpark - Eingang Sprudelhof,2025-07-10T20:00:00Z,continuous_test,condition_b,16,16,6.7699999999999996,false,true,true,false,-0.33213976365349324,22,3,-0.50000000000000044,0.86602540378443837,0.43388373911755823,-0.90096886790241903
Kurpark - Eingang Sprudelhof,2025-07-10T21:00:00Z,continuous_test,condition_b,2,2,4.9699999999999998,false,true,true,false,-1.736350121953756,23,3,-0.25881904510252157,0.96592582628906809,0.43388373911755823,-0.90096886790241903
Kurpark - Eingang Sprudelhof,2025-07-10T22:00:00Z,continuous_test,condition_b,1.5,,2.8199999999999998,true,false,true,true,-1.9004680622047005,0,4,0,1,-0.43388373911755801,-0.90096886790241915
Kurpark - Eingang Sprudelhof,2025-07-10T23:00:00Z,continuous_test,condition_b,1,1,0.67000000000000004,false,true,true,false,-2.0645860024556448,1,4,0.25881904510252074,0.96592582628906831,-0.43388373911755801,-0.90096886790241915
Kurpark - Eingang Sprudelhof,2025-07-11T00:00:00Z,continuous_test,condition_b,0.5,,0.33500000000000002,true,false,true,true,-2.3451474744279777,2,4,0.49999999999999994,0.86602540378443871,-0.43388373911755801,-0.90096886790241915
Kurpark - Eingang Sprudelhof,2025-07-11T01:00:00Z,continuous_test,condition_b,0,0,0,false,true,true,false,-2.6257089464003105,3,4,0.70710678118654757,0.70710678118654757,-0.43388373911755801,-0.90096886790241915
Kurpark - Eingang Sprudelhof,2025-07-11T02:00:00Z,continuous_test,condition_b,2,2,18.065000000000001,false,true,true,false,-1.736350121953756,4,4,0.8660254037844386,0.50000000000000011,-0.43388373911755801,-0.90096886790241915
Kurpark - Eingang Sprudelhof,2025-07-11T03:00:00Z,continuous_test,condition_b,9,9,7.4400000000000004,false,true,true,false,-0.76169887422461957,5,4,0.96592582628906831,0.25881904510252074,-0.43388373911755801,-0.90096886790241915
Kurpark - Eingang Sprudelhof,2025-07-11T04:00:00Z,continuous_test,condition_b,7,7,3.5150000000000001,false,true,true,false,-0.94234011456631428,6,4,1,6.123233995736766e-17,-0.43388373911755801,-0.90096886790241915
Kurpark - Eingang Sprudelhof,2025-07-11T05:00:00Z,continuous_test,condition_b,7,7,4.7850000000000001,false,true,true,false,-0.94234011456631428,7,4,0.96592582628906831,-0.25881904510252063,-0.43388373911755801,-0.90096886790241915
Kurpark - Eingang Sprudelhof,2025-07-11T06:00:00Z,continuous_test,condition_b,22.5,22.5,9.6799999999999997,false,true,true,false,-0.070024641489401268,8,4,0.86602540378443871,-0.49999999999999978,-0.43388373911755801,-0.90096886790241915
Kurpark - Eingang Sprudelhof,2025-07-11T07:00:00Z,continuous_test,condition_b,,,,true,false,false,false,0,9,4,0.70710678118654757,-0.70710678118654746,-0.43388373911755801,-0.90096886790241915
Kurpark - Eingang Sprudelhof,2025-07-11T08:00:00Z,continuous_test,condition_b,,,,true,false,false,false,0,10,4,0.49999999999999994,-0.86602540378443871,-0.43388373911755801,-0.90096886790241915
Kurpark - Eingang Sprudelhof,2025-07-11T09:00:00Z,continuous_test,condition_b,,,,true,false,false,false,0,11,4,0.25881904510252102,-0.9659258262890682,-0.43388373911755801,-0.90096886790241915
Kurpark - Eingang Sprudelhof,2025-07-11T10:00:00Z,continuous_test,condition_b,,,,true,false,false,false,0,12,4,1.2246467991473532e-16,-1,-0.43388373911755801,-0.90096886790241915
Kurpark - Eingang Sprudelhof,2025-07-11T11:00:00Z,continuous_test,condition_b,,,,true,false,false,false,0,13,4,-0.25881904510252079,-0.96592582628906831,-0.43388373911755801,-0.90096886790241915
Kurpark - Eingang Sprudelhof,2025-07-11T12:00:00Z,continuous_test,condition_b,,,,true,false,false,false,0,14,4,-0.49999999999999972,-0.86602540378443882,-0.43388373911755801,-0.90096886790241915
Kurpark - Eingang Sprudelhof,2025-07-11T13:00:00Z,continuous_test,condition_b,,,,true,false,false,false,0,15,4,-0.70710678118654713,-0.70710678118654791,-0.43388373911755801,-0.90096886790241915
Kurpark - Eingang Sprudelhof,2025-07-11T14:00:00Z,continuous_test,condition_b,,,,true,false,false,false,0,16,4,-0.86602540378443849,-0.50000000000000044,-0.43388373911755801,-0.90096886790241915
Kurpark - Eingang Sprudelhof,2025-07-11T15:00:00Z,continuous_test,condition_b,,,,true,false,false,false,0,17,4,-0.96592582628906831,-0.25881904510252063,-0.43388373911755801,-0.90096886790241915
Kurpark - Eingang Sprudelhof,2025-07-11T16:00:00Z,continuous_test,condition_b,,,,true,false,false,false,0,18,4,-1,-1.8369701987210297e-16,-0.43388373911755801,-0.90096886790241915
Kurpark - Eingang Sprudelhof,2025-07-11T17:00:00Z,continuous_test,condition_b,46,46,8.6699999999999999,false,true,true,false,0.49109830245526387,19,4,-0.96592582628906842,0.2588190451025203,-0.43388373911755801,-0.90096886790241915
Kurpark - Eingang Sprudelhof,2025-07-11T18:00:00Z,continuous_test,condition_b,31.5,,12.119999999999999,true,false,true,true,0.10261497444636342,20,4,-0.8660254037844386,0.50000000000000011,-0.43388373911755801,-0.90096886790241915
Kurpark - Eingang Sprudelhof,2025-07-11T19:00:00Z,continuous_test,condition_b,17,17,15.57,false,true,true,false,-0.28586835356253704,21,4,-0.70710678118654768,0.70710678118654735,-0.43388373911755801,-0.90096886790241915
Kurpark - Eingang Sprudelhof,2025-07-11T20:00:00Z,continuous_test,condition_b,8,8,3.8100000000000001,false,true,true,false,-0.84699129750720215,22,4,-0.50000000000000044,0.86602540378443837,-0.43388373911755801,-0.90096886790241915
Kurpark - Eingang Sprudelhof,2025-07-11T21:00:00Z,continuous_test,condition_b,4,4,1.6699999999999999,false,true,true,false,-1.3228218181692852,23,4,-0.25881904510252157,0.96592582628906809,-0.43388373911755801,-0.90096886790241915
Kurpark - Eingang Sprudelhof,2025-07-11T22:00:00Z,continuous_test,condition_b,7,7,9.9600000000000009,false,true,true,false,-0.94234011456631428,0,5,0,1,-0.97492791218182362,-0.22252093395631459
Kurpark - Eingang Sprudelhof,2025-07-11T23:00:00Z,continuous_test,condition_b,,,,true,false,false,false,0,1,5,0.25881904510252074,0.96592582628906831,-0.97492791218182362,-0.22252093395631459
Kurpark - Eingang Sprudelhof,2025-07-12T00:00:00Z,continuous_test,condition_b,,,,true,false,false,false,0,2,5,0.49999999999999994,0.86602540378443871,-0.97492791218182362,-0.22252093395631459
Kurpark - Eingang Sprudelhof,2025-07-12T01:00:00Z,continuous_test,condition_b,,,,true,false,false,false,0,3,5,0.70710678118654757,0.70710678118654757,-0.97492791218182362,-0.22252093395631459
Kurpark - Eingang Sprudelhof,2025-07-12T02:00:00Z,continuous_test,condition_b,,,,true,false,false,false,0,4,5,0.8660254037844386,0.50000000000000011,-0.97492791218182362,-0.22252093395631459
Kurpark - Eingang Sprudelhof,2025-07-12T03:00:00Z,continuous_test,condition_b,,,,true,false,false,false,0,5,5,0.96592582628906831,0.25881904510252074,-0.97492791218182362,-0.22252093395631459
Kurpark - Eingang Sprudelhof,2025-07-12T04:00:00Z,continuous_test,condition_b,,,,true,false,false,false,0,6,5,1,6.123233995736766e-17,-0.97492791218182362,-0.22252093395631459
Kurpark - Eingang Sprudelhof,2025-07-12T05:00:00Z,continuous_test,condition_b,,,,true,false,false,false,0,7,5,0.96592582628906831,-0.25881904510252063,-0.97492791218182362,-0.22252093395631459
Kurpark - Eingang Sprudelhof,2025-07-12T06:00:00Z,continuous_test,condition_b,8,8,9.7899999999999991,false,true,true,false,-0.84699129750720215,8,5,0.86602540378443871,-0.49999999999999978,-0.97492791218182362,-0.22252093395631459
Kurpark - Eingang Sprudelhof,2025-07-12T07:00:00Z,continuous_test,condition_b,65,65,23.440000000000001,false,true,true,false,0.76593927621592806,9,5,0.70710678118654757,-0.70710678118654746,-0.97492791218182362,-0.22252093395631459
Kurpark - Eingang Sprudelhof,2025-07-12T08:00:00Z,continuous_test,condition_b,99,,21.489999999999998,true,false,true,true,1.0180561736248686,10,5,0.49999999999999994,-0.86602540378443871,-0.97492791218182362,-0.22252093395631459
Kurpark - Eingang Sprudelhof,2025-07-12T09:00:00Z,continuous_test,condition_b,133,,19.539999999999999,true,false,true,true,1.2701730710338088,11,5,0.25881904510252102,-0.9659258262890682,-0.97492791218182362,-0.22252093395631459
Kurpark - Eingang Sprudelhof,2025-07-12T10:00:00Z,continuous_test,condition_b,167,167,17.59,false,true,true,false,1.5222899684427493,12,5,1.2246467991473532e-16,-1,-0.97492791218182362,-0.22252093395631459
Kurpark - Eingang Sprudelhof,2025-07-12T11:00:00Z,continuous_test,condition_b,153,153,20.219999999999999,false,true,true,false,1.4518517103318842,13,5,-0.25881904510252079,-0.96592582628906831,-0.97492791218182362,-0.22252093395631459
Kurpark - Eingang Sprudelhof,2025-07-12T12:00:00Z,continuous_test,condition_b,175.5,175.5,20.565000000000001,false,true,true,false,1.5622458221323778,14,5,-0.49999999999999972,-0.86602540378443882,-0.97492791218182362,-0.22252093395631459
Kurpark - Eingang Sprudelhof,2025-07-12T13:00:00Z,continuous_test,condition_b,186.5,186.5,16.140000000000001,false,true,true,false,1.6111883187946536,15,5,-0.70710678118654713,-0.70710678118654791,-0.97492791218182362,-0.22252093395631459
Kurpark - Eingang Sprudelhof,2025-07-12T14:00:00Z,continuous_test,condition_b,180.5,180.5,14.095000000000001,false,true,true,false,1.5848598425516165,16,5,-0.86602540378443849,-0.50000000000000044,-0.97492791218182362,-0.22252093395631459
Kurpark - Eingang Sprudelhof,2025-07-12T15:00:00Z,continuous_test,condition_b,132,132,13.06,false,true,true,false,1.3331719041692061,17,5,-0.96592582628906831,-0.25881904510252063,-0.97492791218182362,-0.22252093395631459
Kurpark - Eingang Sprudelhof,2025-07-12T16:00:00Z,continuous_test,condition_b,86,86,10.58,false,true,true,false,0.98957447565946222,18,5,-1,-1.8369701987210297e-16,-0.97492791218182362,-0.22252093395631459
Kurpark - Eingang Sprudelhof,2025-07-12T17:00:00Z,continuous_test,condition_b,36,36,11.050000000000001,false,true,true,false,0.29743486246385131,19,5,-0.96592582628906842,0.2588190451025203,-0.97492791218182362,-0.22252093395631459
Kurpark - Eingang Sprudelhof,2025-07-12T18:00:00Z,continuous_test,condition_b,16,16,12.27,false,true,true,false,-0.33213976365349324,20,5,-0.8660254037844386,0.50000000000000011,-0.97492791218182362,-0.22252093395631459
Kurpark - Eingang Sprudelhof,2025-07-12T19:00:00Z,continuous_test,condition_b,23,23,7.5599999999999996,false,true,true,false,-0.05298129011975998,21,5,-0.70710678118654768,0.70710678118654735,-0.97492791218182362,-0.22252093395631459
Kurpark - Eingang Sprudelhof,2025-07-12T20:00:00Z,continuous_test,condition_b,7,7,11.52,false,true,true,false,-0.94234011456631428,22,5,-0.50000000000000044,0.86602540378443837,-0.97492791218182362,-0.22252093395631459
Kurpark - Eingang Sprudelhof,2025-07-12T21:00:00Z,continuous_test,condition_b,3,3,3.9550000000000001,false,true,true,false,-1.5034630585109796,23,5,-0.25881904510252157,0.96592582628906809,-0.97492791218182362,-0.22252093395631459
Kurpark - Eingang Sprudelhof,2025-07-12T22:00:00Z,continuous_test,condition_b,9,9,19.510000000000002,false,true,true,false,-0.76169887422461957,0,6,0,1,-0.78183148246802991,0.62348980185873337
Kurpark - Eingang Sprudelhof,2025-07-12T23:00:00Z,continuous_test,condition_b,3,3,1.96,false,true,true,false,-1.5034630585109796,1,6,0.25881904510252074,0.96592582628906831,-0.78183148246802991,0.62348980185873337
Kurpark - Eingang Sprudelhof,2025-07-13T00:00:00Z,continuous_test,condition_b,1,1,2.6699999999999999,false,true,true,false,-2.0645860024556448,2,6,0.49999999999999994,0.86602540378443871,-0.78183148246802991,0.62348980185873337
Kurpark - Eingang Sprudelhof,2025-07-13T01:00:00Z,continuous_test,condition_b,1,1,2.8500000000000001,false,true,true,false,-2.0645860024556448,3,6,0.70710678118654757,0.70710678118654757,-0.78183148246802991,0.62348980185873337
Kurpark - Eingang Sprudelhof,2025-07-13T02:00:00Z,continuous_test,condition_b,1,1,1.3300000000000001,false,true,true,false,-2.0645860024556448,4,6,0.8660254037844386,0.50000000000000011,-0.78183148246802991,0.62348980185873337
Kurpark - Eingang Sprudelhof,2025-07-13T03:00:00Z,continuous_test,condition_b,3,3,11.619999999999999,false,true,true,false,-1.5034630585109796,5,6,0.96592582628906831,0.25881904510252074,-0.78183148246802991,0.62348980185873337
Kurpark - Eingang Sprudelhof,2025-07-13T04:00:00Z,continuous_test,condition_b,,,,true,false,false,false,0,6,6,1,6.123233995736766e-17,-0.78183148246802991,0.62348980185873337
Kurpark - Eingang Sprudelhof,2025-07-13T05:00:00Z,continuous_test,condition_b,,,,true,false,false,false,0,7,6,0.96592582628906831,-0.25881904510252063,-0.78183148246802991,0.62348980185873337
Kurpark - Eingang Sprudelhof,2025-07-13T06:00:00Z,continuous_test,condition_b,,,,true,false,false,false,0,8,6,0.86602540378443871,-0.49999999999999978,-0.78183148246802991,0.62348980185873337
Kurpark - Eingang Sprudelhof,2025-07-13T07:00:00Z,continuous_test,condition_b,,,,true,false,false,false,0,9,6,0.70710678118654757,-0.70710678118654746,-0.78183148246802991,0.62348980185873337
Kurpark - Eingang Sprudelhof,2025-07-13T08:00:00Z,continuous_test,condition_b,,,,true,false,false,false,0,10,6,0.49999999999999994,-0.86602540378443871,-0.78183148246802991,0.62348980185873337
Kurpark - Eingang Sprudelhof,2025-07-13T09:00:00Z,continuous_test,condition_b,,,,true,false,false,false,0,11,6,0.25881904510252102,-0.9659258262890682,-0.78183148246802991,0.62348980185873337
Kurpark - Eingang Sprudelhof,2025-07-13T10:00:00Z,continuous_test,condition_b,,,,true,false,false,false,0,12,6,1.2246467991473532e-16,-1,-0.78183148246802991,0.62348980185873337
Kurpark - Eingang Sprudelhof,2025-07-13T11:00:00Z,continuous_test,condition_b,,,,true,false,false,false,0,13,6,-0.25881904510252079,-0.96592582628906831,-0.78183148246802991,0.62348980185873337
Kurpark - Eingang Sprudelhof,2025-07-13T12:00:00Z,continuous_test,condition_b,,,,true,false,false,false,0,14,6,-0.49999999999999972,-0.86602540378443882,-0.78183148246802991,0.62348980185873337
Kurpark - Eingang Sprudelhof,2025-07-13T13:00:00Z,continuous_test,condition_b,,,,true,false,false,false,0,15,6,-0.70710678118654713,-0.70710678118654791,-0.78183148246802991,0.62348980185873337
Kurpark - Eingang Sprudelhof,2025-07-13T14:00:00Z,continuous_test,condition_b,,,,true,false,false,false,0,16,6,-0.86602540378443849,-0.50000000000000044,-0.78183148246802991,0.62348980185873337
Kurpark - Eingang Sprudelhof,2025-07-13T15:00:00Z,continuous_test,condition_b,,,,true,false,false,false,0,17,6,-0.96592582628906831,-0.25881904510252063,-0.78183148246802991,0.62348980185873337
Kurpark - Eingang Sprudelhof,2025-07-13T16:00:00Z,continuous_test,condition_b,,,,true,false,false,false,0,18,6,-1,-1.8369701987210297e-16,-0.78183148246802991,0.62348980185873337
Kurpark - Eingang Sprudelhof,2025-07-13T17:00:00Z,continuous_test,condition_b,,,,true,false,false,false,0,19,6,-0.96592582628906842,0.2588190451025203,-0.78183148246802991,0.62348980185873337
Kurpark - Eingang Sprudelhof,2025-07-13T18:00:00Z,continuous_test,condition_b,,,,true,false,false,false,0,20,6,-0.8660254037844386,0.50000000000000011,-0.78183148246802991,0.62348980185873337
Kurpark - Eingang Sprudelhof,2025-07-13T19:00:00Z,continuous_test,condition_b,,,,true,false,false,false,0,21,6,-0.70710678118654768,0.70710678118654735,-0.78183148246802991,0.62348980185873337
Kurpark - Eingang Sprudelhof,2025-07-13T20:00:00Z,continuous_test,condition_b,,,,true,false,false,false,0,22,6,-0.50000000000000044,0.86602540378443837,-0.78183148246802991,0.62348980185873337
Kurpark - Eingang Sprudelhof,2025-07-13T21:00:00Z,continuous_test,condition_b,0.5,0.5,0.014999999999999999,false,true,true,false,-2.2974730658984215,23,6,-0.25881904510252157,0.96592582628906809,-0.78183148246802991,0.62348980185873337
Kurpark - Eingang Sprudelhof,2025-07-13T22:00:00Z,continuous_test,condition_b,2,2,2,false,true,true,false,-1.736350121953756,0,0,0,1,0,1
Kurpark - Eingang Sprudelhof,2025-07-13T23:00:00Z,continuous_test,condition_b,,,,true,false,true,true,-1.736350121953756,1,0,0.25881904510252074,0.96592582628906831,0,1
Kurpark - Großer Teich - Toilette,2025-07-08T00:00:00Z,continuous_test,condition_b,,,,true,false,false,false,0,2,1,0.49999999999999994,0.86602540378443871,0.7818314824680298,0.62348980185873359
Kurpark - Großer Teich - Toilette,2025-07-08T01:00:00Z,continuous_test,condition_b,,,,true,false,false,false,0,3,1,0.70710678118654757,0.70710678118654757,0.7818314824680298,0.62348980185873359
Kurpark - Großer Teich - Toilette,2025-07-08T02:00:00Z,continuous_test,condition_b,0,0,0,false,true,true,false,-2.6685580126028783,4,1,0.8660254037844386,0.50000000000000011,0.7818314824680298,0.62348980185873359
Kurpark - Großer Teich - Toilette,2025-07-08T03:00:00Z,continuous_test,condition_b,4,4,2.8300000000000001,false,true,true,false,-0.79168195159639632,5,1,0.96592582628906831,0.25881904510252074,0.7818314824680298,0.62348980185873359
Kurpark - Großer Teich - Toilette,2025-07-08T04:00:00Z,continuous_test,condition_b,7,7,6.29,false,true,true,false,-0.24357844694902028,6,1,1,6.123233995736766e-17,0.7818314824680298,0.62348980185873359
Kurpark - Großer Teich - Toilette,2025-07-08T05:00:00Z,continuous_test,condition_b,8,8,5.0499999999999998,false,true,true,false,-0.10622356155191658,7,1,0.96592582628906831,-0.25881904510252063,0.7818314824680298,0.62348980185873359
Kurpark - Großer Teich - Toilette,2025-07-08T06:00:00Z,continuous_test,condition_b,9,9,3.75,false,true,true,false,0.016644570288223508,8,1,0.86602540378443871,-0.49999999999999978,0.7818314824680298,0.62348980185873359
Kurpark - Großer Teich - Toilette,2025-07-08T07:00:00Z,continuous_test,condition_b,13,13,6.5899999999999999,false,true,true,false,0.40902794912423079,9,1,0.70710678118654757,-0.70710678118654746,0.7818314824680298,0.62348980185873359
Kurpark - Großer Teich - Toilette,2025-07-08T08:00:00Z,continuous_test,condition_b,15,,7.5,true,false,true,true,0.55556545472846652,10,1,0.49999999999999994,-0.86602540378443871,0.7818314824680298,0.62348980185873359
Kurpark - Großer Teich - Toilette,2025-07-08T09:00:00Z,continuous_test,condition_b,17,17,8.4100000000000001,false,true,true,false,0.70210296033270236,11,1,0.25881904510252102,-0.9659258262890682,0.7818314824680298,0.62348980185873359
Kurpark - Großer Teich - Toilette,2025-07-08T10:00:00Z,continuous_test,condition_b,17,17,13.449999999999999,false,true,true,false,0.70210296033270236,12,1,1.2246467991473532e-16,-1,0.7818314824680298,0.62348980185873359
Kurpark - Großer Teich - Toilette,2025-07-08T11:00:00Z,continuous_test,condition_b,19.5,19.5,8.9100000000000001,false,true,true,false,0.85376684322140839,13,1,-0.25881904510252079,-0.96592582628906831,0.7818314824680298,0.62348980185873359
Kurpark - Großer Teich - Toilette,2025-07-08T12:00:00Z,continuous_test,condition_b,22,22,18.449999999999999,false,true,true,false,0.98795708986627251,14,1,-0.49999999999999972,-0.86602540378443882,0.7818314824680298,0.62348980185873359
Kurpark - Großer Teich - Toilette,2025-07-08T13:00:00Z,continuous_test,condition_b,33,33,16.440000000000001,false,true,true,false,1.4437731310822524,15,1,-0.70710678118654713,-0.70710678118654791,0.7818314824680298,0.62348980185873359
Kurpark - Großer Teich - Toilette,2025-07-08T14:00:00Z,continuous_test,condition_b,,,,true,false,false,false,0,16,1,-0.86602540378443849,-0.50000000000000044,0.7818314824680298,0.62348980185873359
Kurpark - Großer Teich - Toilette,2025-07-08T15:00:00Z,continuous_test,condition_b,,,,true,false,false,false,0,17,1,-0.96592582628906831,-0.25881904510252063,0.7818314824680298,0.62348980185873359
Kurpark - Großer Teich - Toilette,2025-07-08T16:00:00Z,continuous_test,condition_b,,,,true,false,false,false,0,18,1,-1,-1.8369701987210297e-16,0.7818314824680298,0.62348980185873359
Kurpark - Großer Teich - Toilette,2025-07-08T17:00:00Z,continuous_test,condition_b,,,,true,false,false,false,0,19,1,-0.96592582628906842,0.2588190451025203,0.7818314824680298,0.62348980185873359
Kurpark - Großer Teich - Toilette,2025-07-08T18:00:00Z,continuous_test,condition_b,,,,true,false,false,false,0,20,1,-0.8660254037844386,0.50000000000000011,0.7818314824680298,0.62348980185873359
Kurpark - Großer Teich - Toilette,2025-07-08T19:00:00Z,continuous_test,condition_b,,,,true,false,false,false,0,21,1,-0.70710678118654768,0.70710678118654735,0.7818314824680298,0.62348980185873359
Kurpark - Großer Teich - Toilette,2025-07-08T20:00:00Z,continuous_test,condition_b,,,,true,false,false,false,0,22,1,-0.50000000000000044,0.86602540378443837,0.7818314824680298,0.62348980185873359
Kurpark - Großer Teich - Toilette,2025-07-08T21:00:00Z,continuous_test,condition_b,,,,true,false,false,false,0,23,1,-0.25881904510252157,0.96592582628906809,0.7818314824680298,0.62348980185873359
Kurpark - Großer Teich - Toilette,2025-07-08T22:00:00Z,continuous_test,condition_b,,,,true,false,false,false,0,0,2,0,1,0.97492791218182362,-0.22252093395631434
Kurpark - Großer Teich - Toilette,2025-07-08T23:00:00Z,continuous_test,condition_b,,,,true,false,false,false,0,1,2,0.25881904510252074,0.96592582628906831,0.97492791218182362,-0.22252093395631434
Kurpark - Großer Teich - Toilette,2025-07-09T00:00:00Z,continuous_test,condition_b,,,,true,false,false,false,0,2,2,0.49999999999999994,0.86602540378443871,0.97492791218182362,-0.22252093395631434
Kurpark - Großer Teich - Toilette,2025-07-09T01:00:00Z,continuous_test,condition_b,,,,true,false,false,false,0,3,2,0.70710678118654757,0.70710678118654757,0.97492791218182362,-0.22252093395631434
Kurpark - Großer Teich - Toilette,2025-07-09T02:00:00Z,continuous_test,condition_b,,,,true,false,false,false,0,4,2,0.8660254037844386,0.50000000000000011,0.97492791218182362,-0.22252093395631434
Kurpark - Großer Teich - Toilette,2025-07-09T03:00:00Z,continuous_test,condition_b,,,,true,false,false,false,0,5,2,0.96592582628906831,0.25881904510252074,0.97492791218182362,-0.22252093395631434
Kurpark - Großer Teich - Toilette,2025-07-09T04:00:00Z,continuous_test,condition_b,,,,true,false,false,false,0,6,2,1,6.123233995736766e-17,0.97492791218182362,-0.22252093395631434
Kurpark - Großer Teich - Toilette,2025-07-09T05:00:00Z,continuous_test,condition_b,,,,true,false,false,false,0,7,2,0.96592582628906831,-0.25881904510252063,0.97492791218182362,-0.22252093395631434
Kurpark - Großer Teich - Toilette,2025-07-09T06:00:00Z,continuous_test,condition_b,,,,true,false,false,false,0,8,2,0.86602540378443871,-0.49999999999999978,0.97492791218182362,-0.22252093395631434
Kurpark - Großer Teich - Toilette,2025-07-09T07:00:00Z,continuous_test,condition_b,16,16,12.970000000000001,false,true,true,false,0.63544660919763285,9,2,0.70710678118654757,-0.70710678118654746,0.97492791218182362,-0.22252093395631434
Kurpark - Großer Teich - Toilette,2025-07-09T08:00:00Z,continuous_test,condition_b,24,24,8.4800000000000004,false,true,true,false,1.0851941094100859,10,2,0.49999999999999994,-0.86602540378443871,0.97492791218182362,-0.22252093395631434
Kurpark - Großer Teich - Toilette,2025-07-09T09:00:00Z,continuous_test,condition_b,20,20,12.31,false,true,true,false,0.88186865276509241,11,2,0.25881904510252102,-0.9659258262890682,0.97492791218182362,-0.22252093395631434
Kurpark - Großer Teich - Toilette,2025-07-09T10:00:00Z,continuous_test,condition_b,47,47,15.484999999999999,false,true,true,false,1.8459153004610804,12,2,1.2246467991473532e-16,-1,0.97492791218182362,-0.22252093395631434
Kurpark - Großer Teich - Toilette,2025-07-09T11:00:00Z,continuous_test,condition_b,47.333333333333336,,14.456666666666669,true,false,true,true,1.8539304893347541,13,2,-0.25881904510252079,-0.96592582628906831,0.97492791218182362,-0.22252093395631434
Kurpark - Großer Teich - Toilette,2025-07-09T12:00:00Z,continuous_test,condition_b,47.666666666666657,,13.428333333333333,true,false,true,true,1.8619456782084278,14,2,-0.49999999999999972,-0.86602540378443882,0.97492791218182362,-0.22252093395631434
Kurpark - Großer Teich - Toilette,2025-07-09T13:00:00Z,continuous_test,condition_b,48,48,12.4,false,true,true,false,1.8699608670821015,15,2,-0.70710678118654713,-0.70710678118654791,0.97492791218182362,-0.22252093395631434
Kurpark - Großer Teich - Toilette,2025-07-09T14:00:00Z,continuous_test,condition_b,35,35,12.35,false,true,true,false,1.5104294822173219,16,2,-0.86602540378443849,-0.50000000000000044,0.97492791218182362,-0.22252093395631434
Kurpark - Großer Teich - Toilette,2025-07-09T15:00:00Z,continuous_test,condition_b,59.5,59.5,13.289999999999999,false,true,true,false,2.1158161214940336,17,2,-0.96592582628906831,-0.25881904510252063,0.97492791218182362,-0.22252093395631434
Kurpark - Großer Teich - Toilette,2025-07-09T16:00:00Z,continuous_test,condition_b,38,38,15.93,false,true,true,false,1.6037727797312926,18,2,-1,-1.8369701987210297e-16,0.97492791218182362,-0.22252093395631434
Kurpark - Großer Teich - Toilette,2025-07-09T17:00:00Z,continuous_test,condition_b,14.5,14.5,10.515000000000001,false,true,true,false,0.52772373782113946,19,2,-0.96592582628906842,0.2588190451025203,0.97492791218182362,-0.22252093395631434
Kurpark - Großer Teich - Toilette,2025-07-09T18:00:00Z,continuous_test,condition_b,17.5,17.5,18.739999999999998,false,true,true,false,0.73405478547147562,20,2,-0.8660254037844386,0.50000000000000011,0.97492791218182362,-0.22252093395631434
Kurpark - Großer Teich - Toilette,2025-07-09T19:00:00Z,continuous_test,condition_b,20,20,21.390000000000001,false,true,true,false,0.88186865276509241,21,2,-0.70710678118654768,0.70710678118654735,0.97492791218182362,-0.22252093395631434
Kurpark - Großer Teich - Toilette,2025-07-09T20:00:00Z,continuous_test,condition_b,10,,10.695,true,false,true,true,-0.89334467991889299,22,2,-0.50000000000000044,0.86602540378443837,0.97492791218182362,-0.22252093395631434
Kurpark - Großer Teich - Toilette,2025-07-09T21:00:00Z,continuous_test,condition_b,0,0,0,false,true,true,false,-2.6685580126028783,23,2,-0.25881904510252157,0.96592582628906809,0.97492791218182362,-0.22252093395631434
Kurpark - Großer Teich - Toilette,2025-07-09T22:00:00Z,continuous_test,condition_b,,,,true,false,false,false,0,0,3,0,1,0.43388373911755823,-0.90096886790241903
Kurpark - Großer Teich - Toilette,2025-07-09T23:00:00Z,continuous_test,condition_b,,,,true,false,false,false,0,1,3,0.25881904510252074,0.96592582628906831,0.43388373911755823,-0.90096886790241903
Kurpark - Großer Teich - Toilette,2025-07-10T00:00:00Z,continuous_test,condition_b,,,,true,false,false,false,0,2,3,0.49999999999999994,0.86602540378443871,0.43388373911755823,-0.90096886790241903
Kurpark - Großer Teich - Toilette,2025-07-10T01:00:00Z,continuous_test,condition_b,,,,true,false,false,false,0,3,3,0.70710678118654757,0.70710678118654757,0.43388373911755823,-0.90096886790241903
Kurpark - Großer Teich - Toilette,2025-07-10T02:00:00Z,continuous_test,condition_b,,,,true,false,false,false,0,4,3,0.8660254037844386,0.50000000000000011,0.43388373911755823,-0.90096886790241903
Kurpark - Großer Teich - Toilette,2025-07-10T03:00:00Z,continuous_test,condition_b,,,,true,false,false,false,0,5,3,0.96592582628906831,0.25881904510252074,0.43388373911755823,-0.90096886790241903
Kurpark - Großer Teich - Toilette,2025-07-10T04:00:00Z,continuous_test,condition_b,,,,true,false,false,false,0,6,3,1,6.123233995736766e-17,0.43388373911755823,-0.90096886790241903
Kurpark - Großer Teich - Toilette,2025-07-10T05:00:00Z,continuous_test,condition_b,,,,true,false,false,false,0,7,3,0.96592582628906831,-0.25881904510252063,0.43388373911755823,-0.90096886790241903
Kurpark - Großer Teich - Toilette,2025-07-10T06:00:00Z,continuous_test,condition_b,,,,true,false,false,false,0,8,3,0.86602540378443871,-0.49999999999999978,0.43388373911755823,-0.90096886790241903
Kurpark - Großer Teich - Toilette,2025-07-10T07:00:00Z,continuous_test,condition_b,15,15,5.9299999999999997,false,true,true,false,0.5647480749355992,9,3,0.70710678118654757,-0.70710678118654746,0.43388373911755823,-0.90096886790241903
Kurpark - Großer Teich - Toilette,2025-07-10T08:00:00Z,continuous_test,condition_b,22,22,15.050000000000001,false,true,true,false,0.98795708986627251,10,3,0.49999999999999994,-0.86602540378443871,0.43388373911755823,-0.90096886790241903
Kurpark - Großer Teich - Toilette,2025-07-10T09:00:00Z,continuous_test,condition_b,22,22,10.119999999999999,false,true,true,false,0.98795708986627251,11,3,0.25881904510252102,-0.9659258262890682,0.43388373911755823,-0.90096886790241903
Kurpark - Großer Teich - Toilette,2025-07-10T10:00:00Z,continuous_test,condition_b,33,33,15.16,false,true,true,false,1.4437731310822524,12,3,1.2246467991473532e-16,-1,0.43388373911755823,-0.90096886790241903
Kurpark - Großer Teich - Toilette,2025-07-10T11:00:00Z,continuous_test,condition_b,45,45,12.1,false,true,true,false,1.796283611750892,13,3,-0.25881904510252079,-0.96592582628906831,0.43388373911755823,-0.90096886790241903
Kurpark - Großer Teich - Toilette,2025-07-10T12:00:00Z,continuous_test,condition_b,29,29,9.5199999999999996,false,true,true,false,1.2978117958137041,14,3,-0.49999999999999972,-0.86602540378443882,0.43388373911755823,-0.90096886790241903
Kurpark - Großer Teich - Toilette,2025-07-10T13:00:00Z,continuous_test,condition_b,44,44,15.32,false,true,true,false,1.7706524994545652,15,3,-0.70710678118654713,-0.70710678118654791,0.43388373911755823,-0.90096886790241903
Kurpark - Großer Teich - Toilette,2025-07-10T14:00:00Z,continuous_test,condition_b,43,43,13.85,false,true,true,false,1.7444453591571261,16,3,-0.86602540378443849,-0.50000000000000044,0.43388373911755823,-0.90096886790241903
Kurpark - Großer Teich - Toilette,2025-07-10T15:00:00Z,continuous_test,condition_b,26,26,10.390000000000001,false,true,true,false,1.174943663973564,17,3,-0.96592582628906831,-0.25881904510252063,0.43388373911755823,-0.90096886790241903
Kurpark - Großer Teich - Toilette,2025-07-10T16:00:00Z,continuous_test,condition_b,28.5,28.5,17.969999999999999,false,true,true,false,1.2782118610918911,18,3,-1,-1.8369701987210297e-16,0.43388373911755823,-0.90096886790241903
Kurpark - Großer Teich - Toilette,2025-07-10T17:00:00Z,continuous_test,condition_b,30,30,20.829999999999998,false,true,true,false,1.3360502597057589,19,3,-0.96592582628906842,0.2588190451025203,0.43388373911755823,-0.90096886790241903
Kurpark - Großer Teich - Toilette,2025-07-10T18:00:00Z,continuous_test,condition_b,23.5,23.5,14.300000000000001,false,true,true,false,1.0616343451974823,20,3,-0.8660254037844386,0.50000000000000011,0.43388373911755823,-0.90096886790241903
Kurpark - Großer Teich - Toilette,2025-07-10T19:00:00Z,continuous_test,condition_b,8,8,11.4,false,true,true,false,-0.10622356155191658,21,3,-0.70710678118654768,0.70710678118654735,0.43388373911755823,-0.90096886790241903
Kurpark - Großer Teich - Toilette,2025-07-10T20:00:00Z,continuous_test,condition_b,12,12,9.5600000000000005,false,true,true,false,0.32260555420581211,22,3,-0.50000000000000044,0.86602540378443837,0.43388373911755823,-0.90096886790241903
Kurpark - Großer Teich - Toilette,2025-07-10T21:00:00Z,continuous_test,condition_b,1,1,2.5699999999999998,false,true,true,false,-1.8602314907182589,23,3,-0.25881904510252157,0.96592582628906809,0.43388373911755823,-0.90096886790241903
Kurpark - Großer Teich - Toilette,2025-07-10T22:00:00Z,continuous_test,condition_b,0.5,,1.2849999999999999,true,false,true,true,-2.2643947516605687,0,4,0,1,-0.43388373911755801,-0.90096886790241915
Kurpark - Großer Teich - Toilette,2025-07-10T23:00:00Z,continuous_test,condition_b,0,0,0,false,true,true,false,-2.6685580126028783,1,4,0.25881904510252074,0.96592582628906831,-0.43388373911755801,-0.90096886790241915
Kurpark - Großer Teich - Toilette,2025-07-11T00:00:00Z,continuous_test,condition_b,0,,0,true,false,true,true,-2.6685580126028783,2,4,0.49999999999999994,0.86602540378443871,-0.43388373911755801,-0.90096886790241915
Kurpark - Großer Teich - Toilette,2025-07-11T01:00:00Z,continuous_test,condition_b,0,0,0,false,true,true,false,-2.6685580126028783,3,4,0.70710678118654757,0.70710678118654757,-0.43388373911755801,-0.90096886790241915
Kurpark - Großer Teich - Toilette,2025-07-11T02:00:00Z,continuous_test,condition_b,2,2,13.525,false,true,true,false,-1.3873907870773974,4,4,0.8660254037844386,0.50000000000000011,-0.43388373911755801,-0.90096886790241915
Kurpark - Großer Teich - Toilette,2025-07-11T03:00:00Z,continuous_test,condition_b,3,3,9.0299999999999994,false,true,true,false,-1.0519049688336395,5,4,0.96592582628906831,0.25881904510252074,-0.43388373911755801,-0.90096886790241915
Kurpark - Großer Teich - Toilette,2025-07-11T04:00:00Z,continuous_test,condition_b,9,9,6.3499999999999996,false,true,true,false,0.016644570288223508,6,4,1,6.123233995736766e-17,-0.43388373911755801,-0.90096886790241915
Kurpark - Großer Teich - Toilette,2025-07-11T05:00:00Z,continuous_test,condition_b,8,8,7.6200000000000001,false,true,true,false,-0.10622356155191658,7,4,0.96592582628906831,-0.25881904510252063,-0.43388373911755801,-0.90096886790241915
Kurpark - Großer Teich - Toilette,2025-07-11T06:00:00Z,continuous_test,condition_b,9,9,6.0700000000000003,false,true,true,false,0.016644570288223508,8,4,0.86602540378443871,-0.49999999999999978,-0.43388373911755801,-0.90096886790241915
Kurpark - Großer Teich - Toilette,2025-07-11T07:00:00Z,continuous_test,condition_b,,,,true,false,false,false,0,9,4,0.70710678118654757,-0.70710678118654746,-0.43388373911755801,-0.90096886790241915
Kurpark - Großer Teich - Toilette,2025-07-11T08:00:00Z,continuous_test,condition_b,,,,true,false,false,false,0,10,4,0.49999999999999994,-0.86602540378443871,-0.43388373911755801,-0.90096886790241915
Kurpark - Großer Teich - Toilette,2025-07-11T09:00:00Z,continuous_test,condition_b,,,,true,false,false,false,0,11,4,0.25881904510252102,-0.9659258262890682,-0.43388373911755801,-0.90096886790241915
Kurpark - Großer Teich - Toilette,2025-07-11T10:00:00Z,continuous_test,condition_b,,,,true,false,false,false,0,12,4,1.2246467991473532e-16,-1,-0.43388373911755801,-0.90096886790241915
Kurpark - Großer Teich - Toilette,2025-07-11T11:00:00Z,continuous_test,condition_b,,,,true,false,false,false,0,13,4,-0.25881904510252079,-0.96592582628906831,-0.43388373911755801,-0.90096886790241915
Kurpark - Großer Teich - Toilette,2025-07-11T12:00:00Z,continuous_test,condition_b,,,,true,false,false,false,0,14,4,-0.49999999999999972,-0.86602540378443882,-0.43388373911755801,-0.90096886790241915
Kurpark - Großer Teich - Toilette,2025-07-11T13:00:00Z,continuous_test,condition_b,,,,true,false,false,false,0,15,4,-0.70710678118654713,-0.70710678118654791,-0.43388373911755801,-0.90096886790241915
Kurpark - Großer Teich - Toilette,2025-07-11T14:00:00Z,continuous_test,condition_b,,,,true,false,false,false,0,16,4,-0.86602540378443849,-0.50000000000000044,-0.43388373911755801,-0.90096886790241915
Kurpark - Großer Teich - Toilette,2025-07-11T15:00:00Z,continuous_test,condition_b,,,,true,false,false,false,0,17,4,-0.96592582628906831,-0.25881904510252063,-0.43388373911755801,-0.90096886790241915
Kurpark - Großer Teich - Toilette,2025-07-11T16:00:00Z,continuous_test,condition_b,,,,true,false,false,false,0,18,4,-1,-1.8369701987210297e-16,-0.43388373911755801,-0.90096886790241915
Kurpark - Großer Teich - Toilette,2025-07-11T17:00:00Z,continuous_test,condition_b,34,34,14.57,false,true,true,false,1.4775774882460937,19,4,-0.96592582628906842,0.2588190451025203,-0.43388373911755801,-0.90096886790241915
Kurpark - Großer Teich - Toilette,2025-07-11T18:00:00Z,continuous_test,condition_b,26.5,,13.01,true,false,true,true,1.1512742902094681,20,4,-0.8660254037844386,0.50000000000000011,-0.43388373911755801,-0.90096886790241915
Kurpark - Großer Teich - Toilette,2025-07-11T19:00:00Z,continuous_test,condition_b,19,19,11.449999999999999,false,true,true,false,0.82497109217284248,21,4,-0.70710678118654768,0.70710678118654735,-0.43388373911755801,-0.90096886790241915
Kurpark - Großer Teich - Toilette,2025-07-11T20:00:00Z,continuous_test,condition_b,11,11,8.7899999999999991,false,true,true,false,0.22926225669184133,22,4,-0.50000000000000044,0.86602540378443837,-0.43388373911755801,-0.90096886790241915
Kurpark - Großer Teich - Toilette,2025-07-11T21:00:00Z,continuous_test,condition_b,7,,6.8349999999999991,true,false,true,true,-0.41132135607089915,23,4,-0.25881904510252157,0.96592582628906809,-0.43388373911755801,-0.90096886790241915
Kurpark - Großer Teich - Toilette,2025-07-11T22:00:00Z,continuous_test,condition_b,3,3,4.8799999999999999,false,true,true,false,-1.0519049688336395,0,5,0,1,-0.97492791218182362,-0.22252093395631459
Kurpark - Großer Teich - Toilette,2025-07-11T23:00:00Z,continuous_test,condition_b,,,,true,false,false,false,0,1,5,0.25881904510252074,0.96592582628906831,-0.97492791218182362,-0.22252093395631459
Kurpark - Großer Teich - Toilette,2025-07-12T00:00:00Z,continuous_test,condition_b,,,,true,false,false,false,0,2,5,0.49999999999999994,0.86602540378443871,-0.97492791218182362,-0.22252093395631459
Kurpark - Großer Teich - Toilette,2025-07-12T01:00:00Z,continuous_test,condition_b,,,,true,false,false,false,0,3,5,0.70710678118654757,0.70710678118654757,-0.97492791218182362,-0.22252093395631459
Kurpark - Großer Teich - Toilette,2025-07-12T02:00:00Z,continuous_test,condition_b,,,,true,false,false,false,0,4,5,0.8660254037844386,0.50000000000000011,-0.97492791218182362,-0.22252093395631459
Kurpark - Großer Teich - Toilette,2025-07-12T03:00:00Z,continuous_test,condition_b,,,,true,false,false,false,0,5,5,0.96592582628906831,0.25881904510252074,-0.97492791218182362,-0.22252093395631459
Kurpark - Großer Teich - Toilette,2025-07-12T04:00:00Z,continuous_test,condition_b,,,,true,false,false,false,0,6,5,1,6.123233995736766e-17,-0.97492791218182362,-0.22252093395631459
Kurpark - Großer Teich - Toilette,2025-07-12T05:00:00Z,continuous_test,condition_b,,,,true,false,false,false,0,7,5,0.96592582628906831,-0.25881904510252063,-0.97492791218182362,-0.22252093395631459
Kurpark - Großer Teich - Toilette,2025-07-12T06:00:00Z,continuous_test,condition_b,7,7,3.2999999999999998,false,true,true,false,-0.24357844694902028,8,5,0.86602540378443871,-0.49999999999999978,-0.97492791218182362,-0.22252093395631459
Kurpark - Großer Teich - Toilette,2025-07-12T07:00:00Z,continuous_test,condition_b,18,18,4.9199999999999999,false,true,true,false,0.76515445955695482,9,5,0.70710678118654757,-0.70710678118654746,-0.97492791218182362,-0.22252093395631459
Kurpark - Großer Teich - Toilette,2025-07-12T08:00:00Z,continuous_test,condition_b,30,,8.2516666666666669,true,false,true,true,1.1783257651694263,10,5,0.49999999999999994,-0.86602540378443871,-0.97492791218182362,-0.22252093395631459
Kurpark - Großer Teich - Toilette,2025-07-12T09:00:00Z,continuous_test,condition_b,42,,11.583333333333332,true,false,true,true,1.5914970707818981,11,5,0.25881904510252102,-0.9659258262890682,-0.97492791218182362,-0.22252093395631459
Kurpark - Großer Teich - Toilette,2025-07-12T10:00:00Z,continuous_test,condition_b,54,54,14.914999999999999,false,true,true,false,2.0046683763943696,12,5,1.2246467991473532e-16,-1,-0.97492791218182362,-0.22252093395631459
Kurpark - Großer Teich - Toilette,2025-07-12T11:00:00Z,continuous_test,condition_b,59.5,59.5,18.704999999999998,false,true,true,false,2.1158161214940336,13,5,-0.25881904510252079,-0.96592582628906831,-0.97492791218182362,-0.22252093395631459
Kurpark - Großer Teich - Toilette,2025-07-12T12:00:00Z,continuous_test,condition_b,63,63,13.81,false,true,true,false,2.1814011187048377,14,5,-0.49999999999999972,-0.86602540378443882,-0.97492791218182362,-0.22252093395631459
Kurpark - Großer Teich - Toilette,2025-07-12T13:00:00Z,continuous_test,condition_b,63,63,13.199999999999999,false,true,true,false,2.1814011187048377,15,5,-0.70710678118654713,-0.70710678118654791,-0.97492791218182362,-0.22252093395631459
Kurpark - Großer Teich - Toilette,2025-07-12T14:00:00Z,continuous_test,condition_b,74.5,74.5,18.039999999999999,false,true,true,false,2.3741099924442883,16,5,-0.86602540378443849,-0.50000000000000044,-0.97492791218182362,-0.22252093395631459
Kurpark - Großer Teich - Toilette,2025-07-12T15:00:00Z,continuous_test,condition_b,30,30,15.6,false,true,true,false,1.3360502597057589,17,5,-0.96592582628906831,-0.25881904510252063,-0.97492791218182362,-0.22252093395631459
Kurpark - Großer Teich - Toilette,2025-07-12T16:00:00Z,continuous_test,condition_b,46,46,14.039999999999999,false,true,true,false,1.8213634743727882,18,5,-1,-1.8369701987210297e-16,-0.97492791218182362,-0.22252093395631459
Kurpark - Großer Teich - Toilette,2025-07-12T17:00:00Z,continuous_test,condition_b,32,32,14.289999999999999,false,true,true,false,1.4089595409133679,19,5,-0.96592582628906842,0.2588190451025203,-0.97492791218182362,-0.22252093395631459
Kurpark - Großer Teich - Toilette,2025-07-12T18:00:00Z,continuous_test,condition_b,26.5,26.5,12.654999999999999,false,true,true,false,1.1963418545097502,20,5,-0.8660254037844386,0.50000000000000011,-0.97492791218182362,-0.22252093395631459
Kurpark - Großer Teich - Toilette,2025-07-12T19:00:00Z,continuous_test,condition_b,3,3,22.280000000000001,false,true,true,false,-1.0519049688336395,21,5,-0.70710678118654768,0.70710678118654735,-0.97492791218182362,-0.22252093395631459
Kurpark - Großer Teich - Toilette,2025-07-12T20:00:00Z,continuous_test,condition_b,5,5,3.9700000000000002,false,true,true,false,-0.5790642651927782,22,5,-0.50000000000000044,0.86602540378443837,-0.97492791218182362,-0.22252093395631459
Kurpark - Großer Teich - Toilette,2025-07-12T21:00:00Z,continuous_test,condition_b,1.5,1.5,10.005000000000001,false,true,true,false,-1.6000084734810156,23,5,-0.25881904510252157,0.96592582628906809,-0.97492791218182362,-0.22252093395631459
Kurpark - Großer Teich - Toilette,2025-07-12T22:00:00Z,continuous_test,condition_b,1.75,,5.7024999999999997,true,false,true,true,-1.4936996302792065,0,6,0,1,-0.78183148246802991,0.62348980185873337
Kurpark - Großer Teich - Toilette,2025-07-12T23:00:00Z,continuous_test,condition_b,2,2,1.3999999999999999,false,true,true,false,-1.3873907870773974,1,6,0.25881904510252074,0.96592582628906831,-0.78183148246802991,0.62348980185873337
Kurpark - Großer Teich - Toilette,2025-07-13T00:00:00Z,continuous_test,condition_b,1,,0.69999999999999996,true,false,true,true,-2.0279743998401378,2,6,0.49999999999999994,0.86602540378443871,-0.78183148246802991,0.62348980185873337
Kurpark - Großer Teich - Toilette,2025-07-13T01:00:00Z,continuous_test,condition_b,0,0,0,false,true,true,false,-2.6685580126028783,3,6,0.70710678118654757,0.70710678118654757,-0.78183148246802991,0.62348980185873337
Kurpark - Großer Teich - Toilette,2025-07-13T02:00:00Z,continuous_test,condition_b,2,2,8.3300000000000001,false,true,true,false,-1.3873907870773974,4,6,0.8660254037844386,0.50000000000000011,-0.78183148246802991,0.62348980185873337
Kurpark - Großer Teich - Toilette,2025-07-13T03:00:00Z,continuous_test,condition_b,6,6,8.1699999999999999,false,true,true,false,-0.39929857276038844,5,6,0.96592582628906831,0.25881904510252074,-0.78183148246802991,0.62348980185873337
Kurpark - Großer Teich - Toilette,2025-07-13T04:00:00Z,continuous_test,condition_b,1,1,9.8499999999999996,false,true,true,false,-1.8602314907182589,6,6,1,6.123233995736766e-17,-0.78183148246802991,0.62348980185873337
Kurpark - Großer Teich - Toilette,2025-07-13T05:00:00Z,continuous_test,condition_b,,,,true,false,false,false,0,7,6,0.96592582628906831,-0.25881904510252063,-0.78183148246802991,0.62348980185873337
Kurpark - Großer Teich - Toilette,2025-07-13T06:00:00Z,continuous_test,condition_b,,,,true,false,false,false,0,8,6,0.86602540378443871,-0.49999999999999978,-0.78183148246802991,0.62348980185873337
Kurpark - Großer Teich - Toilette,2025-07-13T07:00:00Z,continuous_test,condition_b,,,,true,false,false,false,0,9,6,0.70710678118654757,-0.70710678118654746,-0.78183148246802991,0.62348980185873337
Kurpark - Großer Teich - Toilette,2025-07-13T08:00:00Z,continuous_test,condition_b,,,,true,false,false,false,0,10,6,0.49999999999999994,-0.86602540378443871,-0.78183148246802991,0.62348980185873337
Kurpark - Großer Teich - Toilette,2025-07-13T09:00:00Z,continuous_test,condition_b,,,,true,false,false,false,0,11,6,0.25881904510252102,-0.9659258262890682,-0.78183148246802991,0.62348980185873337
Kurpark - Großer Teich - Toilette,2025-07-13T10:00:00Z,continuous_test,condition_b,,,,true,false,false,false,0,12,6,1.2246467991473532e-16,-1,-0.78183148246802991,0.62348980185873337
Kurpark - Großer Teich - Toilette,2025-07-13T11:00:00Z,continuous_test,condition_b,,,,true,false,false,false,0,13,6,-0.25881904510252079,-0.96592582628906831,-0.78183148246802991,0.62348980185873337
Kurpark - Großer Teich - Toilette,2025-07-13T12:00:00Z,continuous_test,condition_b,,,,true,false,false,false,0,14,6,-0.49999999999999972,-0.86602540378443882,-0.78183148246802991,0.62348980185873337
Kurpark - Großer Teich - Toilette,2025-07-13T13:00:00Z,continuous_test,condition_b,,,,true,false,false,false,0,15,6,-0.70710678118654713,-0.70710678118654791,-0.78183148246802991,0.62348980185873337
Kurpark - Großer Teich - Toilette,2025-07-13T14:00:00Z,continuous_test,condition_b,,,,true,false,false,false,0,16,6,-0.86602540378443849,-0.50000000000000044,-0.78183148246802991,0.62348980185873337
Kurpark - Großer Teich - Toilette,2025-07-13T15:00:00Z,continuous_test,condition_b,,,,true,false,false,false,0,17,6,-0.96592582628906831,-0.25881904510252063,-0.78183148246802991,0.62348980185873337
Kurpark - Großer Teich - Toilette,2025-07-13T16:00:00Z,continuous_test,condition_b,,,,true,false,false,false,0,18,6,-1,-1.8369701987210297e-16,-0.78183148246802991,0.62348980185873337
Kurpark - Großer Teich - Toilette,2025-07-13T17:00:00Z,continuous_test,condition_b,,,,true,false,false,false,0,19,6,-0.96592582628906842,0.2588190451025203,-0.78183148246802991,0.62348980185873337
Kurpark - Großer Teich - Toilette,2025-07-13T18:00:00Z,continuous_test,condition_b,,,,true,false,false,false,0,20,6,-0.8660254037844386,0.50000000000000011,-0.78183148246802991,0.62348980185873337
Kurpark - Großer Teich - Toilette,2025-07-13T19:00:00Z,continuous_test,condition_b,10,10,9.8399999999999999,false,true,true,false,0.12779231538788743,21,6,-0.70710678118654768,0.70710678118654735,-0.78183148246802991,0.62348980185873337
Kurpark - Großer Teich - Toilette,2025-07-13T20:00:00Z,continuous_test,condition_b,,,,true,false,false,false,0,22,6,-0.50000000000000044,0.86602540378443837,-0.78183148246802991,0.62348980185873337
Kurpark - Großer Teich - Toilette,2025-07-13T21:00:00Z,continuous_test,condition_b,,,,true,false,false,false,0,23,6,-0.25881904510252157,0.96592582628906809,-0.78183148246802991,0.62348980185873337
Kurpark - Großer Teich - Toilette,2025-07-13T22:00:00Z,continuous_test,condition_b,,,,true,false,false,false,0,0,0,0,1,0,1
Kurpark - Großer Teich - Toilette,2025-07-13T23:00:00Z,continuous_test,condition_b,2,2,32.590000000000003,false,true,true,false,-1.3873907870773974,1,0,0.25881904510252074,0.96592582628906831,0,1
Kurpark - Großer Teich Nord Ost,2025-07-08T00:00:00Z,continuous_test,condition_b,0.5,,4.665,true,false,true,true,-2.0257105990120108,2,1,0.49999999999999994,0.86602540378443871,0.7818314824680298,0.62348980185873359
Kurpark - Großer Teich Nord Ost,2025-07-08T01:00:00Z,continuous_test,condition_b,0,0,0,false,true,true,false,-2.45158784727851,3,1,0.70710678118654757,0.70710678118654757,0.7818314824680298,0.62348980185873359
Kurpark - Großer Teich Nord Ost,2025-07-08T02:00:00Z,continuous_test,condition_b,1,1,7.25,false,true,true,false,-1.5998333507455118,4,1,0.8660254037844386,0.50000000000000011,0.7818314824680298,0.62348980185873359
Kurpark - Großer Teich Nord Ost,2025-07-08T03:00:00Z,continuous_test,condition_b,5,5,8.7400000000000002,false,true,true,false,-0.24983441392008135,5,1,0.96592582628906831,0.25881904510252074,0.7818314824680298,0.62348980185873359
Kurpark - Großer Teich Nord Ost,2025-07-08T04:00:00Z,continuous_test,condition_b,8.5,,7.1600000000000001,true,false,true,true,0.2252219539386924,6,1,1,6.123233995736766e-17,0.7818314824680298,0.62348980185873359
Kurpark - Großer Teich Nord Ost,2025-07-08T05:00:00Z,continuous_test,condition_b,12,12,5.5800000000000001,false,true,true,false,0.70027832179746619,7,1,0.96592582628906831,-0.25881904510252063,0.7818314824680298,0.62348980185873359
Kurpark - Großer Teich Nord Ost,2025-07-08T06:00:00Z,continuous_test,condition_b,12,12,8.1899999999999995,false,true,true,false,0.70027832179746619,8,1,0.86602540378443871,-0.49999999999999978,0.7818314824680298,0.62348980185873359
Kurpark - Großer Teich Nord Ost,2025-07-08T07:00:00Z,continuous_test,condition_b,14,14,8.9800000000000004,false,true,true,false,0.87612378499352961,9,1,0.70710678118654757,-0.70710678118654746,0.7818314824680298,0.62348980185873359
Kurpark - Großer Teich Nord Ost,2025-07-08T08:00:00Z,continuous_test,condition_b,12,,8.1400000000000006,true,false,true,true,0.68556118716888315,10,1,0.49999999999999994,-0.86602540378443871,0.7818314824680298,0.62348980185873359
Kurpark - Großer Teich Nord Ost,2025-07-08T09:00:00Z,continuous_test,condition_b,10,10,7.2999999999999998,false,true,true,false,0.49499858934423668,11,1,0.25881904510252102,-0.9659258262890682,0.7818314824680298,0.62348980185873359
Kurpark - Großer Teich Nord Ost,2025-07-08T10:00:00Z,continuous_test,condition_b,15,15,4.9500000000000002,false,true,true,false,0.95543013885348316,12,1,1.2246467991473532e-16,-1,0.7818314824680298,0.62348980185873359
Kurpark - Großer Teich Nord Ost,2025-07-08T11:00:00Z,continuous_test,condition_b,16,16,6.7999999999999998,false,true,true,false,1.0299270071680118,13,1,-0.25881904510252079,-0.96592582628906831,0.7818314824680298,0.62348980185873359
Kurpark - Großer Teich Nord Ost,2025-07-08T12:00:00Z,continuous_test,condition_b,18,18,15,false,true,true,false,1.1666035132433024,14,1,-0.49999999999999972,-0.86602540378443882,0.7818314824680298,0.62348980185873359
Kurpark - Großer Teich Nord Ost,2025-07-08T13:00:00Z,continuous_test,condition_b,16,16,12.08,false,true,true,false,1.0299270071680118,15,1,-0.70710678118654713,-0.70710678118654791,0.7818314824680298,0.62348980185873359
Kurpark - Großer Teich Nord Ost,2025-07-08T14:00:00Z,continuous_test,condition_b,,,,true,false,false,false,0,16,1,-0.86602540378443849,-0.50000000000000044,0.7818314824680298,0.62348980185873359
Kurpark - Großer Teich Nord Ost,2025-07-08T15:00:00Z,continuous_test,condition_b,,,,true,false,false,false,0,17,1,-0.96592582628906831,-0.25881904510252063,0.7818314824680298,0.62348980185873359
Kurpark - Großer Teich Nord Ost,2025-07-08T16:00:00Z,continuous_test,condition_b,,,,true,false,false,false,0,18,1,-1,-1.8369701987210297e-16,0.7818314824680298,0.62348980185873359
Kurpark - Großer Teich Nord Ost,2025-07-08T17:00:00Z,continuous_test,condition_b,,,,true,false,false,false,0,19,1,-0.96592582628906842,0.2588190451025203,0.7818314824680298,0.62348980185873359
Kurpark - Großer Teich Nord Ost,2025-07-08T18:00:00Z,continuous_test,condition_b,,,,true,false,false,false,0,20,1,-0.8660254037844386,0.50000000000000011,0.7818314824680298,0.62348980185873359
Kurpark - Großer Teich Nord Ost,2025-07-08T19:00:00Z,continuous_test,condition_b,,,,true,false,false,false,0,21,1,-0.70710678118654768,0.70710678118654735,0.7818314824680298,0.62348980185873359
Kurpark - Großer Teich Nord Ost,2025-07-08T20:00:00Z,continuous_test,condition_b,,,,true,false,false,false,0,22,1,-0.50000000000000044,0.86602540378443837,0.7818314824680298,0.62348980185873359
Kurpark - Großer Teich Nord Ost,2025-07-08T21:00:00Z,continuous_test,condition_b,,,,true,false,false,false,0,23,1,-0.25881904510252157,0.96592582628906809,0.7818314824680298,0.62348980185873359
Kurpark - Großer Teich Nord Ost,2025-07-08T22:00:00Z,continuous_test,condition_b,,,,true,false,false,false,0,0,2,0,1,0.97492791218182362,-0.22252093395631434
Kurpark - Großer Teich Nord Ost,2025-07-08T23:00:00Z,continuous_test,condition_b,,,,true,false,false,false,0,1,2,0.25881904510252074,0.96592582628906831,0.97492791218182362,-0.22252093395631434
Kurpark - Großer Teich Nord Ost,2025-07-09T00:00:00Z,continuous_test,condition_b,,,,true,false,false,false,0,2,2,0.49999999999999994,0.86602540378443871,0.97492791218182362,-0.22252093395631434
Kurpark - Großer Teich Nord Ost,2025-07-09T01:00:00Z,continuous_test,condition_b,,,,true,false,false,false,0,3,2,0.70710678118654757,0.70710678118654757,0.97492791218182362,-0.22252093395631434
Kurpark - Großer Teich Nord Ost,2025-07-09T02:00:00Z,continuous_test,condition_b,,,,true,false,false,false,0,4,2,0.8660254037844386,0.50000000000000011,0.97492791218182362,-0.22252093395631434
Kurpark - Großer Teich Nord Ost,2025-07-09T03:00:00Z,continuous_test,condition_b,,,,true,false,false,false,0,5,2,0.96592582628906831,0.25881904510252074,0.97492791218182362,-0.22252093395631434
Kurpark - Großer Teich Nord Ost,2025-07-09T04:00:00Z,continuous_test,condition_b,,,,true,false,false,false,0,6,2,1,6.123233995736766e-17,0.97492791218182362,-0.22252093395631434
Kurpark - Großer Teich Nord Ost,2025-07-09T05:00:00Z,continuous_test,condition_b,,,,true,false,false,false,0,7,2,0.96592582628906831,-0.25881904510252063,0.97492791218182362,-0.22252093395631434
Kurpark - Großer Teich Nord Ost,2025-07-09T06:00:00Z,continuous_test,condition_b,,,,true,false,false,false,0,8,2,0.86602540378443871,-0.49999999999999978,0.97492791218182362,-0.22252093395631434
Kurpark - Großer Teich Nord Ost,2025-07-09T07:00:00Z,continuous_test,condition_b,15,15,10.34,false,true,true,false,0.95543013885348316,9,2,0.70710678118654757,-0.70710678118654746,0.97492791218182362,-0.22252093395631434
Kurpark - Großer Teich Nord Ost,2025-07-09T08:00:00Z,continuous_test,condition_b,15,15,5.9800000000000004,false,true,true,false,0.95543013885348316,10,2,0.49999999999999994,-0.86602540378443871,0.97492791218182362,-0.22252093395631434
Kurpark - Großer Teich Nord Ost,2025-07-09T09:00:00Z,continuous_test,condition_b,15,15,9.0299999999999994,false,true,true,false,0.95543013885348316,11,2,0.25881904510252102,-0.9659258262890682,0.97492791218182362,-0.22252093395631434
Kurpark - Großer Teich Nord Ost,2025-07-09T10:00:00Z,continuous_test,condition_b,16,16,14.27,false,true,true,false,1.0299270071680118,12,2,1.2246467991473532e-16,-1,0.97492791218182362,-0.22252093395631434
Kurpark - Großer Teich Nord Ost,2025-07-09T11:00:00Z,continuous_test,condition_b,16.333333333333332,,12.901666666666666,true,false,true,true,1.0533395124137908,13,2,-0.25881904510252079,-0.96592582628906831,0.97492791218182362,-0.22252093395631434
Kurpark - Großer Teich Nord Ost,2025-07-09T12:00:00Z,continuous_test,condition_b,16.666666666666668,,11.533333333333331,true,false,true,true,1.0767520176595697,14,2,-0.49999999999999972,-0.86602540378443882,0.97492791218182362,-0.22252093395631434
Kurpark - Großer Teich Nord Ost,2025-07-09T13:00:00Z,continuous_test,condition_b,17,17,10.164999999999999,false,true,true,false,1.1001645229053487,15,2,-0.70710678118654713,-0.70710678118654791,0.97492791218182362,-0.22252093395631434
Kurpark - Großer Teich Nord Ost,2025-07-09T14:00:00Z,continuous_test,condition_b,26,26,10.19,false,true,true,false,1.5984089631977811,16,2,-0.86602540378443849,-0.50000000000000044,0.97492791218182362,-0.22252093395631434
Kurpark - Großer Teich Nord Ost,2025-07-09T15:00:00Z,continuous_test,condition_b,19,19,10.279999999999999,false,true,true,false,1.2296338412340957,17,2,-0.96592582628906831,-0.25881904510252063,0.97492791218182362,-0.22252093395631434
Kurpark - Großer Teich Nord Ost,2025-07-09T16:00:00Z,continuous_test,condition_b,20,20,11.09,false,true,true,false,1.2895882677735298,18,2,-1,-1.8369701987210297e-16,0.97492791218182362,-0.22252093395631434
Kurpark - Großer Teich Nord Ost,2025-07-09T17:00:00Z,continuous_test,condition_b,6.5,6.5,6.6600000000000001,false,true,true,false,0.024369288460531199,19,2,-0.96592582628906842,0.2588190451025203,0.97492791218182362,-0.22252093395631434
Kurpark - Großer Teich Nord Ost,2025-07-09T18:00:00Z,continuous_test,condition_b,8,8,5.9299999999999997,false,true,true,false,0.24841002637235096,20,2,-0.8660254037844386,0.50000000000000011,0.97492791218182362,-0.22252093395631434
Kurpark - Großer Teich Nord Ost,2025-07-09T19:00:00Z,continuous_test,condition_b,2,2,5.3099999999999996,false,true,true,false,-1.1015889104530794,21,2,-0.70710678118654768,0.70710678118654735,0.97492791218182362,-0.22252093395631434
Kurpark - Großer Teich Nord Ost,2025-07-09T20:00:00Z,continuous_test,condition_b,2,2,1.1799999999999999,false,true,true,false,-1.1015889104530794,22,2,-0.50000000000000044,0.86602540378443837,0.97492791218182362,-0.22252093395631434
Kurpark - Großer Teich Nord Ost,2025-07-09T21:00:00Z,continuous_test,condition_b,,,,true,false,false,false,0,23,2,-0.25881904510252157,0.96592582628906809,0.97492791218182362,-0.22252093395631434
Kurpark - Großer Teich Nord Ost,2025-07-09T22:00:00Z,continuous_test,condition_b,,,,true,false,false,false,0,0,3,0,1,0.43388373911755823,-0.90096886790241903
Kurpark - Großer Teich Nord Ost,2025-07-09T23:00:00Z,continuous_test,condition_b,,,,true,false,false,false,0,1,3,0.25881904510252074,0.96592582628906831,0.43388373911755823,-0.90096886790241903
Kurpark - Großer Teich Nord Ost,2025-07-10T00:00:00Z,continuous_test,condition_b,,,,true,false,false,false,0,2,3,0.49999999999999994,0.86602540378443871,0.43388373911755823,-0.90096886790241903
Kurpark - Großer Teich Nord Ost,2025-07-10T01:00:00Z,continuous_test,condition_b,,,,true,false,false,false,0,3,3,0.70710678118654757,0.70710678118654757,0.43388373911755823,-0.90096886790241903
Kurpark - Großer Teich Nord Ost,2025-07-10T02:00:00Z,continuous_test,condition_b,,,,true,false,false,false,0,4,3,0.8660254037844386,0.50000000000000011,0.43388373911755823,-0.90096886790241903
Kurpark - Großer Teich Nord Ost,2025-07-10T03:00:00Z,continuous_test,condition_b,,,,true,false,false,false,0,5,3,0.96592582628906831,0.25881904510252074,0.43388373911755823,-0.90096886790241903
Kurpark - Großer Teich Nord Ost,2025-07-10T04:00:00Z,continuous_test,condition_b,,,,true,false,false,false,0,6,3,1,6.123233995736766e-17,0.43388373911755823,-0.90096886790241903
Kurpark - Großer Teich Nord Ost,2025-07-10T05:00:00Z,continuous_test,condition_b,,,,true,false,false,false,0,7,3,0.96592582628906831,-0.25881904510252063,0.43388373911755823,-0.90096886790241903
Kurpark - Großer Teich Nord Ost,2025-07-10T06:00:00Z,continuous_test,condition_b,,,,true,false,false,false,0,8,3,0.86602540378443871,-0.49999999999999978,0.43388373911755823,-0.90096886790241903
Kurpark - Großer Teich Nord Ost,2025-07-10T07:00:00Z,continuous_test,condition_b,10,10,7.5199999999999996,false,true,true,false,0.49499858934423668,9,3,0.70710678118654757,-0.70710678118654746,0.43388373911755823,-0.90096886790241903
Kurpark - Großer Teich Nord Ost,2025-07-10T08:00:00Z,continuous_test,condition_b,16.5,16.5,7.5099999999999998,false,true,true,false,1.0655475298617105,10,3,0.49999999999999994,-0.86602540378443871,0.43388373911755823,-0.90096886790241903
Kurpark - Großer Teich Nord Ost,2025-07-10T09:00:00Z,continuous_test,condition_b,18.5,18.5,9.5050000000000008,false,true,true,false,1.1985227620898979,11,3,0.25881904510252102,-0.9659258262890682,0.43388373911755823,-0.90096886790241903
Kurpark - Großer Teich Nord Ost,2025-07-10T10:00:00Z,continuous_test,condition_b,9,9,8.3550000000000004,false,true,true,false,0.37787934470109785,12,3,1.2246467991473532e-16,-1,0.43388373911755823,-0.90096886790241903
Kurpark - Großer Teich Nord Ost,2025-07-10T11:00:00Z,continuous_test,condition_b,15,15,10.35,false,true,true,false,0.95543013885348316,13,3,-0.25881904510252079,-0.96592582628906831,0.43388373911755823,-0.90096886790241903
Kurpark - Großer Teich Nord Ost,2025-07-10T12:00:00Z,continuous_test,condition_b,11.5,11.5,11.855,false,true,true,false,0.65208304708171039,14,3,-0.49999999999999972,-0.86602540378443882,0.43388373911755823,-0.90096886790241903
Kurpark - Großer Teich Nord Ost,2025-07-10T13:00:00Z,continuous_test,condition_b,9,9,9.0600000000000005,false,true,true,false,0.37787934470109785,15,3,-0.70710678118654713,-0.70710678118654791,0.43388373911755823,-0.90096886790241903
Kurpark - Großer Teich Nord Ost,2025-07-10T14:00:00Z,continuous_test,condition_b,24,24,13.815,false,true,true,false,1.5038375436147082,16,3,-0.86602540378443849,-0.50000000000000044,0.43388373911755823,-0.90096886790241903
Kurpark - Großer Teich Nord Ost,2025-07-10T15:00:00Z,continuous_test,condition_b,9,9,8.6000000000000014,false,true,true,false,0.37787934470109785,17,3,-0.96592582628906831,-0.25881904510252063,0.43388373911755823,-0.90096886790241903
Kurpark - Großer Teich Nord Ost,2025-07-10T16:00:00Z,continuous_test,condition_b,10,10,10.31,false,true,true,false,0.49499858934423668,18,3,-1,-1.8369701987210297e-16,0.43388373911755823,-0.90096886790241903
Kurpark - Großer Teich Nord Ost,2025-07-10T17:00:00Z,continuous_test,condition_b,16,16,9.1899999999999995,false,true,true,false,1.0299270071680118,19,3,-0.96592582628906842,0.2588190451025203,0.43388373911755823,-0.90096886790241903
Kurpark - Großer Teich Nord Ost,2025-07-10T18:00:00Z,continuous_test,condition_b,11.5,11.5,10.27,false,true,true,false,0.65208304708171039,20,3,-0.8660254037844386,0.50000000000000011,0.43388373911755823,-0.90096886790241903
Kurpark - Großer Teich Nord Ost,2025-07-10T19:00:00Z,continuous_test,condition_b,9,9,21.09,false,true,true,false,0.37787934470109785,21,3,-0.70710678118654768,0.70710678118654735,0.43388373911755823,-0.90096886790241903
Kurpark - Großer Teich Nord Ost,2025-07-10T20:00:00Z,continuous_test,condition_b,4.5,,10.545,true,false,true,true,-1.0368542512887062,22,3,-0.50000000000000044,0.86602540378443837,0.43388373911755823,-0.90096886790241903
Kurpark - Großer Teich Nord Ost,2025-07-10T21:00:00Z,continuous_test,condition_b,0,0,0,false,true,true,false,-2.45158784727851,23,3,-0.25881904510252157,0.96592582628906809,0.43388373911755823,-0.90096886790241903
Kurpark - Großer Teich Nord Ost,2025-07-10T22:00:00Z,continuous_test,condition_b,1,,1.3100000000000001,true,false,true,true,-1.7765883788657946,0,4,0,1,-0.43388373911755801,-0.90096886790241915
Kurpark - Großer Teich Nord Ost,2025-07-10T23:00:00Z,continuous_test,condition_b,2,2,2.6200000000000001,false,true,true,false,-1.1015889104530794,1,4,0.25881904510252074,0.96592582628906831,-0.43388373911755801,-0.90096886790241915
Kurpark - Großer Teich Nord Ost,2025-07-11T00:00:00Z,continuous_test,condition_b,1.3333333333333337,,1.7466666666666666,true,false,true,true,-1.5515885560615563,2,4,0.49999999999999994,0.86602540378443871,-0.43388373911755801,-0.90096886790241915
Kurpark - Großer Teich Nord Ost,2025-07-11T01:00:00Z,continuous_test,condition_b,0.66666666666666674,,0.87333333333333329,true,false,true,true,-2.001588201670033,3,4,0.70710678118654757,0.70710678118654757,-0.43388373911755801,-0.90096886790241915
Kurpark - Großer Teich Nord Ost,2025-07-11T02:00:00Z,continuous_test,condition_b,0,0,0,false,true,true,false,-2.45158784727851,4,4,0.8660254037844386,0.50000000000000011,-0.43388373911755801,-0.90096886790241915
Kurpark - Großer Teich Nord Ost,2025-07-11T03:00:00Z,continuous_test,condition_b,2,2,5.6799999999999997,false,true,true,false,-1.1015889104530794,5,4,0.96592582628906831,0.25881904510252074,-0.43388373911755801,-0.90096886790241915
Kurpark - Großer Teich Nord Ost,2025-07-11T04:00:00Z,continuous_test,condition_b,7,7,5.3099999999999996,false,true,true,false,0.10367564232048473,6,4,1,6.123233995736766e-17,-0.43388373911755801,-0.90096886790241915
Kurpark - Großer Teich Nord Ost,2025-07-11T05:00:00Z,continuous_test,condition_b,4,4,4.2650000000000006,false,true,true,false,-0.47387515183190082,7,4,0.96592582628906831,-0.25881904510252063,-0.43388373911755801,-0.90096886790241915
Kurpark - Großer Teich Nord Ost,2025-07-11T06:00:00Z,continuous_test,condition_b,10,10,3.9500000000000002,false,true,true,false,0.49499858934423668,8,4,0.86602540378443871,-0.49999999999999978,-0.43388373911755801,-0.90096886790241915
Kurpark - Großer Teich Nord Ost,2025-07-11T07:00:00Z,continuous_test,condition_b,,,,true,false,false,false,0,9,4,0.70710678118654757,-0.70710678118654746,-0.43388373911755801,-0.90096886790241915
Kurpark - Großer Teich Nord Ost,2025-07-11T08:00:00Z,continuous_test,condition_b,,,,true,false,false,false,0,10,4,0.49999999999999994,-0.86602540378443871,-0.43388373911755801,-0.90096886790241915
Kurpark - Großer Teich Nord Ost,2025-07-11T09:00:00Z,continuous_test,condition_b,,,,true,false,false,false,0,11,4,0.25881904510252102,-0.9659258262890682,-0.43388373911755801,-0.90096886790241915
Kurpark - Großer Teich Nord Ost,2025-07-11T10:00:00Z,continuous_test,condition_b,,,,true,false,false,false,0,12,4,1.2246467991473532e-16,-1,-0.43388373911755801,-0.90096886790241915
Kurpark - Großer Teich Nord Ost,2025-07-11T11:00:00Z,continuous_test,condition_b,,,,true,false,false,false,0,13,4,-0.25881904510252079,-0.96592582628906831,-0.43388373911755801,-0.90096886790241915
Kurpark - Großer Teich Nord Ost,2025-07-11T12:00:00Z,continuous_test,condition_b,,,,true,false,false,false,0,14,4,-0.49999999999999972,-0.86602540378443882,-0.43388373911755801,-0.90096886790241915
Kurpark - Großer Teich Nord Ost,2025-07-11T13:00:00Z,continuous_test,condition_b,,,,true,false,false,false,0,15,4,-0.70710678118654713,-0.70710678118654791,-0.43388373911755801,-0.90096886790241915
Kurpark - Großer Teich Nord Ost,2025-07-11T14:00:00Z,continuous_test,condition_b,,,,true,false,false,false,0,16,4,-0.86602540378443849,-0.50000000000000044,-0.43388373911755801,-0.90096886790241915
Kurpark - Großer Teich Nord Ost,2025-07-11T15:00:00Z,continuous_test,condition_b,,,,true,false,false,false,0,17,4,-0.96592582628906831,-0.25881904510252063,-0.43388373911755801,-0.90096886790241915
Kurpark - Großer Teich Nord Ost,2025-07-11T16:00:00Z,continuous_test,condition_b,,,,true,false,false,false,0,18,4,-1,-1.8369701987210297e-16,-0.43388373911755801,-0.90096886790241915
Kurpark - Großer Teich Nord Ost,2025-07-11T17:00:00Z,continuous_test,condition_b,14,14,7.0800000000000001,false,true,true,false,0.87612378499352961,19,4,-0.96592582628906842,0.2588190451025203,-0.43388373911755801,-0.90096886790241915
Kurpark - Großer Teich Nord Ost,2025-07-11T18:00:00Z,continuous_test,condition_b,9,,11.970000000000001,true,false,true,true,0.20112431658081442,20,4,-0.8660254037844386,0.50000000000000011,-0.43388373911755801,-0.90096886790241915
Kurpark - Großer Teich Nord Ost,2025-07-11T19:00:00Z,continuous_test,condition_b,4,4,16.859999999999999,false,true,true,false,-0.47387515183190082,21,4,-0.70710678118654768,0.70710678118654735,-0.43388373911755801,-0.90096886790241915
Kurpark - Großer Teich Nord Ost,2025-07-11T20:00:00Z,continuous_test,condition_b,5,5,9.3100000000000005,false,true,true,false,-0.24983441392008135,22,4,-0.50000000000000044,0.86602540378443837,-0.43388373911755801,-0.90096886790241915
Kurpark - Großer Teich Nord Ost,2025-07-11T21:00:00Z,continuous_test,condition_b,4,,5.0049999999999999,true,false,true,true,-0.49895663406629742,23,4,-0.25881904510252157,0.96592582628906809,-0.43388373911755801,-0.90096886790241915
Kurpark - Großer Teich Nord Ost,2025-07-11T22:00:00Z,continuous_test,condition_b,3,3,0.69999999999999996,false,true,true,false,-0.74807885421251341,0,5,0,1,-0.97492791218182362,-0.22252093395631459
Kurpark - Großer Teich Nord Ost,2025-07-11T23:00:00Z,continuous_test,condition_b,,,,true,false,false,false,0,1,5,0.25881904510252074,0.96592582628906831,-0.97492791218182362,-0.22252093395631459
Kurpark - Großer Teich Nord Ost,2025-07-12T00:00:00Z,continuous_test,condition_b,,,,true,false,false,false,0,2,5,0.49999999999999994,0.86602540378443871,-0.97492791218182362,-0.22252093395631459
Kurpark - Großer Teich Nord Ost,2025-07-12T01:00:00Z,continuous_test,condition_b,,,,true,false,false,false,0,3,5,0.70710678118654757,0.70710678118654757,-0.97492791218182362,-0.22252093395631459
Kurpark - Großer Teich Nord Ost,2025-07-12T02:00:00Z,continuous_test,condition_b,,,,true,false,false,false,0,4,5,0.8660254037844386,0.50000000000000011,-0.97492791218182362,-0.22252093395631459
Kurpark - Großer Teich Nord Ost,2025-07-12T03:00:00Z,continuous_test,condition_b,,,,true,false,false,false,0,5,5,0.96592582628906831,0.25881904510252074,-0.97492791218182362,-0.22252093395631459
Kurpark - Großer Teich Nord Ost,2025-07-12T04:00:00Z,continuous_test,condition_b,,,,true,false,false,false,0,6,5,1,6.123233995736766e-17,-0.97492791218182362,-0.22252093395631459
Kurpark - Großer Teich Nord Ost,2025-07-12T05:00:00Z,continuous_test,condition_b,4,4,2.6899999999999999,false,true,true,false,-0.47387515183190082,7,5,0.96592582628906831,-0.25881904510252063,-0.97492791218182362,-0.22252093395631459
Kurpark - Großer Teich Nord Ost,2025-07-12T06:00:00Z,continuous_test,condition_b,8,,4.4000000000000004,true,false,true,true,0.11320158498278271,8,5,0.86602540378443871,-0.49999999999999978,-0.97492791218182362,-0.22252093395631459
Kurpark - Großer Teich Nord Ost,2025-07-12T07:00:00Z,continuous_test,condition_b,12,12,6.1100000000000003,false,true,true,false,0.70027832179746619,9,5,0.70710678118654757,-0.70710678118654746,-0.97492791218182362,-0.22252093395631459
Kurpark - Großer Teich Nord Ost,2025-07-12T08:00:00Z,continuous_test,condition_b,14.666666666666666,,7.0200000000000005,true,false,true,true,0.896714970456154,10,5,0.49999999999999994,-0.86602540378443871,-0.97492791218182362,-0.22252093395631459
Kurpark - Großer Teich Nord Ost,2025-07-12T09:00:00Z,continuous_test,condition_b,17.333333333333332,,7.9299999999999997,true,false,true,true,1.0931516191148418,11,5,0.25881904510252102,-0.9659258262890682,-0.97492791218182362,-0.22252093395631459
Kurpark - Großer Teich Nord Ost,2025-07-12T10:00:00Z,continuous_test,condition_b,20,20,8.8399999999999999,false,true,true,false,1.2895882677735298,12,5,1.2246467991473532e-16,-1,-0.97492791218182362,-0.22252093395631459
Kurpark - Großer Teich Nord Ost,2025-07-12T11:00:00Z,continuous_test,condition_b,34,34,12.18,false,true,true,false,1.9173020263947083,13,5,-0.25881904510252079,-0.96592582628906831,-0.97492791218182362,-0.22252093395631459
Kurpark - Großer Teich Nord Ost,2025-07-12T12:00:00Z,continuous_test,condition_b,20,20,12.43,false,true,true,false,1.2895882677735298,14,5,-0.49999999999999972,-0.86602540378443882,-0.97492791218182362,-0.22252093395631459
Kurpark - Großer Teich Nord Ost,2025-07-12T13:00:00Z,continuous_test,condition_b,34.5,34.5,12.489999999999998,false,true,true,false,1.9347324177674587,15,5,-0.70710678118654713,-0.70710678118654791,-0.97492791218182362,-0.22252093395631459
Kurpark - Großer Teich Nord Ost,2025-07-12T14:00:00Z,continuous_test,condition_b,29,29,10.1,false,true,true,false,1.7278782815265281,16,5,-0.86602540378443849,-0.50000000000000044,-0.97492791218182362,-0.22252093395631459
Kurpark - Großer Teich Nord Ost,2025-07-12T15:00:00Z,continuous_test,condition_b,22.5,22.5,8.4600000000000009,false,true,true,false,1.4278036869969832,17,5,-0.96592582628906831,-0.25881904510252063,-0.97492791218182362,-0.22252093395631459
Kurpark - Großer Teich Nord Ost,2025-07-12T16:00:00Z,continuous_test,condition_b,20.5,20.5,9.4000000000000004,false,true,true,false,1.3185030603845305,18,5,-1,-1.8369701987210297e-16,-0.97492791218182362,-0.22252093395631459
Kurpark - Großer Teich Nord Ost,2025-07-12T17:00:00Z,continuous_test,condition_b,9,9,7.3300000000000001,false,true,true,false,0.37787934470109785,19,5,-0.96592582628906842,0.2588190451025203,-0.97492791218182362,-0.22252093395631459
Kurpark - Großer Teich Nord Ost,2025-07-12T18:00:00Z,continuous_test,condition_b,9,9,9.1099999999999994,false,true,true,false,0.37787934470109785,20,5,-0.8660254037844386,0.50000000000000011,-0.97492791218182362,-0.22252093395631459
Kurpark - Großer Teich Nord Ost,2025-07-12T19:00:00Z,continuous_test,condition_b,2,2,21.449999999999999,false,true,true,false,-1.1015889104530794,21,5,-0.70710678118654768,0.70710678118654735,-0.97492791218182362,-0.22252093395631459
Kurpark - Großer Teich Nord Ost,2025-07-12T20:00:00Z,continuous_test,condition_b,2.5,2.5,3.25,false,true,true,false,-0.91216516558489891,22,5,-0.50000000000000044,0.86602540378443837,-0.97492791218182362,-0.22252093395631459
Kurpark - Großer Teich Nord Ost,2025-07-12T21:00:00Z,continuous_test,condition_b,2,,27.920000000000002,true,false,true,true,-1.1188974069748989,23,5,-0.25881904510252157,0.96592582628906809,-0.97492791218182362,-0.22252093395631459
Kurpark - Großer Teich Nord Ost,2025-07-12T22:00:00Z,continuous_test,condition_b,1.5,1.5,52.590000000000003,false,true,true,false,-1.325629648364899,0,6,0,1,-0.78183148246802991,0.62348980185873337
Kurpark - Großer Teich Nord Ost,2025-07-12T23:00:00Z,continuous_test,condition_b,0.75,,26.295000000000002,true,false,true,true,-1.8886087478217046,1,6,0.25881904510252074,0.96592582628906831,-0.78183148246802991,0.62348980185873337
Kurpark - Großer Teich Nord Ost,2025-07-13T00:00:00Z,continuous_test,condition_b,0,0,0,false,true,true,false,-2.45158784727851,2,6,0.49999999999999994,0.86602540378443871,-0.78183148246802991,0.62348980185873337
Kurpark - Großer Teich Nord Ost,2025-07-13T01:00:00Z,continuous_test,condition_b,1,1,12.24,false,true,true,false,-1.5998333507455118,3,6,0.70710678118654757,0.70710678118654757,-0.78183148246802991,0.62348980185873337
Kurpark - Großer Teich Nord Ost,2025-07-13T02:00:00Z,continuous_test,condition_b,1,1,19.399999999999999,false,true,true,false,-1.5998333507455118,4,6,0.8660254037844386,0.50000000000000011,-0.78183148246802991,0.62348980185873337
Kurpark - Großer Teich Nord Ost,2025-07-13T03:00:00Z,continuous_test,condition_b,1,1,6.0499999999999998,false,true,true,false,-1.5998333507455118,5,6,0.96592582628906831,0.25881904510252074,-0.78183148246802991,0.62348980185873337
Kurpark - Großer Teich Nord Ost,2025-07-13T04:00:00Z,continuous_test,condition_b,,,,true,false,false,false,0,6,6,1,6.123233995736766e-17,-0.78183148246802991,0.62348980185873337
Kurpark - Großer Teich Nord Ost,2025-07-13T05:00:00Z,continuous_test,condition_b,,,,true,false,false,false,0,7,6,0.96592582628906831,-0.25881904510252063,-0.78183148246802991,0.62348980185873337
Kurpark - Großer Teich Nord Ost,2025-07-13T06:00:00Z,continuous_test,condition_b,,,,true,false,false,false,0,8,6,0.86602540378443871,-0.49999999999999978,-0.78183148246802991,0.62348980185873337
Kurpark - Großer Teich Nord Ost,2025-07-13T07:00:00Z,continuous_test,condition_b,,,,true,false,false,false,0,9,6,0.70710678118654757,-0.70710678118654746,-0.78183148246802991,0.62348980185873337
Kurpark - Großer Teich Nord Ost,2025-07-13T08:00:00Z,continuous_test,condition_b,,,,true,false,false,false,0,10,6,0.49999999999999994,-0.86602540378443871,-0.78183148246802991,0.62348980185873337
Kurpark - Großer Teich Nord Ost,2025-07-13T09:00:00Z,continuous_test,condition_b,,,,true,false,false,false,0,11,6,0.25881904510252102,-0.9659258262890682,-0.78183148246802991,0.62348980185873337
Kurpark - Großer Teich Nord Ost,2025-07-13T10:00:00Z,continuous_test,condition_b,,,,true,false,false,false,0,12,6,1.2246467991473532e-16,-1,-0.78183148246802991,0.62348980185873337
Kurpark - Großer Teich Nord Ost,2025-07-13T11:00:00Z,continuous_test,condition_b,,,,true,false,false,false,0,13,6,-0.25881904510252079,-0.96592582628906831,-0.78183148246802991,0.62348980185873337
Kurpark - Großer Teich Nord Ost,2025-07-13T12:00:00Z,continuous_test,condition_b,,,,true,false,false,false,0,14,6,-0.49999999999999972,-0.86602540378443882,-0.78183148246802991,0.62348980185873337
Kurpark - Großer Teich Nord Ost,2025-07-13T13:00:00Z,continuous_test,condition_b,,,,true,false,false,false,0,15,6,-0.70710678118654713,-0.70710678118654791,-0.78183148246802991,0.62348980185873337
Kurpark - Großer Teich Nord Ost,2025-07-13T14:00:00Z,continuous_test,condition_b,,,,true,false,false,false,0,16,6,-0.86602540378443849,-0.50000000000000044,-0.78183148246802991,0.62348980185873337
Kurpark - Großer Teich Nord Ost,2025-07-13T15:00:00Z,continuous_test,condition_b,,,,true,false,false,false,0,17,6,-0.96592582628906831,-0.25881904510252063,-0.78183148246802991,0.62348980185873337
Kurpark - Großer Teich Nord Ost,2025-07-13T16:00:00Z,continuous_test,condition_b,,,,true,false,false,false,0,18,6,-1,-1.8369701987210297e-16,-0.78183148246802991,0.62348980185873337
Kurpark - Großer Teich Nord Ost,2025-07-13T17:00:00Z,continuous_test,condition_b,,,,true,false,false,false,0,19,6,-0.96592582628906842,0.2588190451025203,-0.78183148246802991,0.62348980185873337
Kurpark - Großer Teich Nord Ost,2025-07-13T18:00:00Z,continuous_test,condition_b,,,,true,false,false,false,0,20,6,-0.8660254037844386,0.50000000000000011,-0.78183148246802991,0.62348980185873337
Kurpark - Großer Teich Nord Ost,2025-07-13T19:00:00Z,continuous_test,condition_b,4,4,11.289999999999999,false,true,true,false,-0.47387515183190082,21,6,-0.70710678118654768,0.70710678118654735,-0.78183148246802991,0.62348980185873337
Kurpark - Großer Teich Nord Ost,2025-07-13T20:00:00Z,continuous_test,condition_b,,,,true,false,false,false,0,22,6,-0.50000000000000044,0.86602540378443837,-0.78183148246802991,0.62348980185873337
Kurpark - Großer Teich Nord Ost,2025-07-13T21:00:00Z,continuous_test,condition_b,,,,true,false,false,false,0,23,6,-0.25881904510252157,0.96592582628906809,-0.78183148246802991,0.62348980185873337
Kurpark - Großer Teich Nord Ost,2025-07-13T22:00:00Z,continuous_test,condition_b,,,,true,false,false,false,0,0,0,0,1,0,1
Kurpark - Großer Teich Nord Ost,2025-07-13T23:00:00Z,continuous_test,condition_b,2,2,0.84999999999999998,false,true,true,false,-1.1015889104530794,1,0,0.25881904510252074,0.96592582628906831,0,1
Kurpark - Großer Teich Süd Ost,2025-07-08T00:00:00Z,continuous_test,condition_b,0,,0,true,false,true,true,-2.9265870680904338,2,1,0.49999999999999994,0.86602540378443871,0.7818314824680298,0.62348980185873359
Kurpark - Großer Teich Süd Ost,2025-07-08T01:00:00Z,continuous_test,condition_b,0,0,0,false,true,true,false,-2.9265870680904338,3,1,0.70710678118654757,0.70710678118654757,0.7818314824680298,0.62348980185873359
Kurpark - Großer Teich Süd Ost,2025-07-08T02:00:00Z,continuous_test,condition_b,2,2,1.8500000000000001,false,true,true,false,-1.6694773288806424,4,1,0.8660254037844386,0.50000000000000011,0.7818314824680298,0.62348980185873359
Kurpark - Großer Teich Süd Ost,2025-07-08T03:00:00Z,continuous_test,condition_b,4,4,5.6299999999999999,false,true,true,false,-1.0849545875114706,5,1,0.96592582628906831,0.25881904510252074,0.7818314824680298,0.62348980185873359
Kurpark - Großer Teich Süd Ost,2025-07-08T04:00:00Z,continuous_test,condition_b,16.75,,6.2675000000000001,true,false,true,true,-0.050368751816390667,6,1,1,6.123233995736766e-17,0.7818314824680298,0.62348980185873359
Kurpark - Großer Teich Süd Ost,2025-07-08T05:00:00Z,continuous_test,condition_b,29.5,29.5,6.9050000000000002,false,true,true,false,0.98421708387868923,7,1,0.96592582628906831,-0.25881904510252063,0.7818314824680298,0.62348980185873359
Kurpark - Großer Teich Süd Ost,2025-07-08T06:00:00Z,continuous_test,condition_b,15.5,15.5,6.4649999999999999,false,true,true,false,0.28121578802445391,8,1,0.86602540378443871,-0.49999999999999978,0.7818314824680298,0.62348980185873359
Kurpark - Großer Teich Süd Ost,2025-07-08T07:00:00Z,continuous_test,condition_b,25.5,25.5,9.0899999999999999,false,true,true,false,0.82335329134159674,9,1,0.70710678118654757,-0.70710678118654746,0.7818314824680298,0.62348980185873359
Kurpark - Großer Teich Süd Ost,2025-07-08T08:00:00Z,continuous_test,condition_b,20.75,,8.6950000000000003,true,false,true,true,0.56936447366284304,10,1,0.49999999999999994,-0.86602540378443871,0.7818314824680298,0.62348980185873359
Kurpark - Großer Teich Süd Ost,2025-07-08T09:00:00Z,continuous_test,condition_b,16,16,8.3000000000000007,false,true,true,false,0.31537565598408929,11,1,0.25881904510252102,-0.9659258262890682,0.7818314824680298,0.62348980185873359
Kurpark - Großer Teich Süd Ost,2025-07-08T10:00:00Z,continuous_test,condition_b,25,25,7.4100000000000001,false,true,true,false,0.80155700191445289,12,1,1.2246467991473532e-16,-1,0.7818314824680298,0.62348980185873359
Kurpark - Großer Teich Süd Ost,2025-07-08T11:00:00Z,continuous_test,condition_b,25.5,25.5,9.0899999999999999,false,true,true,false,0.82335329134159674,13,1,-0.25881904510252079,-0.96592582628906831,0.7818314824680298,0.62348980185873359
Kurpark - Großer Teich Süd Ost,2025-07-08T12:00:00Z,continuous_test,condition_b,29,29,11.81,false,true,true,false,0.96530308967023415,14,1,-0.49999999999999972,-0.86602540378443882,0.7818314824680298,0.62348980185873359
Kurpark - Großer Teich Süd Ost,2025-07-08T13:00:00Z,continuous_test,condition_b,41,41,6.8499999999999996,false,true,true,false,1.3503183766765596,15,1,-0.70710678118654713,-0.70710678118654791,0.7818314824680298,0.62348980185873359
Kurpark - Großer Teich Süd Ost,2025-07-08T14:00:00Z,continuous_test,condition_b,,,,true,false,false,false,0,16,1,-0.86602540378443849,-0.50000000000000044,0.7818314824680298,0.62348980185873359
Kurpark - Großer Teich Süd Ost,2025-07-08T15:00:00Z,continuous_test,condition_b,,,,true,false,false,false,0,17,1,-0.96592582628906831,-0.25881904510252063,0.7818314824680298,0.62348980185873359
Kurpark - Großer Teich Süd Ost,2025-07-08T16:00:00Z,continuous_test,condition_b,,,,true,false,false,false,0,18,1,-1,-1.8369701987210297e-16,0.7818314824680298,0.62348980185873359
Kurpark - Großer Teich Süd Ost,2025-07-08T17:00:00Z,continuous_test,condition_b,,,,true,false,false,false,0,19,1,-0.96592582628906842,0.2588190451025203,0.7818314824680298,0.62348980185873359
Kurpark - Großer Teich Süd Ost,2025-07-08T18:00:00Z,continuous_test,condition_b,,,,true,false,false,false,0,20,1,-0.8660254037844386,0.50000000000000011,0.7818314824680298,0.62348980185873359
Kurpark - Großer Teich Süd Ost,2025-07-08T19:00:00Z,continuous_test,condition_b,,,,true,false,false,false,0,21,1,-0.70710678118654768,0.70710678118654735,0.7818314824680298,0.62348980185873359
Kurpark - Großer Teich Süd Ost,2025-07-08T20:00:00Z,continuous_test,condition_b,,,,true,false,false,false,0,22,1,-0.50000000000000044,0.86602540378443837,0.7818314824680298,0.62348980185873359
Kurpark - Großer Teich Süd Ost,2025-07-08T21:00:00Z,continuous_test,condition_b,,,,true,false,false,false,0,23,1,-0.25881904510252157,0.96592582628906809,0.7818314824680298,0.62348980185873359
Kurpark - Großer Teich Süd Ost,2025-07-08T22:00:00Z,continuous_test,condition_b,,,,true,false,false,false,0,0,2,0,1,0.97492791218182362,-0.22252093395631434
Kurpark - Großer Teich Süd Ost,2025-07-08T23:00:00Z,continuous_test,condition_b,,,,true,false,false,false,0,1,2,0.25881904510252074,0.96592582628906831,0.97492791218182362,-0.22252093395631434
Kurpark - Großer Teich Süd Ost,2025-07-09T00:00:00Z,continuous_test,condition_b,,,,true,false,false,false,0,2,2,0.49999999999999994,0.86602540378443871,0.97492791218182362,-0.22252093395631434
Kurpark - Großer Teich Süd Ost,2025-07-09T01:00:00Z,continuous_test,condition_b,,,,true,false,false,false,0,3,2,0.70710678118654757,0.70710678118654757,0.97492791218182362,-0.22252093395631434
Kurpark - Großer Teich Süd Ost,2025-07-09T02:00:00Z,continuous_test,condition_b,,,,true,false,false,false,0,4,2,0.8660254037844386,0.50000000000000011,0.97492791218182362,-0.22252093395631434
Kurpark - Großer Teich Süd Ost,2025-07-09T03:00:00Z,continuous_test,condition_b,,,,true,false,false,false,0,5,2,0.96592582628906831,0.25881904510252074,0.97492791218182362,-0.22252093395631434
Kurpark - Großer Teich Süd Ost,2025-07-09T04:00:00Z,continuous_test,condition_b,,,,true,false,false,false,0,6,2,1,6.123233995736766e-17,0.97492791218182362,-0.22252093395631434
Kurpark - Großer Teich Süd Ost,2025-07-09T05:00:00Z,continuous_test,condition_b,,,,true,false,false,false,0,7,2,0.96592582628906831,-0.25881904510252063,0.97492791218182362,-0.22252093395631434
Kurpark - Großer Teich Süd Ost,2025-07-09T06:00:00Z,continuous_test,condition_b,,,,true,false,false,false,0,8,2,0.86602540378443871,-0.49999999999999978,0.97492791218182362,-0.22252093395631434
Kurpark - Großer Teich Süd Ost,2025-07-09T07:00:00Z,continuous_test,condition_b,16,16,7.9399999999999986,false,true,true,false,0.31537565598408929,9,2,0.70710678118654757,-0.70710678118654746,0.97492791218182362,-0.22252093395631434
Kurpark - Großer Teich Süd Ost,2025-07-09T08:00:00Z,continuous_test,condition_b,23,23,5.0800000000000001,false,true,true,false,0.70996648503509652,10,2,0.49999999999999994,-0.86602540378443871,0.97492791218182362,-0.22252093395631434
Kurpark - Großer Teich Süd Ost,2025-07-09T09:00:00Z,continuous_test,condition_b,31,31,10.48,false,true,true,false,1.0391526217691307,11,2,0.25881904510252102,-0.9659258262890682,0.97492791218182362,-0.22252093395631434
Kurpark - Großer Teich Süd Ost,2025-07-09T10:00:00Z,continuous_test,condition_b,31,31,9.25,false,true,true,false,1.0391526217691307,12,2,1.2246467991473532e-16,-1,0.97492791218182362,-0.22252093395631434
Kurpark - Großer Teich Süd Ost,2025-07-09T11:00:00Z,continuous_test,condition_b,22,22,9.0299999999999994,false,true,true,false,0.66126676964437869,13,2,-0.25881904510252079,-0.96592582628906831,0.97492791218182362,-0.22252093395631434
Kurpark - Großer Teich Süd Ost,2025-07-09T12:00:00Z,continuous_test,condition_b,33,33,7.5649999999999986,false,true,true,false,1.1085235939560023,14,2,-0.49999999999999972,-0.86602540378443882,0.97492791218182362,-0.22252093395631434
Kurpark - Großer Teich Süd Ost,2025-07-09T13:00:00Z,continuous_test,condition_b,36.5,,8.432500000000001,true,false,true,true,1.215633925452845,15,2,-0.70710678118654713,-0.70710678118654791,0.97492791218182362,-0.22252093395631434
Kurpark - Großer Teich Süd Ost,2025-07-09T14:00:00Z,continuous_test,condition_b,40,40,9.3000000000000007,false,true,true,false,1.3227442569496877,16,2,-0.86602540378443849,-0.50000000000000044,0.97492791218182362,-0.22252093395631434
Kurpark - Großer Teich Süd Ost,2025-07-09T15:00:00Z,continuous_test,condition_b,37,37,9.2850000000000001,false,true,true,false,1.2357958178234141,17,2,-0.96592582628906831,-0.25881904510252063,0.97492791218182362,-0.22252093395631434
Kurpark - Großer Teich Süd Ost,2025-07-09T16:00:00Z,continuous_test,condition_b,28,28,6.1399999999999997,false,true,true,false,0.92651054090174156,18,2,-1,-1.8369701987210297e-16,0.97492791218182362,-0.22252093395631434
Kurpark - Großer Teich Süd Ost,2025-07-09T17:00:00Z,continuous_test,condition_b,20,20,6,false,true,true,false,0.55717043870464666,19,2,-0.96592582628906842,0.2588190451025203,0.97492791218182362,-0.22252093395631434
Kurpark - Großer Teich Süd Ost,2025-07-09T18:00:00Z,continuous_test,condition_b,14,14,12.955,false,true,true,false,0.17215515169832118,20,2,-0.8660254037844386,0.50000000000000011,0.97492791218182362,-0.22252093395631434
Kurpark - Großer Teich Süd Ost,2025-07-09T19:00:00Z,continuous_test,condition_b,9,9,6.5999999999999996,false,true,true,false,-0.29180664953955721,21,2,-0.70710678118654768,0.70710678118654735,0.97492791218182362,-0.22252093395631434
Kurpark - Großer Teich Süd Ost,2025-07-09T20:00:00Z,continuous_test,condition_b,,,,true,false,false,false,0,22,2,-0.50000000000000044,0.86602540378443837,0.97492791218182362,-0.22252093395631434
Kurpark - Großer Teich Süd Ost,2025-07-09T21:00:00Z,continuous_test,condition_b,,,,true,false,false,false,0,23,2,-0.25881904510252157,0.96592582628906809,0.97492791218182362,-0.22252093395631434
Kurpark - Großer Teich Süd Ost,2025-07-09T22:00:00Z,continuous_test,condition_b,,,,true,false,false,false,0,0,3,0,1,0.43388373911755823,-0.90096886790241903
Kurpark - Großer Teich Süd Ost,2025-07-09T23:00:00Z,continuous_test,condition_b,,,,true,false,false,false,0,1,3,0.25881904510252074,0.96592582628906831,0.43388373911755823,-0.90096886790241903
Kurpark - Großer Teich Süd Ost,2025-07-10T00:00:00Z,continuous_test,condition_b,,,,true,false,false,false,0,2,3,0.49999999999999994,0.86602540378443871,0.43388373911755823,-0.90096886790241903
Kurpark - Großer Teich Süd Ost,2025-07-10T01:00:00Z,continuous_test,condition_b,,,,true,false,false,false,0,3,3,0.70710678118654757,0.70710678118654757,0.43388373911755823,-0.90096886790241903
Kurpark - Großer Teich Süd Ost,2025-07-10T02:00:00Z,continuous_test,condition_b,,,,true,false,false,false,0,4,3,0.8660254037844386,0.50000000000000011,0.43388373911755823,-0.90096886790241903
Kurpark - Großer Teich Süd Ost,2025-07-10T03:00:00Z,continuous_test,condition_b,,,,true,false,false,false,0,5,3,0.96592582628906831,0.25881904510252074,0.43388373911755823,-0.90096886790241903
Kurpark - Großer Teich Süd Ost,2025-07-10T04:00:00Z,continuous_test,condition_b,,,,true,false,false,false,0,6,3,1,6.123233995736766e-17,0.43388373911755823,-0.90096886790241903
Kurpark - Großer Teich Süd Ost,2025-07-10T05:00:00Z,continuous_test,condition_b,,,,true,false,false,false,0,7,3,0.96592582628906831,-0.25881904510252063,0.43388373911755823,-0.90096886790241903
Kurpark - Großer Teich Süd Ost,2025-07-10T06:00:00Z,continuous_test,condition_b,,,,true,false,false,false,0,8,3,0.86602540378443871,-0.49999999999999978,0.43388373911755823,-0.90096886790241903
Kurpark - Großer Teich Süd Ost,2025-07-10T07:00:00Z,continuous_test,condition_b,13,13,5.3249999999999993,false,true,true,false,0.093208637466767719,9,3,0.70710678118654757,-0.70710678118654746,0.43388373911755823,-0.90096886790241903
Kurpark - Großer Teich Süd Ost,2025-07-10T08:00:00Z,continuous_test,condition_b,22,22,11.32,false,true,true,false,0.66126676964437869,10,3,0.49999999999999994,-0.86602540378443871,0.43388373911755823,-0.90096886790241903
Kurpark - Großer Teich Süd Ost,2025-07-10T09:00:00Z,continuous_test,condition_b,39,39,9.0099999999999998,false,true,true,false,1.2944892264042682,11,3,0.25881904510252102,-0.9659258262890682,0.43388373911755823,-0.90096886790241903
Kurpark - Großer Teich Süd Ost,2025-07-10T10:00:00Z,continuous_test,condition_b,37.5,37.5,14.130000000000001,false,true,true,false,1.2507538163999516,12,3,1.2246467991473532e-16,-1,0.43388373911755823,-0.90096886790241903
Kurpark - Großer Teich Süd Ost,2025-07-10T11:00:00Z,continuous_test,condition_b,36,36,8.4000000000000004,false,true,true,false,1.2052801268190092,13,3,-0.25881904510252079,-0.96592582628906831,0.43388373911755823,-0.90096886790241903
Kurpark - Großer Teich Süd Ost,2025-07-10T12:00:00Z,continuous_test,condition_b,31.5,31.5,7.0800000000000001,false,true,true,false,1.0568936065495906,14,3,-0.49999999999999972,-0.86602540378443882,0.43388373911755823,-0.90096886790241903
Kurpark - Großer Teich Süd Ost,2025-07-10T13:00:00Z,continuous_test,condition_b,37,37,10.445,false,true,true,false,1.2357958178234141,15,3,-0.70710678118654713,-0.70710678118654791,0.43388373911755823,-0.90096886790241903
Kurpark - Großer Teich Süd Ost,2025-07-10T14:00:00Z,continuous_test,condition_b,53,53,10.220000000000001,false,true,true,false,1.6378900875108537,16,3,-0.86602540378443849,-0.50000000000000044,0.43388373911755823,-0.90096886790241903
Kurpark - Großer Teich Süd Ost,2025-07-10T15:00:00Z,continuous_test,condition_b,20,20,8.7400000000000002,false,true,true,false,0.55717043870464666,17,3,-0.96592582628906831,-0.25881904510252063,0.43388373911755823,-0.90096886790241903
Kurpark - Großer Teich Süd Ost,2025-07-10T16:00:00Z,continuous_test,condition_b,29,29,8.3200000000000003,false,true,true,false,0.96530308967023415,18,3,-1,-1.8369701987210297e-16,0.43388373911755823,-0.90096886790241903
Kurpark - Großer Teich Süd Ost,2025-07-10T17:00:00Z,continuous_test,condition_b,27.5,27.5,6.3849999999999998,false,true,true,false,0.90660968108937989,19,3,-0.96592582628906842,0.2588190451025203,0.43388373911755823,-0.90096886790241903
Kurpark - Großer Teich Süd Ost,2025-07-10T18:00:00Z,continuous_test,condition_b,14,14,18.390000000000001,false,true,true,false,0.17215515169832118,20,3,-0.8660254037844386,0.50000000000000011,0.43388373911755823,-0.90096886790241903
Kurpark - Großer Teich Süd Ost,2025-07-10T19:00:00Z,continuous_test,condition_b,6.5,6.5,7.5449999999999999,false,true,true,false,-0.62099278627359178,21,3,-0.70710678118654768,0.70710678118654735,0.43388373911755823,-0.90096886790241903
Kurpark - Großer Teich Süd Ost,2025-07-10T20:00:00Z,continuous_test,condition_b,,,,true,false,false,false,0,22,3,-0.50000000000000044,0.86602540378443837,0.43388373911755823,-0.90096886790241903
Kurpark - Großer Teich Süd Ost,2025-07-10T21:00:00Z,continuous_test,condition_b,,,,true,false,false,false,0,23,3,-0.25881904510252157,0.96592582628906809,0.43388373911755823,-0.90096886790241903
Kurpark - Großer Teich Süd Ost,2025-07-10T22:00:00Z,continuous_test,condition_b,,,,true,false,false,false,0,0,4,0,1,-0.43388373911755801,-0.90096886790241915
Kurpark - Großer Teich Süd Ost,2025-07-10T23:00:00Z,continuous_test,condition_b,3,3,6.2549999999999999,false,true,true,false,-1.3402911921466081,1,4,0.25881904510252074,0.96592582628906831,-0.43388373911755801,-0.90096886790241915
Kurpark - Großer Teich Süd Ost,2025-07-11T00:00:00Z,continuous_test,condition_b,2.333333333333333,,10.593333333333334,true,false,true,true,-1.6046738381372456,2,4,0.49999999999999994,0.86602540378443871,-0.43388373911755801,-0.90096886790241915
Kurpark - Großer Teich Süd Ost,2025-07-11T01:00:00Z,continuous_test,condition_b,1.6666666666666667,,14.931666666666668,true,false,true,true,-1.8690564841278832,3,4,0.70710678118654757,0.70710678118654757,-0.43388373911755801,-0.90096886790241915
Kurpark - Großer Teich Süd Ost,2025-07-11T02:00:00Z,continuous_test,condition_b,1,1,19.27,false,true,true,false,-2.1334391301185209,4,4,0.8660254037844386,0.50000000000000011,-0.43388373911755801,-0.90096886790241915
Kurpark - Großer Teich Süd Ost,2025-07-11T03:00:00Z,continuous_test,condition_b,8,8,11.755000000000001,false,true,true,false,-0.41236758967085063,5,4,0.96592582628906831,0.25881904510252074,-0.43388373911755801,-0.90096886790241915
Kurpark - Großer Teich Süd Ost,2025-07-11T04:00:00Z,continuous_test,condition_b,20,20,8.1999999999999993,false,true,true,false,0.55717043870464666,6,4,1,6.123233995736766e-17,-0.43388373911755801,-0.90096886790241915
Kurpark - Großer Teich Süd Ost,2025-07-11T05:00:00Z,continuous_test,condition_b,10,10,8.4399999999999995,false,true,true,false,-0.18274601321342449,7,4,0.96592582628906831,-0.25881904510252063,-0.43388373911755801,-0.90096886790241915
Kurpark - Großer Teich Süd Ost,2025-07-11T06:00:00Z,continuous_test,condition_b,22,22,5.5700000000000003,false,true,true,false,0.66126676964437869,8,4,0.86602540378443871,-0.49999999999999978,-0.43388373911755801,-0.90096886790241915
Kurpark - Großer Teich Süd Ost,2025-07-11T07:00:00Z,continuous_test,condition_b,,,,true,false,false,false,0,9,4,0.70710678118654757,-0.70710678118654746,-0.43388373911755801,-0.90096886790241915
Kurpark - Großer Teich Süd Ost,2025-07-11T08:00:00Z,continuous_test,condition_b,,,,true,false,false,false,0,10,4,0.49999999999999994,-0.86602540378443871,-0.43388373911755801,-0.90096886790241915
Kurpark - Großer Teich Süd Ost,2025-07-11T09:00:00Z,continuous_test,condition_b,,,,true,false,false,false,0,11,4,0.25881904510252102,-0.9659258262890682,-0.43388373911755801,-0.90096886790241915
Kurpark - Großer Teich Süd Ost,2025-07-11T10:00:00Z,continuous_test,condition_b,,,,true,false,false,false,0,12,4,1.2246467991473532e-16,-1,-0.43388373911755801,-0.90096886790241915
Kurpark - Großer Teich Süd Ost,2025-07-11T11:00:00Z,continuous_test,condition_b,,,,true,false,false,false,0,13,4,-0.25881904510252079,-0.96592582628906831,-0.43388373911755801,-0.90096886790241915
Kurpark - Großer Teich Süd Ost,2025-07-11T12:00:00Z,continuous_test,condition_b,,,,true,false,false,false,0,14,4,-0.49999999999999972,-0.86602540378443882,-0.43388373911755801,-0.90096886790241915
Kurpark - Großer Teich Süd Ost,2025-07-11T13:00:00Z,continuous_test,condition_b,,,,true,false,false,false,0,15,4,-0.70710678118654713,-0.70710678118654791,-0.43388373911755801,-0.90096886790241915
Kurpark - Großer Teich Süd Ost,2025-07-11T14:00:00Z,continuous_test,condition_b,,,,true,false,false,false,0,16,4,-0.86602540378443849,-0.50000000000000044,-0.43388373911755801,-0.90096886790241915
Kurpark - Großer Teich Süd Ost,2025-07-11T15:00:00Z,continuous_test,condition_b,,,,true,false,false,false,0,17,4,-0.96592582628906831,-0.25881904510252063,-0.43388373911755801,-0.90096886790241915
Kurpark - Großer Teich Süd Ost,2025-07-11T16:00:00Z,continuous_test,condition_b,,,,true,false,false,false,0,18,4,-1,-1.8369701987210297e-16,-0.43388373911755801,-0.90096886790241915
Kurpark - Großer Teich Süd Ost,2025-07-11T17:00:00Z,continuous_test,condition_b,23,23,14.92,false,true,true,false,0.70996648503509652,19,4,-0.96592582628906842,0.2588190451025203,-0.43388373911755801,-0.90096886790241915
Kurpark - Großer Teich Süd Ost,2025-07-11T18:00:00Z,continuous_test,condition_b,18,,9.9474999999999998,true,false,true,true,0.40158756125093209,20,4,-0.8660254037844386,0.50000000000000011,-0.43388373911755801,-0.90096886790241915
Kurpark - Großer Teich Süd Ost,2025-07-11T19:00:00Z,continuous_test,condition_b,13,13,4.9749999999999996,false,true,true,false,0.093208637466767719,21,4,-0.70710678118654768,0.70710678118654735,-0.43388373911755801,-0.90096886790241915
Kurpark - Großer Teich Süd Ost,2025-07-11T20:00:00Z,continuous_test,condition_b,9,,5.2233333333333327,true,false,true,true,-0.64900728506166172,22,4,-0.50000000000000044,0.86602540378443837,-0.43388373911755801,-0.90096886790241915
Kurpark - Großer Teich Süd Ost,2025-07-11T21:00:00Z,continuous_test,condition_b,5,,5.4716666666666667,true,false,true,true,-1.3912232075900912,23,4,-0.25881904510252157,0.96592582628906809,-0.43388373911755801,-0.90096886790241915
Kurpark - Großer Teich Süd Ost,2025-07-11T22:00:00Z,continuous_test,condition_b,1,1,5.7199999999999998,false,true,true,false,-2.1334391301185209,0,5,0,1,-0.97492791218182362,-0.22252093395631459
Kurpark - Großer Teich Süd Ost,2025-07-11T23:00:00Z,continuous_test,condition_b,,,,true,false,false,false,0,1,5,0.25881904510252074,0.96592582628906831,-0.97492791218182362,-0.22252093395631459
Kurpark - Großer Teich Süd Ost,2025-07-12T00:00:00Z,continuous_test,condition_b,,,,true,false,false,false,0,2,5,0.49999999999999994,0.86602540378443871,-0.97492791218182362,-0.22252093395631459
Kurpark - Großer Teich Süd Ost,2025-07-12T01:00:00Z,continuous_test,condition_b,,,,true,false,false,false,0,3,5,0.70710678118654757,0.70710678118654757,-0.97492791218182362,-0.22252093395631459
Kurpark - Großer Teich Süd Ost,2025-07-12T02:00:00Z,continuous_test,condition_b,,,,true,false,false,false,0,4,5,0.8660254037844386,0.50000000000000011,-0.97492791218182362,-0.22252093395631459
Kurpark - Großer Teich Süd Ost,2025-07-12T03:00:00Z,continuous_test,condition_b,,,,true,false,false,false,0,5,5,0.96592582628906831,0.25881904510252074,-0.97492791218182362,-0.22252093395631459
Kurpark - Großer Teich Süd Ost,2025-07-12T04:00:00Z,continuous_test,condition_b,,,,true,false,false,false,0,6,5,1,6.123233995736766e-17,-0.97492791218182362,-0.22252093395631459
Kurpark - Großer Teich Süd Ost,2025-07-12T05:00:00Z,continuous_test,condition_b,,,,true,false,false,false,0,7,5,0.96592582628906831,-0.25881904510252063,-0.97492791218182362,-0.22252093395631459
Kurpark - Großer Teich Süd Ost,2025-07-12T06:00:00Z,continuous_test,condition_b,16,16,3.8500000000000001,false,true,true,false,0.31537565598408929,8,5,0.86602540378443871,-0.49999999999999978,-0.97492791218182362,-0.22252093395631459
Kurpark - Großer Teich Süd Ost,2025-07-12T07:00:00Z,continuous_test,condition_b,15,15,6.2000000000000002,false,true,true,false,0.2460046837972176,9,5,0.70710678118654757,-0.70710678118654746,-0.97492791218182362,-0.22252093395631459
Kurpark - Großer Teich Süd Ost,2025-07-12T08:00:00Z,continuous_test,condition_b,24.833333333333336,,7.7150000000000007,true,false,true,true,0.64463942038345046,10,5,0.49999999999999994,-0.86602540378443871,-0.97492791218182362,-0.22252093395631459
Kurpark - Großer Teich Süd Ost,2025-07-12T09:00:00Z,continuous_test,condition_b,34.666666666666671,,9.2300000000000004,true,false,true,true,1.0432741569696833,11,5,0.25881904510252102,-0.9659258262890682,-0.97492791218182362,-0.22252093395631459
Kurpark - Großer Teich Süd Ost,2025-07-12T10:00:00Z,continuous_test,condition_b,44.5,44.5,10.744999999999999,false,true,true,false,1.4419088935559161,12,5,1.2246467991473532e-16,-1,-0.97492791218182362,-0.22252093395631459
Kurpark - Großer Teich Süd Ost,2025-07-12T11:00:00Z,continuous_test,condition_b,51.5,51.5,9.6549999999999994,false,true,true,false,1.6056549813116974,13,5,-0.25881904510252079,-0.96592582628906831,-0.97492791218182362,-0.22252093395631459
Kurpark - Großer Teich Süd Ost,2025-07-12T12:00:00Z,continuous_test,condition_b,51,51,13.68,false,true,true,false,1.594704939886366,14,5,-0.49999999999999972,-0.86602540378443882,-0.97492791218182362,-0.22252093395631459
Kurpark - Großer Teich Süd Ost,2025-07-12T13:00:00Z,continuous_test,condition_b,61,61,11.970000000000001,false,true,true,false,1.7959714577728882,15,5,-0.70710678118654713,-0.70710678118654791,-0.97492791218182362,-0.22252093395631459
Kurpark - Großer Teich Süd Ost,2025-07-12T14:00:00Z,continuous_test,condition_b,48,48,10.550000000000001,false,true,true,false,1.5267084670801438,16,5,-0.86602540378443849,-0.50000000000000044,-0.97492791218182362,-0.22252093395631459
Kurpark - Großer Teich Süd Ost,2025-07-12T15:00:00Z,continuous_test,condition_b,45,45,11.44,false,true,true,false,1.4544147076162917,17,5,-0.96592582628906831,-0.25881904510252063,-0.97492791218182362,-0.22252093395631459
Kurpark - Großer Teich Süd Ost,2025-07-12T16:00:00Z,continuous_test,condition_b,26,26,9.6199999999999992,false,true,true,false,0.84474214953894078,18,5,-1,-1.8369701987210297e-16,-0.97492791218182362,-0.22252093395631459
Kurpark - Großer Teich Süd Ost,2025-07-12T17:00:00Z,continuous_test,condition_b,26,26,11.09,false,true,true,false,0.84474214953894078,19,5,-0.96592582628906842,0.2588190451025203,-0.97492791218182362,-0.22252093395631459
Kurpark - Großer Teich Süd Ost,2025-07-12T18:00:00Z,continuous_test,condition_b,13,13,4.4199999999999999,false,true,true,false,0.093208637466767719,20,5,-0.8660254037844386,0.50000000000000011,-0.97492791218182362,-0.22252093395631459
Kurpark - Großer Teich Süd Ost,2025-07-12T19:00:00Z,continuous_test,condition_b,16,16,8.9499999999999993,false,true,true,false,0.31537565598408929,21,5,-0.70710678118654768,0.70710678118654735,-0.97492791218182362,-0.22252093395631459
Kurpark - Großer Teich Süd Ost,2025-07-12T20:00:00Z,continuous_test,condition_b,1,1,0.17000000000000001,false,true,true,false,-2.1334391301185209,22,5,-0.50000000000000044,0.86602540378443837,-0.97492791218182362,-0.22252093395631459
Kurpark - Großer Teich Süd Ost,2025-07-12T21:00:00Z,continuous_test,condition_b,4.5,4.5,5.0800000000000001,false,true,true,false,-0.9758939511853375,23,5,-0.25881904510252157,0.96592582628906809,-0.97492791218182362,-0.22252093395631459
Kurpark - Großer Teich Süd Ost,2025-07-12T22:00:00Z,continuous_test,condition_b,9,9,4.46,false,true,true,false,-0.29180664953955721,0,6,0,1,-0.78183148246802991,0.62348980185873337
Kurpark - Großer Teich Süd Ost,2025-07-12T23:00:00Z,continuous_test,condition_b,3,3,5.0300000000000002,false,true,true,false,-1.3402911921466081,1,6,0.25881904510252074,0.96592582628906831,-0.78183148246802991,0.62348980185873337
Kurpark - Großer Teich Süd Ost,2025-07-13T00:00:00Z,continuous_test,condition_b,1.5,,2.5150000000000001,true,false,true,true,-2.1334391301185209,2,6,0.49999999999999994,0.86602540378443871,-0.78183148246802991,0.62348980185873337
Kurpark - Großer Teich Süd Ost,2025-07-13T01:00:00Z,continuous_test,condition_b,0,0,0,false,true,true,false,-2.9265870680904338,3,6,0.70710678118654757,0.70710678118654757,-0.78183148246802991,0.62348980185873337
Kurpark - Großer Teich Süd Ost,2025-07-13T02:00:00Z,continuous_test,condition_b,1,1,5.3700000000000001,false,true,true,false,-2.1334391301185209,4,6,0.8660254037844386,0.50000000000000011,-0.78183148246802991,0.62348980185873337
Kurpark - Großer Teich Süd Ost,2025-07-13T03:00:00Z,continuous_test,condition_b,1,1,6.0499999999999998,false,true,true,false,-2.1334391301185209,5,6,0.96592582628906831,0.25881904510252074,-0.78183148246802991,0.62348980185873337
Kurpark - Großer Teich Süd Ost,2025-07-13T04:00:00Z,continuous_test,condition_b,,,,true,false,false,false,0,6,6,1,6.123233995736766e-17,-0.78183148246802991,0.62348980185873337
Kurpark - Großer Teich Süd Ost,2025-07-13T05:00:00Z,continuous_test,condition_b,,,,true,false,false,false,0,7,6,0.96592582628906831,-0.25881904510252063,-0.78183148246802991,0.62348980185873337
Kurpark - Großer Teich Süd Ost,2025-07-13T06:00:00Z,continuous_test,condition_b,,,,true,false,false,false,0,8,6,0.86602540378443871,-0.49999999999999978,-0.78183148246802991,0.62348980185873337
Kurpark - Großer Teich Süd Ost,2025-07-13T07:00:00Z,continuous_test,condition_b,,,,true,false,false,false,0,9,6,0.70710678118654757,-0.70710678118654746,-0.78183148246802991,0.62348980185873337
Kurpark - Großer Teich Süd Ost,2025-07-13T08:00:00Z,continuous_test,condition_b,,,,true,false,false,false,0,10,6,0.49999999999999994,-0.86602540378443871,-0.78183148246802991,0.62348980185873337
Kurpark - Großer Teich Süd Ost,2025-07-13T09:00:00Z,continuous_test,condition_b,,,,true,false,false,false,0,11,6,0.25881904510252102,-0.9659258262890682,-0.78183148246802991,0.62348980185873337
Kurpark - Großer Teich Süd Ost,2025-07-13T10:00:00Z,continuous_test,condition_b,,,,true,false,false,false,0,12,6,1.2246467991473532e-16,-1,-0.78183148246802991,0.62348980185873337
Kurpark - Großer Teich Süd Ost,2025-07-13T11:00:00Z,continuous_test,condition_b,,,,true,false,false,false,0,13,6,-0.25881904510252079,-0.96592582628906831,-0.78183148246802991,0.62348980185873337
Kurpark - Großer Teich Süd Ost,2025-07-13T12:00:00Z,continuous_test,condition_b,,,,true,false,false,false,0,14,6,-0.49999999999999972,-0.86602540378443882,-0.78183148246802991,0.62348980185873337
Kurpark - Großer Teich Süd Ost,2025-07-13T13:00:00Z,continuous_test,condition_b,,,,true,false,false,false,0,15,6,-0.70710678118654713,-0.70710678118654791,-0.78183148246802991,0.62348980185873337
Kurpark - Großer Teich Süd Ost,2025-07-13T14:00:00Z,continuous_test,condition_b,,,,true,false,false,false,0,16,6,-0.86602540378443849,-0.50000000000000044,-0.78183148246802991,0.62348980185873337
Kurpark - Großer Teich Süd Ost,2025-07-13T15:00:00Z,continuous_test,condition_b,,,,true,false,false,false,0,17,6,-0.96592582628906831,-0.25881904510252063,-0.78183148246802991,0.62348980185873337
Kurpark - Großer Teich Süd Ost,2025-07-13T16:00:00Z,continuous_test,condition_b,,,,true,false,false,false,0,18,6,-1,-1.8369701987210297e-16,-0.78183148246802991,0.62348980185873337
Kurpark - Großer Teich Süd Ost,2025-07-13T17:00:00Z,continuous_test,condition_b,,,,true,false,false,false,0,19,6,-0.96592582628906842,0.2588190451025203,-0.78183148246802991,0.62348980185873337
Kurpark - Großer Teich Süd Ost,2025-07-13T18:00:00Z,continuous_test,condition_b,,,,true,false,false,false,0,20,6,-0.8660254037844386,0.50000000000000011,-0.78183148246802991,0.62348980185873337
Kurpark - Großer Teich Süd Ost,2025-07-13T19:00:00Z,continuous_test,condition_b,,,,true,false,false,false,0,21,6,-0.70710678118654768,0.70710678118654735,-0.78183148246802991,0.62348980185873337
Kurpark - Großer Teich Süd Ost,2025-07-13T20:00:00Z,continuous_test,condition_b,3,3,4.7599999999999998,false,true,true,false,-1.3402911921466081,22,6,-0.50000000000000044,0.86602540378443837,-0.78183148246802991,0.62348980185873337
Kurpark - Großer Teich Süd Ost,2025-07-13T21:00:00Z,continuous_test,condition_b,3,,2.6899999999999999,true,false,true,true,-1.3402911921466081,23,6,-0.25881904510252157,0.96592582628906809,-0.78183148246802991,0.62348980185873337
Kurpark - Großer Teich Süd Ost,2025-07-13T22:00:00Z,continuous_test,condition_b,3,3,0.62,false,true,true,false,-1.3402911921466081,0,0,0,1,0,1
Kurpark - Großer Teich Süd Ost,2025-07-13T23:00:00Z,continuous_test,condition_b,,,,true,false,true,true,-1.3402911921466081,1,0,0.25881904510252074,0.96592582628906831,0,1
Kurpark - Zentrum Süd,2025-07-08T00:00:00Z,continuous_test,condition_b,0.33333333333333331,,1.6833333333333331,true,false,true,true,-2.3506203528183796,2,1,0.49999999999999994,0.86602540378443871,0.7818314824680298,0.62348980185873359
Kurpark - Zentrum Süd,2025-07-08T01:00:00Z,continuous_test,condition_b,0,0,0,false,true,true,false,-2.5743205268351903,3,1,0.70710678118654757,0.70710678118654757,0.7818314824680298,0.62348980185873359
Kurpark - Zentrum Süd,2025-07-08T02:00:00Z,continuous_test,condition_b,1,1,0.17999999999999999,false,true,true,false,-1.9032200047847576,4,1,0.8660254037844386,0.50000000000000011,0.7818314824680298,0.62348980185873359
Kurpark - Zentrum Süd,2025-07-08T03:00:00Z,continuous_test,condition_b,9,9,5.9199999999999999,false,true,true,false,-0.34497284814228174,5,1,0.96592582628906831,0.25881904510252074,0.7818314824680298,0.62348980185873359
Kurpark - Zentrum Süd,2025-07-08T04:00:00Z,continuous_test,condition_b,10.25,,5.1799999999999997,true,false,true,true,-0.23694979187147672,6,1,1,6.123233995736766e-17,0.7818314824680298,0.62348980185873359
Kurpark - Zentrum Süd,2025-07-08T05:00:00Z,continuous_test,condition_b,11.5,11.5,4.4400000000000004,false,true,true,false,-0.12892673560067169,7,1,0.96592582628906831,-0.25881904510252063,0.7818314824680298,0.62348980185873359
Kurpark - Zentrum Süd,2025-07-08T06:00:00Z,continuous_test,condition_b,12,12,3.3399999999999999,false,true,true,false,-0.090953500174547175,8,1,0.86602540378443871,-0.49999999999999978,0.7818314824680298,0.62348980185873359
Kurpark - Zentrum Süd,2025-07-08T07:00:00Z,continuous_test,condition_b,15,15,4.2949999999999999,false,true,true,false,0.11008156136654057,9,1,0.70710678118654757,-0.70710678118654746,0.7818314824680298,0.62348980185873359
Kurpark - Zentrum Süd,2025-07-08T08:00:00Z,continuous_test,condition_b,22.5,,6.6524999999999999,true,false,true,true,0.430262382386155,10,1,0.49999999999999994,-0.86602540378443871,0.7818314824680298,0.62348980185873359
Kurpark - Zentrum Süd,2025-07-08T09:00:00Z,continuous_test,condition_b,30,30,9.0099999999999998,false,true,true,false,0.75044320340576942,11,1,0.25881904510252102,-0.9659258262890682,0.7818314824680298,0.62348980185873359
Kurpark - Zentrum Süd,2025-07-08T10:00:00Z,continuous_test,condition_b,38.5,38.5,7.1500000000000004,false,true,true,false,0.9850495021074982,12,1,1.2246467991473532e-16,-1,0.7818314824680298,0.62348980185873359
Kurpark - Zentrum Süd,2025-07-08T11:00:00Z,continuous_test,condition_b,34.5,34.5,7.4700000000000006,false,true,true,false,0.88167745349211402,13,1,-0.25881904510252079,-0.96592582628906831,0.7818314824680298,0.62348980185873359
Kurpark - Zentrum Süd,2025-07-08T12:00:00Z,continuous_test,condition_b,43,43,10.74,false,true,true,false,1.0895068825309389,14,1,-0.49999999999999972,-0.86602540378443882,0.7818314824680298,0.62348980185873359
Kurpark - Zentrum Süd,2025-07-08T13:00:00Z,continuous_test,condition_b,40,40,10.25,false,true,true,false,1.0211354203763483,15,1,-0.70710678118654713,-0.70710678118654791,0.7818314824680298,0.62348980185873359
Kurpark - Zentrum Süd,2025-07-08T14:00:00Z,continuous_test,condition_b,,,,true,false,false,false,0,16,1,-0.86602540378443849,-0.50000000000000044,0.7818314824680298,0.62348980185873359
Kurpark - Zentrum Süd,2025-07-08T15:00:00Z,continuous_test,condition_b,,,,true,false,false,false,0,17,1,-0.96592582628906831,-0.25881904510252063,0.7818314824680298,0.62348980185873359
Kurpark - Zentrum Süd,2025-07-08T16:00:00Z,continuous_test,condition_b,,,,true,false,false,false,0,18,1,-1,-1.8369701987210297e-16,0.7818314824680298,0.62348980185873359
Kurpark - Zentrum Süd,2025-07-08T17:00:00Z,continuous_test,condition_b,,,,true,false,false,false,0,19,1,-0.96592582628906842,0.2588190451025203,0.7818314824680298,0.62348980185873359
Kurpark - Zentrum Süd,2025-07-08T18:00:00Z,continuous_test,condition_b,,,,true,false,false,false,0,20,1,-0.8660254037844386,0.50000000000000011,0.7818314824680298,0.62348980185873359
Kurpark - Zentrum Süd,2025-07-08T19:00:00Z,continuous_test,condition_b,,,,true,false,false,false,0,21,1,-0.70710678118654768,0.70710678118654735,0.7818314824680298,0.62348980185873359
Kurpark - Zentrum Süd,2025-07-08T20:00:00Z,continuous_test,condition_b,,,,true,false,false,false,0,22,1,-0.50000000000000044,0.86602540378443837,0.7818314824680298,0.62348980185873359
Kurpark - Zentrum Süd,2025-07-08T21:00:00Z,continuous_test,condition_b,,,,true,false,false,false,0,23,1,-0.25881904510252157,0.96592582628906809,0.7818314824680298,0.62348980185873359
Kurpark - Zentrum Süd,2025-07-08T22:00:00Z,continuous_test,condition_b,,,,true,false,false,false,0,0,2,0,1,0.97492791218182362,-0.22252093395631434
Kurpark - Zentrum Süd,2025-07-08T23:00:00Z,continuous_test,condition_b,,,,true,false,false,false,0,1,2,0.25881904510252074,0.96592582628906831,0.97492791218182362,-0.22252093395631434
Kurpark - Zentrum Süd,2025-07-09T00:00:00Z,continuous_test,condition_b,,,,true,false,false,false,0,2,2,0.49999999999999994,0.86602540378443871,0.97492791218182362,-0.22252093395631434
Kurpark - Zentrum Süd,2025-07-09T01:00:00Z,continuous_test,condition_b,,,,true,false,false,false,0,3,2,0.70710678118654757,0.70710678118654757,0.97492791218182362,-0.22252093395631434
Kurpark - Zentrum Süd,2025-07-09T02:00:00Z,continuous_test,condition_b,,,,true,false,false,false,0,4,2,0.8660254037844386,0.50000000000000011,0.97492791218182362,-0.22252093395631434
Kurpark - Zentrum Süd,2025-07-09T03:00:00Z,continuous_test,condition_b,,,,true,false,false,false,0,5,2,0.96592582628906831,0.25881904510252074,0.97492791218182362,-0.22252093395631434
Kurpark - Zentrum Süd,2025-07-09T04:00:00Z,continuous_test,condition_b,,,,true,false,false,false,0,6,2,1,6.123233995736766e-17,0.97492791218182362,-0.22252093395631434
Kurpark - Zentrum Süd,2025-07-09T05:00:00Z,continuous_test,condition_b,,,,true,false,false,false,0,7,2,0.96592582628906831,-0.25881904510252063,0.97492791218182362,-0.22252093395631434
Kurpark - Zentrum Süd,2025-07-09T06:00:00Z,continuous_test,condition_b,,,,true,false,false,false,0,8,2,0.86602540378443871,-0.49999999999999978,0.97492791218182362,-0.22252093395631434
Kurpark - Zentrum Süd,2025-07-09T07:00:00Z,continuous_test,condition_b,16,16,4.2300000000000004,false,true,true,false,0.16877791978965764,9,2,0.70710678118654757,-0.70710678118654746,0.97492791218182362,-0.22252093395631434
Kurpark - Zentrum Süd,2025-07-09T08:00:00Z,continuous_test,condition_b,18,18,15.550000000000001,false,true,true,false,0.27646584506919636,10,2,0.49999999999999994,-0.86602540378443871,0.97492791218182362,-0.22252093395631434
Kurpark - Zentrum Süd,2025-07-09T09:00:00Z,continuous_test,condition_b,36,36,8.4700000000000006,false,true,true,false,0.92174634643578168,11,2,0.25881904510252102,-0.9659258262890682,0.97492791218182362,-0.22252093395631434
Kurpark - Zentrum Süd,2025-07-09T10:00:00Z,continuous_test,condition_b,33.5,33.5,6.875,false,true,true,false,0.85401290301604249,12,2,1.2246467991473532e-16,-1,0.97492791218182362,-0.22252093395631434
Kurpark - Zentrum Süd,2025-07-09T11:00:00Z,continuous_test,condition_b,38,,7.5899999999999999,true,false,true,true,0.96059217635431771,13,2,-0.25881904510252079,-0.96592582628906831,0.97492791218182362,-0.22252093395631434
Kurpark - Zentrum Süd,2025-07-09T12:00:00Z,continuous_test,condition_b,42.5,,8.3049999999999997,true,false,true,true,1.067171449692593,14,2,-0.49999999999999972,-0.86602540378443882,0.97492791218182362,-0.22252093395631434
Kurpark - Zentrum Süd,2025-07-09T13:00:00Z,continuous_test,condition_b,47,47,9.0199999999999996,false,true,true,false,1.1737507230308681,15,2,-0.70710678118654713,-0.70710678118654791,0.97492791218182362,-0.22252093395631434
Kurpark - Zentrum Süd,2025-07-09T14:00:00Z,continuous_test,condition_b,84,84,10.449999999999999,false,true,true,false,1.7270250764321333,16,2,-0.86602540378443849,-0.50000000000000044,0.97492791218182362,-0.22252093395631434
Kurpark - Zentrum Süd,2025-07-09T15:00:00Z,continuous_test,condition_b,66,66,7.2000000000000002,false,true,true,false,1.4966350956855075,17,2,-0.96592582628906831,-0.25881904510252063,0.97492791218182362,-0.22252093395631434
Kurpark - Zentrum Süd,2025-07-09T16:00:00Z,continuous_test,condition_b,44,44,8.5600000000000005,false,true,true,false,1.1112649531359398,18,2,-1,-1.8369701987210297e-16,0.97492791218182362,-0.22252093395631434
Kurpark - Zentrum Süd,2025-07-09T17:00:00Z,continuous_test,condition_b,28,28,12.710000000000001,false,true,true,false,0.68587305510600427,19,2,-0.96592582628906842,0.2588190451025203,0.97492791218182362,-0.22252093395631434
Kurpark - Zentrum Süd,2025-07-09T18:00:00Z,continuous_test,condition_b,16,16,15.84,false,true,true,false,0.16877791978965764,20,2,-0.8660254037844386,0.50000000000000011,0.97492791218182362,-0.22252093395631434
Kurpark - Zentrum Süd,2025-07-09T19:00:00Z,continuous_test,condition_b,7,7,5.8700000000000001,false,true,true,false,-0.56101896068389223,21,2,-0.70710678118654768,0.70710678118654735,0.97492791218182362,-0.22252093395631434
Kurpark - Zentrum Süd,2025-07-09T20:00:00Z,continuous_test,condition_b,8,8,41.799999999999997,false,true,true,false,-0.44698220350653556,22,2,-0.50000000000000044,0.86602540378443837,0.97492791218182362,-0.22252093395631434
Kurpark - Zentrum Süd,2025-07-09T21:00:00Z,continuous_test,condition_b,,,,true,false,false,false,0,23,2,-0.25881904510252157,0.96592582628906809,0.97492791218182362,-0.22252093395631434
Kurpark - Zentrum Süd,2025-07-09T22:00:00Z,continuous_test,condition_b,,,,true,false,false,false,0,0,3,0,1,0.43388373911755823,-0.90096886790241903
Kurpark - Zentrum Süd,2025-07-09T23:00:00Z,continuous_test,condition_b,,,,true,false,false,false,0,1,3,0.25881904510252074,0.96592582628906831,0.43388373911755823,-0.90096886790241903
Kurpark - Zentrum Süd,2025-07-10T00:00:00Z,continuous_test,condition_b,,,,true,false,false,false,0,2,3,0.49999999999999994,0.86602540378443871,0.43388373911755823,-0.90096886790241903
Kurpark - Zentrum Süd,2025-07-10T01:00:00Z,continuous_test,condition_b,,,,true,false,false,false,0,3,3,0.70710678118654757,0.70710678118654757,0.43388373911755823,-0.90096886790241903
Kurpark - Zentrum Süd,2025-07-10T02:00:00Z,continuous_test,condition_b,,,,true,false,false,false,0,4,3,0.8660254037844386,0.50000000000000011,0.43388373911755823,-0.90096886790241903
Kurpark - Zentrum Süd,2025-07-10T03:00:00Z,continuous_test,condition_b,,,,true,false,false,false,0,5,3,0.96592582628906831,0.25881904510252074,0.43388373911755823,-0.90096886790241903
Kurpark - Zentrum Süd,2025-07-10T04:00:00Z,continuous_test,condition_b,,,,true,false,false,false,0,6,3,1,6.123233995736766e-17,0.43388373911755823,-0.90096886790241903
Kurpark - Zentrum Süd,2025-07-10T05:00:00Z,continuous_test,condition_b,,,,true,false,false,false,0,7,3,0.96592582628906831,-0.25881904510252063,0.43388373911755823,-0.90096886790241903
Kurpark - Zentrum Süd,2025-07-10T06:00:00Z,continuous_test,condition_b,,,,true,false,false,false,0,8,3,0.86602540378443871,-0.49999999999999978,0.43388373911755823,-0.90096886790241903
Kurpark - Zentrum Süd,2025-07-10T07:00:00Z,continuous_test,condition_b,13,13,6.29,false,true,true,false,-0.019202651011047737,9,3,0.70710678118654757,-0.70710678118654746,0.43388373911755823,-0.90096886790241903
Kurpark - Zentrum Süd,2025-07-10T08:00:00Z,continuous_test,condition_b,29,29,6.6799999999999997,false,true,true,false,0.71869631352204544,10,3,0.49999999999999994,-0.86602540378443871,0.43388373911755823,-0.90096886790241903
Kurpark - Zentrum Süd,2025-07-10T09:00:00Z,continuous_test,condition_b,53.5,53.5,6.7450000000000001,false,true,true,false,1.2967109848057279,11,3,0.25881904510252102,-0.9659258262890682,0.43388373911755823,-0.90096886790241903
Kurpark - Zentrum Süd,2025-07-10T10:00:00Z,continuous_test,condition_b,47.5,47.5,14.66,false,true,true,false,1.1837839049935135,12,3,1.2246467991473532e-16,-1,0.43388373911755823,-0.90096886790241903
Kurpark - Zentrum Süd,2025-07-10T11:00:00Z,continuous_test,condition_b,58,58,6.375,false,true,true,false,1.3735242946278912,13,3,-0.25881904510252079,-0.96592582628906831,0.43388373911755823,-0.90096886790241903
Kurpark - Zentrum Süd,2025-07-10T12:00:00Z,continuous_test,condition_b,32,32,6.2999999999999998,false,true,true,false,0.81097500009440071,14,3,-0.49999999999999972,-0.86602540378443882,0.43388373911755823,-0.90096886790241903
Kurpark - Zentrum Süd,2025-07-10T13:00:00Z,continuous_test,condition_b,74.5,74.5,10.154999999999999,false,true,true,false,1.6122761504877638,15,3,-0.70710678118654713,-0.70710678118654791,0.43388373911755823,-0.90096886790241903
Kurpark - Zentrum Süd,2025-07-10T14:00:00Z,continuous_test,condition_b,48,48,7.7599999999999998,false,true,true,false,1.1937141807122296,16,3,-0.86602540378443849,-0.50000000000000044,0.43388373911755823,-0.90096886790241903
Kurpark - Zentrum Süd,2025-07-10T15:00:00Z,continuous_test,condition_b,38,38,9.7599999999999998,false,true,true,false,0.97271566148978006,17,3,-0.96592582628906831,-0.25881904510252063,0.43388373911755823,-0.90096886790241903
Kurpark - Zentrum Süd,2025-07-10T16:00:00Z,continuous_test,condition_b,42,42,7.5649999999999986,false,true,true,false,1.0672485828292511,18,3,-1,-1.8369701987210297e-16,0.43388373911755823,-0.90096886790241903
Kurpark - Zentrum Süd,2025-07-10T17:00:00Z,continuous_test,condition_b,29.5,29.5,10.445,false,true,true,false,0.7346998744968235,19,3,-0.96592582628906842,0.2588190451025203,0.43388373911755823,-0.90096886790241903
Kurpark - Zentrum Süd,2025-07-10T18:00:00Z,continuous_test,condition_b,27,27,5.7800000000000002,false,true,true,false,0.65189787103938512,20,3,-0.8660254037844386,0.50000000000000011,0.43388373911755823,-0.90096886790241903
Kurpark - Zentrum Süd,2025-07-10T19:00:00Z,continuous_test,condition_b,9,9,10.01,false,true,true,false,-0.34497284814228174,21,3,-0.70710678118654768,0.70710678118654735,0.43388373911755823,-0.90096886790241903
Kurpark - Zentrum Süd,2025-07-10T20:00:00Z,continuous_test,condition_b,3.5,3.5,3.6899999999999999,false,true,true,false,-1.1180827255569683,22,3,-0.50000000000000044,0.86602540378443837,0.43388373911755823,-0.90096886790241903
Kurpark - Zentrum Süd,2025-07-10T21:00:00Z,continuous_test,condition_b,2,2,3.8300000000000001,false,true,true,false,-1.5106513651708631,23,3,-0.25881904510252157,0.96592582628906809,0.43388373911755823,-0.90096886790241903
Kurpark - Zentrum Süd,2025-07-10T22:00:00Z,continuous_test,condition_b,6.5,6.5,7.2699999999999996,false,true,true,false,-0.62350473057882028,0,4,0,1,-0.43388373911755801,-0.90096886790241915
Kurpark - Zentrum Süd,2025-07-10T23:00:00Z,continuous_test,condition_b,4.3333333333333339,,4.8466666666666676,true,false,true,true,-1.273776662664277,1,4,0.25881904510252074,0.96592582628906831,-0.43388373911755801,-0.90096886790241915
Kurpark - Zentrum Süd,2025-07-11T00:00:00Z,continuous_test,condition_b,2.166666666666667,,2.4233333333333338,true,false,true,true,-1.9240485947497339,2,4,0.49999999999999994,0.86602540378443871,-0.43388373911755801,-0.90096886790241915
Kurpark - Zentrum Süd,2025-07-11T01:00:00Z,continuous_test,condition_b,0,0,0,false,true,true,false,-2.5743205268351903,3,4,0.70710678118654757,0.70710678118654757,-0.43388373911755801,-0.90096886790241915
Kurpark - Zentrum Süd,2025-07-11T02:00:00Z,continuous_test,condition_b,2,2,0.94999999999999996,false,true,true,false,-1.5106513651708631,4,4,0.8660254037844386,0.50000000000000011,-0.43388373911755801,-0.90096886790241915
Kurpark - Zentrum Süd,2025-07-11T03:00:00Z,continuous_test,condition_b,5,5,2.71,false,true,true,false,-0.83955084312043038,5,4,0.96592582628906831,0.25881904510252074,-0.43388373911755801,-0.90096886790241915
Kurpark - Zentrum Süd,2025-07-11T04:00:00Z,continuous_test,condition_b,18,18,4.46,false,true,true,false,0.27646584506919636,6,4,1,6.123233995736766e-17,-0.43388373911755801,-0.90096886790241915
Kurpark - Zentrum Süd,2025-07-11T05:00:00Z,continuous_test,condition_b,5,5,1.1299999999999999,false,true,true,false,-0.83955084312043038,7,4,0.96592582628906831,-0.25881904510252063,-0.43388373911755801,-0.90096886790241915
Kurpark - Zentrum Süd,2025-07-11T06:00:00Z,continuous_test,condition_b,16,16,9.8300000000000001,false,true,true,false,0.16877791978965764,8,4,0.86602540378443871,-0.49999999999999978,-0.43388373911755801,-0.90096886790241915
Kurpark - Zentrum Süd,2025-07-11T07:00:00Z,continuous_test,condition_b,,,,true,false,false,false,0,9,4,0.70710678118654757,-0.70710678118654746,-0.43388373911755801,-0.90096886790241915
Kurpark - Zentrum Süd,2025-07-11T08:00:00Z,continuous_test,condition_b,,,,true,false,false,false,0,10,4,0.49999999999999994,-0.86602540378443871,-0.43388373911755801,-0.90096886790241915
Kurpark - Zentrum Süd,2025-07-11T09:00:00Z,continuous_test,condition_b,,,,true,false,false,false,0,11,4,0.25881904510252102,-0.9659258262890682,-0.43388373911755801,-0.90096886790241915
Kurpark - Zentrum Süd,2025-07-11T10:00:00Z,continuous_test,condition_b,,,,true,false,false,false,0,12,4,1.2246467991473532e-16,-1,-0.43388373911755801,-0.90096886790241915
Kurpark - Zentrum Süd,2025-07-11T11:00:00Z,continuous_test,condition_b,,,,true,false,false,false,0,13,4,-0.25881904510252079,-0.96592582628906831,-0.43388373911755801,-0.90096886790241915
Kurpark - Zentrum Süd,2025-07-11T12:00:00Z,continuous_test,condition_b,,,,true,false,false,false,0,14,4,-0.49999999999999972,-0.86602540378443882,-0.43388373911755801,-0.90096886790241915
Kurpark - Zentrum Süd,2025-07-11T13:00:00Z,continuous_test,condition_b,,,,true,false,false,false,0,15,4,-0.70710678118654713,-0.70710678118654791,-0.43388373911755801,-0.90096886790241915
Kurpark - Zentrum Süd,2025-07-11T14:00:00Z,continuous_test,condition_b,,,,true,false,false,false,0,16,4,-0.86602540378443849,-0.50000000000000044,-0.43388373911755801,-0.90096886790241915
Kurpark - Zentrum Süd,2025-07-11T15:00:00Z,continuous_test,condition_b,,,,true,false,false,false,0,17,4,-0.96592582628906831,-0.25881904510252063,-0.43388373911755801,-0.90096886790241915
Kurpark - Zentrum Süd,2025-07-11T16:00:00Z,continuous_test,condition_b,,,,true,false,false,false,0,18,4,-1,-1.8369701987210297e-16,-0.43388373911755801,-0.90096886790241915
Kurpark - Zentrum Süd,2025-07-11T17:00:00Z,continuous_test,condition_b,26,26,11.029999999999999,false,true,true,false,0.61668695815779162,19,4,-0.96592582628906842,0.2588190451025203,-0.43388373911755801,-0.90096886790241915
Kurpark - Zentrum Süd,2025-07-11T18:00:00Z,continuous_test,condition_b,19.5,,7.6849999999999996,true,false,true,true,0.29874215357337192,20,4,-0.8660254037844386,0.50000000000000011,-0.43388373911755801,-0.90096886790241915
Kurpark - Zentrum Süd,2025-07-11T19:00:00Z,continuous_test,condition_b,13,13,4.3399999999999999,false,true,true,false,-0.019202651011047737,21,4,-0.70710678118654768,0.70710678118654735,-0.43388373911755801,-0.90096886790241915
Kurpark - Zentrum Süd,2025-07-11T20:00:00Z,continuous_test,condition_b,16,16,7.9100000000000001,false,true,true,false,0.16877791978965764,22,4,-0.50000000000000044,0.86602540378443837,-0.43388373911755801,-0.90096886790241915
Kurpark - Zentrum Süd,2025-07-11T21:00:00Z,continuous_test,condition_b,11.333333333333332,,5.7333333333333334,true,false,true,true,-0.39103184186384932,23,4,-0.25881904510252157,0.96592582628906809,-0.43388373911755801,-0.90096886790241915
Kurpark - Zentrum Süd,2025-07-11T22:00:00Z,continuous_test,condition_b,6.6666666666666661,,3.5566666666666662,true,false,true,true,-0.95084160351735625,0,5,0,1,-0.97492791218182362,-0.22252093395631459
Kurpark - Zentrum Süd,2025-07-11T23:00:00Z,continuous_test,condition_b,2,2,1.3799999999999999,false,true,true,false,-1.5106513651708631,1,5,0.25881904510252074,0.96592582628906831,-0.97492791218182362,-0.22252093395631459
Kurpark - Zentrum Süd,2025-07-12T00:00:00Z,continuous_test,condition_b,,,,true,false,false,false,0,2,5,0.49999999999999994,0.86602540378443871,-0.97492791218182362,-0.22252093395631459
Kurpark - Zentrum Süd,2025-07-12T01:00:00Z,continuous_test,condition_b,,,,true,false,false,false,0,3,5,0.70710678118654757,0.70710678118654757,-0.97492791218182362,-0.22252093395631459
Kurpark - Zentrum Süd,2025-07-12T02:00:00Z,continuous_test,condition_b,,,,true,false,false,false,0,4,5,0.8660254037844386,0.50000000000000011,-0.97492791218182362,-0.22252093395631459
Kurpark - Zentrum Süd,2025-07-12T03:00:00Z,continuous_test,condition_b,,,,true,false,false,false,0,5,5,0.96592582628906831,0.25881904510252074,-0.97492791218182362,-0.22252093395631459
Kurpark - Zentrum Süd,2025-07-12T04:00:00Z,continuous_test,condition_b,,,,true,false,false,false,0,6,5,1,6.123233995736766e-17,-0.97492791218182362,-0.22252093395631459
Kurpark - Zentrum Süd,2025-07-12T05:00:00Z,continuous_test,condition_b,8,8,5.5499999999999998,false,true,true,false,-0.44698220350653556,7,5,0.96592582628906831,-0.25881904510252063,-0.97492791218182362,-0.22252093395631459
Kurpark - Zentrum Süd,2025-07-12T06:00:00Z,continuous_test,condition_b,16,,5.7349999999999994,true,false,true,true,0.047595791471612581,8,5,0.86602540378443871,-0.49999999999999978,-0.97492791218182362,-0.22252093395631459
Kurpark - Zentrum Süd,2025-07-12T07:00:00Z,continuous_test,condition_b,24,24,5.9199999999999999,false,true,true,false,0.54217378644976078,9,5,0.70710678118654757,-0.70710678118654746,-0.97492791218182362,-0.22252093395631459
Kurpark - Zentrum Süd,2025-07-12T08:00:00Z,continuous_test,condition_b,39.666666666666657,,7.1550000000000002,true,false,true,true,0.88355564518142804,10,5,0.49999999999999994,-0.86602540378443871,-0.97492791218182362,-0.22252093395631459
Kurpark - Zentrum Süd,2025-07-12T09:00:00Z,continuous_test,condition_b,55.333333333333329,,8.3900000000000006,true,false,true,true,1.2249375039130954,11,5,0.25881904510252102,-0.9659258262890682,-0.97492791218182362,-0.22252093395631459
Kurpark - Zentrum Süd,2025-07-12T10:00:00Z,continuous_test,condition_b,71,71,9.625,false,true,true,false,1.5663193626447625,12,5,1.2246467991473532e-16,-1,-0.97492791218182362,-0.22252093395631459
Kurpark - Zentrum Süd,2025-07-12T11:00:00Z,continuous_test,condition_b,58.5,58.5,9.4550000000000001,false,true,true,false,1.381694751512935,13,5,-0.25881904510252079,-0.96592582628906831,-0.97492791218182362,-0.22252093395631459
Kurpark - Zentrum Süd,2025-07-12T12:00:00Z,continuous_test,condition_b,66,66,10.369999999999999,false,true,true,false,1.4966350956855075,14,5,-0.49999999999999972,-0.86602540378443882,-0.97492791218182362,-0.22252093395631459
Kurpark - Zentrum Süd,2025-07-12T13:00:00Z,continuous_test,condition_b,107,107,9.9399999999999995,false,true,true,false,1.9588880022586572,15,5,-0.70710678118654713,-0.70710678118654791,-0.97492791218182362,-0.22252093395631459
Kurpark - Zentrum Süd,2025-07-12T14:00:00Z,continuous_test,condition_b,52,52,10.255000000000001,false,true,true,false,1.2696898804855248,16,5,-0.86602540378443849,-0.50000000000000044,-0.97492791218182362,-0.22252093395631459
Kurpark - Zentrum Süd,2025-07-12T15:00:00Z,continuous_test,condition_b,42,42,11.195,false,true,true,false,1.0672485828292511,17,5,-0.96592582628906831,-0.25881904510252063,-0.97492791218182362,-0.22252093395631459
Kurpark - Zentrum Süd,2025-07-12T16:00:00Z,continuous_test,condition_b,51.5,51.5,6.5999999999999996,false,true,true,false,1.26051262319489,18,5,-1,-1.8369701987210297e-16,-0.97492791218182362,-0.22252093395631459
Kurpark - Zentrum Süd,2025-07-12T17:00:00Z,continuous_test,condition_b,30,30,9.1600000000000001,false,true,true,false,0.75044320340576942,19,5,-0.96592582628906842,0.2588190451025203,-0.97492791218182362,-0.22252093395631459
Kurpark - Zentrum Süd,2025-07-12T18:00:00Z,continuous_test,condition_b,19,19,7.2699999999999996,false,true,true,false,0.32612767390815062,20,5,-0.8660254037844386,0.50000000000000011,-0.97492791218182362,-0.22252093395631459
Kurpark - Zentrum Süd,2025-07-12T19:00:00Z,continuous_test,condition_b,6,6,3.4700000000000002,false,true,true,false,-0.69030317306148037,21,5,-0.70710678118654768,0.70710678118654735,-0.97492791218182362,-0.22252093395631459
Kurpark - Zentrum Süd,2025-07-12T20:00:00Z,continuous_test,condition_b,8,8,3.8399999999999999,false,true,true,false,-0.44698220350653556,22,5,-0.50000000000000044,0.86602540378443837,-0.97492791218182362,-0.22252093395631459
Kurpark - Zentrum Süd,2025-07-12T21:00:00Z,continuous_test,condition_b,0,0,0,false,true,true,false,-2.5743205268351903,23,5,-0.25881904510252157,0.96592582628906809,-0.97492791218182362,-0.22252093395631459
Kurpark - Zentrum Süd,2025-07-12T22:00:00Z,continuous_test,condition_b,5,5,2.1099999999999999,false,true,true,false,-0.83955084312043038,0,6,0,1,-0.78183148246802991,0.62348980185873337
Kurpark - Zentrum Süd,2025-07-12T23:00:00Z,continuous_test,condition_b,1,1,0.47999999999999998,false,true,true,false,-1.9032200047847576,1,6,0.25881904510252074,0.96592582628906831,-0.78183148246802991,0.62348980185873337
Kurpark - Zentrum Süd,2025-07-13T00:00:00Z,continuous_test,condition_b,0.5,,0.23999999999999999,true,false,true,true,-2.2387702658099737,2,6,0.49999999999999994,0.86602540378443871,-0.78183148246802991,0.62348980185873337
Kurpark - Zentrum Süd,2025-07-13T01:00:00Z,continuous_test,condition_b,0,0,0,false,true,true,false,-2.5743205268351903,3,6,0.70710678118654757,0.70710678118654757,-0.78183148246802991,0.62348980185873337
Kurpark - Zentrum Süd,2025-07-13T02:00:00Z,continuous_test,condition_b,1,1,15.15,false,true,true,false,-1.9032200047847576,4,6,0.8660254037844386,0.50000000000000011,-0.78183148246802991,0.62348980185873337
Kurpark - Zentrum Süd,2025-07-13T03:00:00Z,continuous_test,condition_b,1,1,9.1300000000000008,false,true,true,false,-1.9032200047847576,5,6,0.96592582628906831,0.25881904510252074,-0.78183148246802991,0.62348980185873337
Kurpark - Zentrum Süd,2025-07-13T04:00:00Z,continuous_test,condition_b,,,,true,false,false,false,0,6,6,1,6.123233995736766e-17,-0.78183148246802991,0.62348980185873337
Kurpark - Zentrum Süd,2025-07-13T05:00:00Z,continuous_test,condition_b,,,,true,false,false,false,0,7,6,0.96592582628906831,-0.25881904510252063,-0.78183148246802991,0.62348980185873337
Kurpark - Zentrum Süd,2025-07-13T06:00:00Z,continuous_test,condition_b,,,,true,false,false,false,0,8,6,0.86602540378443871,-0.49999999999999978,-0.78183148246802991,0.62348980185873337
Kurpark - Zentrum Süd,2025-07-13T07:00:00Z,continuous_test,condition_b,,,,true,false,false,false,0,9,6,0.70710678118654757,-0.70710678118654746,-0.78183148246802991,0.62348980185873337
Kurpark - Zentrum Süd,2025-07-13T08:00:00Z,continuous_test,condition_b,,,,true,false,false,false,0,10,6,0.49999999999999994,-0.86602540378443871,-0.78183148246802991,0.62348980185873337
Kurpark - Zentrum Süd,2025-07-13T09:00:00Z,continuous_test,condition_b,,,,true,false,false,false,0,11,6,0.25881904510252102,-0.9659258262890682,-0.78183148246802991,0.62348980185873337
Kurpark - Zentrum Süd,2025-07-13T10:00:00Z,continuous_test,condition_b,,,,true,false,false,false,0,12,6,1.2246467991473532e-16,-1,-0.78183148246802991,0.62348980185873337
Kurpark - Zentrum Süd,2025-07-13T11:00:00Z,continuous_test,condition_b,,,,true,false,false,false,0,13,6,-0.25881904510252079,-0.96592582628906831,-0.78183148246802991,0.62348980185873337
Kurpark - Zentrum Süd,2025-07-13T12:00:00Z,continuous_test,condition_b,,,,true,false,false,false,0,14,6,-0.49999999999999972,-0.86602540378443882,-0.78183148246802991,0.62348980185873337
Kurpark - Zentrum Süd,2025-07-13T13:00:00Z,continuous_test,condition_b,,,,true,false,false,false,0,15,6,-0.70710678118654713,-0.70710678118654791,-0.78183148246802991,0.62348980185873337
Kurpark - Zentrum Süd,2025-07-13T14:00:00Z,continuous_test,condition_b,,,,true,false,false,false,0,16,6,-0.86602540378443849,-0.50000000000000044,-0.78183148246802991,0.62348980185873337
Kurpark - Zentrum Süd,2025-07-13T15:00:00Z,continuous_test,condition_b,,,,true,false,false,false,0,17,6,-0.96592582628906831,-0.25881904510252063,-0.78183148246802991,0.62348980185873337
Kurpark - Zentrum Süd,2025-07-13T16:00:00Z,continuous_test,condition_b,,,,true,false,false,false,0,18,6,-1,-1.8369701987210297e-16,-0.78183148246802991,0.62348980185873337
Kurpark - Zentrum Süd,2025-07-13T17:00:00Z,continuous_test,condition_b,,,,true,false,false,false,0,19,6,-0.96592582628906842,0.2588190451025203,-0.78183148246802991,0.62348980185873337
Kurpark - Zentrum Süd,2025-07-13T18:00:00Z,continuous_test,condition_b,,,,true,false,false,false,0,20,6,-0.8660254037844386,0.50000000000000011,-0.78183148246802991,0.62348980185873337
Kurpark - Zentrum Süd,2025-07-13T19:00:00Z,continuous_test,condition_b,,,,true,false,false,false,0,21,6,-0.70710678118654768,0.70710678118654735,-0.78183148246802991,0.62348980185873337
Kurpark - Zentrum Süd,2025-07-13T20:00:00Z,continuous_test,condition_b,,,,true,false,false,false,0,22,6,-0.50000000000000044,0.86602540378443837,-0.78183148246802991,0.62348980185873337
Kurpark - Zentrum Süd,2025-07-13T21:00:00Z,continuous_test,condition_b,1,1,0.66500000000000004,false,true,true,false,-1.9032200047847576,23,6,-0.25881904510252157,0.96592582628906809,-0.78183148246802991,0.62348980185873337
Kurpark - Zentrum Süd,2025-07-13T22:00:00Z,continuous_test,condition_b,6,6,86.969999999999999,false,true,true,false,-0.69030317306148037,0,0,0,1,0,1
Kurpark - Zentrum Süd,2025-07-13T23:00:00Z,continuous_test,condition_b,,,,true,false,true,true,-0.69030317306148037,1,0,0.25881904510252074,0.96592582628906831,0,1
Kurstraße 13,2025-07-08T00:00:00Z,continuous_test,condition_b,1,1,2.7000000000000002,false,true,true,false,-2.0477315297476251,2,1,0.49999999999999994,0.86602540378443871,0.7818314824680298,0.62348980185873359
Kurstraße 13,2025-07-08T01:00:00Z,continuous_test,condition_b,2,2,5.7800000000000002,false,true,true,false,-1.7176435369849994,3,1,0.70710678118654757,0.70710678118654757,0.7818314824680298,0.62348980185873359
Kurstraße 13,2025-07-08T02:00:00Z,continuous_test,condition_b,1,1,3.25,false,true,true,false,-2.0477315297476251,4,1,0.8660254037844386,0.50000000000000011,0.7818314824680298,0.62348980185873359
Kurstraße 13,2025-07-08T03:00:00Z,continuous_test,condition_b,15,,4.583333333333333,true,false,true,true,-1.2089285694191441,5,1,0.96592582628906831,0.25881904510252074,0.7818314824680298,0.62348980185873359
Kurstraße 13,2025-07-08T04:00:00Z,continuous_test,condition_b,29,,5.9166666666666661,true,false,true,true,-0.37012560909066283,6,1,1,6.123233995736766e-17,0.7818314824680298,0.62348980185873359
Kurstraße 13,2025-07-08T05:00:00Z,continuous_test,condition_b,43,43,7.25,false,true,true,false,0.46867735123781845,7,1,0.96592582628906831,-0.25881904510252063,0.7818314824680298,0.62348980185873359
Kurstraße 13,2025-07-08T06:00:00Z,continuous_test,condition_b,54,54,6.3150000000000004,false,true,true,false,0.65033788250992575,8,1,0.86602540378443871,-0.49999999999999978,0.7818314824680298,0.62348980185873359
Kurstraße 13,2025-07-08T07:00:00Z,continuous_test,condition_b,72.5,72.5,7.3200000000000003,false,true,true,false,0.88638716198801903,9,1,0.70710678118654757,-0.70710678118654746,0.7818314824680298,0.62348980185873359
Kurstraße 13,2025-07-08T08:00:00Z,continuous_test,condition_b,73.25,,6.21,true,false,true,true,0.89461064530810763,10,1,0.49999999999999994,-0.86602540378443871,0.7818314824680298,0.62348980185873359
Kurstraße 13,2025-07-08T09:00:00Z,continuous_test,condition_b,74,74,5.0999999999999996,false,true,true,false,0.90283412862819623,11,1,0.25881904510252102,-0.9659258262890682,0.7818314824680298,0.62348980185873359
Kurstraße 13,2025-07-08T10:00:00Z,continuous_test,condition_b,77,77,7.6200000000000001,false,true,true,false,0.93476359979746826,12,1,1.2246467991473532e-16,-1,0.7818314824680298,0.62348980185873359
Kurstraße 13,2025-07-08T11:00:00Z,continuous_test,condition_b,63,63,8.3999999999999986,false,true,true,false,0.77371422408860235,13,1,-0.25881904510252079,-0.96592582628906831,0.7818314824680298,0.62348980185873359
Kurstraße 13,2025-07-08T12:00:00Z,continuous_test,condition_b,82,82,9.4000000000000004,false,true,true,false,0.98534490630758975,14,1,-0.49999999999999972,-0.86602540378443882,0.7818314824680298,0.62348980185873359
Kurstraße 13,2025-07-08T13:00:00Z,continuous_test,condition_b,96,96,6.8600000000000003,false,true,true,false,1.1122385323407415,15,1,-0.70710678118654713,-0.70710678118654791,0.7818314824680298,0.62348980185873359
Kurstraße 13,2025-07-08T14:00:00Z,continuous_test,condition_b,,,,true,false,false,false,0,16,1,-0.86602540378443849,-0.50000000000000044,0.7818314824680298,0.62348980185873359
Kurstraße 13,2025-07-08T15:00:00Z,continuous_test,condition_b,,,,true,false,false,false,0,17,1,-0.96592582628906831,-0.25881904510252063,0.7818314824680298,0.62348980185873359
Kurstraße 13,2025-07-08T16:00:00Z,continuous_test,condition_b,,,,true,false,false,false,0,18,1,-1,-1.8369701987210297e-16,0.7818314824680298,0.62348980185873359
Kurstraße 13,2025-07-08T17:00:00Z,continuous_test,condition_b,,,,true,false,false,false,0,19,1,-0.96592582628906842,0.2588190451025203,0.7818314824680298,0.62348980185873359
Kurstraße 13,2025-07-08T18:00:00Z,continuous_test,condition_b,,,,true,false,false,false,0,20,1,-0.8660254037844386,0.50000000000000011,0.7818314824680298,0.62348980185873359
Kurstraße 13,2025-07-08T19:00:00Z,continuous_test,condition_b,,,,true,false,false,false,0,21,1,-0.70710678118654768,0.70710678118654735,0.7818314824680298,0.62348980185873359
Kurstraße 13,2025-07-08T20:00:00Z,continuous_test,condition_b,,,,true,false,false,false,0,22,1,-0.50000000000000044,0.86602540378443837,0.7818314824680298,0.62348980185873359
Kurstraße 13,2025-07-08T21:00:00Z,continuous_test,condition_b,,,,true,false,false,false,0,23,1,-0.25881904510252157,0.96592582628906809,0.7818314824680298,0.62348980185873359
Kurstraße 13,2025-07-08T22:00:00Z,continuous_test,condition_b,,,,true,false,false,false,0,0,2,0,1,0.97492791218182362,-0.22252093395631434
Kurstraße 13,2025-07-08T23:00:00Z,continuous_test,condition_b,,,,true,false,false,false,0,1,2,0.25881904510252074,0.96592582628906831,0.97492791218182362,-0.22252093395631434
Kurstraße 13,2025-07-09T00:00:00Z,continuous_test,condition_b,,,,true,false,false,false,0,2,2,0.49999999999999994,0.86602540378443871,0.97492791218182362,-0.22252093395631434
Kurstraße 13,2025-07-09T01:00:00Z,continuous_test,condition_b,,,,true,false,false,false,0,3,2,0.70710678118654757,0.70710678118654757,0.97492791218182362,-0.22252093395631434
Kurstraße 13,2025-07-09T02:00:00Z,continuous_test,condition_b,,,,true,false,false,false,0,4,2,0.8660254037844386,0.50000000000000011,0.97492791218182362,-0.22252093395631434
Kurstraße 13,2025-07-09T03:00:00Z,continuous_test,condition_b,,,,true,false,false,false,0,5,2,0.96592582628906831,0.25881904510252074,0.97492791218182362,-0.22252093395631434
Kurstraße 13,2025-07-09T04:00:00Z,continuous_test,condition_b,,,,true,false,false,false,0,6,2,1,6.123233995736766e-17,0.97492791218182362,-0.22252093395631434
Kurstraße 13,2025-07-09T05:00:00Z,continuous_test,condition_b,,,,true,false,false,false,0,7,2,0.96592582628906831,-0.25881904510252063,0.97492791218182362,-0.22252093395631434
Kurstraße 13,2025-07-09T06:00:00Z,continuous_test,condition_b,,,,true,false,false,false,0,8,2,0.86602540378443871,-0.49999999999999978,0.97492791218182362,-0.22252093395631434
Kurstraße 13,2025-07-09T07:00:00Z,continuous_test,condition_b,62,62,6.5299999999999994,false,true,true,false,0.7608935314150036,9,2,0.70710678118654757,-0.70710678118654746,0.97492791218182362,-0.22252093395631434
Kurstraße 13,2025-07-09T08:00:00Z,continuous_test,condition_b,74,74,6.7199999999999998,false,true,true,false,0.90283412862819623,10,2,0.49999999999999994,-0.86602540378443871,0.97492791218182362,-0.22252093395631434
Kurstraße 13,2025-07-09T09:00:00Z,continuous_test,condition_b,61,61,8.8800000000000008,false,true,true,false,0.74786769897480598,11,2,0.25881904510252102,-0.9659258262890682,0.97492791218182362,-0.22252093395631434
Kurstraße 13,2025-07-09T10:00:00Z,continuous_test,condition_b,53,53,5.9800000000000004,false,true,true,false,0.63539990084198805,12,2,1.2246467991473532e-16,-1,0.97492791218182362,-0.22252093395631434
Kurstraße 13,2025-07-09T11:00:00Z,continuous_test,condition_b,49,49,9.0700000000000003,false,true,true,false,0.57274613586557088,13,2,-0.25881904510252079,-0.96592582628906831,0.97492791218182362,-0.22252093395631434
Kurstraße 13,2025-07-09T12:00:00Z,continuous_test,condition_b,54,54,9.0549999999999997,false,true,true,false,0.65033788250992575,14,2,-0.49999999999999972,-0.86602540378443882,0.97492791218182362,-0.22252093395631434
Kurstraße 13,2025-07-09T13:00:00Z,continuous_test,condition_b,59,,10.7925,true,false,true,true,0.71833701040843767,15,2,-0.70710678118654713,-0.70710678118654791,0.97492791218182362,-0.22252093395631434
Kurstraße 13,2025-07-09T14:00:00Z,continuous_test,condition_b,64,64,12.529999999999999,false,true,true,false,0.78633613830694948,16,2,-0.86602540378443849,-0.50000000000000044,0.97492791218182362,-0.22252093395631434
Kurstraße 13,2025-07-09T15:00:00Z,continuous_test,condition_b,79,79,5.9749999999999996,false,true,true,false,0.95537475536070926,17,2,-0.96592582628906831,-0.25881904510252063,0.97492791218182362,-0.22252093395631434
Kurstraße 13,2025-07-09T16:00:00Z,continuous_test,condition_b,54,54,5.3499999999999996,false,true,true,false,0.65033788250992575,18,2,-1,-1.8369701987210297e-16,0.97492791218182362,-0.22252093395631434
Kurstraße 13,2025-07-09T17:00:00Z,continuous_test,condition_b,30.5,30.5,7.3599999999999994,false,true,true,false,0.19660438064775793,19,2,-0.96592582628906842,0.2588190451025203,0.97492791218182362,-0.22252093395631434
Kurstraße 13,2025-07-09T18:00:00Z,continuous_test,condition_b,24.5,24.5,2.8900000000000001,false,true,true,false,0.02457824772958133,20,2,-0.8660254037844386,0.50000000000000011,0.97492791218182362,-0.22252093395631434
Kurstraße 13,2025-07-09T19:00:00Z,continuous_test,condition_b,21,21,7.2000000000000002,false,true,true,false,-0.095611799529426819,21,2,-0.70710678118654768,0.70710678118654735,0.97492791218182362,-0.22252093395631434
Kurstraße 13,2025-07-09T20:00:00Z,continuous_test,condition_b,13,13,4.2599999999999998,false,true,true,false,-0.46357160487749305,22,2,-0.50000000000000044,0.86602540378443837,0.97492791218182362,-0.22252093395631434
Kurstraße 13,2025-07-09T21:00:00Z,continuous_test,condition_b,2.5,2.5,0.58499999999999996,false,true,true,false,-1.592149906411984,23,2,-0.25881904510252157,0.96592582628906809,0.97492791218182362,-0.22252093395631434
Kurstraße 13,2025-07-09T22:00:00Z,continuous_test,condition_b,,,,true,false,false,false,0,0,3,0,1,0.43388373911755823,-0.90096886790241903
Kurstraße 13,2025-07-09T23:00:00Z,continuous_test,condition_b,,,,true,false,false,false,0,1,3,0.25881904510252074,0.96592582628906831,0.43388373911755823,-0.90096886790241903
Kurstraße 13,2025-07-10T00:00:00Z,continuous_test,condition_b,,,,true,false,false,false,0,2,3,0.49999999999999994,0.86602540378443871,0.43388373911755823,-0.90096886790241903
Kurstraße 13,2025-07-10T01:00:00Z,continuous_test,condition_b,,,,true,false,false,false,0,3,3,0.70710678118654757,0.70710678118654757,0.43388373911755823,-0.90096886790241903
Kurstraße 13,2025-07-10T02:00:00Z,continuous_test,condition_b,,,,true,false,false,false,0,4,3,0.8660254037844386,0.50000000000000011,0.43388373911755823,-0.90096886790241903
Kurstraße 13,2025-07-10T03:00:00Z,continuous_test,condition_b,,,,true,false,false,false,0,5,3,0.96592582628906831,0.25881904510252074,0.43388373911755823,-0.90096886790241903
Kurstraße 13,2025-07-10T04:00:00Z,continuous_test,condition_b,,,,true,false,false,false,0,6,3,1,6.123233995736766e-17,0.43388373911755823,-0.90096886790241903
Kurstraße 13,2025-07-10T05:00:00Z,continuous_test,condition_b,,,,true,false,false,false,0,7,3,0.96592582628906831,-0.25881904510252063,0.43388373911755823,-0.90096886790241903
Kurstraße 13,2025-07-10T06:00:00Z,continuous_test,condition_b,,,,true,false,false,false,0,8,3,0.86602540378443871,-0.49999999999999978,0.43388373911755823,-0.90096886790241903
Kurstraße 13,2025-07-10T07:00:00Z,continuous_test,condition_b,65,65,8.0549999999999997,false,true,true,false,0.79876534400044374,9,3,0.70710678118654757,-0.70710678118654746,0.43388373911755823,-0.90096886790241903
Kurstraße 13,2025-07-10T08:00:00Z,continuous_test,condition_b,55,55,6.5800000000000001,false,true,true,false,0.66500669665699852,10,3,0.49999999999999994,-0.86602540378443871,0.43388373911755823,-0.90096886790241903
Kurstraße 13,2025-07-10T09:00:00Z,continuous_test,condition_b,75,75,7.4849999999999994,false,true,true,false,0.91361703010151829,11,3,0.25881904510252102,-0.9659258262890682,0.43388373911755823,-0.90096886790241903
Kurstraße 13,2025-07-10T10:00:00Z,continuous_test,condition_b,66.5,66.5,7.3099999999999996,false,true,true,false,0.81706043211409496,12,3,1.2246467991473532e-16,-1,0.43388373911755823,-0.90096886790241903
Kurstraße 13,2025-07-10T11:00:00Z,continuous_test,condition_b,62,62,7.6550000000000002,false,true,true,false,0.7608935314150036,13,3,-0.25881904510252079,-0.96592582628906831,0.43388373911755823,-0.90096886790241903
Kurstraße 13,2025-07-10T12:00:00Z,continuous_test,condition_b,69.5,69.5,3.9049999999999998,false,true,true,false,0.85246153822213855,14,3,-0.49999999999999972,-0.86602540378443882,0.43388373911755823,-0.90096886790241903
Kurstraße 13,2025-07-10T13:00:00Z,continuous_test,condition_b,61,61,8.1500000000000004,false,true,true,false,0.74786769897480598,15,3,-0.70710678118654713,-0.70710678118654791,0.43388373911755823,-0.90096886790241903
Kurstraße 13,2025-07-10T14:00:00Z,continuous_test,condition_b,77,77,8.3100000000000005,false,true,true,false,0.93476359979746826,16,3,-0.86602540378443849,-0.50000000000000044,0.43388373911755823,-0.90096886790241903
Kurstraße 13,2025-07-10T15:00:00Z,continuous_test,condition_b,97,97,8.0300000000000011,false,true,true,false,1.1205883199926396,17,3,-0.96592582628906831,-0.25881904510252063,0.43388373911755823,-0.90096886790241903
Kurstraße 13,2025-07-10T16:00:00Z,continuous_test,condition_b,91.5,91.5,9.3650000000000002,false,true,true,false,1.0735670171768112,18,3,-1,-1.8369701987210297e-16,0.43388373911755823,-0.90096886790241903
Kurstraße 13,2025-07-10T17:00:00Z,continuous_test,condition_b,72.5,72.5,6.0899999999999999,false,true,true,false,0.88638716198801903,19,3,-0.96592582628906842,0.2588190451025203,0.43388373911755823,-0.90096886790241903
Kurstraße 13,2025-07-10T18:00:00Z,continuous_test,condition_b,39.5,39.5,7.5750000000000002,false,true,true,false,0.40119874283736778,20,3,-0.8660254037844386,0.50000000000000011,0.43388373911755823,-0.90096886790241903
Kurstraße 13,2025-07-10T19:00:00Z,continuous_test,condition_b,36,36,6.6600000000000001,false,true,true,false,0.32761733513745844,21,3,-0.70710678118654768,0.70710678118654735,0.43388373911755823,-0.90096886790241903
Kurstraße 13,2025-07-10T20:00:00Z,continuous_test,condition_b,18,18,4.96,false,true,true,false,-0.21496127143297294,22,3,-0.50000000000000044,0.86602540378443837,0.43388373911755823,-0.90096886790241903
Kurstraße 13,2025-07-10T21:00:00Z,continuous_test,condition_b,2,2,6.0800000000000001,false,true,true,false,-1.7176435369849994,23,3,-0.25881904510252157,0.96592582628906809,0.43388373911755823,-0.90096886790241903
Kurstraße 13,2025-07-10T22:00:00Z,continuous_test,condition_b,4,,10.380000000000001,true,false,true,true,-1.3727521463148689,0,4,0,1,-0.43388373911755801,-0.90096886790241915
Kurstraße 13,2025-07-10T23:00:00Z,continuous_test,condition_b,6,6,14.68,false,true,true,false,-1.0278607556447386,1,4,0.25881904510252074,0.96592582628906831,-0.43388373911755801,-0.90096886790241915
Kurstraße 13,2025-07-11T00:00:00Z,continuous_test,condition_b,3.25,,10.0725,true,false,true,true,-1.654896721698492,2,4,0.49999999999999994,0.86602540378443871,-0.43388373911755801,-0.90096886790241915
Kurstraße 13,2025-07-11T01:00:00Z,continuous_test,condition_b,0.5,0.5,5.4649999999999999,false,true,true,false,-2.2819326877522452,3,4,0.70710678118654757,0.70710678118654757,-0.43388373911755801,-0.90096886790241915
Kurstraße 13,2025-07-11T02:00:00Z,continuous_test,condition_b,7,7,8.9299999999999997,false,true,true,false,-0.91915322821313417,4,4,0.8660254037844386,0.50000000000000011,-0.43388373911755801,-0.90096886790241915
Kurstraße 13,2025-07-11T03:00:00Z,continuous_test,condition_b,7,7,2.585,false,true,true,false,-0.91915322821313417,5,4,0.96592582628906831,0.25881904510252074,-0.43388373911755801,-0.90096886790241915
Kurstraße 13,2025-07-11T04:00:00Z,continuous_test,condition_b,16,16,9.6400000000000006,false,true,true,false,-0.30550974503304396,6,4,1,6.123233995736766e-17,-0.43388373911755801,-0.90096886790241915
Kurstraße 13,2025-07-11T05:00:00Z,continuous_test,condition_b,37,37,6.8900000000000006,false,true,true,false,0.34932787933427267,7,4,0.96592582628906831,-0.25881904510252063,-0.43388373911755801,-0.90096886790241915
Kurstraße 13,2025-07-11T06:00:00Z,continuous_test,condition_b,34,34,4.6399999999999997,false,true,true,false,0.28237807716185948,8,4,0.86602540378443871,-0.49999999999999978,-0.43388373911755801,-0.90096886790241915
Kurstraße 13,2025-07-11T07:00:00Z,continuous_test,condition_b,,,,true,false,false,false,0,9,4,0.70710678118654757,-0.70710678118654746,-0.43388373911755801,-0.90096886790241915
Kurstraße 13,2025-07-11T08:00:00Z,continuous_test,condition_b,,,,true,false,false,false,0,10,4,0.49999999999999994,-0.86602540378443871,-0.43388373911755801,-0.90096886790241915
Kurstraße 13,2025-07-11T09:00:00Z,continuous_test,condition_b,,,,true,false,false,false,0,11,4,0.25881904510252102,-0.9659258262890682,-0.43388373911755801,-0.90096886790241915
Kurstraße 13,2025-07-11T10:00:00Z,continuous_test,condition_b,,,,true,false,false,false,0,12,4,1.2246467991473532e-16,-1,-0.43388373911755801,-0.90096886790241915
Kurstraße 13,2025-07-11T11:00:00Z,continuous_test,condition_b,,,,true,false,false,false,0,13,4,-0.25881904510252079,-0.96592582628906831,-0.43388373911755801,-0.90096886790241915
Kurstraße 13,2025-07-11T12:00:00Z,continuous_test,condition_b,,,,true,false,false,false,0,14,4,-0.49999999999999972,-0.86602540378443882,-0.43388373911755801,-0.90096886790241915
Kurstraße 13,2025-07-11T13:00:00Z,continuous_test,condition_b,,,,true,false,false,false,0,15,4,-0.70710678118654713,-0.70710678118654791,-0.43388373911755801,-0.90096886790241915
Kurstraße 13,2025-07-11T14:00:00Z,continuous_test,condition_b,,,,true,false,false,false,0,16,4,-0.86602540378443849,-0.50000000000000044,-0.43388373911755801,-0.90096886790241915
Kurstraße 13,2025-07-11T15:00:00Z,continuous_test,condition_b,,,,true,false,false,false,0,17,4,-0.96592582628906831,-0.25881904510252063,-0.43388373911755801,-0.90096886790241915
Kurstraße 13,2025-07-11T16:00:00Z,continuous_test,condition_b,,,,true,false,false,false,0,18,4,-1,-1.8369701987210297e-16,-0.43388373911755801,-0.90096886790241915
Kurstraße 13,2025-07-11T17:00:00Z,continuous_test,condition_b,41,41,8.7699999999999996,false,true,true,false,0.43080553865237825,19,4,-0.96592582628906842,0.2588190451025203,-0.43388373911755801,-0.90096886790241915
Kurstraße 13,2025-07-11T18:00:00Z,continuous_test,condition_b,32,,9.0350000000000001,true,false,true,true,0.20301472698455769,20,4,-0.8660254037844386,0.50000000000000011,-0.43388373911755801,-0.90096886790241915
Kurstraße 13,2025-07-11T19:00:00Z,continuous_test,condition_b,23,23,9.3000000000000007,false,true,true,false,-0.024776084683262891,21,4,-0.70710678118654768,0.70710678118654735,-0.43388373911755801,-0.90096886790241915
Kurstraße 13,2025-07-11T20:00:00Z,continuous_test,condition_b,26.5,26.5,3.2250000000000001,false,true,true,false,0.086048731742680087,22,4,-0.50000000000000044,0.86602540378443837,-0.43388373911755801,-0.90096886790241915
Kurstraße 13,2025-07-11T21:00:00Z,continuous_test,condition_b,4,4,2.3199999999999998,false,true,true,false,-1.3017818477082728,23,4,-0.25881904510252157,0.96592582628906809,-0.43388373911755801,-0.90096886790241915
Kurstraße 13,2025-07-11T22:00:00Z,continuous_test,condition_b,5.5,,1.6399999999999999,true,false,true,true,-1.1104675379607034,0,5,0,1,-0.97492791218182362,-0.22252093395631459
Kurstraße 13,2025-07-11T23:00:00Z,continuous_test,condition_b,7,7,0.95999999999999996,false,true,true,false,-0.91915322821313417,1,5,0.25881904510252074,0.96592582628906831,-0.97492791218182362,-0.22252093395631459
Kurstraße 13,2025-07-12T00:00:00Z,continuous_test,condition_b,,,,true,false,false,false,0,2,5,0.49999999999999994,0.86602540378443871,-0.97492791218182362,-0.22252093395631459
Kurstraße 13,2025-07-12T01:00:00Z,continuous_test,condition_b,,,,true,false,false,false,0,3,5,0.70710678118654757,0.70710678118654757,-0.97492791218182362,-0.22252093395631459
Kurstraße 13,2025-07-12T02:00:00Z,continuous_test,condition_b,,,,true,false,false,false,0,4,5,0.8660254037844386,0.50000000000000011,-0.97492791218182362,-0.22252093395631459
Kurstraße 13,2025-07-12T03:00:00Z,continuous_test,condition_b,,,,true,false,false,false,0,5,5,0.96592582628906831,0.25881904510252074,-0.97492791218182362,-0.22252093395631459
Kurstraße 13,2025-07-12T04:00:00Z,continuous_test,condition_b,,,,true,false,false,false,0,6,5,1,6.123233995736766e-17,-0.97492791218182362,-0.22252093395631459
Kurstraße 13,2025-07-12T05:00:00Z,continuous_test,condition_b,,,,true,false,false,false,0,7,5,0.96592582628906831,-0.25881904510252063,-0.97492791218182362,-0.22252093395631459
Kurstraße 13,2025-07-12T06:00:00Z,continuous_test,condition_b,20,20,3.4199999999999999,false,true,true,false,-0.13348361211486739,8,5,0.86602540378443871,-0.49999999999999978,-0.97492791218182362,-0.22252093395631459
Kurstraße 13,2025-07-12T07:00:00Z,continuous_test,condition_b,55,55,7.6900000000000004,false,true,true,false,0.66500669665699852,9,5,0.70710678118654757,-0.70710678118654746,-0.97492791218182362,-0.22252093395631459
Kurstraße 13,2025-07-12T08:00:00Z,continuous_test,condition_b,67,,8.4716666666666676,true,false,true,true,0.79972264965334983,10,5,0.49999999999999994,-0.86602540378443871,-0.97492791218182362,-0.22252093395631459
Kurstraße 13,2025-07-12T09:00:00Z,continuous_test,condition_b,79,,9.2533333333333339,true,false,true,true,0.93443860264970113,11,5,0.25881904510252102,-0.9659258262890682,-0.97492791218182362,-0.22252093395631459
Kurstraße 13,2025-07-12T10:00:00Z,continuous_test,condition_b,91,91,10.035,false,true,true,false,1.0691545556460524,12,5,1.2246467991473532e-16,-1,-0.97492791218182362,-0.22252093395631459
Kurstraße 13,2025-07-12T11:00:00Z,continuous_test,condition_b,89,89,6.8599999999999994,false,true,true,false,1.051261590118715,13,5,-0.25881904510252079,-0.96592582628906831,-0.97492791218182362,-0.22252093395631459
Kurstraße 13,2025-07-12T12:00:00Z,continuous_test,condition_b,65.5,65.5,12,false,true,true,false,0.80490950266991379,14,5,-0.49999999999999972,-0.86602540378443882,-0.97492791218182362,-0.22252093395631459
Kurstraße 13,2025-07-12T13:00:00Z,continuous_test,condition_b,96,96,7.6549999999999994,false,true,true,false,1.1122385323407415,15,5,-0.70710678118654713,-0.70710678118654791,-0.97492791218182362,-0.22252093395631459
Kurstraße 13,2025-07-12T14:00:00Z,continuous_test,condition_b,76.5,76.5,5.2300000000000004,false,true,true,false,0.92952823024691289,16,5,-0.86602540378443849,-0.50000000000000044,-0.97492791218182362,-0.22252093395631459
Kurstraße 13,2025-07-12T15:00:00Z,continuous_test,condition_b,65,65,7.0499999999999998,false,true,true,false,0.79876534400044374,17,5,-0.96592582628906831,-0.25881904510252063,-0.97492791218182362,-0.22252093395631459
Kurstraße 13,2025-07-12T16:00:00Z,continuous_test,condition_b,64.5,64.5,4.7249999999999996,false,true,true,false,0.79257446124226316,18,5,-1,-1.8369701987210297e-16,-0.97492791218182362,-0.22252093395631459
Kurstraße 13,2025-07-12T17:00:00Z,continuous_test,condition_b,35.5,35.5,5.6349999999999998,false,true,true,false,0.31654101244652916,19,5,-0.96592582628906842,0.2588190451025203,-0.97492791218182362,-0.22252093395631459
Kurstraße 13,2025-07-12T18:00:00Z,continuous_test,condition_b,32,32,6.085,false,true,true,false,0.23447619323319849,20,5,-0.8660254037844386,0.50000000000000011,-0.97492791218182362,-0.22252093395631459
Kurstraße 13,2025-07-12T19:00:00Z,continuous_test,condition_b,26,26,4.21,false,true,true,false,0.071110750074742463,21,5,-0.70710678118654768,0.70710678118654735,-0.97492791218182362,-0.22252093395631459
Kurstraße 13,2025-07-12T20:00:00Z,continuous_test,condition_b,11,11,3.2749999999999999,false,true,true,false,-0.58906523545050848,22,5,-0.50000000000000044,0.86602540378443837,-0.97492791218182362,-0.22252093395631459
Kurstraße 13,2025-07-12T21:00:00Z,continuous_test,condition_b,6,6,0.55500000000000005,false,true,true,false,-1.0278607556447386,23,5,-0.25881904510252157,0.96592582628906809,-0.97492791218182362,-0.22252093395631459
Kurstraße 13,2025-07-12T22:00:00Z,continuous_test,condition_b,23,23,15.199999999999999,false,true,true,false,-0.024776084683262891,0,6,0,1,-0.78183148246802991,0.62348980185873337
Kurstraße 13,2025-07-12T23:00:00Z,continuous_test,condition_b,4,4,7.8250000000000002,false,true,true,false,-1.3017818477082728,1,6,0.25881904510252074,0.96592582628906831,-0.78183148246802991,0.62348980185873337
Kurstraße 13,2025-07-13T00:00:00Z,continuous_test,condition_b,3,3,1.3799999999999999,false,true,true,false,-1.4834423789803797,2,6,0.49999999999999994,0.86602540378443871,-0.78183148246802991,0.62348980185873337
Kurstraße 13,2025-07-13T01:00:00Z,continuous_test,condition_b,3,3,39.409999999999997,false,true,true,false,-1.4834423789803797,3,6,0.70710678118654757,0.70710678118654757,-0.78183148246802991,0.62348980185873337
Kurstraße 13,2025-07-13T02:00:00Z,continuous_test,condition_b,1.5,,19.704999999999998,true,false,true,true,-2.0477315297476251,4,6,0.8660254037844386,0.50000000000000011,-0.78183148246802991,0.62348980185873337
Kurstraße 13,2025-07-13T03:00:00Z,continuous_test,condition_b,0,0,0,false,true,true,false,-2.6120206805148709,5,6,0.96592582628906831,0.25881904510252074,-0.78183148246802991,0.62348980185873337
Kurstraße 13,2025-07-13T04:00:00Z,continuous_test,condition_b,,,,true,false,false,false,0,6,6,1,6.123233995736766e-17,-0.78183148246802991,0.62348980185873337
Kurstraße 13,2025-07-13T05:00:00Z,continuous_test,condition_b,,,,true,false,false,false,0,7,6,0.96592582628906831,-0.25881904510252063,-0.78183148246802991,0.62348980185873337
Kurstraße 13,2025-07-13T06:00:00Z,continuous_test,condition_b,,,,true,false,false,false,0,8,6,0.86602540378443871,-0.49999999999999978,-0.78183148246802991,0.62348980185873337
Kurstraße 13,2025-07-13T07:00:00Z,continuous_test,condition_b,,,,true,false,false,false,0,9,6,0.70710678118654757,-0.70710678118654746,-0.78183148246802991,0.62348980185873337
Kurstraße 13,2025-07-13T08:00:00Z,continuous_test,condition_b,,,,true,false,false,false,0,10,6,0.49999999999999994,-0.86602540378443871,-0.78183148246802991,0.62348980185873337
Kurstraße 13,2025-07-13T09:00:00Z,continuous_test,condition_b,,,,true,false,false,false,0,11,6,0.25881904510252102,-0.9659258262890682,-0.78183148246802991,0.62348980185873337
Kurstraße 13,2025-07-13T10:00:00Z,continuous_test,condition_b,,,,true,false,false,false,0,12,6,1.2246467991473532e-16,-1,-0.78183148246802991,0.62348980185873337
Kurstraße 13,2025-07-13T11:00:00Z,continuous_test,condition_b,,,,true,false,false,false,0,13,6,-0.25881904510252079,-0.96592582628906831,-0.78183148246802991,0.62348980185873337
Kurstraße 13,2025-07-13T12:00:00Z,continuous_test,condition_b,,,,true,false,false,false,0,14,6,-0.49999999999999972,-0.86602540378443882,-0.78183148246802991,0.62348980185873337
Kurstraße 13,2025-07-13T13:00:00Z,continuous_test,condition_b,,,,true,false,false,false,0,15,6,-0.70710678118654713,-0.70710678118654791,-0.78183148246802991,0.62348980185873337
Kurstraße 13,2025-07-13T14:00:00Z,continuous_test,condition_b,,,,true,false,false,false,0,16,6,-0.86602540378443849,-0.50000000000000044,-0.78183148246802991,0.62348980185873337
Kurstraße 13,2025-07-13T15:00:00Z,continuous_test,condition_b,,,,true,false,false,false,0,17,6,-0.96592582628906831,-0.25881904510252063,-0.78183148246802991,0.62348980185873337
Kurstraße 13,2025-07-13T16:00:00Z,continuous_test,condition_b,,,,true,false,false,false,0,18,6,-1,-1.8369701987210297e-16,-0.78183148246802991,0.62348980185873337
Kurstraße 13,2025-07-13T17:00:00Z,continuous_test,condition_b,,,,true,false,false,false,0,19,6,-0.96592582628906842,0.2588190451025203,-0.78183148246802991,0.62348980185873337
Kurstraße 13,2025-07-13T18:00:00Z,continuous_test,condition_b,,,,true,false,false,false,0,20,6,-0.8660254037844386,0.50000000000000011,-0.78183148246802991,0.62348980185873337
Kurstraße 13,2025-07-13T19:00:00Z,continuous_test,condition_b,,,,true,false,false,false,0,21,6,-0.70710678118654768,0.70710678118654735,-0.78183148246802991,0.62348980185873337
Kurstraße 13,2025-07-13T20:00:00Z,continuous_test,condition_b,,,,true,false,false,false,0,22,6,-0.50000000000000044,0.86602540378443837,-0.78183148246802991,0.62348980185873337
Kurstraße 13,2025-07-13T21:00:00Z,continuous_test,condition_b,1,1,0.22500000000000001,false,true,true,false,-2.0477315297476251,23,6,-0.25881904510252157,0.96592582628906809,-0.78183148246802991,0.62348980185873337
Kurstraße 13,2025-07-13T22:00:00Z,continuous_test,condition_b,2,,5.2725,true,false,true,true,-1.7655869543640024,0,0,0,1,0,1
Kurstraße 13,2025-07-13T23:00:00Z,continuous_test,condition_b,3,3,10.32,false,true,true,false,-1.4834423789803797,1,0,0.25881904510252074,0.96592582628906831,0,1
Kurstraße 7,2025-07-08T00:00:00Z,continuous_test,condition_b,1,1,7.5999999999999996,false,true,true,false,-2.3467406022652044,2,1,0.49999999999999994,0.86602540378443871,0.7818314824680298,0.62348980185873359
Kurstraße 7,2025-07-08T01:00:00Z,continuous_test,condition_b,1,1,5.3799999999999999,false,true,true,false,-2.3467406022652044,3,1,0.70710678118654757,0.70710678118654757,0.7818314824680298,0.62348980185873359
Kurstraße 7,2025-07-08T02:00:00Z,continuous_test,condition_b,5,5,3.6299999999999999,false,true,true,false,-1.5228806034181925,4,1,0.8660254037844386,0.50000000000000011,0.7818314824680298,0.62348980185873359
Kurstraße 7,2025-07-08T03:00:00Z,continuous_test,condition_b,27,,6.4666666666666668,true,false,true,true,-0.90172874643590428,5,1,0.96592582628906831,0.25881904510252074,0.7818314824680298,0.62348980185873359
Kurstraße 7,2025-07-08T04:00:00Z,continuous_test,condition_b,49,,9.3033333333333363,true,false,true,true,-0.28057688945361603,6,1,1,6.123233995736766e-17,0.7818314824680298,0.62348980185873359
Kurstraße 7,2025-07-08T05:00:00Z,continuous_test,condition_b,71,71,12.140000000000001,false,true,true,false,0.34057496752867222,7,1,0.96592582628906831,-0.25881904510252063,0.7818314824680298,0.62348980185873359
Kurstraße 7,2025-07-08T06:00:00Z,continuous_test,condition_b,73,73,15.07,false,true,true,false,0.36112172371906187,8,1,0.86602540378443871,-0.49999999999999978,0.7818314824680298,0.62348980185873359
Kurstraße 7,2025-07-08T07:00:00Z,continuous_test,condition_b,112.5,112.5,13.579999999999998,false,true,true,false,0.68188640174116122,9,1,0.70710678118654757,-0.70710678118654746,0.7818314824680298,0.62348980185873359
Kurstraße 7,2025-07-08T08:00:00Z,continuous_test,condition_b,130.25,,11.855,true,false,true,true,0.78392791374179249,10,1,0.49999999999999994,-0.86602540378443871,0.7818314824680298,0.62348980185873359
Kurstraße 7,2025-07-08T09:00:00Z,continuous_test,condition_b,148,148,10.130000000000001,false,true,true,false,0.88596942574242377,11,1,0.25881904510252102,-0.9659258262890682,0.7818314824680298,0.62348980185873359
Kurstraße 7,2025-07-08T10:00:00Z,continuous_test,condition_b,145.5,145.5,7.1699999999999999,false,true,true,false,0.87328029578108657,12,1,1.2246467991473532e-16,-1,0.7818314824680298,0.62348980185873359
Kurstraße 7,2025-07-08T11:00:00Z,continuous_test,condition_b,138,138,9.8499999999999996,false,true,true,false,0.83387142030643635,13,1,-0.25881904510252079,-0.96592582628906831,0.7818314824680298,0.62348980185873359
Kurstraße 7,2025-07-08T12:00:00Z,continuous_test,condition_b,183,183,13.92,false,true,true,false,1.0441924596527585,14,1,-0.49999999999999972,-0.86602540378443882,0.7818314824680298,0.62348980185873359
Kurstraße 7,2025-07-08T13:00:00Z,continuous_test,condition_b,196,196,9.3699999999999992,false,true,true,false,1.0953872725961071,15,1,-0.70710678118654713,-0.70710678118654791,0.7818314824680298,0.62348980185873359
Kurstraße 7,2025-07-08T14:00:00Z,continuous_test,condition_b,,,,true,false,false,false,0,16,1,-0.86602540378443849,-0.50000000000000044,0.7818314824680298,0.62348980185873359
Kurstraße 7,2025-07-08T15:00:00Z,continuous_test,condition_b,,,,true,false,false,false,0,17,1,-0.96592582628906831,-0.25881904510252063,0.7818314824680298,0.62348980185873359
Kurstraße 7,2025-07-08T16:00:00Z,continuous_test,condition_b,,,,true,false,false,false,0,18,1,-1,-1.8369701987210297e-16,0.7818314824680298,0.62348980185873359
Kurstraße 7,2025-07-08T17:00:00Z,continuous_test,condition_b,,,,true,false,false,false,0,19,1,-0.96592582628906842,0.2588190451025203,0.7818314824680298,0.62348980185873359
Kurstraße 7,2025-07-08T18:00:00Z,continuous_test,condition_b,,,,true,false,false,false,0,20,1,-0.8660254037844386,0.50000000000000011,0.7818314824680298,0.62348980185873359
Kurstraße 7,2025-07-08T19:00:00Z,continuous_test,condition_b,,,,true,false,false,false,0,21,1,-0.70710678118654768,0.70710678118654735,0.7818314824680298,0.62348980185873359
Kurstraße 7,2025-07-08T20:00:00Z,continuous_test,condition_b,,,,true,false,false,false,0,22,1,-0.50000000000000044,0.86602540378443837,0.7818314824680298,0.62348980185873359
Kurstraße 7,2025-07-08T21:00:00Z,continuous_test,condition_b,,,,true,false,false,false,0,23,1,-0.25881904510252157,0.96592582628906809,0.7818314824680298,0.62348980185873359
Kurstraße 7,2025-07-08T22:00:00Z,continuous_test,condition_b,,,,true,false,false,false,0,0,2,0,1,0.97492791218182362,-0.22252093395631434
Kurstraße 7,2025-07-08T23:00:00Z,continuous_test,condition_b,,,,true,false,false,false,0,1,2,0.25881904510252074,0.96592582628906831,0.97492791218182362,-0.22252093395631434
Kurstraße 7,2025-07-09T00:00:00Z,continuous_test,condition_b,,,,true,false,false,false,0,2,2,0.49999999999999994,0.86602540378443871,0.97492791218182362,-0.22252093395631434
Kurstraße 7,2025-07-09T01:00:00Z,continuous_test,condition_b,,,,true,false,false,false,0,3,2,0.70710678118654757,0.70710678118654757,0.97492791218182362,-0.22252093395631434
Kurstraße 7,2025-07-09T02:00:00Z,continuous_test,condition_b,,,,true,false,false,false,0,4,2,0.8660254037844386,0.50000000000000011,0.97492791218182362,-0.22252093395631434
Kurstraße 7,2025-07-09T03:00:00Z,continuous_test,condition_b,,,,true,false,false,false,0,5,2,0.96592582628906831,0.25881904510252074,0.97492791218182362,-0.22252093395631434
Kurstraße 7,2025-07-09T04:00:00Z,continuous_test,condition_b,,,,true,false,false,false,0,6,2,1,6.123233995736766e-17,0.97492791218182362,-0.22252093395631434
Kurstraße 7,2025-07-09T05:00:00Z,continuous_test,condition_b,,,,true,false,false,false,0,7,2,0.96592582628906831,-0.25881904510252063,0.97492791218182362,-0.22252093395631434
Kurstraße 7,2025-07-09T06:00:00Z,continuous_test,condition_b,,,,true,false,false,false,0,8,2,0.86602540378443871,-0.49999999999999978,0.97492791218182362,-0.22252093395631434
Kurstraße 7,2025-07-09T07:00:00Z,continuous_test,condition_b,120,120,10.195,false,true,true,false,0.72987140440243037,9,2,0.70710678118654757,-0.70710678118654746,0.97492791218182362,-0.22252093395631434
Kurstraße 7,2025-07-09T08:00:00Z,continuous_test,condition_b,146,146,9.8200000000000003,false,true,true,false,0.87583535681569358,10,2,0.49999999999999994,-0.86602540378443871,0.97492791218182362,-0.22252093395631434
Kurstraße 7,2025-07-09T09:00:00Z,continuous_test,condition_b,119,119,9.8200000000000003,false,true,true,false,0.72364805177123459,11,2,0.25881904510252102,-0.9659258262890682,0.97492791218182362,-0.22252093395631434
Kurstraße 7,2025-07-09T10:00:00Z,continuous_test,condition_b,117,117,8.9900000000000002,false,true,true,false,0.71104423091506896,12,2,1.2246467991473532e-16,-1,0.97492791218182362,-0.22252093395631434
Kurstraße 7,2025-07-09T11:00:00Z,continuous_test,condition_b,129,129,9.4000000000000004,false,true,true,false,0.78367285372532336,13,2,-0.25881904510252079,-0.96592582628906831,0.97492791218182362,-0.22252093395631434
Kurstraße 7,2025-07-09T12:00:00Z,continuous_test,condition_b,151,151,9.2949999999999999,false,true,true,false,0.90091828662319329,14,2,-0.49999999999999972,-0.86602540378443882,0.97492791218182362,-0.22252093395631434
Kurstraße 7,2025-07-09T13:00:00Z,continuous_test,condition_b,154.5,,11.2075,true,false,true,true,0.91780013405355676,15,2,-0.70710678118654713,-0.70710678118654791,0.97492791218182362,-0.22252093395631434
Kurstraße 7,2025-07-09T14:00:00Z,continuous_test,condition_b,158,158,13.119999999999999,false,true,true,false,0.93468198148392023,16,2,-0.86602540378443849,-0.50000000000000044,0.97492791218182362,-0.22252093395631434
Kurstraße 7,2025-07-09T15:00:00Z,continuous_test,condition_b,163.5,163.5,11.395,false,true,true,false,0.96018368629648809,17,2,-0.96592582628906831,-0.25881904510252063,0.97492791218182362,-0.22252093395631434
Kurstraße 7,2025-07-09T16:00:00Z,continuous_test,condition_b,113.5,113.5,8.9800000000000004,false,true,true,false,0.68846459908193092,18,2,-1,-1.8369701987210297e-16,0.97492791218182362,-0.22252093395631434
Kurstraße 7,2025-07-09T17:00:00Z,continuous_test,condition_b,87,87,8.4900000000000002,false,true,true,false,0.49105986619342923,19,2,-0.96592582628906842,0.2588190451025203,0.97492791218182362,-0.22252093395631434
Kurstraße 7,2025-07-09T18:00:00Z,continuous_test,condition_b,70,70,7.6299999999999999,false,true,true,false,0.33008654917031521,20,2,-0.8660254037844386,0.50000000000000011,0.97492791218182362,-0.22252093395631434
Kurstraße 7,2025-07-09T19:00:00Z,continuous_test,condition_b,41,41,8.4000000000000004,false,true,true,false,-0.063623730276286095,21,2,-0.70710678118654768,0.70710678118654735,0.97492791218182362,-0.22252093395631434
Kurstraße 7,2025-07-09T20:00:00Z,continuous_test,condition_b,26.5,26.5,3.2850000000000001,false,true,true,false,-0.38119819491670226,22,2,-0.50000000000000044,0.86602540378443837,0.97492791218182362,-0.22252093395631434
Kurstraße 7,2025-07-09T21:00:00Z,continuous_test,condition_b,4.5,4.5,1.8700000000000001,false,true,true,false,-1.5881312780062768,23,2,-0.25881904510252157,0.96592582628906809,0.97492791218182362,-0.22252093395631434
Kurstraße 7,2025-07-09T22:00:00Z,continuous_test,condition_b,,,,true,false,false,false,0,0,3,0,1,0.43388373911755823,-0.90096886790241903
Kurstraße 7,2025-07-09T23:00:00Z,continuous_test,condition_b,,,,true,false,false,false,0,1,3,0.25881904510252074,0.96592582628906831,0.43388373911755823,-0.90096886790241903
Kurstraße 7,2025-07-10T00:00:00Z,continuous_test,condition_b,,,,true,false,false,false,0,2,3,0.49999999999999994,0.86602540378443871,0.43388373911755823,-0.90096886790241903
Kurstraße 7,2025-07-10T01:00:00Z,continuous_test,condition_b,,,,true,false,false,false,0,3,3,0.70710678118654757,0.70710678118654757,0.43388373911755823,-0.90096886790241903
Kurstraße 7,2025-07-10T02:00:00Z,continuous_test,condition_b,,,,true,false,false,false,0,4,3,0.8660254037844386,0.50000000000000011,0.43388373911755823,-0.90096886790241903
Kurstraße 7,2025-07-10T03:00:00Z,continuous_test,condition_b,,,,true,false,false,false,0,5,3,0.96592582628906831,0.25881904510252074,0.43388373911755823,-0.90096886790241903
Kurstraße 7,2025-07-10T04:00:00Z,continuous_test,condition_b,,,,true,false,false,false,0,6,3,1,6.123233995736766e-17,0.43388373911755823,-0.90096886790241903
Kurstraße 7,2025-07-10T05:00:00Z,continuous_test,condition_b,,,,true,false,false,false,0,7,3,0.96592582628906831,-0.25881904510252063,0.43388373911755823,-0.90096886790241903
Kurstraße 7,2025-07-10T06:00:00Z,continuous_test,condition_b,,,,true,false,false,false,0,8,3,0.86602540378443871,-0.49999999999999978,0.43388373911755823,-0.90096886790241903
Kurstraße 7,2025-07-10T07:00:00Z,continuous_test,condition_b,91.5,91.5,13.57,false,true,true,false,0.52845923470878342,9,3,0.70710678118654757,-0.70710678118654746,0.43388373911755823,-0.90096886790241903
Kurstraße 7,2025-07-10T08:00:00Z,continuous_test,condition_b,128.5,128.5,8.5399999999999991,false,true,true,false,0.78078302476111539,10,3,0.49999999999999994,-0.86602540378443871,0.43388373911755823,-0.90096886790241903
Kurstraße 7,2025-07-10T09:00:00Z,continuous_test,condition_b,131,131,9.9199999999999999,false,true,true,false,0.79512207899051424,11,3,0.25881904510252102,-0.9659258262890682,0.43388373911755823,-0.90096886790241903
Kurstraße 7,2025-07-10T10:00:00Z,continuous_test,condition_b,153,153,9.9649999999999999,false,true,true,false,0.9107211672354828,12,3,1.2246467991473532e-16,-1,0.43388373911755823,-0.90096886790241903
Kurstraße 7,2025-07-10T11:00:00Z,continuous_test,condition_b,176.5,176.5,9.7799999999999994,false,true,true,false,1.0172218462099634,13,3,-0.25881904510252079,-0.96592582628906831,0.43388373911755823,-0.90096886790241903
Kurstraße 7,2025-07-10T12:00:00Z,continuous_test,condition_b,114.5,114.5,7.8700000000000001,false,true,true,false,0.69498559398264126,14,3,-0.49999999999999972,-0.86602540378443882,0.43388373911755823,-0.90096886790241903
Kurstraße 7,2025-07-10T13:00:00Z,continuous_test,condition_b,182,182,12.164999999999999,false,true,true,false,1.0401057482407048,15,3,-0.70710678118654713,-0.70710678118654791,0.43388373911755823,-0.90096886790241903
Kurstraße 7,2025-07-10T14:00:00Z,continuous_test,condition_b,166.5,166.5,10.955,false,true,true,false,0.97373663990585757,16,3,-0.86602540378443849,-0.50000000000000044,0.43388373911755823,-0.90096886790241903
Kurstraße 7,2025-07-10T15:00:00Z,continuous_test,condition_b,176,176,10.925000000000001,false,true,true,false,1.015106443712154,17,3,-0.96592582628906831,-0.25881904510252063,0.43388373911755823,-0.90096886790241903
Kurstraße 7,2025-07-10T16:00:00Z,continuous_test,condition_b,139,139,9.5,false,true,true,false,0.83924714001620249,18,3,-1,-1.8369701987210297e-16,0.43388373911755823,-0.90096886790241903
Kurstraße 7,2025-07-10T17:00:00Z,continuous_test,condition_b,116.5,116.5,11.225,false,true,true,false,0.70785989624415613,19,3,-0.96592582628906842,0.2588190451025203,0.43388373911755823,-0.90096886790241903
Kurstraße 7,2025-07-10T18:00:00Z,continuous_test,condition_b,74.5,74.5,10.734999999999999,false,true,true,false,0.37617058366941347,20,3,-0.8660254037844386,0.50000000000000011,0.43388373911755823,-0.90096886790241903
Kurstraße 7,2025-07-10T19:00:00Z,continuous_test,condition_b,80,80,7.7850000000000001,false,true,true,false,0.42890160707291702,21,3,-0.70710678118654768,0.70710678118654735,0.43388373911755823,-0.90096886790241903
Kurstraße 7,2025-07-10T20:00:00Z,continuous_test,condition_b,40,40,4.7199999999999998,false,true,true,false,-0.081694717667305669,22,3,-0.50000000000000044,0.86602540378443837,0.43388373911755823,-0.90096886790241903
Kurstraße 7,2025-07-10T21:00:00Z,continuous_test,condition_b,3,3,1.3500000000000001,false,true,true,false,-1.8269428162152783,23,3,-0.25881904510252157,0.96592582628906809,0.43388373911755823,-0.90096886790241903
Kurstraße 7,2025-07-10T22:00:00Z,continuous_test,condition_b,7.5,,12.68,true,false,true,true,-1.3850004158147278,0,4,0,1,-0.43388373911755801,-0.90096886790241915
Kurstraße 7,2025-07-10T23:00:00Z,continuous_test,condition_b,12,12,24.010000000000002,false,true,true,false,-0.94305801541417744,1,4,0.25881904510252074,0.96592582628906831,-0.43388373911755801,-0.90096886790241915
Kurstraße 7,2025-07-11T00:00:00Z,continuous_test,condition_b,4,4,3.0800000000000001,false,true,true,false,-1.6596053052255568,2,4,0.49999999999999994,0.86602540378443871,-0.43388373911755801,-0.90096886790241915
Kurstraße 7,2025-07-11T01:00:00Z,continuous_test,condition_b,3,3,2.5499999999999998,false,true,true,false,-1.8269428162152783,3,4,0.70710678118654757,0.70710678118654757,-0.43388373911755801,-0.90096886790241915
Kurstraße 7,2025-07-11T02:00:00Z,continuous_test,condition_b,11,11,9.0500000000000007,false,true,true,false,-1.0030828173682662,4,4,0.8660254037844386,0.50000000000000011,-0.43388373911755801,-0.90096886790241915
Kurstraße 7,2025-07-11T03:00:00Z,continuous_test,condition_b,11,11,7.04,false,true,true,false,-1.0030828173682662,5,4,0.96592582628906831,0.25881904510252074,-0.43388373911755801,-0.90096886790241915
Kurstraße 7,2025-07-11T04:00:00Z,continuous_test,condition_b,32,32,10,false,true,true,false,-0.24447349310933847,6,4,1,6.123233995736766e-17,-0.43388373911755801,-0.90096886790241915
Kurstraße 7,2025-07-11T05:00:00Z,continuous_test,condition_b,51,51,14.4,false,true,true,false,0.096537556685675582,7,4,0.96592582628906831,-0.25881904510252063,-0.43388373911755801,-0.90096886790241915
Kurstraße 7,2025-07-11T06:00:00Z,continuous_test,condition_b,86.5,86.5,10.255000000000001,false,true,true,false,0.48678686495599821,8,4,0.86602540378443871,-0.49999999999999978,-0.43388373911755801,-0.90096886790241915
Kurstraße 7,2025-07-11T07:00:00Z,continuous_test,condition_b,,,,true,false,false,false,0,9,4,0.70710678118654757,-0.70710678118654746,-0.43388373911755801,-0.90096886790241915
Kurstraße 7,2025-07-11T08:00:00Z,continuous_test,condition_b,,,,true,false,false,false,0,10,4,0.49999999999999994,-0.86602540378443871,-0.43388373911755801,-0.90096886790241915
Kurstraße 7,2025-07-11T09:00:00Z,continuous_test,condition_b,,,,true,false,false,false,0,11,4,0.25881904510252102,-0.9659258262890682,-0.43388373911755801,-0.90096886790241915
Kurstraße 7,2025-07-11T10:00:00Z,continuous_test,condition_b,,,,true,false,false,false,0,12,4,1.2246467991473532e-16,-1,-0.43388373911755801,-0.90096886790241915
Kurstraße 7,2025-07-11T11:00:00Z,continuous_test,condition_b,,,,true,false,false,false,0,13,4,-0.25881904510252079,-0.96592582628906831,-0.43388373911755801,-0.90096886790241915
Kurstraße 7,2025-07-11T12:00:00Z,continuous_test,condition_b,,,,true,false,false,false,0,14,4,-0.49999999999999972,-0.86602540378443882,-0.43388373911755801,-0.90096886790241915
Kurstraße 7,2025-07-11T13:00:00Z,continuous_test,condition_b,,,,true,false,false,false,0,15,4,-0.70710678118654713,-0.70710678118654791,-0.43388373911755801,-0.90096886790241915
Kurstraße 7,2025-07-11T14:00:00Z,continuous_test,condition_b,,,,true,false,false,false,0,16,4,-0.86602540378443849,-0.50000000000000044,-0.43388373911755801,-0.90096886790241915
Kurstraße 7,2025-07-11T15:00:00Z,continuous_test,condition_b,,,,true,false,false,false,0,17,4,-0.96592582628906831,-0.25881904510252063,-0.43388373911755801,-0.90096886790241915
Kurstraße 7,2025-07-11T16:00:00Z,continuous_test,condition_b,,,,true,false,false,false,0,18,4,-1,-1.8369701987210297e-16,-0.43388373911755801,-0.90096886790241915
Kurstraße 7,2025-07-11T17:00:00Z,continuous_test,condition_b,154,154,13.5,false,true,true,false,0.91557496857025555,19,4,-0.96592582628906842,0.2588190451025203,-0.43388373911755801,-0.90096886790241915
Kurstraße 7,2025-07-11T18:00:00Z,continuous_test,condition_b,128,,14.01,true,false,true,true,0.76233237535331377,20,4,-0.8660254037844386,0.50000000000000011,-0.43388373911755801,-0.90096886790241915
Kurstraße 7,2025-07-11T19:00:00Z,continuous_test,condition_b,102,102,14.52,false,true,true,false,0.60908978213637199,21,4,-0.70710678118654768,0.70710678118654735,-0.43388373911755801,-0.90096886790241915
Kurstraße 7,2025-07-11T20:00:00Z,continuous_test,condition_b,90.5,90.5,8.1449999999999996,false,true,true,false,0.52030796219077835,22,4,-0.50000000000000044,0.86602540378443837,-0.43388373911755801,-0.90096886790241915
Kurstraße 7,2025-07-11T21:00:00Z,continuous_test,condition_b,10,10,5.4699999999999998,false,true,true,false,-1.0683334919563503,23,4,-0.25881904510252157,0.96592582628906809,-0.43388373911755801,-0.90096886790241915
Kurstraße 7,2025-07-11T22:00:00Z,continuous_test,condition_b,37,37,5.79,false,true,true,false,-0.13867728547665972,0,5,0,1,-0.97492791218182362,-0.22252093395631459
Kurstraße 7,2025-07-11T23:00:00Z,continuous_test,condition_b,,,,true,false,false,false,0,1,5,0.25881904510252074,0.96592582628906831,-0.97492791218182362,-0.22252093395631459
Kurstraße 7,2025-07-12T00:00:00Z,continuous_test,condition_b,,,,true,false,false,false,0,2,5,0.49999999999999994,0.86602540378443871,-0.97492791218182362,-0.22252093395631459
Kurstraße 7,2025-07-12T01:00:00Z,continuous_test,condition_b,,,,true,false,false,false,0,3,5,0.70710678118654757,0.70710678118654757,-0.97492791218182362,-0.22252093395631459
Kurstraße 7,2025-07-12T02:00:00Z,continuous_test,condition_b,,,,true,false,false,false,0,4,5,0.8660254037844386,0.50000000000000011,-0.97492791218182362,-0.22252093395631459
Kurstraße 7,2025-07-12T03:00:00Z,continuous_test,condition_b,,,,true,false,false,false,0,5,5,0.96592582628906831,0.25881904510252074,-0.97492791218182362,-0.22252093395631459
Kurstraße 7,2025-07-12T04:00:00Z,continuous_test,condition_b,,,,true,false,false,false,0,6,5,1,6.123233995736766e-17,-0.97492791218182362,-0.22252093395631459
Kurstraße 7,2025-07-12T05:00:00Z,continuous_test,condition_b,,,,true,false,false,false,0,7,5,0.96592582628906831,-0.25881904510252063,-0.97492791218182362,-0.22252093395631459
Kurstraße 7,2025-07-12T06:00:00Z,continuous_test,condition_b,45,45,8.1400000000000006,false,true,true,false,0.0045968875529054706,8,5,0.86602540378443871,-0.49999999999999978,-0.97492791218182362,-0.22252093395631459
Kurstraße 7,2025-07-12T07:00:00Z,continuous_test,condition_b,97,97,13.01,false,true,true,false,0.57177314401860857,9,5,0.70710678118654757,-0.70710678118654746,-0.97492791218182362,-0.22252093395631459
Kurstraße 7,2025-07-12T08:00:00Z,continuous_test,condition_b,134.83333333333334,,12.916666666666666,true,false,true,true,0.7640643662952743,10,5,0.49999999999999994,-0.86602540378443871,-0.97492791218182362,-0.22252093395631459
Kurstraße 7,2025-07-12T09:00:00Z,continuous_test,condition_b,172.66666666666669,,12.823333333333334,true,false,true,true,0.95635558857194014,11,5,0.25881904510252102,-0.9659258262890682,-0.97492791218182362,-0.22252093395631459
Kurstraße 7,2025-07-12T10:00:00Z,continuous_test,condition_b,210.5,210.5,12.73,false,true,true,false,1.1486468108486059,12,5,1.2246467991473532e-16,-1,-0.97492791218182362,-0.22252093395631459
Kurstraße 7,2025-07-12T11:00:00Z,continuous_test,condition_b,230,230,11.33,false,true,true,false,1.2147833800325678,13,5,-0.25881904510252079,-0.96592582628906831,-0.97492791218182362,-0.22252093395631459
Kurstraße 7,2025-07-12T12:00:00Z,continuous_test,condition_b,197,197,12.744999999999999,false,true,true,false,1.0991842917875998,14,5,-0.49999999999999972,-0.86602540378443882,-0.97492791218182362,-0.22252093395631459
Kurstraße 7,2025-07-12T13:00:00Z,continuous_test,condition_b,213,213,11.9,false,true,true,false,1.157459011994781,15,5,-0.70710678118654713,-0.70710678118654791,-0.97492791218182362,-0.22252093395631459
Kurstraße 7,2025-07-12T14:00:00Z,continuous_test,condition_b,226.5,226.5,11.225,false,true,true,false,1.2033341547673768,16,5,-0.86602540378443849,-0.50000000000000044,-0.97492791218182362,-0.22252093395631459
Kurstraße 7,2025-07-12T15:00:00Z,continuous_test,condition_b,159,159,9.3200000000000003,false,true,true,false,0.93938362502407546,17,5,-0.96592582628906831,-0.25881904510252063,-0.97492791218182362,-0.22252093395631459
Kurstraße 7,2025-07-12T16:00:00Z,continuous_test,condition_b,139,139,9,false,true,true,false,0.83924714001620249,18,5,-1,-1.8369701987210297e-16,-0.97492791218182362,-0.22252093395631459
Kurstraße 7,2025-07-12T17:00:00Z,continuous_test,condition_b,64,64,9.9800000000000004,false,true,true,false,0.26387506767539681,19,5,-0.96592582628906842,0.2588190451025203,-0.97492791218182362,-0.22252093395631459
Kurstraße 7,2025-07-12T18:00:00Z,continuous_test,condition_b,68,68,10.935,false,true,true,false,0.30865910034999111,20,5,-0.8660254037844386,0.50000000000000011,-0.97492791218182362,-0.22252093395631459
Kurstraße 7,2025-07-12T19:00:00Z,continuous_test,condition_b,55,55,9.25,false,true,true,false,0.15211184297655511,21,5,-0.70710678118654768,0.70710678118654735,-0.97492791218182362,-0.22252093395631459
Kurstraße 7,2025-07-12T20:00:00Z,continuous_test,condition_b,24,24,10.48,false,true,true,false,-0.45267222213598213,22,5,-0.50000000000000044,0.86602540378443837,-0.97492791218182362,-0.22252093395631459
Kurstraße 7,2025-07-12T21:00:00Z,continuous_test,condition_b,10.5,10.5,3.8450000000000002,false,true,true,false,-1.0349986845469477,23,5,-0.25881904510252157,0.96592582628906809,-0.97492791218182362,-0.22252093395631459
Kurstraße 7,2025-07-12T22:00:00Z,continuous_test,condition_b,22,22,3.6000000000000001,false,true,true,false,-0.515200898497021,0,6,0,1,-0.78183148246802991,0.62348980185873337
Kurstraße 7,2025-07-12T23:00:00Z,continuous_test,condition_b,7.5,7.5,4.085,false,true,true,false,-1.2616820389217891,1,6,0.25881904510252074,0.96592582628906831,-0.78183148246802991,0.62348980185873337
Kurstraße 7,2025-07-13T00:00:00Z,continuous_test,condition_b,5,5,6.25,false,true,true,false,-1.5228806034181925,2,6,0.49999999999999994,0.86602540378443871,-0.78183148246802991,0.62348980185873337
Kurstraße 7,2025-07-13T01:00:00Z,continuous_test,condition_b,3,3,19.545000000000002,false,true,true,false,-1.8269428162152783,3,6,0.70710678118654757,0.70710678118654757,-0.78183148246802991,0.62348980185873337
Kurstraße 7,2025-07-13T02:00:00Z,continuous_test,condition_b,3,3,3.2200000000000002,false,true,true,false,-1.8269428162152783,4,6,0.8660254037844386,0.50000000000000011,-0.78183148246802991,0.62348980185873337
Kurstraße 7,2025-07-13T03:00:00Z,continuous_test,condition_b,2,2,1.1399999999999999,false,true,true,false,-2.0426783894681191,5,6,0.96592582628906831,0.25881904510252074,-0.78183148246802991,0.62348980185873337
Kurstraße 7,2025-07-13T04:00:00Z,continuous_test,condition_b,6,6,4.3200000000000003,false,true,true,false,-1.4072815151732245,6,6,1,6.123233995736766e-17,-0.78183148246802991,0.62348980185873337
Kurstraße 7,2025-07-13T05:00:00Z,continuous_test,condition_b,,,,true,false,false,false,0,7,6,0.96592582628906831,-0.25881904510252063,-0.78183148246802991,0.62348980185873337
Kurstraße 7,2025-07-13T06:00:00Z,continuous_test,condition_b,,,,true,false,false,false,0,8,6,0.86602540378443871,-0.49999999999999978,-0.78183148246802991,0.62348980185873337
Kurstraße 7,2025-07-13T07:00:00Z,continuous_test,condition_b,,,,true,false,false,false,0,9,6,0.70710678118654757,-0.70710678118654746,-0.78183148246802991,0.62348980185873337
Kurstraße 7,2025-07-13T08:00:00Z,continuous_test,condition_b,,,,true,false,false,false,0,10,6,0.49999999999999994,-0.86602540378443871,-0.78183148246802991,0.62348980185873337
Kurstraße 7,2025-07-13T09:00:00Z,continuous_test,condition_b,,,,true,false,false,false,0,11,6,0.25881904510252102,-0.9659258262890682,-0.78183148246802991,0.62348980185873337
Kurstraße 7,2025-07-13T10:00:00Z,continuous_test,condition_b,,,,true,false,false,false,0,12,6,1.2246467991473532e-16,-1,-0.78183148246802991,0.62348980185873337
Kurstraße 7,2025-07-13T11:00:00Z,continuous_test,condition_b,,,,true,false,false,false,0,13,6,-0.25881904510252079,-0.96592582628906831,-0.78183148246802991,0.62348980185873337
Kurstraße 7,2025-07-13T12:00:00Z,continuous_test,condition_b,,,,true,false,false,false,0,14,6,-0.49999999999999972,-0.86602540378443882,-0.78183148246802991,0.62348980185873337
Kurstraße 7,2025-07-13T13:00:00Z,continuous_test,condition_b,,,,true,false,false,false,0,15,6,-0.70710678118654713,-0.70710678118654791,-0.78183148246802991,0.62348980185873337
Kurstraße 7,2025-07-13T14:00:00Z,continuous_test,condition_b,,,,true,false,false,false,0,16,6,-0.86602540378443849,-0.50000000000000044,-0.78183148246802991,0.62348980185873337
Kurstraße 7,2025-07-13T15:00:00Z,continuous_test,condition_b,,,,true,false,false,false,0,17,6,-0.96592582628906831,-0.25881904510252063,-0.78183148246802991,0.62348980185873337
Kurstraße 7,2025-07-13T16:00:00Z,continuous_test,condition_b,,,,true,false,false,false,0,18,6,-1,-1.8369701987210297e-16,-0.78183148246802991,0.62348980185873337
Kurstraße 7,2025-07-13T17:00:00Z,continuous_test,condition_b,,,,true,false,false,false,0,19,6,-0.96592582628906842,0.2588190451025203,-0.78183148246802991,0.62348980185873337
Kurstraße 7,2025-07-13T18:00:00Z,continuous_test,condition_b,,,,true,false,false,false,0,20,6,-0.8660254037844386,0.50000000000000011,-0.78183148246802991,0.62348980185873337
Kurstraße 7,2025-07-13T19:00:00Z,continuous_test,condition_b,,,,true,false,false,false,0,21,6,-0.70710678118654768,0.70710678118654735,-0.78183148246802991,0.62348980185873337
Kurstraße 7,2025-07-13T20:00:00Z,continuous_test,condition_b,,,,true,false,false,false,0,22,6,-0.50000000000000044,0.86602540378443837,-0.78183148246802991,0.62348980185873337
Kurstraße 7,2025-07-13T21:00:00Z,continuous_test,condition_b,2,2,0.86499999999999999,false,true,true,false,-2.0426783894681191,23,6,-0.25881904510252157,0.96592582628906809,-0.78183148246802991,0.62348980185873337
Kurstraße 7,2025-07-13T22:00:00Z,continuous_test,condition_b,3,,12.322500000000002,true,false,true,true,-1.851141847346838,0,0,0,1,0,1
Kurstraße 7,2025-07-13T23:00:00Z,continuous_test,condition_b,4,4,23.780000000000001,false,true,true,false,-1.6596053052255568,1,0,0.25881904510252074,0.96592582628906831,0,1
Parkstraße 24,2025-07-08T00:00:00Z,continuous_test,condition_b,4,4,10.725,false,true,true,false,-1.1301396627567175,2,1,0.49999999999999994,0.86602540378443871,0.7818314824680298,0.62348980185873359
Parkstraße 24,2025-07-08T01:00:00Z,continuous_test,condition_b,3,3,24.989999999999998,false,true,true,false,-1.3327495967849976,3,1,0.70710678118654757,0.70710678118654757,0.7818314824680298,0.62348980185873359
Parkstraße 24,2025-07-08T02:00:00Z,continuous_test,condition_b,3,3,22.539999999999999,false,true,true,false,-1.3327495967849976,4,1,0.8660254037844386,0.50000000000000011,0.7818314824680298,0.62348980185873359
Parkstraße 24,2025-07-08T03:00:00Z,continuous_test,condition_b,8,8,20.260000000000002,false,true,true,false,-0.59644098897865294,5,1,0.96592582628906831,0.25881904510252074,0.7818314824680298,0.62348980185873359
Parkstraße 24,2025-07-08T04:00:00Z,continuous_test,condition_b,19,,14.4125,true,false,true,true,-0.034962978927529531,6,1,1,6.123233995736766e-17,0.7818314824680298,0.62348980185873359
Parkstraße 24,2025-07-08T05:00:00Z,continuous_test,condition_b,30,30,8.5649999999999995,false,true,true,false,0.52651503112359399,7,1,0.96592582628906831,-0.25881904510252063,0.7818314824680298,0.62348980185873359
Parkstraße 24,2025-07-08T06:00:00Z,continuous_test,condition_b,38,38,10.550000000000001,false,true,true,false,0.73496408646140521,8,1,0.86602540378443871,-0.49999999999999978,0.7818314824680298,0.62348980185873359
Parkstraße 24,2025-07-08T07:00:00Z,continuous_test,condition_b,66,66,8.8049999999999997,false,true,true,false,1.2263003144071205,9,1,0.70710678118654757,-0.70710678118654746,0.7818314824680298,0.62348980185873359
Parkstraße 24,2025-07-08T08:00:00Z,continuous_test,condition_b,78,,8.5274999999999999,true,false,true,true,1.3652970553769523,10,1,0.49999999999999994,-0.86602540378443871,0.7818314824680298,0.62348980185873359
Parkstraße 24,2025-07-08T09:00:00Z,continuous_test,condition_b,90,90,8.25,false,true,true,false,1.5042937963467844,11,1,0.25881904510252102,-0.9659258262890682,0.7818314824680298,0.62348980185873359
Parkstraße 24,2025-07-08T10:00:00Z,continuous_test,condition_b,85.5,85.5,10.255000000000001,false,true,true,false,1.4582454946990093,12,1,1.2246467991473532e-16,-1,0.7818314824680298,0.62348980185873359
Parkstraße 24,2025-07-08T11:00:00Z,continuous_test,condition_b,102.5,102.5,11.08,false,true,true,false,1.6211618446946698,13,1,-0.25881904510252079,-0.96592582628906831,0.7818314824680298,0.62348980185873359
Parkstraße 24,2025-07-08T12:00:00Z,continuous_test,condition_b,88,88,9.1899999999999995,false,true,true,false,1.4841156273997851,14,1,-0.49999999999999972,-0.86602540378443882,0.7818314824680298,0.62348980185873359
Parkstraße 24,2025-07-08T13:00:00Z,continuous_test,condition_b,16,16,6.8600000000000003,false,true,true,false,-0.018975759493170003,15,1,-0.70710678118654713,-0.70710678118654791,0.7818314824680298,0.62348980185873359
Parkstraße 24,2025-07-08T14:00:00Z,continuous_test,condition_b,,,,true,false,false,false,0,16,1,-0.86602540378443849,-0.50000000000000044,0.7818314824680298,0.62348980185873359
Parkstraße 24,2025-07-08T15:00:00Z,continuous_test,condition_b,,,,true,false,false,false,0,17,1,-0.96592582628906831,-0.25881904510252063,0.7818314824680298,0.62348980185873359
Parkstraße 24,2025-07-08T16:00:00Z,continuous_test,condition_b,,,,true,false,false,false,0,18,1,-1,-1.8369701987210297e-16,0.7818314824680298,0.62348980185873359
Parkstraße 24,2025-07-08T17:00:00Z,continuous_test,condition_b,,,,true,false,false,false,0,19,1,-0.96592582628906842,0.2588190451025203,0.7818314824680298,0.62348980185873359
Parkstraße 24,2025-07-08T18:00:00Z,continuous_test,condition_b,,,,true,false,false,false,0,20,1,-0.8660254037844386,0.50000000000000011,0.7818314824680298,0.62348980185873359
Parkstraße 24,2025-07-08T19:00:00Z,continuous_test,condition_b,,,,true,false,false,false,0,21,1,-0.70710678118654768,0.70710678118654735,0.7818314824680298,0.62348980185873359
Parkstraße 24,2025-07-08T20:00:00Z,continuous_test,condition_b,,,,true,false,false,false,0,22,1,-0.50000000000000044,0.86602540378443837,0.7818314824680298,0.62348980185873359
Parkstraße 24,2025-07-08T21:00:00Z,continuous_test,condition_b,,,,true,false,false,false,0,23,1,-0.25881904510252157,0.96592582628906809,0.7818314824680298,0.62348980185873359
Parkstraße 24,2025-07-08T22:00:00Z,continuous_test,condition_b,,,,true,false,false,false,0,0,2,0,1,0.97492791218182362,-0.22252093395631434
Parkstraße 24,2025-07-08T23:00:00Z,continuous_test,condition_b,,,,true,false,false,false,0,1,2,0.25881904510252074,0.96592582628906831,0.97492791218182362,-0.22252093395631434
Parkstraße 24,2025-07-09T00:00:00Z,continuous_test,condition_b,,,,true,false,false,false,0,2,2,0.49999999999999994,0.86602540378443871,0.97492791218182362,-0.22252093395631434
Parkstraße 24,2025-07-09T01:00:00Z,continuous_test,condition_b,,,,true,false,false,false,0,3,2,0.70710678118654757,0.70710678118654757,0.97492791218182362,-0.22252093395631434
Parkstraße 24,2025-07-09T02:00:00Z,continuous_test,condition_b,,,,true,false,false,false,0,4,2,0.8660254037844386,0.50000000000000011,0.97492791218182362,-0.22252093395631434
Parkstraße 24,2025-07-09T03:00:00Z,continuous_test,condition_b,,,,true,false,false,false,0,5,2,0.96592582628906831,0.25881904510252074,0.97492791218182362,-0.22252093395631434
Parkstraße 24,2025-07-09T04:00:00Z,continuous_test,condition_b,,,,true,false,false,false,0,6,2,1,6.123233995736766e-17,0.97492791218182362,-0.22252093395631434
Parkstraße 24,2025-07-09T05:00:00Z,continuous_test,condition_b,,,,true,false,false,false,0,7,2,0.96592582628906831,-0.25881904510252063,0.97492791218182362,-0.22252093395631434
Parkstraße 24,2025-07-09T06:00:00Z,continuous_test,condition_b,,,,true,false,false,false,0,8,2,0.86602540378443871,-0.49999999999999978,0.97492791218182362,-0.22252093395631434
Parkstraße 24,2025-07-09T07:00:00Z,continuous_test,condition_b,77,77,8.8949999999999996,false,true,true,false,1.3643280259435131,9,2,0.70710678118654757,-0.70710678118654746,0.97492791218182362,-0.22252093395631434
Parkstraße 24,2025-07-09T08:00:00Z,continuous_test,condition_b,85,85,8.9000000000000004,false,true,true,false,1.45298182642512,10,2,0.49999999999999994,-0.86602540378443871,0.97492791218182362,-0.22252093395631434
Parkstraße 24,2025-07-09T09:00:00Z,continuous_test,condition_b,89,89,7.7300000000000004,false,true,true,false,1.4942607634959504,11,2,0.25881904510252102,-0.9659258262890682,0.97492791218182362,-0.22252093395631434
Parkstraße 24,2025-07-09T10:00:00Z,continuous_test,condition_b,71.5,71.5,10.17,false,true,true,false,1.2979344547838738,12,2,1.2246467991473532e-16,-1,0.97492791218182362,-0.22252093395631434
Parkstraße 24,2025-07-09T11:00:00Z,continuous_test,condition_b,52.166666666666671,,9.8849999999999998,true,false,true,true,0.810821850453042,13,2,-0.25881904510252079,-0.96592582628906831,0.97492791218182362,-0.22252093395631434
Parkstraße 24,2025-07-09T12:00:00Z,continuous_test,condition_b,32.833333333333336,,9.5999999999999996,true,false,true,true,0.32370924612221008,14,2,-0.49999999999999972,-0.86602540378443882,0.97492791218182362,-0.22252093395631434
Parkstraße 24,2025-07-09T13:00:00Z,continuous_test,condition_b,13.5,13.5,9.3149999999999995,false,true,true,false,-0.16340335820862176,15,2,-0.70710678118654713,-0.70710678118654791,0.97492791218182362,-0.22252093395631434
Parkstraße 24,2025-07-09T14:00:00Z,continuous_test,condition_b,14,14,10.1,false,true,true,false,-0.13262141937143734,16,2,-0.86602540378443849,-0.50000000000000044,0.97492791218182362,-0.22252093395631434
Parkstraße 24,2025-07-09T15:00:00Z,continuous_test,condition_b,8,8,5.3799999999999999,false,true,true,false,-0.59644098897865294,17,2,-0.96592582628906831,-0.25881904510252063,0.97492791218182362,-0.22252093395631434
Parkstraße 24,2025-07-09T16:00:00Z,continuous_test,condition_b,7.5,7.5,11.005000000000001,false,true,true,false,-0.64833969897527788,18,2,-1,-1.8369701987210297e-16,0.97492791218182362,-0.22252093395631434
Parkstraße 24,2025-07-09T17:00:00Z,continuous_test,condition_b,9,9,7.9400000000000004,false,true,true,false,-0.50077572327460929,19,2,-0.96592582628906842,0.2588190451025203,0.97492791218182362,-0.22252093395631434
Parkstraße 24,2025-07-09T18:00:00Z,continuous_test,condition_b,5.5,5.5,11.01,false,true,true,false,-0.89191809640598263,20,2,-0.8660254037844386,0.50000000000000011,0.97492791218182362,-0.22252093395631434
Parkstraße 24,2025-07-09T19:00:00Z,continuous_test,condition_b,11,11,5.3600000000000003,false,true,true,false,-0.33523135339971749,21,2,-0.70710678118654768,0.70710678118654735,0.97492791218182362,-0.22252093395631434
Parkstraße 24,2025-07-09T20:00:00Z,continuous_test,condition_b,16,16,8.4000000000000004,false,true,true,false,-0.018975759493170003,22,2,-0.50000000000000044,0.86602540378443837,0.97492791218182362,-0.22252093395631434
Parkstraße 24,2025-07-09T21:00:00Z,continuous_test,condition_b,3,3,1.3999999999999999,false,true,true,false,-1.3327495967849976,23,2,-0.25881904510252157,0.96592582628906809,0.97492791218182362,-0.22252093395631434
Parkstraße 24,2025-07-09T22:00:00Z,continuous_test,condition_b,,,,true,false,false,false,0,0,3,0,1,0.43388373911755823,-0.90096886790241903
Parkstraße 24,2025-07-09T23:00:00Z,continuous_test,condition_b,,,,true,false,false,false,0,1,3,0.25881904510252074,0.96592582628906831,0.43388373911755823,-0.90096886790241903
Parkstraße 24,2025-07-10T00:00:00Z,continuous_test,condition_b,,,,true,false,false,false,0,2,3,0.49999999999999994,0.86602540378443871,0.43388373911755823,-0.90096886790241903
Parkstraße 24,2025-07-10T01:00:00Z,continuous_test,condition_b,,,,true,false,false,false,0,3,3,0.70710678118654757,0.70710678118654757,0.43388373911755823,-0.90096886790241903
Parkstraße 24,2025-07-10T02:00:00Z,continuous_test,condition_b,,,,true,false,false,false,0,4,3,0.8660254037844386,0.50000000000000011,0.43388373911755823,-0.90096886790241903
Parkstraße 24,2025-07-10T03:00:00Z,continuous_test,condition_b,,,,true,false,false,false,0,5,3,0.96592582628906831,0.25881904510252074,0.43388373911755823,-0.90096886790241903
Parkstraße 24,2025-07-10T04:00:00Z,continuous_test,condition_b,,,,true,false,false,false,0,6,3,1,6.123233995736766e-17,0.43388373911755823,-0.90096886790241903
Parkstraße 24,2025-07-10T05:00:00Z,continuous_test,condition_b,,,,true,false,false,false,0,7,3,0.96592582628906831,-0.25881904510252063,0.43388373911755823,-0.90096886790241903
Parkstraße 24,2025-07-10T06:00:00Z,continuous_test,condition_b,,,,true,false,false,false,0,8,3,0.86602540378443871,-0.49999999999999978,0.43388373911755823,-0.90096886790241903
Parkstraße 24,2025-07-10T07:00:00Z,continuous_test,condition_b,75,75,10.664999999999999,false,true,true,false,1.3407427977102919,9,3,0.70710678118654757,-0.70710678118654746,0.43388373911755823,-0.90096886790241903
Parkstraße 24,2025-07-10T08:00:00Z,continuous_test,condition_b,84.5,84.5,11.77,false,true,true,false,1.4476874660345289,10,3,0.49999999999999994,-0.86602540378443871,0.43388373911755823,-0.90096886790241903
Parkstraße 24,2025-07-10T09:00:00Z,continuous_test,condition_b,90,90,10.09,false,true,true,false,1.5042937963467844,11,3,0.25881904510252102,-0.9659258262890682,0.43388373911755823,-0.90096886790241903
Parkstraße 24,2025-07-10T10:00:00Z,continuous_test,condition_b,123,123,9.9299999999999997,false,true,true,false,1.7852429100878098,12,3,1.2246467991473532e-16,-1,0.43388373911755823,-0.90096886790241903
Parkstraße 24,2025-07-10T11:00:00Z,continuous_test,condition_b,129,129,12.27,false,true,true,false,1.8281475955507287,13,3,-0.25881904510252079,-0.96592582628906831,0.43388373911755823,-0.90096886790241903
Parkstraße 24,2025-07-10T12:00:00Z,continuous_test,condition_b,63,63,6.9400000000000004,false,true,true,false,1.1847061611434333,14,3,-0.49999999999999972,-0.86602540378443882,0.43388373911755823,-0.90096886790241903
Parkstraße 24,2025-07-10T13:00:00Z,continuous_test,condition_b,11.5,11.5,4.46,false,true,true,false,-0.29816578924632919,15,3,-0.70710678118654713,-0.70710678118654791,0.43388373911755823,-0.90096886790241903
Parkstraße 24,2025-07-10T14:00:00Z,continuous_test,condition_b,7,7,3.5899999999999999,false,true,true,false,-0.70338565730288982,16,3,-0.86602540378443849,-0.50000000000000044,0.43388373911755823,-0.90096886790241903
Parkstraße 24,2025-07-10T15:00:00Z,continuous_test,condition_b,4,4,1.99,false,true,true,false,-1.1301396627567175,17,3,-0.96592582628906831,-0.25881904510252063,0.43388373911755823,-0.90096886790241903
Parkstraße 24,2025-07-10T16:00:00Z,continuous_test,condition_b,8,8,8.3200000000000003,false,true,true,false,-0.59644098897865294,18,3,-1,-1.8369701987210297e-16,0.43388373911755823,-0.90096886790241903
Parkstraße 24,2025-07-10T17:00:00Z,continuous_test,condition_b,13,13,5.0899999999999999,false,true,true,false,-0.19526558299644609,19,3,-0.96592582628906842,0.2588190451025203,0.43388373911755823,-0.90096886790241903
Parkstraße 24,2025-07-10T18:00:00Z,continuous_test,condition_b,7.5,7.5,5.7599999999999998,false,true,true,false,-0.64833969897527788,20,3,-0.8660254037844386,0.50000000000000011,0.43388373911755823,-0.90096886790241903
Parkstraße 24,2025-07-10T19:00:00Z,continuous_test,condition_b,17,17,19.829999999999998,false,true,true,false,0.032922950503454507,21,3,-0.70710678118654768,0.70710678118654735,0.43388373911755823,-0.90096886790241903
Parkstraße 24,2025-07-10T20:00:00Z,continuous_test,condition_b,27,27,6.8399999999999999,false,true,true,false,0.43409835648566181,22,3,-0.50000000000000044,0.86602540378443837,0.43388373911755823,-0.90096886790241903
Parkstraße 24,2025-07-10T21:00:00Z,continuous_test,condition_b,2,2,3.9700000000000002,false,true,true,false,-1.5939592323639331,23,3,-0.25881904510252157,0.96592582628906809,0.43388373911755823,-0.90096886790241903
Parkstraße 24,2025-07-10T22:00:00Z,continuous_test,condition_b,5,,21.555,true,false,true,true,-1.095200110671293,0,4,0,1,-0.43388373911755801,-0.90096886790241915
Parkstraße 24,2025-07-10T23:00:00Z,continuous_test,condition_b,8,8,39.140000000000001,false,true,true,false,-0.59644098897865294,1,4,0.25881904510252074,0.96592582628906831,-0.43388373911755801,-0.90096886790241915
Parkstraße 24,2025-07-11T00:00:00Z,continuous_test,condition_b,3,3,23.859999999999999,false,true,true,false,-1.3327495967849976,2,4,0.49999999999999994,0.86602540378443871,-0.43388373911755801,-0.90096886790241915
Parkstraße 24,2025-07-11T01:00:00Z,continuous_test,condition_b,6,6,11.4,false,true,true,false,-0.82462952247855381,3,4,0.70710678118654757,0.70710678118654757,-0.43388373911755801,-0.90096886790241915
Parkstraße 24,2025-07-11T02:00:00Z,continuous_test,condition_b,11,11,13.460000000000001,false,true,true,false,-0.33523135339971749,4,4,0.8660254037844386,0.50000000000000011,-0.43388373911755801,-0.90096886790241915
Parkstraße 24,2025-07-11T03:00:00Z,continuous_test,condition_b,13,13,15.050000000000001,false,true,true,false,-0.19526558299644609,5,4,0.96592582628906831,0.25881904510252074,-0.43388373911755801,-0.90096886790241915
Parkstraße 24,2025-07-11T04:00:00Z,continuous_test,condition_b,19.5,19.5,8.8149999999999995,false,true,true,false,0.15100862037538013,6,4,1,6.123233995736766e-17,-0.43388373911755801,-0.90096886790241915
Parkstraße 24,2025-07-11T05:00:00Z,continuous_test,condition_b,33.5,33.5,12.59,false,true,true,false,0.62364360130939034,7,4,0.96592582628906831,-0.25881904510252063,-0.43388373911755801,-0.90096886790241915
Parkstraße 24,2025-07-11T06:00:00Z,continuous_test,condition_b,49,49,8.5899999999999999,false,true,true,false,0.96056208971788615,8,4,0.86602540378443871,-0.49999999999999978,-0.43388373911755801,-0.90096886790241915
Parkstraße 24,2025-07-11T07:00:00Z,continuous_test,condition_b,,,,true,false,false,false,0,9,4,0.70710678118654757,-0.70710678118654746,-0.43388373911755801,-0.90096886790241915
Parkstraße 24,2025-07-11T08:00:00Z,continuous_test,condition_b,,,,true,false,false,false,0,10,4,0.49999999999999994,-0.86602540378443871,-0.43388373911755801,-0.90096886790241915
Parkstraße 24,2025-07-11T09:00:00Z,continuous_test,condition_b,,,,true,false,false,false,0,11,4,0.25881904510252102,-0.9659258262890682,-0.43388373911755801,-0.90096886790241915
Parkstraße 24,2025-07-11T10:00:00Z,continuous_test,condition_b,,,,true,false,false,false,0,12,4,1.2246467991473532e-16,-1,-0.43388373911755801,-0.90096886790241915
Parkstraße 24,2025-07-11T11:00:00Z,continuous_test,condition_b,,,,true,false,false,false,0,13,4,-0.25881904510252079,-0.96592582628906831,-0.43388373911755801,-0.90096886790241915
Parkstraße 24,2025-07-11T12:00:00Z,continuous_test,condition_b,,,,true,false,false,false,0,14,4,-0.49999999999999972,-0.86602540378443882,-0.43388373911755801,-0.90096886790241915
Parkstraße 24,2025-07-11T13:00:00Z,continuous_test,condition_b,,,,true,false,false,false,0,15,4,-0.70710678118654713,-0.70710678118654791,-0.43388373911755801,-0.90096886790241915
Parkstraße 24,2025-07-11T14:00:00Z,continuous_test,condition_b,,,,true,false,false,false,0,16,4,-0.86602540378443849,-0.50000000000000044,-0.43388373911755801,-0.90096886790241915
Parkstraße 24,2025-07-11T15:00:00Z,continuous_test,condition_b,,,,true,false,false,false,0,17,4,-0.96592582628906831,-0.25881904510252063,-0.43388373911755801,-0.90096886790241915
Parkstraße 24,2025-07-11T16:00:00Z,continuous_test,condition_b,,,,true,false,false,false,0,18,4,-1,-1.8369701987210297e-16,-0.43388373911755801,-0.90096886790241915
Parkstraße 24,2025-07-11T17:00:00Z,continuous_test,condition_b,13,13,9.2400000000000002,false,true,true,false,-0.19526558299644609,19,4,-0.96592582628906842,0.2588190451025203,-0.43388373911755801,-0.90096886790241915
Parkstraße 24,2025-07-11T18:00:00Z,continuous_test,condition_b,26.5,,9.5166666666666675,true,false,true,true,0.21609285618614771,20,4,-0.8660254037844386,0.50000000000000011,-0.43388373911755801,-0.90096886790241915
Parkstraße 24,2025-07-11T19:00:00Z,continuous_test,condition_b,40,,9.7933333333333312,true,false,true,true,0.62745129536874145,21,4,-0.70710678118654768,0.70710678118654735,-0.43388373911755801,-0.90096886790241915
Parkstraße 24,2025-07-11T20:00:00Z,continuous_test,condition_b,53.5,53.5,10.07,false,true,true,false,1.0388097345513354,22,4,-0.50000000000000044,0.86602540378443837,-0.43388373911755801,-0.90096886790241915
Parkstraße 24,2025-07-11T21:00:00Z,continuous_test,condition_b,9,9,1.21,false,true,true,false,-0.50077572327460929,23,4,-0.25881904510252157,0.96592582628906809,-0.43388373911755801,-0.90096886790241915
Parkstraße 24,2025-07-11T22:00:00Z,continuous_test,condition_b,8,,7.71,true,false,true,true,-0.60208069028874955,0,5,0,1,-0.97492791218182362,-0.22252093395631459
Parkstraße 24,2025-07-11T23:00:00Z,continuous_test,condition_b,7,7,14.210000000000001,false,true,true,false,-0.70338565730288982,1,5,0.25881904510252074,0.96592582628906831,-0.97492791218182362,-0.22252093395631459
Parkstraße 24,2025-07-12T00:00:00Z,continuous_test,condition_b,,,,true,false,false,false,0,2,5,0.49999999999999994,0.86602540378443871,-0.97492791218182362,-0.22252093395631459
Parkstraße 24,2025-07-12T01:00:00Z,continuous_test,condition_b,,,,true,false,false,false,0,3,5,0.70710678118654757,0.70710678118654757,-0.97492791218182362,-0.22252093395631459
Parkstraße 24,2025-07-12T02:00:00Z,continuous_test,condition_b,,,,true,false,false,false,0,4,5,0.8660254037844386,0.50000000000000011,-0.97492791218182362,-0.22252093395631459
Parkstraße 24,2025-07-12T03:00:00Z,continuous_test,condition_b,,,,true,false,false,false,0,5,5,0.96592582628906831,0.25881904510252074,-0.97492791218182362,-0.22252093395631459
Parkstraße 24,2025-07-12T04:00:00Z,continuous_test,condition_b,,,,true,false,false,false,0,6,5,1,6.123233995736766e-17,-0.97492791218182362,-0.22252093395631459
Parkstraße 24,2025-07-12T05:00:00Z,continuous_test,condition_b,,,,true,false,false,false,0,7,5,0.96592582628906831,-0.25881904510252063,-0.97492791218182362,-0.22252093395631459
Parkstraße 24,2025-07-12T06:00:00Z,continuous_test,condition_b,25,25,5.0300000000000002,false,true,true,false,0.36680978255823316,8,5,0.86602540378443871,-0.49999999999999978,-0.97492791218182362,-0.22252093395631459
Parkstraße 24,2025-07-12T07:00:00Z,continuous_test,condition_b,38,38,7.3600000000000003,false,true,true,false,0.73496408646140521,9,5,0.70710678118654757,-0.70710678118654746,-0.97492791218182362,-0.22252093395631459
Parkstraße 24,2025-07-12T08:00:00Z,continuous_test,condition_b,47.166666666666657,,8.1166666666666671,true,false,true,true,0.89647570181914615,10,5,0.49999999999999994,-0.86602540378443871,-0.97492791218182362,-0.22252093395631459
Parkstraße 24,2025-07-12T09:00:00Z,continuous_test,condition_b,56.333333333333329,,8.8733333333333331,true,false,true,true,1.057987317176887,11,5,0.25881904510252102,-0.9659258262890682,-0.97492791218182362,-0.22252093395631459
Parkstraße 24,2025-07-12T10:00:00Z,continuous_test,condition_b,65.5,65.5,9.6300000000000008,false,true,true,false,1.2194989325346279,12,5,1.2246467991473532e-16,-1,-0.97492791218182362,-0.22252093395631459
Parkstraße 24,2025-07-12T11:00:00Z,continuous_test,condition_b,100.5,100.5,11.505000000000001,false,true,true,false,1.6034445950620375,13,5,-0.25881904510252079,-0.96592582628906831,-0.97492791218182362,-0.22252093395631459
Parkstraße 24,2025-07-12T12:00:00Z,continuous_test,condition_b,97.5,97.5,8.9350000000000005,false,true,true,false,1.5762031447985114,14,5,-0.49999999999999972,-0.86602540378443882,-0.97492791218182362,-0.22252093395631459
Parkstraße 24,2025-07-12T13:00:00Z,continuous_test,condition_b,12,12,1.8400000000000001,false,true,true,false,-0.26255415692387474,15,5,-0.70710678118654713,-0.70710678118654791,-0.97492791218182362,-0.22252093395631459
Parkstraße 24,2025-07-12T14:00:00Z,continuous_test,condition_b,7,7,4.3600000000000003,false,true,true,false,-0.70338565730288982,16,5,-0.86602540378443849,-0.50000000000000044,-0.97492791218182362,-0.22252093395631459
Parkstraße 24,2025-07-12T15:00:00Z,continuous_test,condition_b,14.5,14.5,17.18,false,true,true,false,-0.10284890835851387,17,5,-0.96592582628906831,-0.25881904510252063,-0.97492791218182362,-0.22252093395631459
Parkstraße 24,2025-07-12T16:00:00Z,continuous_test,condition_b,12,12,5.9500000000000002,false,true,true,false,-0.26255415692387474,18,5,-1,-1.8369701987210297e-16,-0.97492791218182362,-0.22252093395631459
Parkstraße 24,2025-07-12T17:00:00Z,continuous_test,condition_b,13,13,17.399999999999999,false,true,true,false,-0.19526558299644609,19,5,-0.96592582628906842,0.2588190451025203,-0.97492791218182362,-0.22252093395631459
Parkstraße 24,2025-07-12T18:00:00Z,continuous_test,condition_b,14,14,4.2800000000000002,false,true,true,false,-0.13262141937143734,20,5,-0.8660254037844386,0.50000000000000011,-0.97492791218182362,-0.22252093395631459
Parkstraße 24,2025-07-12T19:00:00Z,continuous_test,condition_b,11.5,11.5,4.0199999999999996,false,true,true,false,-0.29816578924632919,21,5,-0.70710678118654768,0.70710678118654735,-0.97492791218182362,-0.22252093395631459
Parkstraße 24,2025-07-12T20:00:00Z,continuous_test,condition_b,9,9,8.5099999999999998,false,true,true,false,-0.50077572327460929,22,5,-0.50000000000000044,0.86602540378443837,-0.97492791218182362,-0.22252093395631459
Parkstraße 24,2025-07-12T21:00:00Z,continuous_test,condition_b,2.5,2.5,2.2650000000000001,false,true,true,false,-1.4539934619606614,23,5,-0.25881904510252157,0.96592582628906809,-0.97492791218182362,-0.22252093395631459
Parkstraße 24,2025-07-12T22:00:00Z,continuous_test,condition_b,29.5,29.5,12.914999999999999,false,true,true,false,0.51175079957088465,0,6,0,1,-0.78183148246802991,0.62348980185873337
Parkstraße 24,2025-07-12T23:00:00Z,continuous_test,condition_b,9,9,18.440000000000001,false,true,true,false,-0.50077572327460929,1,6,0.25881904510252074,0.96592582628906831,-0.78183148246802991,0.62348980185873337
Parkstraße 24,2025-07-13T00:00:00Z,continuous_test,condition_b,6,6,5.6900000000000004,false,true,true,false,-0.82462952247855381,2,6,0.49999999999999994,0.86602540378443871,-0.78183148246802991,0.62348980185873337
Parkstraße 24,2025-07-13T01:00:00Z,continuous_test,condition_b,2.5,2.5,19.699999999999999,false,true,true,false,-1.4539934619606614,3,6,0.70710678118654757,0.70710678118654757,-0.78183148246802991,0.62348980185873337
Parkstraße 24,2025-07-13T02:00:00Z,continuous_test,condition_b,6,6,12.640000000000001,false,true,true,false,-0.82462952247855381,4,6,0.8660254037844386,0.50000000000000011,-0.78183148246802991,0.62348980185873337
Parkstraße 24,2025-07-13T03:00:00Z,continuous_test,condition_b,3.5,3.5,10.869999999999999,false,true,true,false,-1.2258049284607608,5,6,0.96592582628906831,0.25881904510252074,-0.78183148246802991,0.62348980185873337
Parkstraße 24,2025-07-13T04:00:00Z,continuous_test,condition_b,10,10,8.2599999999999998,false,true,true,false,-0.41423596387467881,6,6,1,6.123233995736766e-17,-0.78183148246802991,0.62348980185873337
Parkstraße 24,2025-07-13T05:00:00Z,continuous_test,condition_b,,,,true,false,false,false,0,7,6,0.96592582628906831,-0.25881904510252063,-0.78183148246802991,0.62348980185873337
Parkstraße 24,2025-07-13T06:00:00Z,continuous_test,condition_b,,,,true,false,false,false,0,8,6,0.86602540378443871,-0.49999999999999978,-0.78183148246802991,0.62348980185873337
Parkstraße 24,2025-07-13T07:00:00Z,continuous_test,condition_b,,,,true,false,false,false,0,9,6,0.70710678118654757,-0.70710678118654746,-0.78183148246802991,0.62348980185873337
Parkstraße 24,2025-07-13T08:00:00Z,continuous_test,condition_b,,,,true,false,false,false,0,10,6,0.49999999999999994,-0.86602540378443871,-0.78183148246802991,0.62348980185873337
Parkstraße 24,2025-07-13T09:00:00Z,continuous_test,condition_b,,,,true,false,false,false,0,11,6,0.25881904510252102,-0.9659258262890682,-0.78183148246802991,0.62348980185873337
Parkstraße 24,2025-07-13T10:00:00Z,continuous_test,condition_b,,,,true,false,false,false,0,12,6,1.2246467991473532e-16,-1,-0.78183148246802991,0.62348980185873337
Parkstraße 24,2025-07-13T11:00:00Z,continuous_test,condition_b,,,,true,false,false,false,0,13,6,-0.25881904510252079,-0.96592582628906831,-0.78183148246802991,0.62348980185873337
Parkstraße 24,2025-07-13T12:00:00Z,continuous_test,condition_b,,,,true,false,false,false,0,14,6,-0.49999999999999972,-0.86602540378443882,-0.78183148246802991,0.62348980185873337
Parkstraße 24,2025-07-13T13:00:00Z,continuous_test,condition_b,,,,true,false,false,false,0,15,6,-0.70710678118654713,-0.70710678118654791,-0.78183148246802991,0.62348980185873337
Parkstraße 24,2025-07-13T14:00:00Z,continuous_test,condition_b,,,,true,false,false,false,0,16,6,-0.86602540378443849,-0.50000000000000044,-0.78183148246802991,0.62348980185873337
Parkstraße 24,2025-07-13T15:00:00Z,continuous_test,condition_b,,,,true,false,false,false,0,17,6,-0.96592582628906831,-0.25881904510252063,-0.78183148246802991,0.62348980185873337
Parkstraße 24,2025-07-13T16:00:00Z,continuous_test,condition_b,,,,true,false,false,false,0,18,6,-1,-1.8369701987210297e-16,-0.78183148246802991,0.62348980185873337
Parkstraße 24,2025-07-13T17:00:00Z,continuous_test,condition_b,,,,true,false,false,false,0,19,6,-0.96592582628906842,0.2588190451025203,-0.78183148246802991,0.62348980185873337
Parkstraße 24,2025-07-13T18:00:00Z,continuous_test,condition_b,,,,true,false,false,false,0,20,6,-0.8660254037844386,0.50000000000000011,-0.78183148246802991,0.62348980185873337
Parkstraße 24,2025-07-13T19:00:00Z,continuous_test,condition_b,,,,true,false,false,false,0,21,6,-0.70710678118654768,0.70710678118654735,-0.78183148246802991,0.62348980185873337
Parkstraße 24,2025-07-13T20:00:00Z,continuous_test,condition_b,,,,true,false,false,false,0,22,6,-0.50000000000000044,0.86602540378443837,-0.78183148246802991,0.62348980185873337
Parkstraße 24,2025-07-13T21:00:00Z,continuous_test,condition_b,0.5,0.5,6.79,false,true,true,false,-2.2233231718460407,23,6,-0.25881904510252157,0.96592582628906809,-0.78183148246802991,0.62348980185873337
Parkstraße 24,2025-07-13T22:00:00Z,continuous_test,condition_b,3.25,,14.865000000000002,true,false,true,true,-1.5239763471622974,0,0,0,1,0,1
Parkstraße 24,2025-07-13T23:00:00Z,continuous_test,condition_b,6,6,22.940000000000001,false,true,true,false,-0.82462952247855381,1,0,0.25881904510252074,0.96592582628906831,0,1
Parkstraße 4,2025-07-08T00:00:00Z,continuous_test,condition_b,2,2,8.1999999999999993,false,true,true,false,-1.0319881154374353,2,1,0.49999999999999994,0.86602540378443871,0.7818314824680298,0.62348980185873359
Parkstraße 4,2025-07-08T01:00:00Z,continuous_test,condition_b,1,1,58.25,false,true,true,false,-1.3669888495432234,3,1,0.70710678118654757,0.70710678118654757,0.7818314824680298,0.62348980185873359
Parkstraße 4,2025-07-08T02:00:00Z,continuous_test,condition_b,2,2,30.329999999999998,false,true,true,false,-1.0319881154374353,4,1,0.8660254037844386,0.50000000000000011,0.7818314824680298,0.62348980185873359
Parkstraße 4,2025-07-08T03:00:00Z,continuous_test,condition_b,5,5,3.2599999999999998,false,true,true,false,-0.45930057787256429,5,1,0.96592582628906831,0.25881904510252074,0.7818314824680298,0.62348980185873359
Parkstraße 4,2025-07-08T04:00:00Z,continuous_test,condition_b,15.25,,3.9049999999999998,true,false,true,true,0.15432207897286299,6,1,1,6.123233995736766e-17,0.7818314824680298,0.62348980185873359
Parkstraße 4,2025-07-08T05:00:00Z,continuous_test,condition_b,25.5,25.5,4.5499999999999998,false,true,true,false,0.76794473581829037,7,1,0.96592582628906831,-0.25881904510252063,0.7818314824680298,0.62348980185873359
Parkstraße 4,2025-07-08T06:00:00Z,continuous_test,condition_b,32,32,5.8899999999999997,false,true,true,false,0.94918525961401501,8,1,0.86602540378443871,-0.49999999999999978,0.7818314824680298,0.62348980185873359
Parkstraße 4,2025-07-08T07:00:00Z,continuous_test,condition_b,36.5,36.5,9.2599999999999998,false,true,true,false,1.0548029131251657,9,1,0.70710678118654757,-0.70710678118654746,0.7818314824680298,0.62348980185873359
Parkstraße 4,2025-07-08T08:00:00Z,continuous_test,condition_b,42.75,,7.6449999999999996,true,false,true,true,1.1736463148547074,10,1,0.49999999999999994,-0.86602540378443871,0.7818314824680298,0.62348980185873359
Parkstraße 4,2025-07-08T09:00:00Z,continuous_test,condition_b,49,49,6.0300000000000002,false,true,true,false,1.2924897165842488,11,1,0.25881904510252102,-0.9659258262890682,0.7818314824680298,0.62348980185873359
Parkstraße 4,2025-07-08T10:00:00Z,continuous_test,condition_b,44,44,8.5250000000000004,false,true,true,false,1.2054394392969601,12,1,1.2246467991473532e-16,-1,0.7818314824680298,0.62348980185873359
Parkstraße 4,2025-07-08T11:00:00Z,continuous_test,condition_b,43,43,5.9800000000000004,false,true,true,false,1.186872063073098,13,1,-0.25881904510252079,-0.96592582628906831,0.7818314824680298,0.62348980185873359
Parkstraße 4,2025-07-08T12:00:00Z,continuous_test,condition_b,4,4,3.3500000000000001,false,true,true,false,-0.60993710404435875,14,1,-0.49999999999999972,-0.86602540378443882,0.7818314824680298,0.62348980185873359
Parkstraße 4,2025-07-08T13:00:00Z,continuous_test,condition_b,10,10,3.0800000000000001,false,true,true,false,0.041496987943355726,15,1,-0.70710678118654713,-0.70710678118654791,0.7818314824680298,0.62348980185873359
Parkstraße 4,2025-07-08T14:00:00Z,continuous_test,condition_b,,,,true,false,false,false,0,16,1,-0.86602540378443849,-0.50000000000000044,0.7818314824680298,0.62348980185873359
Parkstraße 4,2025-07-08T15:00:00Z,continuous_test,condition_b,,,,true,false,false,false,0,17,1,-0.96592582628906831,-0.25881904510252063,0.7818314824680298,0.62348980185873359
Parkstraße 4,2025-07-08T16:00:00Z,continuous_test,condition_b,,,,true,false,false,false,0,18,1,-1,-1.8369701987210297e-16,0.7818314824680298,0.62348980185873359
Parkstraße 4,2025-07-08T17:00:00Z,continuous_test,condition_b,,,,true,false,false,false,0,19,1,-0.96592582628906842,0.2588190451025203,0.7818314824680298,0.62348980185873359
Parkstraße 4,2025-07-08T18:00:00Z,continuous_test,condition_b,,,,true,false,false,false,0,20,1,-0.8660254037844386,0.50000000000000011,0.7818314824680298,0.62348980185873359
Parkstraße 4,2025-07-08T19:00:00Z,continuous_test,condition_b,,,,true,false,false,false,0,21,1,-0.70710678118654768,0.70710678118654735,0.7818314824680298,0.62348980185873359
Parkstraße 4,2025-07-08T20:00:00Z,continuous_test,condition_b,,,,true,false,false,false,0,22,1,-0.50000000000000044,0.86602540378443837,0.7818314824680298,0.62348980185873359
Parkstraße 4,2025-07-08T21:00:00Z,continuous_test,condition_b,,,,true,false,false,false,0,23,1,-0.25881904510252157,0.96592582628906809,0.7818314824680298,0.62348980185873359
Parkstraße 4,2025-07-08T22:00:00Z,continuous_test,condition_b,,,,true,false,false,false,0,0,2,0,1,0.97492791218182362,-0.22252093395631434
Parkstraße 4,2025-07-08T23:00:00Z,continuous_test,condition_b,,,,true,false,false,false,0,1,2,0.25881904510252074,0.96592582628906831,0.97492791218182362,-0.22252093395631434
Parkstraße 4,2025-07-09T00:00:00Z,continuous_test,condition_b,,,,true,false,false,false,0,2,2,0.49999999999999994,0.86602540378443871,0.97492791218182362,-0.22252093395631434
Parkstraße 4,2025-07-09T01:00:00Z,continuous_test,condition_b,,,,true,false,false,false,0,3,2,0.70710678118654757,0.70710678118654757,0.97492791218182362,-0.22252093395631434
Parkstraße 4,2025-07-09T02:00:00Z,continuous_test,condition_b,,,,true,false,false,false,0,4,2,0.8660254037844386,0.50000000000000011,0.97492791218182362,-0.22252093395631434
Parkstraße 4,2025-07-09T03:00:00Z,continuous_test,condition_b,,,,true,false,false,false,0,5,2,0.96592582628906831,0.25881904510252074,0.97492791218182362,-0.22252093395631434
Parkstraße 4,2025-07-09T04:00:00Z,continuous_test,condition_b,,,,true,false,false,false,0,6,2,1,6.123233995736766e-17,0.97492791218182362,-0.22252093395631434
Parkstraße 4,2025-07-09T05:00:00Z,continuous_test,condition_b,,,,true,false,false,false,0,7,2,0.96592582628906831,-0.25881904510252063,0.97492791218182362,-0.22252093395631434
Parkstraße 4,2025-07-09T06:00:00Z,continuous_test,condition_b,,,,true,false,false,false,0,8,2,0.86602540378443871,-0.49999999999999978,0.97492791218182362,-0.22252093395631434
Parkstraße 4,2025-07-09T07:00:00Z,continuous_test,condition_b,42.5,42.5,6.8900000000000006,false,true,true,false,1.1774295206342451,9,2,0.70710678118654757,-0.70710678118654746,0.97492791218182362,-0.22252093395631434
Parkstraße 4,2025-07-09T08:00:00Z,continuous_test,condition_b,68,68,7.8099999999999996,false,true,true,false,1.5585994421989877,10,2,0.49999999999999994,-0.86602540378443871,0.97492791218182362,-0.22252093395631434
Parkstraße 4,2025-07-09T09:00:00Z,continuous_test,condition_b,81,81,8.8499999999999996,false,true,true,false,1.7012144153572466,11,2,0.25881904510252102,-0.9659258262890682,0.97492791218182362,-0.22252093395631434
Parkstraße 4,2025-07-09T10:00:00Z,continuous_test,condition_b,100,100,9.4000000000000004,false,true,true,false,1.8733983515351809,12,2,1.2246467991473532e-16,-1,0.97492791218182362,-0.22252093395631434
Parkstraße 4,2025-07-09T11:00:00Z,continuous_test,condition_b,42,42,6.0800000000000001,false,true,true,false,1.1678778134372996,13,2,-0.25881904510252079,-0.96592582628906831,0.97492791218182362,-0.22252093395631434
Parkstraße 4,2025-07-09T12:00:00Z,continuous_test,condition_b,4,4,2.75,false,true,true,false,-0.60993710404435875,14,2,-0.49999999999999972,-0.86602540378443882,0.97492791218182362,-0.22252093395631434
Parkstraße 4,2025-07-09T13:00:00Z,continuous_test,condition_b,4.5,,1.8049999999999999,true,false,true,true,-0.53461884095846157,15,2,-0.70710678118654713,-0.70710678118654791,0.97492791218182362,-0.22252093395631434
Parkstraße 4,2025-07-09T14:00:00Z,continuous_test,condition_b,5,5,0.85999999999999999,false,true,true,false,-0.45930057787256429,16,2,-0.86602540378443849,-0.50000000000000044,0.97492791218182362,-0.22252093395631434
Parkstraße 4,2025-07-09T15:00:00Z,continuous_test,condition_b,8,8,2.75,false,true,true,false,-0.12429984376677593,17,2,-0.96592582628906831,-0.25881904510252063,0.97492791218182362,-0.22252093395631434
Parkstraße 4,2025-07-09T16:00:00Z,continuous_test,condition_b,6,6,11.119999999999999,false,true,true,false,-0.33193920972430457,18,2,-1,-1.8369701987210297e-16,0.97492791218182362,-0.22252093395631434
Parkstraße 4,2025-07-09T17:00:00Z,continuous_test,condition_b,3,3,16.390000000000001,false,true,true,false,-0.79430131197835241,19,2,-0.96592582628906842,0.2588190451025203,0.97492791218182362,-0.22252093395631434
Parkstraße 4,2025-07-09T18:00:00Z,continuous_test,condition_b,1,1,0.080000000000000002,false,true,true,false,-1.3669888495432234,20,2,-0.8660254037844386,0.50000000000000011,0.97492791218182362,-0.22252093395631434
Parkstraße 4,2025-07-09T19:00:00Z,continuous_test,condition_b,5,5,4.0499999999999998,false,true,true,false,-0.45930057787256429,21,2,-0.70710678118654768,0.70710678118654735,0.97492791218182362,-0.22252093395631434
Parkstraße 4,2025-07-09T20:00:00Z,continuous_test,condition_b,2.5,,2.0249999999999999,true,false,true,true,-1.1994884824903296,22,2,-0.50000000000000044,0.86602540378443837,0.97492791218182362,-0.22252093395631434
Parkstraße 4,2025-07-09T21:00:00Z,continuous_test,condition_b,0,0,0,false,true,true,false,-1.9396763871080949,23,2,-0.25881904510252157,0.96592582628906809,0.97492791218182362,-0.22252093395631434
Parkstraße 4,2025-07-09T22:00:00Z,continuous_test,condition_b,,,,true,false,false,false,0,0,3,0,1,0.43388373911755823,-0.90096886790241903
Parkstraße 4,2025-07-09T23:00:00Z,continuous_test,condition_b,,,,true,false,false,false,0,1,3,0.25881904510252074,0.96592582628906831,0.43388373911755823,-0.90096886790241903
Parkstraße 4,2025-07-10T00:00:00Z,continuous_test,condition_b,,,,true,false,false,false,0,2,3,0.49999999999999994,0.86602540378443871,0.43388373911755823,-0.90096886790241903
Parkstraße 4,2025-07-10T01:00:00Z,continuous_test,condition_b,,,,true,false,false,false,0,3,3,0.70710678118654757,0.70710678118654757,0.43388373911755823,-0.90096886790241903
Parkstraße 4,2025-07-10T02:00:00Z,continuous_test,condition_b,,,,true,false,false,false,0,4,3,0.8660254037844386,0.50000000000000011,0.43388373911755823,-0.90096886790241903
Parkstraße 4,2025-07-10T03:00:00Z,continuous_test,condition_b,,,,true,false,false,false,0,5,3,0.96592582628906831,0.25881904510252074,0.43388373911755823,-0.90096886790241903
Parkstraße 4,2025-07-10T04:00:00Z,continuous_test,condition_b,,,,true,false,false,false,0,6,3,1,6.123233995736766e-17,0.43388373911755823,-0.90096886790241903
Parkstraße 4,2025-07-10T05:00:00Z,continuous_test,condition_b,,,,true,false,false,false,0,7,3,0.96592582628906831,-0.25881904510252063,0.43388373911755823,-0.90096886790241903
Parkstraße 4,2025-07-10T06:00:00Z,continuous_test,condition_b,,,,true,false,false,false,0,8,3,0.86602540378443871,-0.49999999999999978,0.43388373911755823,-0.90096886790241903
Parkstraße 4,2025-07-10T07:00:00Z,continuous_test,condition_b,62,62,6.9749999999999996,false,true,true,false,1.4834373336170141,9,3,0.70710678118654757,-0.70710678118654746,0.43388373911755823,-0.90096886790241903
Parkstraße 4,2025-07-10T08:00:00Z,continuous_test,condition_b,71.5,71.5,7.1500000000000004,false,true,true,false,1.599480532027322,10,3,0.49999999999999994,-0.86602540378443871,0.43388373911755823,-0.90096886790241903
Parkstraße 4,2025-07-10T09:00:00Z,continuous_test,condition_b,89.5,89.5,9.0950000000000006,false,true,true,false,1.7827043485167422,11,3,0.25881904510252102,-0.9659258262890682,0.43388373911755823,-0.90096886790241903
Parkstraße 4,2025-07-10T10:00:00Z,continuous_test,condition_b,112.5,112.5,7.2249999999999996,false,true,true,false,1.9698028561457361,12,3,1.2246467991473532e-16,-1,0.43388373911755823,-0.90096886790241903
Parkstraße 4,2025-07-10T11:00:00Z,continuous_test,condition_b,27,27,3.5699999999999998,false,true,true,false,0.81343586540543777,13,3,-0.25881904510252079,-0.96592582628906831,0.43388373911755823,-0.90096886790241903
Parkstraße 4,2025-07-10T12:00:00Z,continuous_test,condition_b,4,4,4.8200000000000003,false,true,true,false,-0.60993710404435875,14,3,-0.49999999999999972,-0.86602540378443882,0.43388373911755823,-0.90096886790241903
Parkstraße 4,2025-07-10T13:00:00Z,continuous_test,condition_b,3,3,10.199999999999999,false,true,true,false,-0.79430131197835241,15,3,-0.70710678118654713,-0.70710678118654791,0.43388373911755823,-0.90096886790241903
Parkstraße 4,2025-07-10T14:00:00Z,continuous_test,condition_b,5.5,5.5,4.2850000000000001,false,true,true,false,-0.39316821458349793,16,3,-0.86602540378443849,-0.50000000000000044,0.43388373911755823,-0.90096886790241903
Parkstraße 4,2025-07-10T15:00:00Z,continuous_test,condition_b,6,6,7.3399999999999999,false,true,true,false,-0.33193920972430457,17,3,-0.96592582628906831,-0.25881904510252063,0.43388373911755823,-0.90096886790241903
Parkstraße 4,2025-07-10T16:00:00Z,continuous_test,condition_b,3,3,4.6299999999999999,false,true,true,false,-0.79430131197835241,18,3,-1,-1.8369701987210297e-16,0.43388373911755823,-0.90096886790241903
Parkstraße 4,2025-07-10T17:00:00Z,continuous_test,condition_b,3,3,2.1299999999999999,false,true,true,false,-0.79430131197835241,19,3,-0.96592582628906842,0.2588190451025203,0.43388373911755823,-0.90096886790241903
Parkstraße 4,2025-07-10T18:00:00Z,continuous_test,condition_b,3,3,0.48999999999999999,false,true,true,false,-0.79430131197835241,20,3,-0.8660254037844386,0.50000000000000011,0.43388373911755823,-0.90096886790241903
Parkstraße 4,2025-07-10T19:00:00Z,continuous_test,condition_b,14,14,23.734999999999999,false,true,true,false,0.29775116762630077,21,3,-0.70710678118654768,0.70710678118654735,0.43388373911755823,-0.90096886790241903
Parkstraße 4,2025-07-10T20:00:00Z,continuous_test,condition_b,24,24,9.3300000000000001,false,true,true,false,0.71980217901937749,22,3,-0.50000000000000044,0.86602540378443837,0.43388373911755823,-0.90096886790241903
Parkstraße 4,2025-07-10T21:00:00Z,continuous_test,condition_b,4,4,5.7599999999999998,false,true,true,false,-0.60993710404435875,23,3,-0.25881904510252157,0.96592582628906809,0.43388373911755823,-0.90096886790241903
Parkstraße 4,2025-07-10T22:00:00Z,continuous_test,condition_b,5,,22.545000000000002,true,false,true,true,-0.47093815688433166,0,4,0,1,-0.43388373911755801,-0.90096886790241915
Parkstraße 4,2025-07-10T23:00:00Z,continuous_test,condition_b,6,6,39.329999999999998,false,true,true,false,-0.33193920972430457,1,4,0.25881904510252074,0.96592582628906831,-0.43388373911755801,-0.90096886790241915
Parkstraße 4,2025-07-11T00:00:00Z,continuous_test,condition_b,3,3,1.78,false,true,true,false,-0.79430131197835241,2,4,0.49999999999999994,0.86602540378443871,-0.43388373911755801,-0.90096886790241915
Parkstraße 4,2025-07-11T01:00:00Z,continuous_test,condition_b,1,1,2.0299999999999998,false,true,true,false,-1.3669888495432234,3,4,0.70710678118654757,0.70710678118654757,-0.43388373911755801,-0.90096886790241915
Parkstraße 4,2025-07-11T02:00:00Z,continuous_test,condition_b,4,4,13.73,false,true,true,false,-0.60993710404435875,4,4,0.8660254037844386,0.50000000000000011,-0.43388373911755801,-0.90096886790241915
Parkstraße 4,2025-07-11T03:00:00Z,continuous_test,condition_b,7,7,1.6399999999999999,false,true,true,false,-0.22161377441348129,5,4,0.96592582628906831,0.25881904510252074,-0.43388373911755801,-0.90096886790241915
Parkstraße 4,2025-07-11T04:00:00Z,continuous_test,condition_b,27,27,8.6199999999999992,false,true,true,false,0.81343586540543777,6,4,1,6.123233995736766e-17,-0.43388373911755801,-0.90096886790241915
Parkstraße 4,2025-07-11T05:00:00Z,continuous_test,condition_b,20.5,20.5,9.0150000000000006,false,true,true,false,0.59519027587242834,7,4,0.96592582628906831,-0.25881904510252063,-0.43388373911755801,-0.90096886790241915
Parkstraße 4,2025-07-11T06:00:00Z,continuous_test,condition_b,49,49,3.9399999999999999,false,true,true,false,1.2924897165842488,8,4,0.86602540378443871,-0.49999999999999978,-0.43388373911755801,-0.90096886790241915
Parkstraße 4,2025-07-11T07:00:00Z,continuous_test,condition_b,,,,true,false,false,false,0,9,4,0.70710678118654757,-0.70710678118654746,-0.43388373911755801,-0.90096886790241915
Parkstraße 4,2025-07-11T08:00:00Z,continuous_test,condition_b,,,,true,false,false,false,0,10,4,0.49999999999999994,-0.86602540378443871,-0.43388373911755801,-0.90096886790241915
Parkstraße 4,2025-07-11T09:00:00Z,continuous_test,condition_b,,,,true,false,false,false,0,11,4,0.25881904510252102,-0.9659258262890682,-0.43388373911755801,-0.90096886790241915
Parkstraße 4,2025-07-11T10:00:00Z,continuous_test,condition_b,,,,true,false,false,false,0,12,4,1.2246467991473532e-16,-1,-0.43388373911755801,-0.90096886790241915
Parkstraße 4,2025-07-11T11:00:00Z,continuous_test,condition_b,,,,true,false,false,false,0,13,4,-0.25881904510252079,-0.96592582628906831,-0.43388373911755801,-0.90096886790241915
Parkstraße 4,2025-07-11T12:00:00Z,continuous_test,condition_b,,,,true,false,false,false,0,14,4,-0.49999999999999972,-0.86602540378443882,-0.43388373911755801,-0.90096886790241915
Parkstraße 4,2025-07-11T13:00:00Z,continuous_test,condition_b,,,,true,false,false,false,0,15,4,-0.70710678118654713,-0.70710678118654791,-0.43388373911755801,-0.90096886790241915
Parkstraße 4,2025-07-11T14:00:00Z,continuous_test,condition_b,,,,true,false,false,false,0,16,4,-0.86602540378443849,-0.50000000000000044,-0.43388373911755801,-0.90096886790241915
Parkstraße 4,2025-07-11T15:00:00Z,continuous_test,condition_b,,,,true,false,false,false,0,17,4,-0.96592582628906831,-0.25881904510252063,-0.43388373911755801,-0.90096886790241915
Parkstraße 4,2025-07-11T16:00:00Z,continuous_test,condition_b,,,,true,false,false,false,0,18,4,-1,-1.8369701987210297e-16,-0.43388373911755801,-0.90096886790241915
Parkstraße 4,2025-07-11T17:00:00Z,continuous_test,condition_b,4,4,3.8900000000000001,false,true,true,false,-0.60993710404435875,19,4,-0.96592582628906842,0.2588190451025203,-0.43388373911755801,-0.90096886790241915
Parkstraße 4,2025-07-11T18:00:00Z,continuous_test,condition_b,14,,4.6266666666666669,true,false,true,true,-0.074024711583095315,20,4,-0.8660254037844386,0.50000000000000011,-0.43388373911755801,-0.90096886790241915
Parkstraße 4,2025-07-11T19:00:00Z,continuous_test,condition_b,24,,5.3633333333333333,true,false,true,true,0.46188768087816812,21,4,-0.70710678118654768,0.70710678118654735,-0.43388373911755801,-0.90096886790241915
Parkstraße 4,2025-07-11T20:00:00Z,continuous_test,condition_b,34,34,6.0999999999999996,false,true,true,false,0.99780007333943155,22,4,-0.50000000000000044,0.86602540378443837,-0.43388373911755801,-0.90096886790241915
Parkstraße 4,2025-07-11T21:00:00Z,continuous_test,condition_b,2,2,1.6299999999999999,false,true,true,false,-1.0319881154374353,23,4,-0.25881904510252157,0.96592582628906809,-0.43388373911755801,-0.90096886790241915
Parkstraße 4,2025-07-11T22:00:00Z,continuous_test,condition_b,4,,9.4749999999999996,true,false,true,true,-0.68196366258086993,0,5,0,1,-0.97492791218182362,-0.22252093395631459
Parkstraße 4,2025-07-11T23:00:00Z,continuous_test,condition_b,6,6,17.32,false,true,true,false,-0.33193920972430457,1,5,0.25881904510252074,0.96592582628906831,-0.97492791218182362,-0.22252093395631459
Parkstraße 4,2025-07-12T00:00:00Z,continuous_test,condition_b,,,,true,false,false,false,0,2,5,0.49999999999999994,0.86602540378443871,-0.97492791218182362,-0.22252093395631459
Parkstraße 4,2025-07-12T01:00:00Z,continuous_test,condition_b,,,,true,false,false,false,0,3,5,0.70710678118654757,0.70710678118654757,-0.97492791218182362,-0.22252093395631459
Parkstraße 4,2025-07-12T02:00:00Z,continuous_test,condition_b,,,,true,false,false,false,0,4,5,0.8660254037844386,0.50000000000000011,-0.97492791218182362,-0.22252093395631459
Parkstraße 4,2025-07-12T03:00:00Z,continuous_test,condition_b,,,,true,false,false,false,0,5,5,0.96592582628906831,0.25881904510252074,-0.97492791218182362,-0.22252093395631459
Parkstraße 4,2025-07-12T04:00:00Z,continuous_test,condition_b,,,,true,false,false,false,0,6,5,1,6.123233995736766e-17,-0.97492791218182362,-0.22252093395631459
Parkstraße 4,2025-07-12T05:00:00Z,continuous_test,condition_b,,,,true,false,false,false,0,7,5,0.96592582628906831,-0.25881904510252063,-0.97492791218182362,-0.22252093395631459
Parkstraße 4,2025-07-12T06:00:00Z,continuous_test,condition_b,14,14,5.6500000000000004,false,true,true,false,0.29775116762630077,8,5,0.86602540378443871,-0.49999999999999978,-0.97492791218182362,-0.22252093395631459
Parkstraße 4,2025-07-12T07:00:00Z,continuous_test,condition_b,62,62,8.25,false,true,true,false,1.4834373336170141,9,5,0.70710678118654757,-0.70710678118654746,-0.97492791218182362,-0.22252093395631459
Parkstraße 4,2025-07-12T08:00:00Z,continuous_test,condition_b,94,,10.443333333333332,true,false,true,true,1.7383984040959497,10,5,0.49999999999999994,-0.86602540378443871,-0.97492791218182362,-0.22252093395631459
Parkstraße 4,2025-07-12T09:00:00Z,continuous_test,condition_b,126,,12.636666666666668,true,false,true,true,1.9933594745748853,11,5,0.25881904510252102,-0.9659258262890682,-0.97492791218182362,-0.22252093395631459
Parkstraße 4,2025-07-12T10:00:00Z,continuous_test,condition_b,158,158,14.83,false,true,true,false,2.2483205450538208,12,5,1.2246467991473532e-16,-1,-0.97492791218182362,-0.22252093395631459
Parkstraße 4,2025-07-12T11:00:00Z,continuous_test,condition_b,96,96,9.5999999999999996,false,true,true,false,1.8400114466268218,13,5,-0.25881904510252079,-0.96592582628906831,-0.97492791218182362,-0.22252093395631459
Parkstraße 4,2025-07-12T12:00:00Z,continuous_test,condition_b,3,3,6.5700000000000003,false,true,true,false,-0.79430131197835241,14,5,-0.49999999999999972,-0.86602540378443882,-0.97492791218182362,-0.22252093395631459
Parkstraße 4,2025-07-12T13:00:00Z,continuous_test,condition_b,6.5,6.5,5.6050000000000004,false,true,true,false,-0.27493636993857057,15,5,-0.70710678118654713,-0.70710678118654791,-0.97492791218182362,-0.22252093395631459
Parkstraße 4,2025-07-12T14:00:00Z,continuous_test,condition_b,3,3,8.8649999999999984,false,true,true,false,-0.79430131197835241,16,5,-0.86602540378443849,-0.50000000000000044,-0.97492791218182362,-0.22252093395631459
Parkstraße 4,2025-07-12T15:00:00Z,continuous_test,condition_b,9,9,10.35,false,true,true,false,-0.037249566479487205,17,5,-0.96592582628906831,-0.25881904510252063,-0.97492791218182362,-0.22252093395631459
Parkstraße 4,2025-07-12T16:00:00Z,continuous_test,condition_b,2,2,5.8200000000000003,false,true,true,false,-1.0319881154374353,18,5,-1,-1.8369701987210297e-16,-0.97492791218182362,-0.22252093395631459
Parkstraße 4,2025-07-12T17:00:00Z,continuous_test,condition_b,1,1,0.75,false,true,true,false,-1.3669888495432234,19,5,-0.96592582628906842,0.2588190451025203,-0.97492791218182362,-0.22252093395631459
Parkstraße 4,2025-07-12T18:00:00Z,continuous_test,condition_b,3.5,3.5,17.715,false,true,true,false,-0.69698738133164728,20,5,-0.8660254037844386,0.50000000000000011,-0.97492791218182362,-0.22252093395631459
Parkstraße 4,2025-07-12T19:00:00Z,continuous_test,condition_b,7,7,11.289999999999999,false,true,true,false,-0.22161377441348129,21,5,-0.70710678118654768,0.70710678118654735,-0.97492791218182362,-0.22252093395631459
Parkstraße 4,2025-07-12T20:00:00Z,continuous_test,condition_b,10,10,9.4199999999999999,false,true,true,false,0.041496987943355726,22,5,-0.50000000000000044,0.86602540378443837,-0.97492791218182362,-0.22252093395631459
Parkstraße 4,2025-07-12T21:00:00Z,continuous_test,condition_b,8,8,5.1550000000000002,false,true,true,false,-0.12429984376677593,23,5,-0.25881904510252157,0.96592582628906809,-0.97492791218182362,-0.22252093395631459
Parkstraße 4,2025-07-12T22:00:00Z,continuous_test,condition_b,8,,6.8525000000000009,true,false,true,true,-0.12429984376677593,0,6,0,1,-0.78183148246802991,0.62348980185873337
Parkstraße 4,2025-07-12T23:00:00Z,continuous_test,condition_b,8,8,8.5500000000000007,false,true,true,false,-0.12429984376677593,1,6,0.25881904510252074,0.96592582628906831,-0.78183148246802991,0.62348980185873337
Parkstraße 4,2025-07-13T00:00:00Z,continuous_test,condition_b,,,,true,false,false,false,0,2,6,0.49999999999999994,0.86602540378443871,-0.78183148246802991,0.62348980185873337
Parkstraße 4,2025-07-13T01:00:00Z,continuous_test,condition_b,,,,true,false,false,false,0,3,6,0.70710678118654757,0.70710678118654757,-0.78183148246802991,0.62348980185873337
Parkstraße 4,2025-07-13T02:00:00Z,continuous_test,condition_b,,,,true,false,false,false,0,4,6,0.8660254037844386,0.50000000000000011,-0.78183148246802991,0.62348980185873337
Parkstraße 4,2025-07-13T03:00:00Z,continuous_test,condition_b,0,0,0,false,true,true,false,-1.9396763871080949,5,6,0.96592582628906831,0.25881904510252074,-0.78183148246802991,0.62348980185873337
Parkstraße 4,2025-07-13T04:00:00Z,continuous_test,condition_b,,,,true,false,false,false,0,6,6,1,6.123233995736766e-17,-0.78183148246802991,0.62348980185873337
Parkstraße 4,2025-07-13T05:00:00Z,continuous_test,condition_b,,,,true,false,false,false,0,7,6,0.96592582628906831,-0.25881904510252063,-0.78183148246802991,0.62348980185873337
Parkstraße 4,2025-07-13T06:00:00Z,continuous_test,condition_b,,,,true,false,false,false,0,8,6,0.86602540378443871,-0.49999999999999978,-0.78183148246802991,0.62348980185873337
Parkstraße 4,2025-07-13T07:00:00Z,continuous_test,condition_b,,,,true,false,false,false,0,9,6,0.70710678118654757,-0.70710678118654746,-0.78183148246802991,0.62348980185873337
Parkstraße 4,2025-07-13T08:00:00Z,continuous_test,condition_b,,,,true,false,false,false,0,10,6,0.49999999999999994,-0.86602540378443871,-0.78183148246802991,0.62348980185873337
Parkstraße 4,2025-07-13T09:00:00Z,continuous_test,condition_b,,,,true,false,false,false,0,11,6,0.25881904510252102,-0.9659258262890682,-0.78183148246802991,0.62348980185873337
Parkstraße 4,2025-07-13T10:00:00Z,continuous_test,condition_b,,,,true,false,false,false,0,12,6,1.2246467991473532e-16,-1,-0.78183148246802991,0.62348980185873337
Parkstraße 4,2025-07-13T11:00:00Z,continuous_test,condition_b,,,,true,false,false,false,0,13,6,-0.25881904510252079,-0.96592582628906831,-0.78183148246802991,0.62348980185873337
Parkstraße 4,2025-07-13T12:00:00Z,continuous_test,condition_b,,,,true,false,false,false,0,14,6,-0.49999999999999972,-0.86602540378443882,-0.78183148246802991,0.62348980185873337
Parkstraße 4,2025-07-13T13:00:00Z,continuous_test,condition_b,,,,true,false,false,false,0,15,6,-0.70710678118654713,-0.70710678118654791,-0.78183148246802991,0.62348980185873337
Parkstraße 4,2025-07-13T14:00:00Z,continuous_test,condition_b,,,,true,false,false,false,0,16,6,-0.86602540378443849,-0.50000000000000044,-0.78183148246802991,0.62348980185873337
Parkstraße 4,2025-07-13T15:00:00Z,continuous_test,condition_b,,,,true,false,false,false,0,17,6,-0.96592582628906831,-0.25881904510252063,-0.78183148246802991,0.62348980185873337
Parkstraße 4,2025-07-13T16:00:00Z,continuous_test,condition_b,,,,true,false,false,false,0,18,6,-1,-1.8369701987210297e-16,-0.78183148246802991,0.62348980185873337
Parkstraße 4,2025-07-13T17:00:00Z,continuous_test,condition_b,,,,true,false,false,false,0,19,6,-0.96592582628906842,0.2588190451025203,-0.78183148246802991,0.62348980185873337
Parkstraße 4,2025-07-13T18:00:00Z,continuous_test,condition_b,,,,true,false,false,false,0,20,6,-0.8660254037844386,0.50000000000000011,-0.78183148246802991,0.62348980185873337
Parkstraße 4,2025-07-13T19:00:00Z,continuous_test,condition_b,,,,true,false,false,false,0,21,6,-0.70710678118654768,0.70710678118654735,-0.78183148246802991,0.62348980185873337
Parkstraße 4,2025-07-13T20:00:00Z,continuous_test,condition_b,,,,true,false,false,false,0,22,6,-0.50000000000000044,0.86602540378443837,-0.78183148246802991,0.62348980185873337
Parkstraße 4,2025-07-13T21:00:00Z,continuous_test,condition_b,0.5,0.5,0.80000000000000004,false,true,true,false,-1.6046756530023067,23,6,-0.25881904510252157,0.96592582628906809,-0.78183148246802991,0.62348980185873337
Parkstraße 4,2025-07-13T22:00:00Z,continuous_test,condition_b,7,7,27.75,false,true,true,false,-0.22161377441348129,0,0,0,1,0,1
Parkstraße 4,2025-07-13T23:00:00Z,continuous_test,condition_b,,,,true,false,true,true,-0.22161377441348129,1,0,0.25881904510252074,0.96592582628906831,0,1
Reinhardstraße 19,2025-07-08T00:00:00Z,continuous_test,condition_b,0,0,0,false,true,true,false,-3.1483254313126667,2,1,0.49999999999999994,0.86602540378443871,0.7818314824680298,0.62348980185873359
Reinhardstraße 19,2025-07-08T01:00:00Z,continuous_test,condition_b,3,3,17.079999999999998,false,true,true,false,-1.7562430243137581,3,1,0.70710678118654757,0.70710678118654757,0.7818314824680298,0.62348980185873359
Reinhardstraße 19,2025-07-08T02:00:00Z,continuous_test,condition_b,3,3,2.02,false,true,true,false,-1.7562430243137581,4,1,0.8660254037844386,0.50000000000000011,0.7818314824680298,0.62348980185873359
Reinhardstraße 19,2025-07-08T03:00:00Z,continuous_test,condition_b,6,6,6.8899999999999997,false,true,true,false,-1.1942907327135752,5,1,0.96592582628906831,0.25881904510252074,0.7818314824680298,0.62348980185873359
Reinhardstraße 19,2025-07-08T04:00:00Z,continuous_test,condition_b,18.25,,5.3550000000000004,true,false,true,true,-0.43911212795984422,6,1,1,6.123233995736766e-17,0.7818314824680298,0.62348980185873359
Reinhardstraße 19,2025-07-08T05:00:00Z,continuous_test,condition_b,30.5,30.5,3.8199999999999998,false,true,true,false,0.31606647679388689,7,1,0.96592582628906831,-0.25881904510252063,0.7818314824680298,0.62348980185873359
Reinhardstraße 19,2025-07-08T06:00:00Z,continuous_test,condition_b,26.5,26.5,5.5600000000000005,false,true,true,false,0.17969793805284368,8,1,0.86602540378443871,-0.49999999999999978,0.7818314824680298,0.62348980185873359
Reinhardstraße 19,2025-07-08T07:00:00Z,continuous_test,condition_b,41,41,7.1400000000000006,false,true,true,false,0.60494967728933757,9,1,0.70710678118654757,-0.70710678118654746,0.7818314824680298,0.62348980185873359
Reinhardstraße 19,2025-07-08T08:00:00Z,continuous_test,condition_b,37.5,,9.2750000000000004,true,false,true,true,0.51340828509017855,10,1,0.49999999999999994,-0.86602540378443871,0.7818314824680298,0.62348980185873359
Reinhardstraße 19,2025-07-08T09:00:00Z,continuous_test,condition_b,34,34,11.41,false,true,true,false,0.42186689289101953,11,1,0.25881904510252102,-0.9659258262890682,0.7818314824680298,0.62348980185873359
Reinhardstraße 19,2025-07-08T10:00:00Z,continuous_test,condition_b,76,76,10.065,false,true,true,false,1.2136162145467948,12,1,1.2246467991473532e-16,-1,0.7818314824680298,0.62348980185873359
Reinhardstraße 19,2025-07-08T11:00:00Z,continuous_test,condition_b,68.5,68.5,9.0600000000000005,false,true,true,false,1.1107096770880451,13,1,-0.25881904510252079,-0.96592582628906831,0.7818314824680298,0.62348980185873359
Reinhardstraße 19,2025-07-08T12:00:00Z,continuous_test,condition_b,52,52,10.06,false,true,true,false,0.83854321543064403,14,1,-0.49999999999999972,-0.86602540378443882,0.7818314824680298,0.62348980185873359
Reinhardstraße 19,2025-07-08T13:00:00Z,continuous_test,condition_b,69,69,6.6399999999999997,false,true,true,false,1.1179080963904744,15,1,-0.70710678118654713,-0.70710678118654791,0.7818314824680298,0.62348980185873359
Reinhardstraße 19,2025-07-08T14:00:00Z,continuous_test,condition_b,,,,true,false,false,false,0,16,1,-0.86602540378443849,-0.50000000000000044,0.7818314824680298,0.62348980185873359
Reinhardstraße 19,2025-07-08T15:00:00Z,continuous_test,condition_b,,,,true,false,false,false,0,17,1,-0.96592582628906831,-0.25881904510252063,0.7818314824680298,0.62348980185873359
Reinhardstraße 19,2025-07-08T16:00:00Z,continuous_test,condition_b,,,,true,false,false,false,0,18,1,-1,-1.8369701987210297e-16,0.7818314824680298,0.62348980185873359
Reinhardstraße 19,2025-07-08T17:00:00Z,continuous_test,condition_b,,,,true,false,false,false,0,19,1,-0.96592582628906842,0.2588190451025203,0.7818314824680298,0.62348980185873359
Reinhardstraße 19,2025-07-08T18:00:00Z,continuous_test,condition_b,,,,true,false,false,false,0,20,1,-0.8660254037844386,0.50000000000000011,0.7818314824680298,0.62348980185873359
Reinhardstraße 19,2025-07-08T19:00:00Z,continuous_test,condition_b,,,,true,false,false,false,0,21,1,-0.70710678118654768,0.70710678118654735,0.7818314824680298,0.62348980185873359
Reinhardstraße 19,2025-07-08T20:00:00Z,continuous_test,condition_b,,,,true,false,false,false,0,22,1,-0.50000000000000044,0.86602540378443837,0.7818314824680298,0.62348980185873359
Reinhardstraße 19,2025-07-08T21:00:00Z,continuous_test,condition_b,,,,true,false,false,false,0,23,1,-0.25881904510252157,0.96592582628906809,0.7818314824680298,0.62348980185873359
Reinhardstraße 19,2025-07-08T22:00:00Z,continuous_test,condition_b,,,,true,false,false,false,0,0,2,0,1,0.97492791218182362,-0.22252093395631434
Reinhardstraße 19,2025-07-08T23:00:00Z,continuous_test,condition_b,,,,true,false,false,false,0,1,2,0.25881904510252074,0.96592582628906831,0.97492791218182362,-0.22252093395631434
Reinhardstraße 19,2025-07-09T00:00:00Z,continuous_test,condition_b,,,,true,false,false,false,0,2,2,0.49999999999999994,0.86602540378443871,0.97492791218182362,-0.22252093395631434
Reinhardstraße 19,2025-07-09T01:00:00Z,continuous_test,condition_b,,,,true,false,false,false,0,3,2,0.70710678118654757,0.70710678118654757,0.97492791218182362,-0.22252093395631434
Reinhardstraße 19,2025-07-09T02:00:00Z,continuous_test,condition_b,,,,true,false,false,false,0,4,2,0.8660254037844386,0.50000000000000011,0.97492791218182362,-0.22252093395631434
Reinhardstraße 19,2025-07-09T03:00:00Z,continuous_test,condition_b,,,,true,false,false,false,0,5,2,0.96592582628906831,0.25881904510252074,0.97492791218182362,-0.22252093395631434
Reinhardstraße 19,2025-07-09T04:00:00Z,continuous_test,condition_b,,,,true,false,false,false,0,6,2,1,6.123233995736766e-17,0.97492791218182362,-0.22252093395631434
Reinhardstraße 19,2025-07-09T05:00:00Z,continuous_test,condition_b,,,,true,false,false,false,0,7,2,0.96592582628906831,-0.25881904510252063,0.97492791218182362,-0.22252093395631434
Reinhardstraße 19,2025-07-09T06:00:00Z,continuous_test,condition_b,,,,true,false,false,false,0,8,2,0.86602540378443871,-0.49999999999999978,0.97492791218182362,-0.22252093395631434
Reinhardstraße 19,2025-07-09T07:00:00Z,continuous_test,condition_b,57,57,8.7799999999999994,false,true,true,false,0.9290707106128594,9,2,0.70710678118654757,-0.70710678118654746,0.97492791218182362,-0.22252093395631434
Reinhardstraße 19,2025-07-09T08:00:00Z,continuous_test,condition_b,53,53,8.4399999999999995,false,true,true,false,0.85731339169716259,10,2,0.49999999999999994,-0.86602540378443871,0.97492791218182362,-0.22252093395631434
Reinhardstraße 19,2025-07-09T09:00:00Z,continuous_test,condition_b,64,64,8.3499999999999996,false,true,true,false,1.0434907091840351,11,2,0.25881904510252102,-0.9659258262890682,0.97492791218182362,-0.22252093395631434
Reinhardstraße 19,2025-07-09T10:00:00Z,continuous_test,condition_b,59.5,59.5,7.5700000000000003,false,true,true,false,0.97144725970861845,12,2,1.2246467991473532e-16,-1,0.97492791218182362,-0.22252093395631434
Reinhardstraße 19,2025-07-09T11:00:00Z,continuous_test,condition_b,65.333333333333329,,8.5299999999999994,true,false,true,true,1.0564893376665301,13,2,-0.25881904510252079,-0.96592582628906831,0.97492791218182362,-0.22252093395631434
Reinhardstraße 19,2025-07-09T12:00:00Z,continuous_test,condition_b,71.166666666666671,,9.4900000000000002,true,false,true,true,1.1415314156244416,14,2,-0.49999999999999972,-0.86602540378443882,0.97492791218182362,-0.22252093395631434
Reinhardstraße 19,2025-07-09T13:00:00Z,continuous_test,condition_b,77,77,10.449999999999999,false,true,true,false,1.2265734935823531,15,2,-0.70710678118654713,-0.70710678118654791,0.97492791218182362,-0.22252093395631434
Reinhardstraße 19,2025-07-09T14:00:00Z,continuous_test,condition_b,59,59,7.54,false,true,true,false,0.96311380779429479,16,2,-0.86602540378443849,-0.50000000000000044,0.97492791218182362,-0.22252093395631434
Reinhardstraße 19,2025-07-09T15:00:00Z,continuous_test,condition_b,67.5,67.5,5.4000000000000004,false,true,true,false,1.0961561586894626,17,2,-0.96592582628906831,-0.25881904510252063,0.97492791218182362,-0.22252093395631434
Reinhardstraße 19,2025-07-09T16:00:00Z,continuous_test,condition_b,47,47,7.0700000000000003,false,true,true,false,0.7390385891886091,18,2,-1,-1.8369701987210297e-16,0.97492791218182362,-0.22252093395631434
Reinhardstraße 19,2025-07-09T17:00:00Z,continuous_test,condition_b,29,29,8.5099999999999998,false,true,true,false,0.26707260429484087,19,2,-0.96592582628906842,0.2588190451025203,0.97492791218182362,-0.22252093395631434
Reinhardstraße 19,2025-07-09T18:00:00Z,continuous_test,condition_b,30,30,7.0999999999999996,false,true,true,false,0.29999933094157011,20,2,-0.8660254037844386,0.50000000000000011,0.97492791218182362,-0.22252093395631434
Reinhardstraße 19,2025-07-09T19:00:00Z,continuous_test,condition_b,16,16,11.529999999999999,false,true,true,false,-0.30328287602948134,21,2,-0.70710678118654768,0.70710678118654735,0.97492791218182362,-0.22252093395631434
Reinhardstraße 19,2025-07-09T20:00:00Z,continuous_test,condition_b,14,14,5.4050000000000002,false,true,true,false,-0.42896859920461355,22,2,-0.50000000000000044,0.86602540378443837,0.97492791218182362,-0.22252093395631434
Reinhardstraße 19,2025-07-09T21:00:00Z,continuous_test,condition_b,3.5,3.5,0.76000000000000001,false,true,true,false,-1.6379682218052043,23,2,-0.25881904510252157,0.96592582628906809,0.97492791218182362,-0.22252093395631434
Reinhardstraße 19,2025-07-09T22:00:00Z,continuous_test,condition_b,,,,true,false,false,false,0,0,3,0,1,0.43388373911755823,-0.90096886790241903
Reinhardstraße 19,2025-07-09T23:00:00Z,continuous_test,condition_b,,,,true,false,false,false,0,1,3,0.25881904510252074,0.96592582628906831,0.43388373911755823,-0.90096886790241903
Reinhardstraße 19,2025-07-10T00:00:00Z,continuous_test,condition_b,,,,true,false,false,false,0,2,3,0.49999999999999994,0.86602540378443871,0.43388373911755823,-0.90096886790241903
Reinhardstraße 19,2025-07-10T01:00:00Z,continuous_test,condition_b,,,,true,false,false,false,0,3,3,0.70710678118654757,0.70710678118654757,0.43388373911755823,-0.90096886790241903
Reinhardstraße 19,2025-07-10T02:00:00Z,continuous_test,condition_b,,,,true,false,false,false,0,4,3,0.8660254037844386,0.50000000000000011,0.43388373911755823,-0.90096886790241903
Reinhardstraße 19,2025-07-10T03:00:00Z,continuous_test,condition_b,,,,true,false,false,false,0,5,3,0.96592582628906831,0.25881904510252074,0.43388373911755823,-0.90096886790241903
Reinhardstraße 19,2025-07-10T04:00:00Z,continuous_test,condition_b,,,,true,false,false,false,0,6,3,1,6.123233995736766e-17,0.43388373911755823,-0.90096886790241903
Reinhardstraße 19,2025-07-10T05:00:00Z,continuous_test,condition_b,,,,true,false,false,false,0,7,3,0.96592582628906831,-0.25881904510252063,0.43388373911755823,-0.90096886790241903
Reinhardstraße 19,2025-07-10T06:00:00Z,continuous_test,condition_b,,,,true,false,false,false,0,8,3,0.86602540378443871,-0.49999999999999978,0.43388373911755823,-0.90096886790241903
Reinhardstraße 19,2025-07-10T07:00:00Z,continuous_test,condition_b,37,37,8.7699999999999996,false,true,true,false,0.50444835102250518,9,3,0.70710678118654757,-0.70710678118654746,0.43388373911755823,-0.90096886790241903
Reinhardstraße 19,2025-07-10T08:00:00Z,continuous_test,condition_b,55,55,7.875,false,true,true,false,0.89383287778478815,10,3,0.49999999999999994,-0.86602540378443871,0.43388373911755823,-0.90096886790241903
Reinhardstraße 19,2025-07-10T09:00:00Z,continuous_test,condition_b,66,66,6.6349999999999998,false,true,true,false,1.0739225893485915,11,3,0.25881904510252102,-0.9659258262890682,0.43388373911755823,-0.90096886790241903
Reinhardstraße 19,2025-07-10T10:00:00Z,continuous_test,condition_b,87,87,7.4000000000000004,false,true,true,false,1.3477051264460662,12,3,1.2246467991473532e-16,-1,0.43388373911755823,-0.90096886790241903
Reinhardstraße 19,2025-07-10T11:00:00Z,continuous_test,condition_b,66,66,7.9149999999999991,false,true,true,false,1.0739225893485915,13,3,-0.25881904510252079,-0.96592582628906831,0.43388373911755823,-0.90096886790241903
Reinhardstraße 19,2025-07-10T12:00:00Z,continuous_test,condition_b,59.5,59.5,4.5999999999999996,false,true,true,false,0.97144725970861845,14,3,-0.49999999999999972,-0.86602540378443882,0.43388373911755823,-0.90096886790241903
Reinhardstraße 19,2025-07-10T13:00:00Z,continuous_test,condition_b,105,105,10.880000000000001,false,true,true,false,1.5345844189300979,15,3,-0.70710678118654713,-0.70710678118654791,0.43388373911755823,-0.90096886790241903
Reinhardstraße 19,2025-07-10T14:00:00Z,continuous_test,condition_b,84.5,84.5,10.055,false,true,true,false,1.3187643570305134,16,3,-0.86602540378443849,-0.50000000000000044,0.43388373911755823,-0.90096886790241903
Reinhardstraße 19,2025-07-10T15:00:00Z,continuous_test,condition_b,72.5,72.5,8.125,false,true,true,false,1.1669019688895199,17,3,-0.96592582628906831,-0.25881904510252063,0.43388373911755823,-0.90096886790241903
Reinhardstraße 19,2025-07-10T16:00:00Z,continuous_test,condition_b,64.5,64.5,7.4499999999999993,false,true,true,false,1.0511855758987507,18,3,-1,-1.8369701987210297e-16,0.43388373911755823,-0.90096886790241903
Reinhardstraße 19,2025-07-10T17:00:00Z,continuous_test,condition_b,51.5,51.5,6.9100000000000001,false,true,true,false,0.82902489589502371,19,3,-0.96592582628906842,0.2588190451025203,0.43388373911755823,-0.90096886790241903
Reinhardstraße 19,2025-07-10T18:00:00Z,continuous_test,condition_b,31,31,6.46,false,true,true,false,0.33188058618460492,20,3,-0.8660254037844386,0.50000000000000011,0.43388373911755823,-0.90096886790241903
Reinhardstraße 19,2025-07-10T19:00:00Z,continuous_test,condition_b,22,22,3.4500000000000002,false,true,true,false,0.00026007668560223518,21,3,-0.70710678118654768,0.70710678118654735,0.43388373911755823,-0.90096886790241903
Reinhardstraße 19,2025-07-10T20:00:00Z,continuous_test,condition_b,19.5,19.5,7.7350000000000003,false,true,true,false,-0.11528968970683592,22,3,-0.50000000000000044,0.86602540378443837,0.43388373911755823,-0.90096886790241903
Reinhardstraße 19,2025-07-10T21:00:00Z,continuous_test,condition_b,6,6,1.73,false,true,true,false,-1.1942907327135752,23,3,-0.25881904510252157,0.96592582628906809,0.43388373911755823,-0.90096886790241903
Reinhardstraße 19,2025-07-10T22:00:00Z,continuous_test,condition_b,7,,5.2349999999999994,true,false,true,true,-1.0681088755096626,0,4,0,1,-0.43388373911755801,-0.90096886790241915
Reinhardstraße 19,2025-07-10T23:00:00Z,continuous_test,condition_b,8,8,8.7400000000000002,false,true,true,false,-0.94192701830574987,1,4,0.25881904510252074,0.96592582628906831,-0.43388373911755801,-0.90096886790241915
Reinhardstraße 19,2025-07-11T00:00:00Z,continuous_test,condition_b,6,6,26,false,true,true,false,-1.1942907327135752,2,4,0.49999999999999994,0.86602540378443871,-0.43388373911755801,-0.90096886790241915
Reinhardstraße 19,2025-07-11T01:00:00Z,continuous_test,condition_b,5.5,5.5,19.914999999999999,false,true,true,false,-1.2687081199200136,3,4,0.70710678118654757,0.70710678118654757,-0.43388373911755801,-0.90096886790241915
Reinhardstraße 19,2025-07-11T02:00:00Z,continuous_test,condition_b,4.5,4.5,8.0299999999999994,false,true,true,false,-1.4364596875517512,4,4,0.8660254037844386,0.50000000000000011,-0.43388373911755801,-0.90096886790241915
Reinhardstraße 19,2025-07-11T03:00:00Z,continuous_test,condition_b,10,10,9.6600000000000001,false,true,true,false,-0.74041848405229682,5,4,0.96592582628906831,0.25881904510252074,-0.43388373911755801,-0.90096886790241915
Reinhardstraße 19,2025-07-11T04:00:00Z,continuous_test,condition_b,11,11,8.8699999999999992,false,true,true,false,-0.65304381781029974,6,4,1,6.123233995736766e-17,-0.43388373911755801,-0.90096886790241915
Reinhardstraße 19,2025-07-11T05:00:00Z,continuous_test,condition_b,27,27,9.7899999999999991,false,true,true,false,0.19779167428533337,7,4,0.96592582628906831,-0.25881904510252063,-0.43388373911755801,-0.90096886790241915
Reinhardstraße 19,2025-07-11T06:00:00Z,continuous_test,condition_b,32,32,5.1100000000000003,false,true,true,false,0.36278072245116127,8,4,0.86602540378443871,-0.49999999999999978,-0.43388373911755801,-0.90096886790241915
Reinhardstraße 19,2025-07-11T07:00:00Z,continuous_test,condition_b,,,,true,false,false,false,0,9,4,0.70710678118654757,-0.70710678118654746,-0.43388373911755801,-0.90096886790241915
Reinhardstraße 19,2025-07-11T08:00:00Z,continuous_test,condition_b,,,,true,false,false,false,0,10,4,0.49999999999999994,-0.86602540378443871,-0.43388373911755801,-0.90096886790241915
Reinhardstraße 19,2025-07-11T09:00:00Z,continuous_test,condition_b,,,,true,false,false,false,0,11,4,0.25881904510252102,-0.9659258262890682,-0.43388373911755801,-0.90096886790241915
Reinhardstraße 19,2025-07-11T10:00:00Z,continuous_test,condition_b,,,,true,false,false,false,0,12,4,1.2246467991473532e-16,-1,-0.43388373911755801,-0.90096886790241915
Reinhardstraße 19,2025-07-11T11:00:00Z,continuous_test,condition_b,,,,true,false,false,false,0,13,4,-0.25881904510252079,-0.96592582628906831,-0.43388373911755801,-0.90096886790241915
Reinhardstraße 19,2025-07-11T12:00:00Z,continuous_test,condition_b,,,,true,false,false,false,0,14,4,-0.49999999999999972,-0.86602540378443882,-0.43388373911755801,-0.90096886790241915
Reinhardstraße 19,2025-07-11T13:00:00Z,continuous_test,condition_b,,,,true,false,false,false,0,15,4,-0.70710678118654713,-0.70710678118654791,-0.43388373911755801,-0.90096886790241915
Reinhardstraße 19,2025-07-11T14:00:00Z,continuous_test,condition_b,,,,true,false,false,false,0,16,4,-0.86602540378443849,-0.50000000000000044,-0.43388373911755801,-0.90096886790241915
Reinhardstraße 19,2025-07-11T15:00:00Z,continuous_test,condition_b,,,,true,false,false,false,0,17,4,-0.96592582628906831,-0.25881904510252063,-0.43388373911755801,-0.90096886790241915
Reinhardstraße 19,2025-07-11T16:00:00Z,continuous_test,condition_b,,,,true,false,false,false,0,18,4,-1,-1.8369701987210297e-16,-0.43388373911755801,-0.90096886790241915
Reinhardstraße 19,2025-07-11T17:00:00Z,continuous_test,condition_b,50,50,8.3000000000000007,false,true,true,false,0.79991633047397681,19,4,-0.96592582628906842,0.2588190451025203,-0.43388373911755801,-0.90096886790241915
Reinhardstraße 19,2025-07-11T18:00:00Z,continuous_test,condition_b,42.5,,7.4483333333333341,true,false,true,true,0.60513260382500289,20,4,-0.8660254037844386,0.50000000000000011,-0.43388373911755801,-0.90096886790241915
Reinhardstraße 19,2025-07-11T19:00:00Z,continuous_test,condition_b,35,,6.5966666666666667,true,false,true,true,0.41034887717602891,21,4,-0.70710678118654768,0.70710678118654735,-0.43388373911755801,-0.90096886790241915
Reinhardstraße 19,2025-07-11T20:00:00Z,continuous_test,condition_b,27.5,27.5,5.7450000000000001,false,true,true,false,0.21556515052705497,22,4,-0.50000000000000044,0.86602540378443837,-0.43388373911755801,-0.90096886790241915
Reinhardstraße 19,2025-07-11T21:00:00Z,continuous_test,condition_b,5,5,2.3900000000000001,false,true,true,false,-1.3490850213097541,23,4,-0.25881904510252157,0.96592582628906809,-0.43388373911755801,-0.90096886790241915
Reinhardstraße 19,2025-07-11T22:00:00Z,continuous_test,condition_b,21,21,9.0199999999999996,false,true,true,false,-0.044377280552842478,0,5,0,1,-0.97492791218182362,-0.22252093395631459
Reinhardstraße 19,2025-07-11T23:00:00Z,continuous_test,condition_b,,,,true,false,false,false,0,1,5,0.25881904510252074,0.96592582628906831,-0.97492791218182362,-0.22252093395631459
Reinhardstraße 19,2025-07-12T00:00:00Z,continuous_test,condition_b,,,,true,false,false,false,0,2,5,0.49999999999999994,0.86602540378443871,-0.97492791218182362,-0.22252093395631459
Reinhardstraße 19,2025-07-12T01:00:00Z,continuous_test,condition_b,,,,true,false,false,false,0,3,5,0.70710678118654757,0.70710678118654757,-0.97492791218182362,-0.22252093395631459
Reinhardstraße 19,2025-07-12T02:00:00Z,continuous_test,condition_b,,,,true,false,false,false,0,4,5,0.8660254037844386,0.50000000000000011,-0.97492791218182362,-0.22252093395631459
Reinhardstraße 19,2025-07-12T03:00:00Z,continuous_test,condition_b,,,,true,false,false,false,0,5,5,0.96592582628906831,0.25881904510252074,-0.97492791218182362,-0.22252093395631459
Reinhardstraße 19,2025-07-12T04:00:00Z,continuous_test,condition_b,,,,true,false,false,false,0,6,5,1,6.123233995736766e-17,-0.97492791218182362,-0.22252093395631459
Reinhardstraße 19,2025-07-12T05:00:00Z,continuous_test,condition_b,,,,true,false,false,false,0,7,5,0.96592582628906831,-0.25881904510252063,-0.97492791218182362,-0.22252093395631459
Reinhardstraße 19,2025-07-12T06:00:00Z,continuous_test,condition_b,20,20,6.4800000000000004,false,true,true,false,-0.091091526210116833,8,5,0.86602540378443871,-0.49999999999999978,-0.97492791218182362,-0.22252093395631459
Reinhardstraße 19,2025-07-12T07:00:00Z,continuous_test,condition_b,33,33,4.4500000000000002,false,true,true,false,0.39275832746997302,9,5,0.70710678118654757,-0.70710678118654746,-0.97492791218182362,-0.22252093395631459
Reinhardstraße 19,2025-07-12T08:00:00Z,continuous_test,condition_b,45.666666666666657,,6.0766666666666671,true,false,true,true,0.64390441571085288,10,5,0.49999999999999994,-0.86602540378443871,-0.97492791218182362,-0.22252093395631459
Reinhardstraße 19,2025-07-12T09:00:00Z,continuous_test,condition_b,58.333333333333329,,7.7033333333333331,true,false,true,true,0.89505050395173269,11,5,0.25881904510252102,-0.9659258262890682,-0.97492791218182362,-0.22252093395631459
Reinhardstraße 19,2025-07-12T10:00:00Z,continuous_test,condition_b,71,71,9.3300000000000001,false,true,true,false,1.1461965921926127,12,5,1.2246467991473532e-16,-1,-0.97492791218182362,-0.22252093395631459
Reinhardstraße 19,2025-07-12T11:00:00Z,continuous_test,condition_b,77,77,9.7300000000000004,false,true,true,false,1.2265734935823531,13,5,-0.25881904510252079,-0.96592582628906831,-0.97492791218182362,-0.22252093395631459
Reinhardstraße 19,2025-07-12T12:00:00Z,continuous_test,condition_b,110.5,110.5,12.119999999999999,false,true,true,false,1.5853811199071806,14,5,-0.49999999999999972,-0.86602540378443882,-0.97492791218182362,-0.22252093395631459
Reinhardstraße 19,2025-07-12T13:00:00Z,continuous_test,condition_b,72.5,72.5,10.17,false,true,true,false,1.1669019688895199,15,5,-0.70710678118654713,-0.70710678118654791,-0.97492791218182362,-0.22252093395631459
Reinhardstraße 19,2025-07-12T14:00:00Z,continuous_test,condition_b,89,89,12.1,false,true,true,false,1.370271810798299,16,5,-0.86602540378443849,-0.50000000000000044,-0.97492791218182362,-0.22252093395631459
Reinhardstraße 19,2025-07-12T15:00:00Z,continuous_test,condition_b,85,85,14.705,false,true,true,false,1.3246196225563067,17,5,-0.96592582628906831,-0.25881904510252063,-0.97492791218182362,-0.22252093395631459
Reinhardstraße 19,2025-07-12T16:00:00Z,continuous_test,condition_b,53.5,53.5,5.8049999999999997,false,true,true,false,0.86656852811175245,18,5,-1,-1.8369701987210297e-16,-0.97492791218182362,-0.22252093395631459
Reinhardstraße 19,2025-07-12T17:00:00Z,continuous_test,condition_b,42,42,8.3000000000000007,false,true,true,false,0.62857841905685274,19,5,-0.96592582628906842,0.2588190451025203,-0.97492791218182362,-0.22252093395631459
Reinhardstraße 19,2025-07-12T18:00:00Z,continuous_test,condition_b,29,29,6.2199999999999998,false,true,true,false,0.26707260429484087,20,5,-0.8660254037844386,0.50000000000000011,-0.97492791218182362,-0.22252093395631459
Reinhardstraße 19,2025-07-12T19:00:00Z,continuous_test,condition_b,30,30,6.8300000000000001,false,true,true,false,0.29999933094157011,21,5,-0.70710678118654768,0.70710678118654735,-0.97492791218182362,-0.22252093395631459
Reinhardstraße 19,2025-07-12T20:00:00Z,continuous_test,condition_b,15.5,15.5,3.0800000000000001,false,true,true,false,-0.33326048104829314,22,5,-0.50000000000000044,0.86602540378443837,-0.97492791218182362,-0.22252093395631459
Reinhardstraße 19,2025-07-12T21:00:00Z,continuous_test,condition_b,3,3,1.915,false,true,true,false,-1.7562430243137581,23,5,-0.25881904510252157,0.96592582628906809,-0.97492791218182362,-0.22252093395631459
Reinhardstraße 19,2025-07-12T22:00:00Z,continuous_test,condition_b,35,35,23.050000000000001,false,true,true,false,0.45015538869315841,0,6,0,1,-0.78183148246802991,0.62348980185873337
Reinhardstraße 19,2025-07-12T23:00:00Z,continuous_test,condition_b,14,14,11.93,false,true,true,false,-0.42896859920461355,1,6,0.25881904510252074,0.96592582628906831,-0.78183148246802991,0.62348980185873337
Reinhardstraße 19,2025-07-13T00:00:00Z,continuous_test,condition_b,2,2,10.619999999999999,false,true,true,false,-2.0451262248092084,2,6,0.49999999999999994,0.86602540378443871,-0.78183148246802991,0.62348980185873337
Reinhardstraße 19,2025-07-13T01:00:00Z,continuous_test,condition_b,2,2,2.1000000000000001,false,true,true,false,-2.0451262248092084,3,6,0.70710678118654757,0.70710678118654757,-0.78183148246802991,0.62348980185873337
Reinhardstraße 19,2025-07-13T02:00:00Z,continuous_test,condition_b,4,4,1.78,false,true,true,false,-1.5321678057080719,4,6,0.8660254037844386,0.50000000000000011,-0.78183148246802991,0.62348980185873337
Reinhardstraße 19,2025-07-13T03:00:00Z,continuous_test,condition_b,2,2,17.440000000000001,false,true,true,false,-2.0451262248092084,5,6,0.96592582628906831,0.25881904510252074,-0.78183148246802991,0.62348980185873337
Reinhardstraße 19,2025-07-13T04:00:00Z,continuous_test,condition_b,,,,true,false,false,false,0,6,6,1,6.123233995736766e-17,-0.78183148246802991,0.62348980185873337
Reinhardstraße 19,2025-07-13T05:00:00Z,continuous_test,condition_b,,,,true,false,false,false,0,7,6,0.96592582628906831,-0.25881904510252063,-0.78183148246802991,0.62348980185873337
Reinhardstraße 19,2025-07-13T06:00:00Z,continuous_test,condition_b,,,,true,false,false,false,0,8,6,0.86602540378443871,-0.49999999999999978,-0.78183148246802991,0.62348980185873337
Reinhardstraße 19,2025-07-13T07:00:00Z,continuous_test,condition_b,,,,true,false,false,false,0,9,6,0.70710678118654757,-0.70710678118654746,-0.78183148246802991,0.62348980185873337
Reinhardstraße 19,2025-07-13T08:00:00Z,continuous_test,condition_b,,,,true,false,false,false,0,10,6,0.49999999999999994,-0.86602540378443871,-0.78183148246802991,0.62348980185873337
Reinhardstraße 19,2025-07-13T09:00:00Z,continuous_test,condition_b,,,,true,false,false,false,0,11,6,0.25881904510252102,-0.9659258262890682,-0.78183148246802991,0.62348980185873337
Reinhardstraße 19,2025-07-13T10:00:00Z,continuous_test,condition_b,,,,true,false,false,false,0,12,6,1.2246467991473532e-16,-1,-0.78183148246802991,0.62348980185873337
Reinhardstraße 19,2025-07-13T11:00:00Z,continuous_test,condition_b,,,,true,false,false,false,0,13,6,-0.25881904510252079,-0.96592582628906831,-0.78183148246802991,0.62348980185873337
Reinhardstraße 19,2025-07-13T12:00:00Z,continuous_test,condition_b,,,,true,false,false,false,0,14,6,-0.49999999999999972,-0.86602540378443882,-0.78183148246802991,0.62348980185873337
Reinhardstraße 19,2025-07-13T13:00:00Z,continuous_test,condition_b,,,,true,false,false,false,0,15,6,-0.70710678118654713,-0.70710678118654791,-0.78183148246802991,0.62348980185873337
Reinhardstraße 19,2025-07-13T14:00:00Z,continuous_test,condition_b,,,,true,false,false,false,0,16,6,-0.86602540378443849,-0.50000000000000044,-0.78183148246802991,0.62348980185873337
Reinhardstraße 19,2025-07-13T15:00:00Z,continuous_test,condition_b,,,,true,false,false,false,0,17,6,-0.96592582628906831,-0.25881904510252063,-0.78183148246802991,0.62348980185873337
Reinhardstraße 19,2025-07-13T16:00:00Z,continuous_test,condition_b,,,,true,false,false,false,0,18,6,-1,-1.8369701987210297e-16,-0.78183148246802991,0.62348980185873337
Reinhardstraße 19,2025-07-13T17:00:00Z,continuous_test,condition_b,,,,true,false,false,false,0,19,6,-0.96592582628906842,0.2588190451025203,-0.78183148246802991,0.62348980185873337
Reinhardstraße 19,2025-07-13T18:00:00Z,continuous_test,condition_b,,,,true,false,false,false,0,20,6,-0.8660254037844386,0.50000000000000011,-0.78183148246802991,0.62348980185873337
Reinhardstraße 19,2025-07-13T19:00:00Z,continuous_test,condition_b,,,,true,false,false,false,0,21,6,-0.70710678118654768,0.70710678118654735,-0.78183148246802991,0.62348980185873337
Reinhardstraße 19,2025-07-13T20:00:00Z,continuous_test,condition_b,,,,true,false,false,false,0,22,6,-0.50000000000000044,0.86602540378443837,-0.78183148246802991,0.62348980185873337
Reinhardstraße 19,2025-07-13T21:00:00Z,continuous_test,condition_b,0.5,0.5,0.26500000000000001,false,true,true,false,-2.7411674283086627,23,6,-0.25881904510252157,0.96592582628906809,-0.78183148246802991,0.62348980185873337
Reinhardstraße 19,2025-07-13T22:00:00Z,continuous_test,condition_b,7.25,,18.967500000000001,true,false,true,true,-1.5850680137566382,0,0,0,1,0,1
Reinhardstraße 19,2025-07-13T23:00:00Z,continuous_test,condition_b,14,14,37.670000000000002,false,true,true,false,-0.42896859920461355,1,0,0.25881904510252074,0.96592582628906831,0,1
Reinhardstraße 2,2025-07-08T00:00:00Z,continuous_test,condition_b,2,2,6.9149999999999991,false,true,true,false,-2.0841401166214184,2,1,0.49999999999999994,0.86602540378443871,0.7818314824680298,0.62348980185873359
Reinhardstraße 2,2025-07-08T01:00:00Z,continuous_test,condition_b,3,3,6.9199999999999999,false,true,true,false,-1.8393076597285161,3,1,0.70710678118654757,0.70710678118654757,0.7818314824680298,0.62348980185873359
Reinhardstraße 2,2025-07-08T02:00:00Z,continuous_test,condition_b,8,8,8.3399999999999999,false,true,true,false,-1.149163725791811,4,1,0.8660254037844386,0.50000000000000011,0.7818314824680298,0.62348980185873359
Reinhardstraße 2,2025-07-08T03:00:00Z,continuous_test,condition_b,6,6,7.7000000000000002,false,true,true,false,-1.3630454195805768,5,1,0.96592582628906831,0.25881904510252074,0.7818314824680298,0.62348980185873359
Reinhardstraße 2,2025-07-08T04:00:00Z,continuous_test,condition_b,23.25,,8.6074999999999999,true,false,true,true,-0.60570119402568434,6,1,1,6.123233995736766e-17,0.7818314824680298,0.62348980185873359
Reinhardstraße 2,2025-07-08T05:00:00Z,continuous_test,condition_b,40.5,40.5,9.5150000000000006,false,true,true,false,0.15164303152920811,7,1,0.96592582628906831,-0.25881904510252063,0.7818314824680298,0.62348980185873359
Reinhardstraße 2,2025-07-08T06:00:00Z,continuous_test,condition_b,43.5,43.5,5.7949999999999999,false,true,true,false,0.21104286736101902,8,1,0.86602540378443871,-0.49999999999999978,0.7818314824680298,0.62348980185873359
Reinhardstraße 2,2025-07-08T07:00:00Z,continuous_test,condition_b,98,98,10.225,false,true,true,false,0.89157029008783129,9,1,0.70710678118654757,-0.70710678118654746,0.7818314824680298,0.62348980185873359
Reinhardstraße 2,2025-07-08T08:00:00Z,continuous_test,condition_b,122.5,,9.7825000000000006,true,false,true,true,1.0626711083213674,10,1,0.49999999999999994,-0.86602540378443871,0.7818314824680298,0.62348980185873359
Reinhardstraße 2,2025-07-08T09:00:00Z,continuous_test,condition_b,147,147,9.3399999999999999,false,true,true,false,1.2337719265549034,11,1,0.25881904510252102,-0.9659258262890682,0.7818314824680298,0.62348980185873359
Reinhardstraße 2,2025-07-08T10:00:00Z,continuous_test,condition_b,132.5,132.5,10.845000000000001,false,true,true,false,1.1460192581906259,12,1,1.2246467991473532e-16,-1,0.7818314824680298,0.62348980185873359
Reinhardstraße 2,2025-07-08T11:00:00Z,continuous_test,condition_b,149.5,149.5,9.1999999999999993,false,true,true,false,1.2480277403993416,13,1,-0.25881904510252079,-0.96592582628906831,0.7818314824680298,0.62348980185873359
Reinhardstraße 2,2025-07-08T12:00:00Z,continuous_test,condition_b,183,183,12.789999999999999,false,true,true,false,1.4190659736212412,14,1,-0.49999999999999972,-0.86602540378443882,0.7818314824680298,0.62348980185873359
Reinhardstraße 2,2025-07-08T13:00:00Z,continuous_test,condition_b,183,183,11.41,false,true,true,false,1.4190659736212412,15,1,-0.70710678118654713,-0.70710678118654791,0.7818314824680298,0.62348980185873359
Reinhardstraße 2,2025-07-08T14:00:00Z,continuous_test,condition_b,,,,true,false,false,false,0,16,1,-0.86602540378443849,-0.50000000000000044,0.7818314824680298,0.62348980185873359
Reinhardstraße 2,2025-07-08T15:00:00Z,continuous_test,condition_b,,,,true,false,false,false,0,17,1,-0.96592582628906831,-0.25881904510252063,0.7818314824680298,0.62348980185873359
Reinhardstraße 2,2025-07-08T16:00:00Z,continuous_test,condition_b,,,,true,false,false,false,0,18,1,-1,-1.8369701987210297e-16,0.7818314824680298,0.62348980185873359
Reinhardstraße 2,2025-07-08T17:00:00Z,continuous_test,condition_b,,,,true,false,false,false,0,19,1,-0.96592582628906842,0.2588190451025203,0.7818314824680298,0.62348980185873359
Reinhardstraße 2,2025-07-08T18:00:00Z,continuous_test,condition_b,,,,true,false,false,false,0,20,1,-0.8660254037844386,0.50000000000000011,0.7818314824680298,0.62348980185873359
Reinhardstraße 2,2025-07-08T19:00:00Z,continuous_test,condition_b,,,,true,false,false,false,0,21,1,-0.70710678118654768,0.70710678118654735,0.7818314824680298,0.62348980185873359
Reinhardstraße 2,2025-07-08T20:00:00Z,continuous_test,condition_b,,,,true,false,false,false,0,22,1,-0.50000000000000044,0.86602540378443837,0.7818314824680298,0.62348980185873359
Reinhardstraße 2,2025-07-08T21:00:00Z,continuous_test,condition_b,,,,true,false,false,false,0,23,1,-0.25881904510252157,0.96592582628906809,0.7818314824680298,0.62348980185873359
Reinhardstraße 2,2025-07-08T22:00:00Z,continuous_test,condition_b,,,,true,false,false,false,0,0,2,0,1,0.97492791218182362,-0.22252093395631434
Reinhardstraße 2,2025-07-08T23:00:00Z,continuous_test,condition_b,,,,true,false,false,false,0,1,2,0.25881904510252074,0.96592582628906831,0.97492791218182362,-0.22252093395631434
Reinhardstraße 2,2025-07-09T00:00:00Z,continuous_test,condition_b,,,,true,false,false,false,0,2,2,0.49999999999999994,0.86602540378443871,0.97492791218182362,-0.22252093395631434
Reinhardstraße 2,2025-07-09T01:00:00Z,continuous_test,condition_b,,,,true,false,false,false,0,3,2,0.70710678118654757,0.70710678118654757,0.97492791218182362,-0.22252093395631434
Reinhardstraße 2,2025-07-09T02:00:00Z,continuous_test,condition_b,,,,true,false,false,false,0,4,2,0.8660254037844386,0.50000000000000011,0.97492791218182362,-0.22252093395631434
Reinhardstraße 2,2025-07-09T03:00:00Z,continuous_test,condition_b,,,,true,false,false,false,0,5,2,0.96592582628906831,0.25881904510252074,0.97492791218182362,-0.22252093395631434
Reinhardstraße 2,2025-07-09T04:00:00Z,continuous_test,condition_b,,,,true,false,false,false,0,6,2,1,6.123233995736766e-17,0.97492791218182362,-0.22252093395631434
Reinhardstraße 2,2025-07-09T05:00:00Z,continuous_test,condition_b,,,,true,false,false,false,0,7,2,0.96592582628906831,-0.25881904510252063,0.97492791218182362,-0.22252093395631434
Reinhardstraße 2,2025-07-09T06:00:00Z,continuous_test,condition_b,,,,true,false,false,false,0,8,2,0.86602540378443871,-0.49999999999999978,0.97492791218182362,-0.22252093395631434
Reinhardstraße 2,2025-07-09T07:00:00Z,continuous_test,condition_b,83.5,83.5,13.31,false,true,true,false,0.7567905886143691,9,2,0.70710678118654757,-0.70710678118654746,0.97492791218182362,-0.22252093395631434
Reinhardstraße 2,2025-07-09T08:00:00Z,continuous_test,condition_b,114,114,9.8100000000000005,false,true,true,false,1.0190683570992674,10,2,0.49999999999999994,-0.86602540378443871,0.97492791218182362,-0.22252093395631434
Reinhardstraße 2,2025-07-09T09:00:00Z,continuous_test,condition_b,122,122,7.75,false,true,true,false,1.0763035119695221,11,2,0.25881904510252102,-0.9659258262890682,0.97492791218182362,-0.22252093395631434
Reinhardstraße 2,2025-07-09T10:00:00Z,continuous_test,condition_b,98,98,11.005000000000001,false,true,true,false,0.89157029008783129,12,2,1.2246467991473532e-16,-1,0.97492791218182362,-0.22252093395631434
Reinhardstraße 2,2025-07-09T11:00:00Z,continuous_test,condition_b,111.66666666666669,,11.763333333333332,true,false,true,true,0.98987322112646159,13,2,-0.25881904510252079,-0.96592582628906831,0.97492791218182362,-0.22252093395631434
Reinhardstraße 2,2025-07-09T12:00:00Z,continuous_test,condition_b,125.33333333333331,,12.521666666666668,true,false,true,true,1.0881761521650919,14,2,-0.49999999999999972,-0.86602540378443882,0.97492791218182362,-0.22252093395631434
Reinhardstraße 2,2025-07-09T13:00:00Z,continuous_test,condition_b,139,139,13.279999999999999,false,true,true,false,1.1864790832037222,15,2,-0.70710678118654713,-0.70710678118654791,0.97492791218182362,-0.22252093395631434
Reinhardstraße 2,2025-07-09T14:00:00Z,continuous_test,condition_b,141,141,11.010000000000002,false,true,true,false,1.1985509478340495,16,2,-0.86602540378443849,-0.50000000000000044,0.97492791218182362,-0.22252093395631434
Reinhardstraße 2,2025-07-09T15:00:00Z,continuous_test,condition_b,153.5,153.5,12.785,false,true,true,false,1.2703517006533194,17,2,-0.96592582628906831,-0.25881904510252063,0.97492791218182362,-0.22252093395631434
Reinhardstraße 2,2025-07-09T16:00:00Z,continuous_test,condition_b,117.5,117.5,14.305,false,true,true,false,1.04458360991841,18,2,-1,-1.8369701987210297e-16,0.97492791218182362,-0.22252093395631434
Reinhardstraße 2,2025-07-09T17:00:00Z,continuous_test,condition_b,74,74,10.460000000000001,false,true,true,false,0.65529119350216181,19,2,-0.96592582628906842,0.2588190451025203,0.97492791218182362,-0.22252093395631434
Reinhardstraße 2,2025-07-09T18:00:00Z,continuous_test,condition_b,46.5,46.5,13.145,false,true,true,false,0.2665659561718205,20,2,-0.8660254037844386,0.50000000000000011,0.97492791218182362,-0.22252093395631434
Reinhardstraße 2,2025-07-09T19:00:00Z,continuous_test,condition_b,33,33,8.2200000000000006,false,true,true,false,-0.017999671167701951,21,2,-0.70710678118654768,0.70710678118654735,0.97492791218182362,-0.22252093395631434
Reinhardstraße 2,2025-07-09T20:00:00Z,continuous_test,condition_b,17,17,7.6699999999999999,false,true,true,false,-0.55925930193055662,22,2,-0.50000000000000044,0.86602540378443837,0.97492791218182362,-0.22252093395631434
Reinhardstraße 2,2025-07-09T21:00:00Z,continuous_test,condition_b,5,5,1.335,false,true,true,false,-1.4942356927601637,23,2,-0.25881904510252157,0.96592582628906809,0.97492791218182362,-0.22252093395631434
Reinhardstraße 2,2025-07-09T22:00:00Z,continuous_test,condition_b,,,,true,false,false,false,0,0,3,0,1,0.43388373911755823,-0.90096886790241903
Reinhardstraße 2,2025-07-09T23:00:00Z,continuous_test,condition_b,,,,true,false,false,false,0,1,3,0.25881904510252074,0.96592582628906831,0.43388373911755823,-0.90096886790241903
Reinhardstraße 2,2025-07-10T00:00:00Z,continuous_test,condition_b,,,,true,false,false,false,0,2,3,0.49999999999999994,0.86602540378443871,0.43388373911755823,-0.90096886790241903
Reinhardstraße 2,2025-07-10T01:00:00Z,continuous_test,condition_b,,,,true,false,false,false,0,3,3,0.70710678118654757,0.70710678118654757,0.43388373911755823,-0.90096886790241903
Reinhardstraße 2,2025-07-10T02:00:00Z,continuous_test,condition_b,,,,true,false,false,false,0,4,3,0.8660254037844386,0.50000000000000011,0.43388373911755823,-0.90096886790241903
Reinhardstraße 2,2025-07-10T03:00:00Z,continuous_test,condition_b,,,,true,false,false,false,0,5,3,0.96592582628906831,0.25881904510252074,0.43388373911755823,-0.90096886790241903
Reinhardstraße 2,2025-07-10T04:00:00Z,continuous_test,condition_b,,,,true,false,false,false,0,6,3,1,6.123233995736766e-17,0.43388373911755823,-0.90096886790241903
Reinhardstraße 2,2025-07-10T05:00:00Z,continuous_test,condition_b,,,,true,false,false,false,0,7,3,0.96592582628906831,-0.25881904510252063,0.43388373911755823,-0.90096886790241903
Reinhardstraße 2,2025-07-10T06:00:00Z,continuous_test,condition_b,,,,true,false,false,false,0,8,3,0.86602540378443871,-0.49999999999999978,0.43388373911755823,-0.90096886790241903
Reinhardstraße 2,2025-07-10T07:00:00Z,continuous_test,condition_b,52.5,52.5,8.7400000000000002,false,true,true,false,0.36780026728035736,9,3,0.70710678118654757,-0.70710678118654746,0.43388373911755823,-0.90096886790241903
Reinhardstraße 2,2025-07-10T08:00:00Z,continuous_test,condition_b,92,92,9.8350000000000009,false,true,true,false,0.83836220355290525,10,3,0.49999999999999994,-0.86602540378443871,0.43388373911755823,-0.90096886790241903
Reinhardstraße 2,2025-07-10T09:00:00Z,continuous_test,condition_b,126.5,126.5,10.045,false,true,true,false,1.1068835270011861,11,3,0.25881904510252102,-0.9659258262890682,0.43388373911755823,-0.90096886790241903
Reinhardstraße 2,2025-07-10T10:00:00Z,continuous_test,condition_b,158,158,12.02,false,true,true,false,1.2947854990507817,12,3,1.2246467991473532e-16,-1,0.43388373911755823,-0.90096886790241903
Reinhardstraße 2,2025-07-10T11:00:00Z,continuous_test,condition_b,142.5,142.5,9.0899999999999999,false,true,true,false,1.2074937851491094,13,3,-0.25881904510252079,-0.96592582628906831,0.43388373911755823,-0.90096886790241903
Reinhardstraße 2,2025-07-10T12:00:00Z,continuous_test,condition_b,122,122,7.6799999999999997,false,true,true,false,1.0763035119695221,14,3,-0.49999999999999972,-0.86602540378443882,0.43388373911755823,-0.90096886790241903
Reinhardstraße 2,2025-07-10T13:00:00Z,continuous_test,condition_b,160,160,12.734999999999999,false,true,true,false,1.3054237899079257,15,3,-0.70710678118654713,-0.70710678118654791,0.43388373911755823,-0.90096886790241903
Reinhardstraße 2,2025-07-10T14:00:00Z,continuous_test,condition_b,85,85,14.989999999999998,false,true,true,false,0.77176550025140256,16,3,-0.86602540378443849,-0.50000000000000044,0.43388373911755823,-0.90096886790241903
Reinhardstraße 2,2025-07-10T15:00:00Z,continuous_test,condition_b,82.5,82.5,14.935,false,true,true,false,0.74665889530149909,17,3,-0.96592582628906831,-0.25881904510252063,0.43388373911755823,-0.90096886790241903
Reinhardstraße 2,2025-07-10T16:00:00Z,continuous_test,condition_b,162.5,162.5,16.024999999999999,false,true,true,false,1.3185373342116349,18,3,-1,-1.8369701987210297e-16,0.43388373911755823,-0.90096886790241903
Reinhardstraße 2,2025-07-10T17:00:00Z,continuous_test,condition_b,167.5,167.5,16.114999999999998,false,true,true,false,1.3441733745214604,19,3,-0.96592582628906842,0.2588190451025203,0.43388373911755823,-0.90096886790241903
Reinhardstraße 2,2025-07-10T18:00:00Z,continuous_test,condition_b,80.5,80.5,14.369999999999999,false,true,true,false,0.72602631662238515,20,3,-0.8660254037844386,0.50000000000000011,0.43388373911755823,-0.90096886790241903
Reinhardstraße 2,2025-07-10T19:00:00Z,continuous_test,condition_b,34.5,34.5,17.109999999999999,false,true,true,false,0.018742100111539935,21,3,-0.70710678118654768,0.70710678118654735,0.43388373911755823,-0.90096886790241903
Reinhardstraße 2,2025-07-10T20:00:00Z,continuous_test,condition_b,33.5,33.5,10.114999999999998,false,true,true,false,-0.0055753309941703171,22,3,-0.50000000000000044,0.86602540378443837,0.43388373911755823,-0.90096886790241903
Reinhardstraße 2,2025-07-10T21:00:00Z,continuous_test,condition_b,11,11,3.3799999999999999,false,true,true,false,-0.9043312688989088,23,3,-0.25881904510252157,0.96592582628906809,0.43388373911755823,-0.90096886790241903
Reinhardstraße 2,2025-07-10T22:00:00Z,continuous_test,condition_b,8.5,,12.400000000000002,true,false,true,true,-1.1336883442397427,0,4,0,1,-0.43388373911755801,-0.90096886790241915
Reinhardstraße 2,2025-07-10T23:00:00Z,continuous_test,condition_b,6,6,21.420000000000002,false,true,true,false,-1.3630454195805768,1,4,0.25881904510252074,0.96592582628906831,-0.43388373911755801,-0.90096886790241915
Reinhardstraße 2,2025-07-11T00:00:00Z,continuous_test,condition_b,5,5,14.31,false,true,true,false,-1.4942356927601637,2,4,0.49999999999999994,0.86602540378443871,-0.43388373911755801,-0.90096886790241915
Reinhardstraße 2,2025-07-11T01:00:00Z,continuous_test,condition_b,6,6,21.274999999999999,false,true,true,false,-1.3630454195805768,3,4,0.70710678118654757,0.70710678118654757,-0.43388373911755801,-0.90096886790241915
Reinhardstraße 2,2025-07-11T02:00:00Z,continuous_test,condition_b,8,8,19.77,false,true,true,false,-1.149163725791811,4,4,0.8660254037844386,0.50000000000000011,-0.43388373911755801,-0.90096886790241915
Reinhardstraße 2,2025-07-11T03:00:00Z,continuous_test,condition_b,14,14,22.23,false,true,true,false,-0.71442446155962802,5,4,0.96592582628906831,0.25881904510252074,-0.43388373911755801,-0.90096886790241915
Reinhardstraße 2,2025-07-11T04:00:00Z,continuous_test,condition_b,15,15,7.3099999999999996,false,true,true,false,-0.65949881200600668,6,4,1,6.123233995736766e-17,-0.43388373911755801,-0.90096886790241915
Reinhardstraße 2,2025-07-11T05:00:00Z,continuous_test,condition_b,33,33,9.8249999999999993,false,true,true,false,-0.017999671167701951,7,4,0.96592582628906831,-0.25881904510252063,-0.43388373911755801,-0.90096886790241915
Reinhardstraße 2,2025-07-11T06:00:00Z,continuous_test,condition_b,47,47,7.3499999999999996,false,true,true,false,0.27547757882360063,8,4,0.86602540378443871,-0.49999999999999978,-0.43388373911755801,-0.90096886790241915
Reinhardstraße 2,2025-07-11T07:00:00Z,continuous_test,condition_b,,,,true,false,false,false,0,9,4,0.70710678118654757,-0.70710678118654746,-0.43388373911755801,-0.90096886790241915
Reinhardstraße 2,2025-07-11T08:00:00Z,continuous_test,condition_b,,,,true,false,false,false,0,10,4,0.49999999999999994,-0.86602540378443871,-0.43388373911755801,-0.90096886790241915
Reinhardstraße 2,2025-07-11T09:00:00Z,continuous_test,condition_b,,,,true,false,false,false,0,11,4,0.25881904510252102,-0.9659258262890682,-0.43388373911755801,-0.90096886790241915
Reinhardstraße 2,2025-07-11T10:00:00Z,continuous_test,condition_b,,,,true,false,false,false,0,12,4,1.2246467991473532e-16,-1,-0.43388373911755801,-0.90096886790241915
Reinhardstraße 2,2025-07-11T11:00:00Z,continuous_test,condition_b,,,,true,false,false,false,0,13,4,-0.25881904510252079,-0.96592582628906831,-0.43388373911755801,-0.90096886790241915
Reinhardstraße 2,2025-07-11T12:00:00Z,continuous_test,condition_b,,,,true,false,false,false,0,14,4,-0.49999999999999972,-0.86602540378443882,-0.43388373911755801,-0.90096886790241915
Reinhardstraße 2,2025-07-11T13:00:00Z,continuous_test,condition_b,,,,true,false,false,false,0,15,4,-0.70710678118654713,-0.70710678118654791,-0.43388373911755801,-0.90096886790241915
Reinhardstraße 2,2025-07-11T14:00:00Z,continuous_test,condition_b,,,,true,false,false,false,0,16,4,-0.86602540378443849,-0.50000000000000044,-0.43388373911755801,-0.90096886790241915
Reinhardstraße 2,2025-07-11T15:00:00Z,continuous_test,condition_b,,,,true,false,false,false,0,17,4,-0.96592582628906831,-0.25881904510252063,-0.43388373911755801,-0.90096886790241915
Reinhardstraße 2,2025-07-11T16:00:00Z,continuous_test,condition_b,,,,true,false,false,false,0,18,4,-1,-1.8369701987210297e-16,-0.43388373911755801,-0.90096886790241915
Reinhardstraße 2,2025-07-11T17:00:00Z,continuous_test,condition_b,132,132,14.94,false,true,true,false,1.1428258128417335,19,4,-0.96592582628906842,0.2588190451025203,-0.43388373911755801,-0.90096886790241915
Reinhardstraße 2,2025-07-11T18:00:00Z,continuous_test,condition_b,108.16666666666669,,13.265000000000001,true,false,true,true,0.92401690459724495,20,4,-0.8660254037844386,0.50000000000000011,-0.43388373911755801,-0.90096886790241915
Reinhardstraße 2,2025-07-11T19:00:00Z,continuous_test,condition_b,84.333333333333343,,11.59,true,false,true,true,0.70520799635275644,21,4,-0.70710678118654768,0.70710678118654735,-0.43388373911755801,-0.90096886790241915
Reinhardstraße 2,2025-07-11T20:00:00Z,continuous_test,condition_b,60.5,60.5,9.9149999999999991,false,true,true,false,0.4863990881082681,22,4,-0.50000000000000044,0.86602540378443837,-0.43388373911755801,-0.90096886790241915
Reinhardstraße 2,2025-07-11T21:00:00Z,continuous_test,condition_b,9,9,2.9399999999999999,false,true,true,false,-1.0594964285279802,23,4,-0.25881904510252157,0.96592582628906809,-0.43388373911755801,-0.90096886790241915
Reinhardstraße 2,2025-07-11T22:00:00Z,continuous_test,condition_b,7.5,,7.2599999999999998,true,false,true,true,-1.2112709240542785,0,5,0,1,-0.97492791218182362,-0.22252093395631459
Reinhardstraße 2,2025-07-11T23:00:00Z,continuous_test,condition_b,6,6,11.58,false,true,true,false,-1.3630454195805768,1,5,0.25881904510252074,0.96592582628906831,-0.97492791218182362,-0.22252093395631459
Reinhardstraße 2,2025-07-12T00:00:00Z,continuous_test,condition_b,,,,true,false,false,false,0,2,5,0.49999999999999994,0.86602540378443871,-0.97492791218182362,-0.22252093395631459
Reinhardstraße 2,2025-07-12T01:00:00Z,continuous_test,condition_b,,,,true,false,false,false,0,3,5,0.70710678118654757,0.70710678118654757,-0.97492791218182362,-0.22252093395631459
Reinhardstraße 2,2025-07-12T02:00:00Z,continuous_test,condition_b,,,,true,false,false,false,0,4,5,0.8660254037844386,0.50000000000000011,-0.97492791218182362,-0.22252093395631459
Reinhardstraße 2,2025-07-12T03:00:00Z,continuous_test,condition_b,,,,true,false,false,false,0,5,5,0.96592582628906831,0.25881904510252074,-0.97492791218182362,-0.22252093395631459
Reinhardstraße 2,2025-07-12T04:00:00Z,continuous_test,condition_b,,,,true,false,false,false,0,6,5,1,6.123233995736766e-17,-0.97492791218182362,-0.22252093395631459
Reinhardstraße 2,2025-07-12T05:00:00Z,continuous_test,condition_b,,,,true,false,false,false,0,7,5,0.96592582628906831,-0.25881904510252063,-0.97492791218182362,-0.22252093395631459
Reinhardstraße 2,2025-07-12T06:00:00Z,continuous_test,condition_b,40,40,6.2800000000000002,false,true,true,false,0.1413271211399155,8,5,0.86602540378443871,-0.49999999999999978,-0.97492791218182362,-0.22252093395631459
Reinhardstraße 2,2025-07-12T07:00:00Z,continuous_test,condition_b,58,58,14.029999999999999,false,true,true,false,0.45108065136418618,9,5,0.70710678118654757,-0.70710678118654746,-0.97492791218182362,-0.22252093395631459
Reinhardstraße 2,2025-07-12T08:00:00Z,continuous_test,condition_b,99.666666666666657,,15.143333333333333,true,false,true,true,0.77374242544987126,10,5,0.49999999999999994,-0.86602540378443871,-0.97492791218182362,-0.22252093395631459
Reinhardstraße 2,2025-07-12T09:00:00Z,continuous_test,condition_b,141.33333333333331,,16.256666666666668,true,false,true,true,1.0964041995355562,11,5,0.25881904510252102,-0.9659258262890682,-0.97492791218182362,-0.22252093395631459
Reinhardstraße 2,2025-07-12T10:00:00Z,continuous_test,condition_b,183,183,17.370000000000001,false,true,true,false,1.4190659736212412,12,5,1.2246467991473532e-16,-1,-0.97492791218182362,-0.22252093395631459
Reinhardstraße 2,2025-07-12T11:00:00Z,continuous_test,condition_b,206,206,18.199999999999999,false,true,true,false,1.5193054836966911,13,5,-0.25881904510252079,-0.96592582628906831,-0.97492791218182362,-0.22252093395631459
Reinhardstraße 2,2025-07-12T12:00:00Z,continuous_test,condition_b,193.5,193.5,15.125,false,true,true,false,1.4662963108443121,14,5,-0.49999999999999972,-0.86602540378443882,-0.97492791218182362,-0.22252093395631459
Reinhardstraße 2,2025-07-12T13:00:00Z,continuous_test,condition_b,193.5,193.5,11.98,false,true,true,false,1.4662963108443121,15,5,-0.70710678118654713,-0.70710678118654791,-0.97492791218182362,-0.22252093395631459
Reinhardstraße 2,2025-07-12T14:00:00Z,continuous_test,condition_b,153,153,14.19,false,true,true,false,1.2675930201603207,16,5,-0.86602540378443849,-0.50000000000000044,-0.97492791218182362,-0.22252093395631459
Reinhardstraße 2,2025-07-12T15:00:00Z,continuous_test,condition_b,135.5,135.5,12.27,false,true,true,false,1.1649323073511,17,5,-0.96592582628906831,-0.25881904510252063,-0.97492791218182362,-0.22252093395631459
Reinhardstraße 2,2025-07-12T16:00:00Z,continuous_test,condition_b,113,113,13.984999999999999,false,true,true,false,1.011635539662147,18,5,-1,-1.8369701987210297e-16,-0.97492791218182362,-0.22252093395631459
Reinhardstraße 2,2025-07-12T17:00:00Z,continuous_test,condition_b,119,119,13.869999999999999,false,true,true,false,1.0552888100241358,19,5,-0.96592582628906842,0.2588190451025203,-0.97492791218182362,-0.22252093395631459
Reinhardstraße 2,2025-07-12T18:00:00Z,continuous_test,condition_b,76.5,76.5,13.699999999999999,false,true,true,false,0.68319704392383351,20,5,-0.8660254037844386,0.50000000000000011,-0.97492791218182362,-0.22252093395631459
Reinhardstraße 2,2025-07-12T19:00:00Z,continuous_test,condition_b,29,29,11.5,false,true,true,false,-0.12452003769837332,21,5,-0.70710678118654768,0.70710678118654735,-0.97492791218182362,-0.22252093395631459
Reinhardstraße 2,2025-07-12T20:00:00Z,continuous_test,condition_b,27,27,10.199999999999999,false,true,true,false,-0.1832365718580676,22,5,-0.50000000000000044,0.86602540378443837,-0.97492791218182362,-0.22252093395631459
Reinhardstraße 2,2025-07-12T21:00:00Z,continuous_test,condition_b,1.5,1.5,0.92000000000000004,false,true,true,false,-2.2393052762504899,23,5,-0.25881904510252157,0.96592582628906809,-0.97492791218182362,-0.22252093395631459
Reinhardstraße 2,2025-07-12T22:00:00Z,continuous_test,condition_b,30,30,14,false,true,true,false,-0.09661418727670204,0,6,0,1,-0.78183148246802991,0.62348980185873337
Reinhardstraße 2,2025-07-12T23:00:00Z,continuous_test,condition_b,9,9,18.690000000000001,false,true,true,false,-1.0594964285279802,1,6,0.25881904510252074,0.96592582628906831,-0.78183148246802991,0.62348980185873337
Reinhardstraße 2,2025-07-13T00:00:00Z,continuous_test,condition_b,6,6,13.685,false,true,true,false,-1.3630454195805768,2,6,0.49999999999999994,0.86602540378443871,-0.78183148246802991,0.62348980185873337
Reinhardstraße 2,2025-07-13T01:00:00Z,continuous_test,condition_b,7,7,19.789999999999999,false,true,true,false,-1.2494032358672613,3,6,0.70710678118654757,0.70710678118654757,-0.78183148246802991,0.62348980185873337
Reinhardstraße 2,2025-07-13T02:00:00Z,continuous_test,condition_b,3,3,28.989999999999998,false,true,true,false,-1.8393076597285161,4,6,0.8660254037844386,0.50000000000000011,-0.78183148246802991,0.62348980185873337
Reinhardstraße 2,2025-07-13T03:00:00Z,continuous_test,condition_b,4,4,4.2699999999999996,false,true,true,false,-1.6494008523892352,5,6,0.96592582628906831,0.25881904510252074,-0.78183148246802991,0.62348980185873337
Reinhardstraße 2,2025-07-13T04:00:00Z,continuous_test,condition_b,,,,true,false,false,false,0,6,6,1,6.123233995736766e-17,-0.78183148246802991,0.62348980185873337
Reinhardstraße 2,2025-07-13T05:00:00Z,continuous_test,condition_b,,,,true,false,false,false,0,7,6,0.96592582628906831,-0.25881904510252063,-0.78183148246802991,0.62348980185873337
Reinhardstraße 2,2025-07-13T06:00:00Z,continuous_test,condition_b,,,,true,false,false,false,0,8,6,0.86602540378443871,-0.49999999999999978,-0.78183148246802991,0.62348980185873337
Reinhardstraße 2,2025-07-13T07:00:00Z,continuous_test,condition_b,,,,true,false,false,false,0,9,6,0.70710678118654757,-0.70710678118654746,-0.78183148246802991,0.62348980185873337
Reinhardstraße 2,2025-07-13T08:00:00Z,continuous_test,condition_b,,,,true,false,false,false,0,10,6,0.49999999999999994,-0.86602540378443871,-0.78183148246802991,0.62348980185873337
Reinhardstraße 2,2025-07-13T09:00:00Z,continuous_test,condition_b,,,,true,false,false,false,0,11,6,0.25881904510252102,-0.9659258262890682,-0.78183148246802991,0.62348980185873337
Reinhardstraße 2,2025-07-13T10:00:00Z,continuous_test,condition_b,,,,true,false,false,false,0,12,6,1.2246467991473532e-16,-1,-0.78183148246802991,0.62348980185873337
Reinhardstraße 2,2025-07-13T11:00:00Z,continuous_test,condition_b,,,,true,false,false,false,0,13,6,-0.25881904510252079,-0.96592582628906831,-0.78183148246802991,0.62348980185873337
Reinhardstraße 2,2025-07-13T12:00:00Z,continuous_test,condition_b,,,,true,false,false,false,0,14,6,-0.49999999999999972,-0.86602540378443882,-0.78183148246802991,0.62348980185873337
Reinhardstraße 2,2025-07-13T13:00:00Z,continuous_test,condition_b,,,,true,false,false,false,0,15,6,-0.70710678118654713,-0.70710678118654791,-0.78183148246802991,0.62348980185873337
Reinhardstraße 2,2025-07-13T14:00:00Z,continuous_test,condition_b,,,,true,false,false,false,0,16,6,-0.86602540378443849,-0.50000000000000044,-0.78183148246802991,0.62348980185873337
Reinhardstraße 2,2025-07-13T15:00:00Z,continuous_test,condition_b,,,,true,false,false,false,0,17,6,-0.96592582628906831,-0.25881904510252063,-0.78183148246802991,0.62348980185873337
Reinhardstraße 2,2025-07-13T16:00:00Z,continuous_test,condition_b,,,,true,false,false,false,0,18,6,-1,-1.8369701987210297e-16,-0.78183148246802991,0.62348980185873337
Reinhardstraße 2,2025-07-13T17:00:00Z,continuous_test,condition_b,,,,true,false,false,false,0,19,6,-0.96592582628906842,0.2588190451025203,-0.78183148246802991,0.62348980185873337
Reinhardstraße 2,2025-07-13T18:00:00Z,continuous_test,condition_b,,,,true,false,false,false,0,20,6,-0.8660254037844386,0.50000000000000011,-0.78183148246802991,0.62348980185873337
Reinhardstraße 2,2025-07-13T19:00:00Z,continuous_test,condition_b,,,,true,false,false,false,0,21,6,-0.70710678118654768,0.70710678118654735,-0.78183148246802991,0.62348980185873337
Reinhardstraße 2,2025-07-13T20:00:00Z,continuous_test,condition_b,,,,true,false,false,false,0,22,6,-0.50000000000000044,0.86602540378443837,-0.78183148246802991,0.62348980185873337
Reinhardstraße 2,2025-07-13T21:00:00Z,continuous_test,condition_b,1,1,0.93500000000000005,false,true,true,false,-2.4292120835897704,23,6,-0.25881904510252157,0.96592582628906809,-0.78183148246802991,0.62348980185873337
Reinhardstraße 2,2025-07-13T22:00:00Z,continuous_test,condition_b,5,,20.612500000000001,true,false,true,true,-1.7443542560588754,0,0,0,1,0,1
Reinhardstraße 2,2025-07-13T23:00:00Z,continuous_test,condition_b,9,9,40.289999999999999,false,true,true,false,-1.0594964285279802,1,0,0.25881904510252074,0.96592582628906831,0,1
Rosengarten,2025-07-08T00:00:00Z,continuous_test,condition_b,2,2,7.8799999999999999,false,true,true,false,-1.3008434852430832,2,1,0.49999999999999994,0.86602540378443871,0.7818314824680298,0.62348980185873359
Rosengarten,2025-07-08T01:00:00Z,continuous_test,condition_b,,,,true,false,false,false,0,3,1,0.70710678118654757,0.70710678118654757,0.7818314824680298,0.62348980185873359
Rosengarten,2025-07-08T02:00:00Z,continuous_test,condition_b,,,,true,false,false,false,0,4,1,0.8660254037844386,0.50000000000000011,0.7818314824680298,0.62348980185873359
Rosengarten,2025-07-08T03:00:00Z,continuous_test,condition_b,,,,true,false,false,false,0,5,1,0.96592582628906831,0.25881904510252074,0.7818314824680298,0.62348980185873359
Rosengarten,2025-07-08T04:00:00Z,continuous_test,condition_b,,,,true,false,false,false,0,6,1,1,6.123233995736766e-17,0.7818314824680298,0.62348980185873359
Rosengarten,2025-07-08T05:00:00Z,continuous_test,condition_b,5,5,0.81499999999999995,false,true,true,false,-0.63480876757334703,7,1,0.96592582628906831,-0.25881904510252063,0.7818314824680298,0.62348980185873359
Rosengarten,2025-07-08T06:00:00Z,continuous_test,condition_b,13,13,8.2699999999999996,false,true,true,false,0.17934702365309946,8,1,0.86602540378443871,-0.49999999999999978,0.7818314824680298,0.62348980185873359
Rosengarten,2025-07-08T07:00:00Z,continuous_test,condition_b,12.5,12.5,11.904999999999999,false,true,true,false,0.14440190045704954,9,1,0.70710678118654757,-0.70710678118654746,0.7818314824680298,0.62348980185873359
Rosengarten,2025-07-08T08:00:00Z,continuous_test,condition_b,30.25,,10.4025,true,false,true,true,0.76375502467589684,10,1,0.49999999999999994,-0.86602540378443871,0.7818314824680298,0.62348980185873359
Rosengarten,2025-07-08T09:00:00Z,continuous_test,condition_b,48,48,8.9000000000000004,false,true,true,false,1.3831081488947443,11,1,0.25881904510252102,-0.9659258262890682,0.7818314824680298,0.62348980185873359
Rosengarten,2025-07-08T10:00:00Z,continuous_test,condition_b,21,21,6.54,false,true,true,false,0.61365274215857024,12,1,1.2246467991473532e-16,-1,0.7818314824680298,0.62348980185873359
Rosengarten,2025-07-08T11:00:00Z,continuous_test,condition_b,28.5,28.5,10.050000000000001,false,true,true,false,0.89552624793579705,13,1,-0.25881904510252079,-0.96592582628906831,0.7818314824680298,0.62348980185873359
Rosengarten,2025-07-08T12:00:00Z,continuous_test,condition_b,40,40,12.380000000000001,false,true,true,false,1.211832099868718,14,1,-0.49999999999999972,-0.86602540378443882,0.7818314824680298,0.62348980185873359
Rosengarten,2025-07-08T13:00:00Z,continuous_test,condition_b,49,49,7.7699999999999996,false,true,true,false,1.402520626997185,15,1,-0.70710678118654713,-0.70710678118654791,0.7818314824680298,0.62348980185873359
Rosengarten,2025-07-08T14:00:00Z,continuous_test,condition_b,,,,true,false,false,false,0,16,1,-0.86602540378443849,-0.50000000000000044,0.7818314824680298,0.62348980185873359
Rosengarten,2025-07-08T15:00:00Z,continuous_test,condition_b,,,,true,false,false,false,0,17,1,-0.96592582628906831,-0.25881904510252063,0.7818314824680298,0.62348980185873359
Rosengarten,2025-07-08T16:00:00Z,continuous_test,condition_b,,,,true,false,false,false,0,18,1,-1,-1.8369701987210297e-16,0.7818314824680298,0.62348980185873359
Rosengarten,2025-07-08T17:00:00Z,continuous_test,condition_b,,,,true,false,false,false,0,19,1,-0.96592582628906842,0.2588190451025203,0.7818314824680298,0.62348980185873359
Rosengarten,2025-07-08T18:00:00Z,continuous_test,condition_b,,,,true,false,false,false,0,20,1,-0.8660254037844386,0.50000000000000011,0.7818314824680298,0.62348980185873359
Rosengarten,2025-07-08T19:00:00Z,continuous_test,condition_b,,,,true,false,false,false,0,21,1,-0.70710678118654768,0.70710678118654735,0.7818314824680298,0.62348980185873359
Rosengarten,2025-07-08T20:00:00Z,continuous_test,condition_b,,,,true,false,false,false,0,22,1,-0.50000000000000044,0.86602540378443837,0.7818314824680298,0.62348980185873359
Rosengarten,2025-07-08T21:00:00Z,continuous_test,condition_b,,,,true,false,false,false,0,23,1,-0.25881904510252157,0.96592582628906809,0.7818314824680298,0.62348980185873359
Rosengarten,2025-07-08T22:00:00Z,continuous_test,condition_b,,,,true,false,false,false,0,0,2,0,1,0.97492791218182362,-0.22252093395631434
Rosengarten,2025-07-08T23:00:00Z,continuous_test,condition_b,,,,true,false,false,false,0,1,2,0.25881904510252074,0.96592582628906831,0.97492791218182362,-0.22252093395631434
Rosengarten,2025-07-09T00:00:00Z,continuous_test,condition_b,,,,true,false,false,false,0,2,2,0.49999999999999994,0.86602540378443871,0.97492791218182362,-0.22252093395631434
Rosengarten,2025-07-09T01:00:00Z,continuous_test,condition_b,,,,true,false,false,false,0,3,2,0.70710678118654757,0.70710678118654757,0.97492791218182362,-0.22252093395631434
Rosengarten,2025-07-09T02:00:00Z,continuous_test,condition_b,,,,true,false,false,false,0,4,2,0.8660254037844386,0.50000000000000011,0.97492791218182362,-0.22252093395631434
Rosengarten,2025-07-09T03:00:00Z,continuous_test,condition_b,,,,true,false,false,false,0,5,2,0.96592582628906831,0.25881904510252074,0.97492791218182362,-0.22252093395631434
Rosengarten,2025-07-09T04:00:00Z,continuous_test,condition_b,,,,true,false,false,false,0,6,2,1,6.123233995736766e-17,0.97492791218182362,-0.22252093395631434
Rosengarten,2025-07-09T05:00:00Z,continuous_test,condition_b,,,,true,false,false,false,0,7,2,0.96592582628906831,-0.25881904510252063,0.97492791218182362,-0.22252093395631434
Rosengarten,2025-07-09T06:00:00Z,continuous_test,condition_b,,,,true,false,false,false,0,8,2,0.86602540378443871,-0.49999999999999978,0.97492791218182362,-0.22252093395631434
Rosengarten,2025-07-09T07:00:00Z,continuous_test,condition_b,19.5,19.5,8.2899999999999991,false,true,true,false,0.54579738219898144,9,2,0.70710678118654757,-0.70710678118654746,0.97492791218182362,-0.22252093395631434
Rosengarten,2025-07-09T08:00:00Z,continuous_test,condition_b,20,20,9.2699999999999996,false,true,true,false,0.56895235766829799,10,2,0.49999999999999994,-0.86602540378443871,0.97492791218182362,-0.22252093395631434
Rosengarten,2025-07-09T09:00:00Z,continuous_test,condition_b,37,37,7.4000000000000004,false,true,true,false,1.1388183828396223,11,2,0.25881904510252102,-0.9659258262890682,0.97492791218182362,-0.22252093395631434
Rosengarten,2025-07-09T10:00:00Z,continuous_test,condition_b,26.5,26.5,10.98,false,true,true,false,0.82806802994683071,12,2,1.2246467991473532e-16,-1,0.97492791218182362,-0.22252093395631434
Rosengarten,2025-07-09T11:00:00Z,continuous_test,condition_b,33,,11.286666666666669,true,false,true,true,0.99973384685474131,13,2,-0.25881904510252079,-0.96592582628906831,0.97492791218182362,-0.22252093395631434
Rosengarten,2025-07-09T12:00:00Z,continuous_test,condition_b,39.5,,11.593333333333334,true,false,true,true,1.171399663762652,14,2,-0.49999999999999972,-0.86602540378443882,0.97492791218182362,-0.22252093395631434
Rosengarten,2025-07-09T13:00:00Z,continuous_test,condition_b,46,46,11.9,false,true,true,false,1.3430654806705626,15,2,-0.70710678118654713,-0.70710678118654791,0.97492791218182362,-0.22252093395631434
Rosengarten,2025-07-09T14:00:00Z,continuous_test,condition_b,54,54,11.31,false,true,true,false,1.4941027476165671,16,2,-0.86602540378443849,-0.50000000000000044,0.97492791218182362,-0.22252093395631434
Rosengarten,2025-07-09T15:00:00Z,continuous_test,condition_b,41,41,11.484999999999999,false,true,true,false,1.2349870753380345,17,2,-0.96592582628906831,-0.25881904510252063,0.97492791218182362,-0.22252093395631434
Rosengarten,2025-07-09T16:00:00Z,continuous_test,condition_b,14,14,9.5500000000000007,false,true,true,false,0.24564123788465,18,2,-1,-1.8369701987210297e-16,0.97492791218182362,-0.22252093395631434
Rosengarten,2025-07-09T17:00:00Z,continuous_test,condition_b,22,22,10.359999999999999,false,true,true,false,0.65636577333597523,19,2,-0.96592582628906842,0.2588190451025203,0.97492791218182362,-0.22252093395631434
Rosengarten,2025-07-09T18:00:00Z,continuous_test,condition_b,19,19,11.49,false,true,true,false,0.52207062153918804,20,2,-0.8660254037844386,0.50000000000000011,0.97492791218182362,-0.22252093395631434
Rosengarten,2025-07-09T19:00:00Z,continuous_test,condition_b,14,14,9.1600000000000001,false,true,true,false,0.24564123788465,21,2,-0.70710678118654768,0.70710678118654735,0.97492791218182362,-0.22252093395631434
Rosengarten,2025-07-09T20:00:00Z,continuous_test,condition_b,9,9,11.220000000000001,false,true,true,false,-0.14396409613054806,22,2,-0.50000000000000044,0.86602540378443837,0.97492791218182362,-0.22252093395631434
Rosengarten,2025-07-09T21:00:00Z,continuous_test,condition_b,0,0,0,false,true,true,false,-2.3564835369280184,23,2,-0.25881904510252157,0.96592582628906809,0.97492791218182362,-0.22252093395631434
Rosengarten,2025-07-09T22:00:00Z,continuous_test,condition_b,,,,true,false,false,false,0,0,3,0,1,0.43388373911755823,-0.90096886790241903
Rosengarten,2025-07-09T23:00:00Z,continuous_test,condition_b,,,,true,false,false,false,0,1,3,0.25881904510252074,0.96592582628906831,0.43388373911755823,-0.90096886790241903
Rosengarten,2025-07-10T00:00:00Z,continuous_test,condition_b,,,,true,false,false,false,0,2,3,0.49999999999999994,0.86602540378443871,0.43388373911755823,-0.90096886790241903
Rosengarten,2025-07-10T01:00:00Z,continuous_test,condition_b,,,,true,false,false,false,0,3,3,0.70710678118654757,0.70710678118654757,0.43388373911755823,-0.90096886790241903
Rosengarten,2025-07-10T02:00:00Z,continuous_test,condition_b,,,,true,false,false,false,0,4,3,0.8660254037844386,0.50000000000000011,0.43388373911755823,-0.90096886790241903
Rosengarten,2025-07-10T03:00:00Z,continuous_test,condition_b,,,,true,false,false,false,0,5,3,0.96592582628906831,0.25881904510252074,0.43388373911755823,-0.90096886790241903
Rosengarten,2025-07-10T04:00:00Z,continuous_test,condition_b,,,,true,false,false,false,0,6,3,1,6.123233995736766e-17,0.43388373911755823,-0.90096886790241903
Rosengarten,2025-07-10T05:00:00Z,continuous_test,condition_b,,,,true,false,false,false,0,7,3,0.96592582628906831,-0.25881904510252063,0.43388373911755823,-0.90096886790241903
Rosengarten,2025-07-10T06:00:00Z,continuous_test,condition_b,,,,true,false,false,false,0,8,3,0.86602540378443871,-0.49999999999999978,0.43388373911755823,-0.90096886790241903
Rosengarten,2025-07-10T07:00:00Z,continuous_test,condition_b,21.5,21.5,8.875,false,true,true,false,0.63524657189984801,9,3,0.70710678118654757,-0.70710678118654746,0.43388373911755823,-0.90096886790241903
Rosengarten,2025-07-10T08:00:00Z,continuous_test,condition_b,27.5,27.5,12.579999999999998,false,true,true,false,0.86238899918508427,10,3,0.49999999999999994,-0.86602540378443871,0.43388373911755823,-0.90096886790241903
Rosengarten,2025-07-10T09:00:00Z,continuous_test,condition_b,37.5,37.5,12.535,false,true,true,false,1.1513791497304786,11,3,0.25881904510252102,-0.9659258262890682,0.43388373911755823,-0.90096886790241903
Rosengarten,2025-07-10T10:00:00Z,continuous_test,condition_b,42,42,9.3399999999999999,false,true,true,false,1.2575971769712353,12,3,1.2246467991473532e-16,-1,0.43388373911755823,-0.90096886790241903
Rosengarten,2025-07-10T11:00:00Z,continuous_test,condition_b,45.5,45.5,10.565,false,true,true,false,1.3327885379561524,13,3,-0.25881904510252079,-0.96592582628906831,0.43388373911755823,-0.90096886790241903
Rosengarten,2025-07-10T12:00:00Z,continuous_test,condition_b,30.5,30.5,7.8700000000000001,false,true,true,false,0.95855769168349603,14,3,-0.49999999999999972,-0.86602540378443882,0.43388373911755823,-0.90096886790241903
Rosengarten,2025-07-10T13:00:00Z,continuous_test,condition_b,49,49,10.880000000000001,false,true,true,false,1.402520626997185,15,3,-0.70710678118654713,-0.70710678118654791,0.43388373911755823,-0.90096886790241903
Rosengarten,2025-07-10T14:00:00Z,continuous_test,condition_b,65,65,12.705,false,true,true,false,1.6692927938435043,16,3,-0.86602540378443849,-0.50000000000000044,0.43388373911755823,-0.90096886790241903
Rosengarten,2025-07-10T15:00:00Z,continuous_test,condition_b,147,147,12.18,false,true,true,false,2.4452627000017904,17,3,-0.96592582628906831,-0.25881904510252063,0.43388373911755823,-0.90096886790241903
Rosengarten,2025-07-10T16:00:00Z,continuous_test,condition_b,172,172,14.654999999999999,false,true,true,false,2.5952369756454612,18,3,-1,-1.8369701987210297e-16,0.43388373911755823,-0.90096886790241903
Rosengarten,2025-07-10T17:00:00Z,continuous_test,condition_b,167.5,167.5,12.664999999999999,false,true,true,false,2.5699120402210633,19,3,-0.96592582628906842,0.2588190451025203,0.43388373911755823,-0.90096886790241903
Rosengarten,2025-07-10T18:00:00Z,continuous_test,condition_b,94,94,18.379999999999999,false,true,true,false,2.0192683882976192,20,3,-0.8660254037844386,0.50000000000000011,0.43388373911755823,-0.90096886790241903
Rosengarten,2025-07-10T19:00:00Z,continuous_test,condition_b,117,117,15.09,false,true,true,false,2.2275956832752701,21,3,-0.70710678118654768,0.70710678118654735,0.43388373911755823,-0.90096886790241903
Rosengarten,2025-07-10T20:00:00Z,continuous_test,condition_b,36.5,36.5,8.9400000000000013,false,true,true,false,1.1260912433426471,22,3,-0.50000000000000044,0.86602540378443837,0.43388373911755823,-0.90096886790241903
Rosengarten,2025-07-10T21:00:00Z,continuous_test,condition_b,1,1,8.0500000000000007,false,true,true,false,-1.6904488192582816,23,3,-0.25881904510252157,0.96592582628906809,0.43388373911755823,-0.90096886790241903
Rosengarten,2025-07-10T22:00:00Z,continuous_test,condition_b,14,14,35.75,false,true,true,false,0.24564123788465,0,4,0,1,-0.43388373911755801,-0.90096886790241915
Rosengarten,2025-07-10T23:00:00Z,continuous_test,condition_b,9.3333333333333321,,23.833333333333336,true,false,true,true,-0.62173368705290621,1,4,0.25881904510252074,0.96592582628906831,-0.43388373911755801,-0.90096886790241915
Rosengarten,2025-07-11T00:00:00Z,continuous_test,condition_b,4.6666666666666661,,11.916666666666668,true,false,true,true,-1.4891086119904624,2,4,0.49999999999999994,0.86602540378443871,-0.43388373911755801,-0.90096886790241915
Rosengarten,2025-07-11T01:00:00Z,continuous_test,condition_b,0,0,0,false,true,true,false,-2.3564835369280184,3,4,0.70710678118654757,0.70710678118654757,-0.43388373911755801,-0.90096886790241915
Rosengarten,2025-07-11T02:00:00Z,continuous_test,condition_b,1,1,5.3300000000000001,false,true,true,false,-1.6904488192582816,4,4,0.8660254037844386,0.50000000000000011,-0.43388373911755801,-0.90096886790241915
Rosengarten,2025-07-11T03:00:00Z,continuous_test,condition_b,1,1,0.67000000000000004,false,true,true,false,-1.6904488192582816,5,4,0.96592582628906831,0.25881904510252074,-0.43388373911755801,-0.90096886790241915
Rosengarten,2025-07-11T04:00:00Z,continuous_test,condition_b,8,8,11.74,false,true,true,false,-0.24520343355814853,6,4,1,6.123233995736766e-17,-0.43388373911755801,-0.90096886790241915
Rosengarten,2025-07-11T05:00:00Z,continuous_test,condition_b,8,8,7.25,false,true,true,false,-0.24520343355814853,7,4,0.96592582628906831,-0.25881904510252063,-0.43388373911755801,-0.90096886790241915
Rosengarten,2025-07-11T06:00:00Z,continuous_test,condition_b,13,13,3,false,true,true,false,0.17934702365309946,8,4,0.86602540378443871,-0.49999999999999978,-0.43388373911755801,-0.90096886790241915
Rosengarten,2025-07-11T07:00:00Z,continuous_test,condition_b,,,,true,false,false,false,0,9,4,0.70710678118654757,-0.70710678118654746,-0.43388373911755801,-0.90096886790241915
Rosengarten,2025-07-11T08:00:00Z,continuous_test,condition_b,,,,true,false,false,false,0,10,4,0.49999999999999994,-0.86602540378443871,-0.43388373911755801,-0.90096886790241915
Rosengarten,2025-07-11T09:00:00Z,continuous_test,condition_b,,,,true,false,false,false,0,11,4,0.25881904510252102,-0.9659258262890682,-0.43388373911755801,-0.90096886790241915
Rosengarten,2025-07-11T10:00:00Z,continuous_test,condition_b,,,,true,false,false,false,0,12,4,1.2246467991473532e-16,-1,-0.43388373911755801,-0.90096886790241915
Rosengarten,2025-07-11T11:00:00Z,continuous_test,condition_b,,,,true,false,false,false,0,13,4,-0.25881904510252079,-0.96592582628906831,-0.43388373911755801,-0.90096886790241915
Rosengarten,2025-07-11T12:00:00Z,continuous_test,condition_b,,,,true,false,false,false,0,14,4,-0.49999999999999972,-0.86602540378443882,-0.43388373911755801,-0.90096886790241915
Rosengarten,2025-07-11T13:00:00Z,continuous_test,condition_b,,,,true,false,false,false,0,15,4,-0.70710678118654713,-0.70710678118654791,-0.43388373911755801,-0.90096886790241915
Rosengarten,2025-07-11T14:00:00Z,continuous_test,condition_b,,,,true,false,false,false,0,16,4,-0.86602540378443849,-0.50000000000000044,-0.43388373911755801,-0.90096886790241915
Rosengarten,2025-07-11T15:00:00Z,continuous_test,condition_b,,,,true,false,false,false,0,17,4,-0.96592582628906831,-0.25881904510252063,-0.43388373911755801,-0.90096886790241915
Rosengarten,2025-07-11T16:00:00Z,continuous_test,condition_b,,,,true,false,false,false,0,18,4,-1,-1.8369701987210297e-16,-0.43388373911755801,-0.90096886790241915
Rosengarten,2025-07-11T17:00:00Z,continuous_test,condition_b,108,108,18.32,false,true,true,false,2.1513621989615177,19,4,-0.96592582628906842,0.2588190451025203,-0.43388373911755801,-0.90096886790241915
Rosengarten,2025-07-11T18:00:00Z,continuous_test,condition_b,66,,13.404999999999999,true,false,true,true,1.4439240541444831,20,4,-0.8660254037844386,0.50000000000000011,-0.43388373911755801,-0.90096886790241915
Rosengarten,2025-07-11T19:00:00Z,continuous_test,condition_b,24,24,8.4900000000000002,false,true,true,false,0.73648590932744851,21,4,-0.70710678118654768,0.70710678118654735,-0.43388373911755801,-0.90096886790241915
Rosengarten,2025-07-11T20:00:00Z,continuous_test,condition_b,15,15,4.1050000000000004,false,true,true,false,0.30765533375092757,22,4,-0.50000000000000044,0.86602540378443837,-0.43388373911755801,-0.90096886790241915
Rosengarten,2025-07-11T21:00:00Z,continuous_test,condition_b,6,6,4.2199999999999998,false,true,true,false,-0.48668769401663686,23,4,-0.25881904510252157,0.96592582628906809,-0.43388373911755801,-0.90096886790241915
Rosengarten,2025-07-11T22:00:00Z,continuous_test,condition_b,8,8,3.4700000000000002,false,true,true,false,-0.24520343355814853,0,5,0,1,-0.97492791218182362,-0.22252093395631459
Rosengarten,2025-07-11T23:00:00Z,continuous_test,condition_b,,,,true,false,false,false,0,1,5,0.25881904510252074,0.96592582628906831,-0.97492791218182362,-0.22252093395631459
Rosengarten,2025-07-12T00:00:00Z,continuous_test,condition_b,,,,true,false,false,false,0,2,5,0.49999999999999994,0.86602540378443871,-0.97492791218182362,-0.22252093395631459
Rosengarten,2025-07-12T01:00:00Z,continuous_test,condition_b,,,,true,false,false,false,0,3,5,0.70710678118654757,0.70710678118654757,-0.97492791218182362,-0.22252093395631459
Rosengarten,2025-07-12T02:00:00Z,continuous_test,condition_b,,,,true,false,false,false,0,4,5,0.8660254037844386,0.50000000000000011,-0.97492791218182362,-0.22252093395631459
Rosengarten,2025-07-12T03:00:00Z,continuous_test,condition_b,,,,true,false,false,false,0,5,5,0.96592582628906831,0.25881904510252074,-0.97492791218182362,-0.22252093395631459
Rosengarten,2025-07-12T04:00:00Z,continuous_test,condition_b,,,,true,false,false,false,0,6,5,1,6.123233995736766e-17,-0.97492791218182362,-0.22252093395631459
Rosengarten,2025-07-12T05:00:00Z,continuous_test,condition_b,7,7,7.8899999999999997,false,true,true,false,-0.35837938391880897,7,5,0.96592582628906831,-0.25881904510252063,-0.97492791218182362,-0.22252093395631459
Rosengarten,2025-07-12T06:00:00Z,continuous_test,condition_b,12.5,,5.8449999999999998,true,false,true,true,0.057202140625538411,8,5,0.86602540378443871,-0.49999999999999978,-0.97492791218182362,-0.22252093395631459
Rosengarten,2025-07-12T07:00:00Z,continuous_test,condition_b,18,18,3.7999999999999998,false,true,true,false,0.47278366516988574,9,5,0.70710678118654757,-0.70710678118654746,-0.97492791218182362,-0.22252093395631459
Rosengarten,2025-07-12T08:00:00Z,continuous_test,condition_b,35.333333333333329,,6.2216666666666658,true,false,true,true,0.89500962663044303,10,5,0.49999999999999994,-0.86602540378443871,-0.97492791218182362,-0.22252093395631459
Rosengarten,2025-07-12T09:00:00Z,continuous_test,condition_b,52.666666666666657,,8.6433333333333326,true,false,true,true,1.3172355880910003,11,5,0.25881904510252102,-0.9659258262890682,-0.97492791218182362,-0.22252093395631459
Rosengarten,2025-07-12T10:00:00Z,continuous_test,condition_b,70,70,11.065,false,true,true,false,1.7394615495515577,12,5,1.2246467991473532e-16,-1,-0.97492791218182362,-0.22252093395631459
Rosengarten,2025-07-12T11:00:00Z,continuous_test,condition_b,58,58,10.17,false,true,true,false,1.5615609656055336,13,5,-0.25881904510252079,-0.96592582628906831,-0.97492791218182362,-0.22252093395631459
Rosengarten,2025-07-12T12:00:00Z,continuous_test,condition_b,93,93,15.07,false,true,true,false,2.009100198340299,14,5,-0.49999999999999972,-0.86602540378443882,-0.97492791218182362,-0.22252093395631459
Rosengarten,2025-07-12T13:00:00Z,continuous_test,condition_b,112,112,12.789999999999999,false,true,true,false,2.1859924327612577,15,5,-0.70710678118654713,-0.70710678118654791,-0.97492791218182362,-0.22252093395631459
Rosengarten,2025-07-12T14:00:00Z,continuous_test,condition_b,116.5,116.5,16.125,false,true,true,false,2.2235154861285595,16,5,-0.86602540378443849,-0.50000000000000044,-0.97492791218182362,-0.22252093395631459
Rosengarten,2025-07-12T15:00:00Z,continuous_test,condition_b,77.5,77.5,9.3000000000000007,false,true,true,false,1.835952416398082,17,5,-0.96592582628906831,-0.25881904510252063,-0.97492791218182362,-0.22252093395631459
Rosengarten,2025-07-12T16:00:00Z,continuous_test,condition_b,36,36,20.149999999999999,false,true,true,false,1.1131932646623177,18,5,-1,-1.8369701987210297e-16,-0.97492791218182362,-0.22252093395631459
Rosengarten,2025-07-12T17:00:00Z,continuous_test,condition_b,23,23,29.649999999999999,false,true,true,false,0.69726066776612605,19,5,-0.96592582628906842,0.2588190451025203,-0.97492791218182362,-0.22252093395631459
Rosengarten,2025-07-12T18:00:00Z,continuous_test,condition_b,19.5,19.5,9.6850000000000005,false,true,true,false,0.54579738219898144,20,5,-0.8660254037844386,0.50000000000000011,-0.97492791218182362,-0.22252093395631459
Rosengarten,2025-07-12T19:00:00Z,continuous_test,condition_b,19,19,3.6800000000000002,false,true,true,false,0.52207062153918804,21,5,-0.70710678118654768,0.70710678118654735,-0.97492791218182362,-0.22252093395631459
Rosengarten,2025-07-12T20:00:00Z,continuous_test,condition_b,4.5,4.5,3.5150000000000001,false,true,true,false,-0.71841669318090295,22,5,-0.50000000000000044,0.86602540378443837,-0.97492791218182362,-0.22252093395631459
Rosengarten,2025-07-12T21:00:00Z,continuous_test,condition_b,3,3,1.9399999999999999,false,true,true,false,-1.0244141015885453,23,5,-0.25881904510252157,0.96592582628906809,-0.97492791218182362,-0.22252093395631459
Rosengarten,2025-07-12T22:00:00Z,continuous_test,condition_b,2,2,3.5800000000000001,false,true,true,false,-1.3008434852430832,0,6,0,1,-0.78183148246802991,0.62348980185873337
Rosengarten,2025-07-12T23:00:00Z,continuous_test,condition_b,3,3,2.0099999999999998,false,true,true,false,-1.0244141015885453,1,6,0.25881904510252074,0.96592582628906831,-0.78183148246802991,0.62348980185873337
Rosengarten,2025-07-13T00:00:00Z,continuous_test,condition_b,2,2,4.8700000000000001,false,true,true,false,-1.3008434852430832,2,6,0.49999999999999994,0.86602540378443871,-0.78183148246802991,0.62348980185873337
Rosengarten,2025-07-13T01:00:00Z,continuous_test,condition_b,1.3333333333333337,,3.246666666666667,true,false,true,true,-1.6527235024713949,3,6,0.70710678118654757,0.70710678118654757,-0.78183148246802991,0.62348980185873337
Rosengarten,2025-07-13T02:00:00Z,continuous_test,condition_b,0.66666666666666674,,1.6233333333333335,true,false,true,true,-2.0046035196997067,4,6,0.8660254037844386,0.50000000000000011,-0.78183148246802991,0.62348980185873337
Rosengarten,2025-07-13T03:00:00Z,continuous_test,condition_b,0,0,0,false,true,true,false,-2.3564835369280184,5,6,0.96592582628906831,0.25881904510252074,-0.78183148246802991,0.62348980185873337
Rosengarten,2025-07-13T04:00:00Z,continuous_test,condition_b,1,1,1.8700000000000001,false,true,true,false,-1.6904488192582816,6,6,1,6.123233995736766e-17,-0.78183148246802991,0.62348980185873337
Rosengarten,2025-07-13T05:00:00Z,continuous_test,condition_b,,,,true,false,false,false,0,7,6,0.96592582628906831,-0.25881904510252063,-0.78183148246802991,0.62348980185873337
Rosengarten,2025-07-13T06:00:00Z,continuous_test,condition_b,,,,true,false,false,false,0,8,6,0.86602540378443871,-0.49999999999999978,-0.78183148246802991,0.62348980185873337
Rosengarten,2025-07-13T07:00:00Z,continuous_test,condition_b,,,,true,false,false,false,0,9,6,0.70710678118654757,-0.70710678118654746,-0.78183148246802991,0.62348980185873337
Rosengarten,2025-07-13T08:00:00Z,continuous_test,condition_b,,,,true,false,false,false,0,10,6,0.49999999999999994,-0.86602540378443871,-0.78183148246802991,0.62348980185873337
Rosengarten,2025-07-13T09:00:00Z,continuous_test,condition_b,,,,true,false,false,false,0,11,6,0.25881904510252102,-0.9659258262890682,-0.78183148246802991,0.62348980185873337
Rosengarten,2025-07-13T10:00:00Z,continuous_test,condition_b,,,,true,false,false,false,0,12,6,1.2246467991473532e-16,-1,-0.78183148246802991,0.62348980185873337
Rosengarten,2025-07-13T11:00:00Z,continuous_test,condition_b,,,,true,false,false,false,0,13,6,-0.25881904510252079,-0.96592582628906831,-0.78183148246802991,0.62348980185873337
Rosengarten,2025-07-13T12:00:00Z,continuous_test,condition_b,,,,true,false,false,false,0,14,6,-0.49999999999999972,-0.86602540378443882,-0.78183148246802991,0.62348980185873337
Rosengarten,2025-07-13T13:00:00Z,continuous_test,condition_b,,,,true,false,false,false,0,15,6,-0.70710678118654713,-0.70710678118654791,-0.78183148246802991,0.62348980185873337
Rosengarten,2025-07-13T14:00:00Z,continuous_test,condition_b,,,,true,false,false,false,0,16,6,-0.86602540378443849,-0.50000000000000044,-0.78183148246802991,0.62348980185873337
Rosengarten,2025-07-13T15:00:00Z,continuous_test,condition_b,,,,true,false,false,false,0,17,6,-0.96592582628906831,-0.25881904510252063,-0.78183148246802991,0.62348980185873337
Rosengarten,2025-07-13T16:00:00Z,continuous_test,condition_b,,,,true,false,false,false,0,18,6,-1,-1.8369701987210297e-16,-0.78183148246802991,0.62348980185873337
Rosengarten,2025-07-13T17:00:00Z,continuous_test,condition_b,,,,true,false,false,false,0,19,6,-0.96592582628906842,0.2588190451025203,-0.78183148246802991,0.62348980185873337
Rosengarten,2025-07-13T18:00:00Z,continuous_test,condition_b,,,,true,false,false,false,0,20,6,-0.8660254037844386,0.50000000000000011,-0.78183148246802991,0.62348980185873337
Rosengarten,2025-07-13T19:00:00Z,continuous_test,condition_b,,,,true,false,false,false,0,21,6,-0.70710678118654768,0.70710678118654735,-0.78183148246802991,0.62348980185873337
Rosengarten,2025-07-13T20:00:00Z,continuous_test,condition_b,,,,true,false,false,false,0,22,6,-0.50000000000000044,0.86602540378443837,-0.78183148246802991,0.62348980185873337
Rosengarten,2025-07-13T21:00:00Z,continuous_test,condition_b,0,0,0,false,true,true,false,-2.3564835369280184,23,6,-0.25881904510252157,0.96592582628906809,-0.78183148246802991,0.62348980185873337
Rosengarten,2025-07-13T22:00:00Z,continuous_test,condition_b,5,5,2.21,false,true,true,false,-0.63480876757334703,0,0,0,1,0,1
Rosengarten,2025-07-13T23:00:00Z,continuous_test,condition_b,,,,true,false,true,true,-0.63480876757334703,1,0,0.25881904510252074,0.96592582628906831,0,1
Schulstraße 6,2025-07-08T00:00:00Z,continuous_test,condition_b,4,4,4.2800000000000002,false,true,true,false,-0.73572805443383793,2,1,0.49999999999999994,0.86602540378443871,0.7818314824680298,0.62348980185873359
Schulstraße 6,2025-07-08T01:00:00Z,continuous_test,condition_b,4,4,6.3899999999999997,false,true,true,false,-0.73572805443383793,3,1,0.70710678118654757,0.70710678118654757,0.7818314824680298,0.62348980185873359
Schulstraße 6,2025-07-08T02:00:00Z,continuous_test,condition_b,2,2,13.57,false,true,true,false,-1.3231065204440691,4,1,0.8660254037844386,0.50000000000000011,0.7818314824680298,0.62348980185873359
Schulstraße 6,2025-07-08T03:00:00Z,continuous_test,condition_b,3.666666666666667,,9.7650000000000006,true,false,true,true,-0.9471674163425956,5,1,0.96592582628906831,0.25881904510252074,0.7818314824680298,0.62348980185873359
Schulstraße 6,2025-07-08T04:00:00Z,continuous_test,condition_b,5.3333333333333339,,5.9600000000000009,true,false,true,true,-0.57122831224112214,6,1,1,6.123233995736766e-17,0.7818314824680298,0.62348980185873359
Schulstraße 6,2025-07-08T05:00:00Z,continuous_test,condition_b,7,7,2.1549999999999998,false,true,true,false,-0.19528920813964862,7,1,0.96592582628906831,-0.25881904510252063,0.7818314824680298,0.62348980185873359
Schulstraße 6,2025-07-08T06:00:00Z,continuous_test,condition_b,18,18,6.0049999999999999,false,true,true,false,0.79933761615296894,8,1,0.86602540378443871,-0.49999999999999978,0.7818314824680298,0.62348980185873359
Schulstraße 6,2025-07-08T07:00:00Z,continuous_test,condition_b,22,22,7.4349999999999996,false,true,true,false,1.0190245830391693,9,1,0.70710678118654757,-0.70710678118654746,0.7818314824680298,0.62348980185873359
Schulstraße 6,2025-07-08T08:00:00Z,continuous_test,condition_b,20.5,,7.9424999999999999,true,false,true,true,0.93867117915771281,10,1,0.49999999999999994,-0.86602540378443871,0.7818314824680298,0.62348980185873359
Schulstraße 6,2025-07-08T09:00:00Z,continuous_test,condition_b,19,19,8.4499999999999993,false,true,true,false,0.8583177752762563,11,1,0.25881904510252102,-0.9659258262890682,0.7818314824680298,0.62348980185873359
Schulstraße 6,2025-07-08T10:00:00Z,continuous_test,condition_b,43.5,43.5,9.0600000000000005,false,true,true,false,1.7779270674132768,12,1,1.2246467991473532e-16,-1,0.7818314824680298,0.62348980185873359
Schulstraße 6,2025-07-08T11:00:00Z,continuous_test,condition_b,29,29,8.7300000000000004,false,true,true,false,1.32454629268193,13,1,-0.25881904510252079,-0.96592582628906831,0.7818314824680298,0.62348980185873359
Schulstraße 6,2025-07-08T12:00:00Z,continuous_test,condition_b,23,23,18.77,false,true,true,false,1.0679622241210724,14,1,-0.49999999999999972,-0.86602540378443882,0.7818314824680298,0.62348980185873359
Schulstraße 6,2025-07-08T13:00:00Z,continuous_test,condition_b,26,26,10.77,false,true,true,false,1.2033963440773723,15,1,-0.70710678118654713,-0.70710678118654791,0.7818314824680298,0.62348980185873359
Schulstraße 6,2025-07-08T14:00:00Z,continuous_test,condition_b,,,,true,false,false,false,0,16,1,-0.86602540378443849,-0.50000000000000044,0.7818314824680298,0.62348980185873359
Schulstraße 6,2025-07-08T15:00:00Z,continuous_test,condition_b,,,,true,false,false,false,0,17,1,-0.96592582628906831,-0.25881904510252063,0.7818314824680298,0.62348980185873359
Schulstraße 6,2025-07-08T16:00:00Z,continuous_test,condition_b,,,,true,false,false,false,0,18,1,-1,-1.8369701987210297e-16,0.7818314824680298,0.62348980185873359
Schulstraße 6,2025-07-08T17:00:00Z,continuous_test,condition_b,,,,true,false,false,false,0,19,1,-0.96592582628906842,0.2588190451025203,0.7818314824680298,0.62348980185873359
Schulstraße 6,2025-07-08T18:00:00Z,continuous_test,condition_b,,,,true,false,false,false,0,20,1,-0.8660254037844386,0.50000000000000011,0.7818314824680298,0.62348980185873359
Schulstraße 6,2025-07-08T19:00:00Z,continuous_test,condition_b,,,,true,false,false,false,0,21,1,-0.70710678118654768,0.70710678118654735,0.7818314824680298,0.62348980185873359
Schulstraße 6,2025-07-08T20:00:00Z,continuous_test,condition_b,,,,true,false,false,false,0,22,1,-0.50000000000000044,0.86602540378443837,0.7818314824680298,0.62348980185873359
Schulstraße 6,2025-07-08T21:00:00Z,continuous_test,condition_b,,,,true,false,false,false,0,23,1,-0.25881904510252157,0.96592582628906809,0.7818314824680298,0.62348980185873359
Schulstraße 6,2025-07-08T22:00:00Z,continuous_test,condition_b,,,,true,false,false,false,0,0,2,0,1,0.97492791218182362,-0.22252093395631434
Schulstraße 6,2025-07-08T23:00:00Z,continuous_test,condition_b,,,,true,false,false,false,0,1,2,0.25881904510252074,0.96592582628906831,0.97492791218182362,-0.22252093395631434
Schulstraße 6,2025-07-09T00:00:00Z,continuous_test,condition_b,,,,true,false,false,false,0,2,2,0.49999999999999994,0.86602540378443871,0.97492791218182362,-0.22252093395631434
Schulstraße 6,2025-07-09T01:00:00Z,continuous_test,condition_b,,,,true,false,false,false,0,3,2,0.70710678118654757,0.70710678118654757,0.97492791218182362,-0.22252093395631434
Schulstraße 6,2025-07-09T02:00:00Z,continuous_test,condition_b,,,,true,false,false,false,0,4,2,0.8660254037844386,0.50000000000000011,0.97492791218182362,-0.22252093395631434
Schulstraße 6,2025-07-09T03:00:00Z,continuous_test,condition_b,,,,true,false,false,false,0,5,2,0.96592582628906831,0.25881904510252074,0.97492791218182362,-0.22252093395631434
Schulstraße 6,2025-07-09T04:00:00Z,continuous_test,condition_b,,,,true,false,false,false,0,6,2,1,6.123233995736766e-17,0.97492791218182362,-0.22252093395631434
Schulstraße 6,2025-07-09T05:00:00Z,continuous_test,condition_b,,,,true,false,false,false,0,7,2,0.96592582628906831,-0.25881904510252063,0.97492791218182362,-0.22252093395631434
Schulstraße 6,2025-07-09T06:00:00Z,continuous_test,condition_b,,,,true,false,false,false,0,8,2,0.86602540378443871,-0.49999999999999978,0.97492791218182362,-0.22252093395631434
Schulstraße 6,2025-07-09T07:00:00Z,continuous_test,condition_b,17,17,14.66,false,true,true,false,0.73716782667169845,9,2,0.70710678118654757,-0.70710678118654746,0.97492791218182362,-0.22252093395631434
Schulstraße 6,2025-07-09T08:00:00Z,continuous_test,condition_b,20,20,9.0899999999999999,false,true,true,false,0.91441968256694617,10,2,0.49999999999999994,-0.86602540378443871,0.97492791218182362,-0.22252093395631434
Schulstraße 6,2025-07-09T09:00:00Z,continuous_test,condition_b,38,38,10.82,false,true,true,false,1.6262287299541329,11,2,0.25881904510252102,-0.9659258262890682,0.97492791218182362,-0.22252093395631434
Schulstraße 6,2025-07-09T10:00:00Z,continuous_test,condition_b,28.5,28.5,9.7599999999999998,false,true,true,false,1.3052204426943208,12,2,1.2246467991473532e-16,-1,0.97492791218182362,-0.22252093395631434
Schulstraße 6,2025-07-09T11:00:00Z,continuous_test,condition_b,26.333333333333329,,8.663333333333334,true,false,true,true,1.2098218228092703,13,2,-0.25881904510252079,-0.96592582628906831,0.97492791218182362,-0.22252093395631434
Schulstraße 6,2025-07-09T12:00:00Z,continuous_test,condition_b,24.166666666666668,,7.5666666666666664,true,false,true,true,1.1144232029242198,14,2,-0.49999999999999972,-0.86602540378443882,0.97492791218182362,-0.22252093395631434
Schulstraße 6,2025-07-09T13:00:00Z,continuous_test,condition_b,22,22,6.4699999999999998,false,true,true,false,1.0190245830391693,15,2,-0.70710678118654713,-0.70710678118654791,0.97492791218182362,-0.22252093395631434
Schulstraße 6,2025-07-09T14:00:00Z,continuous_test,condition_b,18,18,10.529999999999999,false,true,true,false,0.79933761615296894,16,2,-0.86602540378443849,-0.50000000000000044,0.97492791218182362,-0.22252093395631434
Schulstraße 6,2025-07-09T15:00:00Z,continuous_test,condition_b,18.5,18.5,8.0150000000000006,false,true,true,false,0.82920581509908575,17,2,-0.96592582628906831,-0.25881904510252063,0.97492791218182362,-0.22252093395631434
Schulstraße 6,2025-07-09T16:00:00Z,continuous_test,condition_b,17,17,7.1850000000000005,false,true,true,false,0.73716782667169845,18,2,-1,-1.8369701987210297e-16,0.97492791218182362,-0.22252093395631434
Schulstraße 6,2025-07-09T17:00:00Z,continuous_test,condition_b,4,4,8.6899999999999995,false,true,true,false,-0.73572805443383793,19,2,-0.96592582628906842,0.2588190451025203,0.97492791218182362,-0.22252093395631434
Schulstraße 6,2025-07-09T18:00:00Z,continuous_test,condition_b,8,8,8.2249999999999996,false,true,true,false,-0.059855088183348309,20,2,-0.8660254037844386,0.50000000000000011,0.97492791218182362,-0.22252093395631434
Schulstraße 6,2025-07-09T19:00:00Z,continuous_test,condition_b,5,5,5.2300000000000004,false,true,true,false,-0.52608360558902212,21,2,-0.70710678118654768,0.70710678118654735,0.97492791218182362,-0.22252093395631434
Schulstraße 6,2025-07-09T20:00:00Z,continuous_test,condition_b,3,3,2.8150000000000004,false,true,true,false,-0.99231212299469562,22,2,-0.50000000000000044,0.86602540378443837,0.97492791218182362,-0.22252093395631434
Schulstraße 6,2025-07-09T21:00:00Z,continuous_test,condition_b,1.5,1.5,2.6749999999999998,false,true,true,false,-1.532750969288885,23,2,-0.25881904510252157,0.96592582628906809,0.97492791218182362,-0.22252093395631434
Schulstraße 6,2025-07-09T22:00:00Z,continuous_test,condition_b,,,,true,false,false,false,0,0,3,0,1,0.43388373911755823,-0.90096886790241903
Schulstraße 6,2025-07-09T23:00:00Z,continuous_test,condition_b,,,,true,false,false,false,0,1,3,0.25881904510252074,0.96592582628906831,0.43388373911755823,-0.90096886790241903
Schulstraße 6,2025-07-10T00:00:00Z,continuous_test,condition_b,,,,true,false,false,false,0,2,3,0.49999999999999994,0.86602540378443871,0.43388373911755823,-0.90096886790241903
Schulstraße 6,2025-07-10T01:00:00Z,continuous_test,condition_b,,,,true,false,false,false,0,3,3,0.70710678118654757,0.70710678118654757,0.43388373911755823,-0.90096886790241903
Schulstraße 6,2025-07-10T02:00:00Z,continuous_test,condition_b,,,,true,false,false,false,0,4,3,0.8660254037844386,0.50000000000000011,0.43388373911755823,-0.90096886790241903
Schulstraße 6,2025-07-10T03:00:00Z,continuous_test,condition_b,,,,true,false,false,false,0,5,3,0.96592582628906831,0.25881904510252074,0.43388373911755823,-0.90096886790241903
Schulstraße 6,2025-07-10T04:00:00Z,continuous_test,condition_b,,,,true,false,false,false,0,6,3,1,6.123233995736766e-17,0.43388373911755823,-0.90096886790241903
Schulstraße 6,2025-07-10T05:00:00Z,continuous_test,condition_b,,,,true,false,false,false,0,7,3,0.96592582628906831,-0.25881904510252063,0.43388373911755823,-0.90096886790241903
Schulstraße 6,2025-07-10T06:00:00Z,continuous_test,condition_b,,,,true,false,false,false,0,8,3,0.86602540378443871,-0.49999999999999978,0.43388373911755823,-0.90096886790241903
Schulstraße 6,2025-07-10T07:00:00Z,continuous_test,condition_b,16,16,4.9499999999999993,false,true,true,false,0.67144359539024856,9,3,0.70710678118654757,-0.70710678118654746,0.43388373911755823,-0.90096886790241903
Schulstraße 6,2025-07-10T08:00:00Z,continuous_test,condition_b,28,28,10.369999999999999,false,true,true,false,1.2855642203422104,10,3,0.49999999999999994,-0.86602540378443871,0.43388373911755823,-0.90096886790241903
Schulstraße 6,2025-07-10T09:00:00Z,continuous_test,condition_b,21,21,7.5499999999999998,false,true,true,false,0.96791123457827,11,3,0.25881904510252102,-0.9659258262890682,0.43388373911755823,-0.90096886790241903
Schulstraße 6,2025-07-10T10:00:00Z,continuous_test,condition_b,26,26,9.6400000000000006,false,true,true,false,1.2033963440773723,12,3,1.2246467991473532e-16,-1,0.43388373911755823,-0.90096886790241903
Schulstraße 6,2025-07-10T11:00:00Z,continuous_test,condition_b,19,19,13.17,false,true,true,false,0.8583177752762563,13,3,-0.25881904510252079,-0.96592582628906831,0.43388373911755823,-0.90096886790241903
Schulstraße 6,2025-07-10T12:00:00Z,continuous_test,condition_b,16,16,5.6200000000000001,false,true,true,false,0.67144359539024856,14,3,-0.49999999999999972,-0.86602540378443882,0.43388373911755823,-0.90096886790241903
Schulstraße 6,2025-07-10T13:00:00Z,continuous_test,condition_b,21,21,13.970000000000001,false,true,true,false,0.96791123457827,15,3,-0.70710678118654713,-0.70710678118654791,0.43388373911755823,-0.90096886790241903
Schulstraße 6,2025-07-10T14:00:00Z,continuous_test,condition_b,25,25,8.2100000000000009,false,true,true,false,1.1600002125484596,16,3,-0.86602540378443849,-0.50000000000000044,0.43388373911755823,-0.90096886790241903
Schulstraße 6,2025-07-10T15:00:00Z,continuous_test,condition_b,22,22,4.6449999999999996,false,true,true,false,1.0190245830391693,17,3,-0.96592582628906831,-0.25881904510252063,0.43388373911755823,-0.90096886790241903
Schulstraße 6,2025-07-10T16:00:00Z,continuous_test,condition_b,21,21,9.6799999999999997,false,true,true,false,0.96791123457827,18,3,-1,-1.8369701987210297e-16,0.43388373911755823,-0.90096886790241903
Schulstraße 6,2025-07-10T17:00:00Z,continuous_test,condition_b,7.5,7.5,11.970000000000001,false,true,true,false,-0.12557931946479864,19,3,-0.96592582628906842,0.2588190451025203,0.43388373911755823,-0.90096886790241903
Schulstraße 6,2025-07-10T18:00:00Z,continuous_test,condition_b,10,10,8.4499999999999993,false,true,true,false,0.1708883197232228,20,3,-0.8660254037844386,0.50000000000000011,0.43388373911755823,-0.90096886790241903
Schulstraße 6,2025-07-10T19:00:00Z,continuous_test,condition_b,5,5,21.02,false,true,true,false,-0.52608360558902212,21,3,-0.70710678118654768,0.70710678118654735,0.43388373911755823,-0.90096886790241903
Schulstraße 6,2025-07-10T20:00:00Z,continuous_test,condition_b,4,4,5.5700000000000003,false,true,true,false,-0.73572805443383793,22,3,-0.50000000000000044,0.86602540378443837,0.43388373911755823,-0.90096886790241903
Schulstraße 6,2025-07-10T21:00:00Z,continuous_test,condition_b,1,1,7.9500000000000002,false,true,true,false,-1.7893350378497426,23,3,-0.25881904510252157,0.96592582628906809,0.43388373911755823,-0.90096886790241903
Schulstraße 6,2025-07-10T22:00:00Z,continuous_test,condition_b,11,11,42.490000000000002,false,true,true,false,0.27093930926602516,0,4,0,1,-0.43388373911755801,-0.90096886790241915
Schulstraße 6,2025-07-10T23:00:00Z,continuous_test,condition_b,5.5,,21.245000000000001,true,false,true,true,-1.1577093217193823,1,4,0.25881904510252074,0.96592582628906831,-0.43388373911755801,-0.90096886790241915
Schulstraße 6,2025-07-11T00:00:00Z,continuous_test,condition_b,0,0,0,false,true,true,false,-2.5863579527047897,2,4,0.49999999999999994,0.86602540378443871,-0.43388373911755801,-0.90096886790241915
Schulstraße 6,2025-07-11T01:00:00Z,continuous_test,condition_b,2,2,25.140000000000001,false,true,true,false,-1.3231065204440691,3,4,0.70710678118654757,0.70710678118654757,-0.43388373911755801,-0.90096886790241915
Schulstraße 6,2025-07-11T02:00:00Z,continuous_test,condition_b,3,3,25.079999999999998,false,true,true,false,-0.99231212299469562,4,4,0.8660254037844386,0.50000000000000011,-0.43388373911755801,-0.90096886790241915
Schulstraße 6,2025-07-11T03:00:00Z,continuous_test,condition_b,3,3,10.51,false,true,true,false,-0.99231212299469562,5,4,0.96592582628906831,0.25881904510252074,-0.43388373911755801,-0.90096886790241915
Schulstraße 6,2025-07-11T04:00:00Z,continuous_test,condition_b,8,8,4.1900000000000004,false,true,true,false,-0.059855088183348309,6,4,1,6.123233995736766e-17,-0.43388373911755801,-0.90096886790241915
Schulstraße 6,2025-07-11T05:00:00Z,continuous_test,condition_b,7,7,8.3550000000000004,false,true,true,false,-0.19528920813964862,7,4,0.96592582628906831,-0.25881904510252063,-0.43388373911755801,-0.90096886790241915
Schulstraße 6,2025-07-11T06:00:00Z,continuous_test,condition_b,11,11,6.8700000000000001,false,true,true,false,0.27093930926602516,8,4,0.86602540378443871,-0.49999999999999978,-0.43388373911755801,-0.90096886790241915
Schulstraße 6,2025-07-11T07:00:00Z,continuous_test,condition_b,,,,true,false,false,false,0,9,4,0.70710678118654757,-0.70710678118654746,-0.43388373911755801,-0.90096886790241915
Schulstraße 6,2025-07-11T08:00:00Z,continuous_test,condition_b,,,,true,false,false,false,0,10,4,0.49999999999999994,-0.86602540378443871,-0.43388373911755801,-0.90096886790241915
Schulstraße 6,2025-07-11T09:00:00Z,continuous_test,condition_b,,,,true,false,false,false,0,11,4,0.25881904510252102,-0.9659258262890682,-0.43388373911755801,-0.90096886790241915
Schulstraße 6,2025-07-11T10:00:00Z,continuous_test,condition_b,,,,true,false,false,false,0,12,4,1.2246467991473532e-16,-1,-0.43388373911755801,-0.90096886790241915
Schulstraße 6,2025-07-11T11:00:00Z,continuous_test,condition_b,,,,true,false,false,false,0,13,4,-0.25881904510252079,-0.96592582628906831,-0.43388373911755801,-0.90096886790241915
Schulstraße 6,2025-07-11T12:00:00Z,continuous_test,condition_b,,,,true,false,false,false,0,14,4,-0.49999999999999972,-0.86602540378443882,-0.43388373911755801,-0.90096886790241915
Schulstraße 6,2025-07-11T13:00:00Z,continuous_test,condition_b,,,,true,false,false,false,0,15,4,-0.70710678118654713,-0.70710678118654791,-0.43388373911755801,-0.90096886790241915
Schulstraße 6,2025-07-11T14:00:00Z,continuous_test,condition_b,,,,true,false,false,false,0,16,4,-0.86602540378443849,-0.50000000000000044,-0.43388373911755801,-0.90096886790241915
Schulstraße 6,2025-07-11T15:00:00Z,continuous_test,condition_b,,,,true,false,false,false,0,17,4,-0.96592582628906831,-0.25881904510252063,-0.43388373911755801,-0.90096886790241915
Schulstraße 6,2025-07-11T16:00:00Z,continuous_test,condition_b,,,,true,false,false,false,0,18,4,-1,-1.8369701987210297e-16,-0.43388373911755801,-0.90096886790241915
Schulstraße 6,2025-07-11T17:00:00Z,continuous_test,condition_b,15,15,10.68,false,true,true,false,0.60173370671539861,19,4,-0.96592582628906842,0.2588190451025203,-0.43388373911755801,-0.90096886790241915
Schulstraße 6,2025-07-11T18:00:00Z,continuous_test,condition_b,8.5,,6.4550000000000001,true,false,true,true,-0.36068640686433528,20,4,-0.8660254037844386,0.50000000000000011,-0.43388373911755801,-0.90096886790241915
Schulstraße 6,2025-07-11T19:00:00Z,continuous_test,condition_b,2,2,2.23,false,true,true,false,-1.3231065204440691,21,4,-0.70710678118654768,0.70710678118654735,-0.43388373911755801,-0.90096886790241915
Schulstraße 6,2025-07-11T20:00:00Z,continuous_test,condition_b,5,5,3.665,false,true,true,false,-0.52608360558902212,22,4,-0.50000000000000044,0.86602540378443837,-0.43388373911755801,-0.90096886790241915
Schulstraße 6,2025-07-11T21:00:00Z,continuous_test,condition_b,1,1,0.02,false,true,true,false,-1.7893350378497426,23,4,-0.25881904510252157,0.96592582628906809,-0.43388373911755801,-0.90096886790241915
Schulstraße 6,2025-07-11T22:00:00Z,continuous_test,condition_b,2.5,,1.6299999999999999,true,false,true,true,-1.2625315461417903,0,5,0,1,-0.97492791218182362,-0.22252093395631459
Schulstraße 6,2025-07-11T23:00:00Z,continuous_test,condition_b,4,4,3.2400000000000002,false,true,true,false,-0.73572805443383793,1,5,0.25881904510252074,0.96592582628906831,-0.97492791218182362,-0.22252093395631459
Schulstraße 6,2025-07-12T00:00:00Z,continuous_test,condition_b,,,,true,false,false,false,0,2,5,0.49999999999999994,0.86602540378443871,-0.97492791218182362,-0.22252093395631459
Schulstraße 6,2025-07-12T01:00:00Z,continuous_test,condition_b,,,,true,false,false,false,0,3,5,0.70710678118654757,0.70710678118654757,-0.97492791218182362,-0.22252093395631459
Schulstraße 6,2025-07-12T02:00:00Z,continuous_test,condition_b,,,,true,false,false,false,0,4,5,0.8660254037844386,0.50000000000000011,-0.97492791218182362,-0.22252093395631459
Schulstraße 6,2025-07-12T03:00:00Z,continuous_test,condition_b,,,,true,false,false,false,0,5,5,0.96592582628906831,0.25881904510252074,-0.97492791218182362,-0.22252093395631459
Schulstraße 6,2025-07-12T04:00:00Z,continuous_test,condition_b,,,,true,false,false,false,0,6,5,1,6.123233995736766e-17,-0.97492791218182362,-0.22252093395631459
Schulstraße 6,2025-07-12T05:00:00Z,continuous_test,condition_b,,,,true,false,false,false,0,7,5,0.96592582628906831,-0.25881904510252063,-0.97492791218182362,-0.22252093395631459
Schulstraße 6,2025-07-12T06:00:00Z,continuous_test,condition_b,7,7,3.48,false,true,true,false,-0.19528920813964862,8,5,0.86602540378443871,-0.49999999999999978,-0.97492791218182362,-0.22252093395631459
Schulstraße 6,2025-07-12T07:00:00Z,continuous_test,condition_b,17,17,6.3799999999999999,false,true,true,false,0.73716782667169845,9,5,0.70710678118654757,-0.70710678118654746,-0.97492791218182362,-0.22252093395631459
Schulstraße 6,2025-07-12T08:00:00Z,continuous_test,condition_b,23.5,,8.1716666666666669,true,false,true,true,1.0184886715287282,10,5,0.49999999999999994,-0.86602540378443871,-0.97492791218182362,-0.22252093395631459
Schulstraße 6,2025-07-12T09:00:00Z,continuous_test,condition_b,30,,9.9633333333333365,true,false,true,true,1.2998095163857579,11,5,0.25881904510252102,-0.9659258262890682,-0.97492791218182362,-0.22252093395631459
Schulstraße 6,2025-07-12T10:00:00Z,continuous_test,condition_b,36.5,36.5,11.755000000000001,false,true,true,false,1.5811303612427878,12,5,1.2246467991473532e-16,-1,-0.97492791218182362,-0.22252093395631459
Schulstraße 6,2025-07-12T11:00:00Z,continuous_test,condition_b,32.5,32.5,11.414999999999999,false,true,true,false,1.4514312207895101,13,5,-0.25881904510252079,-0.96592582628906831,-0.97492791218182362,-0.22252093395631459
Schulstraße 6,2025-07-12T12:00:00Z,continuous_test,condition_b,32,32,8.7799999999999994,false,true,true,false,1.4341397519839434,14,5,-0.49999999999999972,-0.86602540378443882,-0.97492791218182362,-0.22252093395631459
Schulstraße 6,2025-07-12T13:00:00Z,continuous_test,condition_b,33,33,12.435,false,true,true,false,1.4684665102452958,15,5,-0.70710678118654713,-0.70710678118654791,-0.97492791218182362,-0.22252093395631459
Schulstraße 6,2025-07-12T14:00:00Z,continuous_test,condition_b,21,21,5.665,false,true,true,false,0.96791123457827,16,5,-0.86602540378443849,-0.50000000000000044,-0.97492791218182362,-0.22252093395631459
Schulstraße 6,2025-07-12T15:00:00Z,continuous_test,condition_b,22,22,5.5,false,true,true,false,1.0190245830391693,17,5,-0.96592582628906831,-0.25881904510252063,-0.97492791218182362,-0.22252093395631459
Schulstraße 6,2025-07-12T16:00:00Z,continuous_test,condition_b,10,10,7.1449999999999996,false,true,true,false,0.1708883197232228,18,5,-1,-1.8369701987210297e-16,-0.97492791218182362,-0.22252093395631459
Schulstraße 6,2025-07-12T17:00:00Z,continuous_test,condition_b,9,9,5.1799999999999997,false,true,true,false,0.061294860421209574,19,5,-0.96592582628906842,0.2588190451025203,-0.97492791218182362,-0.22252093395631459
Schulstraße 6,2025-07-12T18:00:00Z,continuous_test,condition_b,5,5,11.26,false,true,true,false,-0.52608360558902212,20,5,-0.8660254037844386,0.50000000000000011,-0.97492791218182362,-0.22252093395631459
Schulstraße 6,2025-07-12T19:00:00Z,continuous_test,condition_b,1.5,1.5,9.0850000000000009,false,true,true,false,-1.532750969288885,21,5,-0.70710678118654768,0.70710678118654735,-0.97492791218182362,-0.22252093395631459
Schulstraße 6,2025-07-12T20:00:00Z,continuous_test,condition_b,6,6,7.0499999999999998,false,true,true,false,-0.34883174969377462,22,5,-0.50000000000000044,0.86602540378443837,-0.97492791218182362,-0.22252093395631459
Schulstraße 6,2025-07-12T21:00:00Z,continuous_test,condition_b,0,0,0,false,true,true,false,-2.5863579527047897,23,5,-0.25881904510252157,0.96592582628906809,-0.97492791218182362,-0.22252093395631459
Schulstraße 6,2025-07-12T22:00:00Z,continuous_test,condition_b,16,16,12.91,false,true,true,false,0.67144359539024856,0,6,0,1,-0.78183148246802991,0.62348980185873337
Schulstraße 6,2025-07-12T23:00:00Z,continuous_test,condition_b,5,5,3.4399999999999999,false,true,true,false,-0.52608360558902212,1,6,0.25881904510252074,0.96592582628906831,-0.78183148246802991,0.62348980185873337
Schulstraße 6,2025-07-13T00:00:00Z,continuous_test,condition_b,2.5,,1.72,true,false,true,true,-1.556220779146906,2,6,0.49999999999999994,0.86602540378443871,-0.78183148246802991,0.62348980185873337
Schulstraße 6,2025-07-13T01:00:00Z,continuous_test,condition_b,0,0,0,false,true,true,false,-2.5863579527047897,3,6,0.70710678118654757,0.70710678118654757,-0.78183148246802991,0.62348980185873337
Schulstraße 6,2025-07-13T02:00:00Z,continuous_test,condition_b,3.5,3.5,15.365,false,true,true,false,-0.85687800303839556,4,6,0.8660254037844386,0.50000000000000011,-0.78183148246802991,0.62348980185873337
Schulstraße 6,2025-07-13T03:00:00Z,continuous_test,condition_b,1.5,1.5,18.690000000000001,false,true,true,false,-1.532750969288885,5,6,0.96592582628906831,0.25881904510252074,-0.78183148246802991,0.62348980185873337
Schulstraße 6,2025-07-13T04:00:00Z,continuous_test,condition_b,,,,true,false,false,false,0,6,6,1,6.123233995736766e-17,-0.78183148246802991,0.62348980185873337
Schulstraße 6,2025-07-13T05:00:00Z,continuous_test,condition_b,,,,true,false,false,false,0,7,6,0.96592582628906831,-0.25881904510252063,-0.78183148246802991,0.62348980185873337
Schulstraße 6,2025-07-13T06:00:00Z,continuous_test,condition_b,,,,true,false,false,false,0,8,6,0.86602540378443871,-0.49999999999999978,-0.78183148246802991,0.62348980185873337
Schulstraße 6,2025-07-13T07:00:00Z,continuous_test,condition_b,,,,true,false,false,false,0,9,6,0.70710678118654757,-0.70710678118654746,-0.78183148246802991,0.62348980185873337
Schulstraße 6,2025-07-13T08:00:00Z,continuous_test,condition_b,,,,true,false,false,false,0,10,6,0.49999999999999994,-0.86602540378443871,-0.78183148246802991,0.62348980185873337
Schulstraße 6,2025-07-13T09:00:00Z,continuous_test,condition_b,,,,true,false,false,false,0,11,6,0.25881904510252102,-0.9659258262890682,-0.78183148246802991,0.62348980185873337
Schulstraße 6,2025-07-13T10:00:00Z,continuous_test,condition_b,,,,true,false,false,false,0,12,6,1.2246467991473532e-16,-1,-0.78183148246802991,0.62348980185873337
Schulstraße 6,2025-07-13T11:00:00Z,continuous_test,condition_b,,,,true,false,false,false,0,13,6,-0.25881904510252079,-0.96592582628906831,-0.78183148246802991,0.62348980185873337
Schulstraße 6,2025-07-13T12:00:00Z,continuous_test,condition_b,,,,true,false,false,false,0,14,6,-0.49999999999999972,-0.86602540378443882,-0.78183148246802991,0.62348980185873337
Schulstraße 6,2025-07-13T13:00:00Z,continuous_test,condition_b,,,,true,false,false,false,0,15,6,-0.70710678118654713,-0.70710678118654791,-0.78183148246802991,0.62348980185873337
Schulstraße 6,2025-07-13T14:00:00Z,continuous_test,condition_b,,,,true,false,false,false,0,16,6,-0.86602540378443849,-0.50000000000000044,-0.78183148246802991,0.62348980185873337
Schulstraße 6,2025-07-13T15:00:00Z,continuous_test,condition_b,,,,true,false,false,false,0,17,6,-0.96592582628906831,-0.25881904510252063,-0.78183148246802991,0.62348980185873337
Schulstraße 6,2025-07-13T16:00:00Z,continuous_test,condition_b,,,,true,false,false,false,0,18,6,-1,-1.8369701987210297e-16,-0.78183148246802991,0.62348980185873337
Schulstraße 6,2025-07-13T17:00:00Z,continuous_test,condition_b,,,,true,false,false,false,0,19,6,-0.96592582628906842,0.2588190451025203,-0.78183148246802991,0.62348980185873337
Schulstraße 6,2025-07-13T18:00:00Z,continuous_test,condition_b,,,,true,false,false,false,0,20,6,-0.8660254037844386,0.50000000000000011,-0.78183148246802991,0.62348980185873337
Schulstraße 6,2025-07-13T19:00:00Z,continuous_test,condition_b,,,,true,false,false,false,0,21,6,-0.70710678118654768,0.70710678118654735,-0.78183148246802991,0.62348980185873337
Schulstraße 6,2025-07-13T20:00:00Z,continuous_test,condition_b,,,,true,false,false,false,0,22,6,-0.50000000000000044,0.86602540378443837,-0.78183148246802991,0.62348980185873337
Schulstraße 6,2025-07-13T21:00:00Z,continuous_test,condition_b,0,0,0,false,true,true,false,-2.5863579527047897,23,6,-0.25881904510252157,0.96592582628906809,-0.78183148246802991,0.62348980185873337
Schulstraße 6,2025-07-13T22:00:00Z,continuous_test,condition_b,3,,11.5,true,false,true,true,-1.4675948511992822,0,0,0,1,0,1
Schulstraße 6,2025-07-13T23:00:00Z,continuous_test,condition_b,6,6,23,false,true,true,false,-0.34883174969377462,1,0,0.25881904510252074,0.96592582628906831,0,1
Stresemannstraße 38,2025-07-08T00:00:00Z,continuous_test,condition_b,5,5,25.920000000000002,false,true,true,false,-0.50288912284335929,2,1,0.49999999999999994,0.86602540378443871,0.7818314824680298,0.62348980185873359
Stresemannstraße 38,2025-07-08T01:00:00Z,continuous_test,condition_b,1,1,5.4299999999999997,false,true,true,false,-1.7730361350549351,3,1,0.70710678118654757,0.70710678118654757,0.7818314824680298,0.62348980185873359
Stresemannstraße 38,2025-07-08T02:00:00Z,continuous_test,condition_b,1,1,19.100000000000001,false,true,true,false,-1.7730361350549351,4,1,0.8660254037844386,0.50000000000000011,0.7818314824680298,0.62348980185873359
Stresemannstraße 38,2025-07-08T03:00:00Z,continuous_test,condition_b,2,2,8,false,true,true,false,-1.3042626642575317,5,1,0.96592582628906831,0.25881904510252074,0.7818314824680298,0.62348980185873359
Stresemannstraße 38,2025-07-08T04:00:00Z,continuous_test,condition_b,4,4,4.1799999999999997,false,true,true,false,-0.7136779361601594,6,1,1,6.123233995736766e-17,0.7818314824680298,0.62348980185873359
Stresemannstraße 38,2025-07-08T05:00:00Z,continuous_test,condition_b,9,9,2.0499999999999998,false,true,true,false,0.087695605254013431,7,1,0.96592582628906831,-0.25881904510252063,0.7818314824680298,0.62348980185873359
Stresemannstraße 38,2025-07-08T06:00:00Z,continuous_test,condition_b,5,5,3.1000000000000001,false,true,true,false,-0.50288912284335929,8,1,0.86602540378443871,-0.49999999999999978,0.7818314824680298,0.62348980185873359
Stresemannstraße 38,2025-07-08T07:00:00Z,continuous_test,condition_b,18,18,7.4649999999999999,false,true,true,false,0.82976703864987811,9,1,0.70710678118654757,-0.70710678118654746,0.7818314824680298,0.62348980185873359
Stresemannstraße 38,2025-07-08T08:00:00Z,continuous_test,condition_b,18.5,,6.7025000000000006,true,false,true,true,0.8594180926590318,10,1,0.49999999999999994,-0.86602540378443871,0.7818314824680298,0.62348980185873359
Stresemannstraße 38,2025-07-08T09:00:00Z,continuous_test,condition_b,19,19,5.9400000000000004,false,true,true,false,0.88906914666818548,11,1,0.25881904510252102,-0.9659258262890682,0.7818314824680298,0.62348980185873359
Stresemannstraße 38,2025-07-08T10:00:00Z,continuous_test,condition_b,22.5,22.5,3.0550000000000002,false,true,true,false,1.0755173212853102,12,1,1.2246467991473532e-16,-1,0.7818314824680298,0.62348980185873359
Stresemannstraße 38,2025-07-08T11:00:00Z,continuous_test,condition_b,27.5,27.5,6.9699999999999998,false,true,true,false,1.2985405094472817,13,1,-0.25881904510252079,-0.96592582628906831,0.7818314824680298,0.62348980185873359
Stresemannstraße 38,2025-07-08T12:00:00Z,continuous_test,condition_b,24,24,5.9800000000000004,false,true,true,false,1.1470538041487888,14,1,-0.49999999999999972,-0.86602540378443882,0.7818314824680298,0.62348980185873359
Stresemannstraße 38,2025-07-08T13:00:00Z,continuous_test,condition_b,28,28,6.0099999999999998,false,true,true,false,1.3186477577190208,15,1,-0.70710678118654713,-0.70710678118654791,0.7818314824680298,0.62348980185873359
Stresemannstraße 38,2025-07-08T14:00:00Z,continuous_test,condition_b,,,,true,false,false,false,0,16,1,-0.86602540378443849,-0.50000000000000044,0.7818314824680298,0.62348980185873359
Stresemannstraße 38,2025-07-08T15:00:00Z,continuous_test,condition_b,,,,true,false,false,false,0,17,1,-0.96592582628906831,-0.25881904510252063,0.7818314824680298,0.62348980185873359
Stresemannstraße 38,2025-07-08T16:00:00Z,continuous_test,condition_b,,,,true,false,false,false,0,18,1,-1,-1.8369701987210297e-16,0.7818314824680298,0.62348980185873359
Stresemannstraße 38,2025-07-08T17:00:00Z,continuous_test,condition_b,,,,true,false,false,false,0,19,1,-0.96592582628906842,0.2588190451025203,0.7818314824680298,0.62348980185873359
Stresemannstraße 38,2025-07-08T18:00:00Z,continuous_test,condition_b,,,,true,false,false,false,0,20,1,-0.8660254037844386,0.50000000000000011,0.7818314824680298,0.62348980185873359
Stresemannstraße 38,2025-07-08T19:00:00Z,continuous_test,condition_b,,,,true,false,false,false,0,21,1,-0.70710678118654768,0.70710678118654735,0.7818314824680298,0.62348980185873359
Stresemannstraße 38,2025-07-08T20:00:00Z,continuous_test,condition_b,,,,true,false,false,false,0,22,1,-0.50000000000000044,0.86602540378443837,0.7818314824680298,0.62348980185873359
Stresemannstraße 38,2025-07-08T21:00:00Z,continuous_test,condition_b,,,,true,false,false,false,0,23,1,-0.25881904510252157,0.96592582628906809,0.7818314824680298,0.62348980185873359
Stresemannstraße 38,2025-07-08T22:00:00Z,continuous_test,condition_b,,,,true,false,false,false,0,0,2,0,1,0.97492791218182362,-0.22252093395631434
Stresemannstraße 38,2025-07-08T23:00:00Z,continuous_test,condition_b,,,,true,false,false,false,0,1,2,0.25881904510252074,0.96592582628906831,0.97492791218182362,-0.22252093395631434
Stresemannstraße 38,2025-07-09T00:00:00Z,continuous_test,condition_b,,,,true,false,false,false,0,2,2,0.49999999999999994,0.86602540378443871,0.97492791218182362,-0.22252093395631434
Stresemannstraße 38,2025-07-09T01:00:00Z,continuous_test,condition_b,,,,true,false,false,false,0,3,2,0.70710678118654757,0.70710678118654757,0.97492791218182362,-0.22252093395631434
Stresemannstraße 38,2025-07-09T02:00:00Z,continuous_test,condition_b,,,,true,false,false,false,0,4,2,0.8660254037844386,0.50000000000000011,0.97492791218182362,-0.22252093395631434
Stresemannstraße 38,2025-07-09T03:00:00Z,continuous_test,condition_b,,,,true,false,false,false,0,5,2,0.96592582628906831,0.25881904510252074,0.97492791218182362,-0.22252093395631434
Stresemannstraße 38,2025-07-09T04:00:00Z,continuous_test,condition_b,,,,true,false,false,false,0,6,2,1,6.123233995736766e-17,0.97492791218182362,-0.22252093395631434
Stresemannstraße 38,2025-07-09T05:00:00Z,continuous_test,condition_b,,,,true,false,false,false,0,7,2,0.96592582628906831,-0.25881904510252063,0.97492791218182362,-0.22252093395631434
Stresemannstraße 38,2025-07-09T06:00:00Z,continuous_test,condition_b,,,,true,false,false,false,0,8,2,0.86602540378443871,-0.49999999999999978,0.97492791218182362,-0.22252093395631434
Stresemannstraße 38,2025-07-09T07:00:00Z,continuous_test,condition_b,14,14,3.3300000000000001,false,true,true,false,0.55646907605141649,9,2,0.70710678118654757,-0.70710678118654746,0.97492791218182362,-0.22252093395631434
Stresemannstraße 38,2025-07-09T08:00:00Z,continuous_test,condition_b,28,28,5.0800000000000001,false,true,true,false,1.3186477577190208,10,2,0.49999999999999994,-0.86602540378443871,0.97492791218182362,-0.22252093395631434
Stresemannstraße 38,2025-07-09T09:00:00Z,continuous_test,condition_b,23,23,4.6900000000000004,false,true,true,false,1.0998579599849858,11,2,0.25881904510252102,-0.9659258262890682,0.97492791218182362,-0.22252093395631434
Stresemannstraße 38,2025-07-09T10:00:00Z,continuous_test,condition_b,21,21,7.4299999999999997,false,true,true,false,0.999260832452599,12,2,1.2246467991473532e-16,-1,0.97492791218182362,-0.22252093395631434
Stresemannstraße 38,2025-07-09T11:00:00Z,continuous_test,condition_b,27,27,7.29,false,true,true,false,1.2780773622550476,13,2,-0.25881904510252079,-0.96592582628906831,0.97492791218182362,-0.22252093395631434
Stresemannstraße 38,2025-07-09T12:00:00Z,continuous_test,condition_b,19.5,19.5,9.5749999999999993,false,true,true,false,0.91761720536811275,14,2,-0.49999999999999972,-0.86602540378443882,0.97492791218182362,-0.22252093395631434
Stresemannstraße 38,2025-07-09T13:00:00Z,continuous_test,condition_b,26.75,,8.3099999999999987,true,false,true,true,1.2268396125518819,15,2,-0.70710678118654713,-0.70710678118654791,0.97492791218182362,-0.22252093395631434
Stresemannstraße 38,2025-07-09T14:00:00Z,continuous_test,condition_b,34,34,7.0449999999999999,false,true,true,false,1.5360620197356509,16,2,-0.86602540378443849,-0.50000000000000044,0.97492791218182362,-0.22252093395631434
Stresemannstraße 38,2025-07-09T15:00:00Z,continuous_test,condition_b,23.5,23.5,6.4900000000000002,false,true,true,false,1.123696693908341,17,2,-0.96592582628906831,-0.25881904510252063,0.97492791218182362,-0.22252093395631434
Stresemannstraße 38,2025-07-09T16:00:00Z,continuous_test,condition_b,16,16,4.125,false,true,true,false,0.70117489602251248,18,2,-1,-1.8369701987210297e-16,0.97492791218182362,-0.22252093395631434
Stresemannstraße 38,2025-07-09T17:00:00Z,continuous_test,condition_b,13,13,7.3300000000000001,false,true,true,false,0.47670382084087504,19,2,-0.96592582628906842,0.2588190451025203,0.97492791218182362,-0.22252093395631434
Stresemannstraße 38,2025-07-09T18:00:00Z,continuous_test,condition_b,8.5,8.5,5.4199999999999999,false,true,true,false,0.028393497235706004,20,2,-0.8660254037844386,0.50000000000000011,0.97492791218182362,-0.22252093395631434
Stresemannstraße 38,2025-07-09T19:00:00Z,continuous_test,condition_b,7.5,7.5,7.9199999999999999,false,true,true,false,-0.10019864539166008,21,2,-0.70710678118654768,0.70710678118654735,0.97492791218182362,-0.22252093395631434
Stresemannstraße 38,2025-07-09T20:00:00Z,continuous_test,condition_b,1,1,14.154999999999999,false,true,true,false,-1.7730361350549351,22,2,-0.50000000000000044,0.86602540378443837,0.97492791218182362,-0.22252093395631434
Stresemannstraße 38,2025-07-09T21:00:00Z,continuous_test,condition_b,1.5,1.5,1.0549999999999999,false,true,true,false,-1.5150514775743318,23,2,-0.25881904510252157,0.96592582628906809,0.97492791218182362,-0.22252093395631434
Stresemannstraße 38,2025-07-09T22:00:00Z,continuous_test,condition_b,,,,true,false,false,false,0,0,3,0,1,0.43388373911755823,-0.90096886790241903
Stresemannstraße 38,2025-07-09T23:00:00Z,continuous_test,condition_b,,,,true,false,false,false,0,1,3,0.25881904510252074,0.96592582628906831,0.43388373911755823,-0.90096886790241903
Stresemannstraße 38,2025-07-10T00:00:00Z,continuous_test,condition_b,,,,true,false,false,false,0,2,3,0.49999999999999994,0.86602540378443871,0.43388373911755823,-0.90096886790241903
Stresemannstraße 38,2025-07-10T01:00:00Z,continuous_test,condition_b,,,,true,false,false,false,0,3,3,0.70710678118654757,0.70710678118654757,0.43388373911755823,-0.90096886790241903
Stresemannstraße 38,2025-07-10T02:00:00Z,continuous_test,condition_b,,,,true,false,false,false,0,4,3,0.8660254037844386,0.50000000000000011,0.43388373911755823,-0.90096886790241903
Stresemannstraße 38,2025-07-10T03:00:00Z,continuous_test,condition_b,,,,true,false,false,false,0,5,3,0.96592582628906831,0.25881904510252074,0.43388373911755823,-0.90096886790241903
Stresemannstraße 38,2025-07-10T04:00:00Z,continuous_test,condition_b,,,,true,false,false,false,0,6,3,1,6.123233995736766e-17,0.43388373911755823,-0.90096886790241903
Stresemannstraße 38,2025-07-10T05:00:00Z,continuous_test,condition_b,,,,true,false,false,false,0,7,3,0.96592582628906831,-0.25881904510252063,0.43388373911755823,-0.90096886790241903
Stresemannstraße 38,2025-07-10T06:00:00Z,continuous_test,condition_b,,,,true,false,false,false,0,8,3,0.86602540378443871,-0.49999999999999978,0.43388373911755823,-0.90096886790241903
Stresemannstraße 38,2025-07-10T07:00:00Z,continuous_test,condition_b,14,14,3,false,true,true,false,0.55646907605141649,9,3,0.70710678118654757,-0.70710678118654746,0.43388373911755823,-0.90096886790241903
Stresemannstraße 38,2025-07-10T08:00:00Z,continuous_test,condition_b,24.5,24.5,8.5850000000000009,false,true,true,false,1.1699483668199155,10,3,0.49999999999999994,-0.86602540378443871,0.43388373911755823,-0.90096886790241903
Stresemannstraße 38,2025-07-10T09:00:00Z,continuous_test,condition_b,33,33,5.0650000000000004,false,true,true,false,1.5025484374366851,11,3,0.25881904510252102,-0.9659258262890682,0.43388373911755823,-0.90096886790241903
Stresemannstraße 38,2025-07-10T10:00:00Z,continuous_test,condition_b,42,42,6.5800000000000001,false,true,true,false,1.7740553266574186,12,3,1.2246467991473532e-16,-1,0.43388373911755823,-0.90096886790241903
Stresemannstraße 38,2025-07-10T11:00:00Z,continuous_test,condition_b,23,23,9.3000000000000007,false,true,true,false,1.0998579599849858,13,3,-0.25881904510252079,-0.96592582628906831,0.43388373911755823,-0.90096886790241903
Stresemannstraße 38,2025-07-10T12:00:00Z,continuous_test,condition_b,18,18,5.75,false,true,true,false,0.82976703864987811,14,3,-0.49999999999999972,-0.86602540378443882,0.43388373911755823,-0.90096886790241903
Stresemannstraße 38,2025-07-10T13:00:00Z,continuous_test,condition_b,33,33,11.109999999999999,false,true,true,false,1.5025484374366851,15,3,-0.70710678118654713,-0.70710678118654791,0.43388373911755823,-0.90096886790241903
Stresemannstraße 38,2025-07-10T14:00:00Z,continuous_test,condition_b,16.5,16.5,14.199999999999999,false,true,true,false,0.73468847832147877,16,3,-0.86602540378443849,-0.50000000000000044,0.43388373911755823,-0.90096886790241903
Stresemannstraße 38,2025-07-10T15:00:00Z,continuous_test,condition_b,17.5,17.5,9.4399999999999995,false,true,true,false,0.79893487456277112,17,3,-0.96592582628906831,-0.25881904510252063,0.43388373911755823,-0.90096886790241903
Stresemannstraße 38,2025-07-10T16:00:00Z,continuous_test,condition_b,25.5,25.5,7.1050000000000004,false,true,true,false,1.2144206817287075,18,3,-1,-1.8369701987210297e-16,0.43388373911755823,-0.90096886790241903
Stresemannstraße 38,2025-07-10T17:00:00Z,continuous_test,condition_b,21,21,6.96,false,true,true,false,0.999260832452599,19,3,-0.96592582628906842,0.2588190451025203,0.43388373911755823,-0.90096886790241903
Stresemannstraße 38,2025-07-10T18:00:00Z,continuous_test,condition_b,12,12,13.5,false,true,true,false,0.39102480524728167,20,3,-0.8660254037844386,0.50000000000000011,0.43388373911755823,-0.90096886790241903
Stresemannstraße 38,2025-07-10T19:00:00Z,continuous_test,condition_b,7.5,7.5,4.2050000000000001,false,true,true,false,-0.10019864539166008,21,3,-0.70710678118654768,0.70710678118654735,0.43388373911755823,-0.90096886790241903
Stresemannstraße 38,2025-07-10T20:00:00Z,continuous_test,condition_b,3.75,,2.1025,true,false,true,true,-1.337304160930384,22,3,-0.50000000000000044,0.86602540378443837,0.43388373911755823,-0.90096886790241903
Stresemannstraße 38,2025-07-10T21:00:00Z,continuous_test,condition_b,0,0,0,false,true,true,false,-2.5744096764691076,23,3,-0.25881904510252157,0.96592582628906809,0.43388373911755823,-0.90096886790241903
Stresemannstraße 38,2025-07-10T22:00:00Z,continuous_test,condition_b,1,,1.3700000000000001,true,false,true,true,-1.9393361703633196,0,4,0,1,-0.43388373911755801,-0.90096886790241915
Stresemannstraße 38,2025-07-10T23:00:00Z,continuous_test,condition_b,2,2,2.7400000000000002,false,true,true,false,-1.3042626642575317,1,4,0.25881904510252074,0.96592582628906831,-0.43388373911755801,-0.90096886790241915
Stresemannstraße 38,2025-07-11T00:00:00Z,continuous_test,condition_b,1,,1.3700000000000001,true,false,true,true,-1.9393361703633196,2,4,0.49999999999999994,0.86602540378443871,-0.43388373911755801,-0.90096886790241915
Stresemannstraße 38,2025-07-11T01:00:00Z,continuous_test,condition_b,0,0,0,false,true,true,false,-2.5744096764691076,3,4,0.70710678118654757,0.70710678118654757,-0.43388373911755801,-0.90096886790241915
Stresemannstraße 38,2025-07-11T02:00:00Z,continuous_test,condition_b,1,1,10.07,false,true,true,false,-1.7730361350549351,4,4,0.8660254037844386,0.50000000000000011,-0.43388373911755801,-0.90096886790241915
Stresemannstraße 38,2025-07-11T03:00:00Z,continuous_test,condition_b,1,1,24.550000000000001,false,true,true,false,-1.7730361350549351,5,4,0.96592582628906831,0.25881904510252074,-0.43388373911755801,-0.90096886790241915
Stresemannstraße 38,2025-07-11T04:00:00Z,continuous_test,condition_b,4,4,3.1699999999999999,false,true,true,false,-0.7136779361601594,6,4,1,6.123233995736766e-17,-0.43388373911755801,-0.90096886790241915
Stresemannstraße 38,2025-07-11T05:00:00Z,continuous_test,condition_b,7,7,1.3300000000000001,false,true,true,false,-0.17028905222659035,7,4,0.96592582628906831,-0.25881904510252063,-0.43388373911755801,-0.90096886790241915
Stresemannstraße 38,2025-07-11T06:00:00Z,continuous_test,condition_b,14,14,2.7400000000000002,false,true,true,false,0.55646907605141649,8,4,0.86602540378443871,-0.49999999999999978,-0.43388373911755801,-0.90096886790241915
Stresemannstraße 38,2025-07-11T07:00:00Z,continuous_test,condition_b,,,,true,false,false,false,0,9,4,0.70710678118654757,-0.70710678118654746,-0.43388373911755801,-0.90096886790241915
Stresemannstraße 38,2025-07-11T08:00:00Z,continuous_test,condition_b,,,,true,false,false,false,0,10,4,0.49999999999999994,-0.86602540378443871,-0.43388373911755801,-0.90096886790241915
Stresemannstraße 38,2025-07-11T09:00:00Z,continuous_test,condition_b,,,,true,false,false,false,0,11,4,0.25881904510252102,-0.9659258262890682,-0.43388373911755801,-0.90096886790241915
Stresemannstraße 38,2025-07-11T10:00:00Z,continuous_test,condition_b,,,,true,false,false,false,0,12,4,1.2246467991473532e-16,-1,-0.43388373911755801,-0.90096886790241915
Stresemannstraße 38,2025-07-11T11:00:00Z,continuous_test,condition_b,,,,true,false,false,false,0,13,4,-0.25881904510252079,-0.96592582628906831,-0.43388373911755801,-0.90096886790241915
Stresemannstraße 38,2025-07-11T12:00:00Z,continuous_test,condition_b,,,,true,false,false,false,0,14,4,-0.49999999999999972,-0.86602540378443882,-0.43388373911755801,-0.90096886790241915
Stresemannstraße 38,2025-07-11T13:00:00Z,continuous_test,condition_b,,,,true,false,false,false,0,15,4,-0.70710678118654713,-0.70710678118654791,-0.43388373911755801,-0.90096886790241915
Stresemannstraße 38,2025-07-11T14:00:00Z,continuous_test,condition_b,,,,true,false,false,false,0,16,4,-0.86602540378443849,-0.50000000000000044,-0.43388373911755801,-0.90096886790241915
Stresemannstraße 38,2025-07-11T15:00:00Z,continuous_test,condition_b,,,,true,false,false,false,0,17,4,-0.96592582628906831,-0.25881904510252063,-0.43388373911755801,-0.90096886790241915
Stresemannstraße 38,2025-07-11T16:00:00Z,continuous_test,condition_b,,,,true,false,false,false,0,18,4,-1,-1.8369701987210297e-16,-0.43388373911755801,-0.90096886790241915
Stresemannstraße 38,2025-07-11T17:00:00Z,continuous_test,condition_b,14,14,9.1199999999999992,false,true,true,false,0.55646907605141649,19,4,-0.96592582628906842,0.2588190451025203,-0.43388373911755801,-0.90096886790241915
Stresemannstraße 38,2025-07-11T18:00:00Z,continuous_test,condition_b,10.5,,9.2650000000000006,true,false,true,true,0.19309001191241304,20,4,-0.8660254037844386,0.50000000000000011,-0.43388373911755801,-0.90096886790241915
Stresemannstraße 38,2025-07-11T19:00:00Z,continuous_test,condition_b,7,7,9.4100000000000001,false,true,true,false,-0.17028905222659035,21,4,-0.70710678118654768,0.70710678118654735,-0.43388373911755801,-0.90096886790241915
Stresemannstraße 38,2025-07-11T20:00:00Z,continuous_test,condition_b,9,9,4.3300000000000001,false,true,true,false,0.087695605254013431,22,4,-0.50000000000000044,0.86602540378443837,-0.43388373911755801,-0.90096886790241915
Stresemannstraße 38,2025-07-11T21:00:00Z,continuous_test,condition_b,0,0,0,false,true,true,false,-2.5744096764691076,23,4,-0.25881904510252157,0.96592582628906809,-0.43388373911755801,-0.90096886790241915
Stresemannstraße 38,2025-07-11T22:00:00Z,continuous_test,condition_b,1.5,,1.0600000000000001,true,false,true,true,-1.7730361350549351,0,5,0,1,-0.97492791218182362,-0.22252093395631459
Stresemannstraße 38,2025-07-11T23:00:00Z,continuous_test,condition_b,3,3,2.1200000000000001,false,true,true,false,-0.97166259364076268,1,5,0.25881904510252074,0.96592582628906831,-0.97492791218182362,-0.22252093395631459
Stresemannstraße 38,2025-07-12T00:00:00Z,continuous_test,condition_b,,,,true,false,false,false,0,2,5,0.49999999999999994,0.86602540378443871,-0.97492791218182362,-0.22252093395631459
Stresemannstraße 38,2025-07-12T01:00:00Z,continuous_test,condition_b,,,,true,false,false,false,0,3,5,0.70710678118654757,0.70710678118654757,-0.97492791218182362,-0.22252093395631459
Stresemannstraße 38,2025-07-12T02:00:00Z,continuous_test,condition_b,,,,true,false,false,false,0,4,5,0.8660254037844386,0.50000000000000011,-0.97492791218182362,-0.22252093395631459
Stresemannstraße 38,2025-07-12T03:00:00Z,continuous_test,condition_b,,,,true,false,false,false,0,5,5,0.96592582628906831,0.25881904510252074,-0.97492791218182362,-0.22252093395631459
Stresemannstraße 38,2025-07-12T04:00:00Z,continuous_test,condition_b,,,,true,false,false,false,0,6,5,1,6.123233995736766e-17,-0.97492791218182362,-0.22252093395631459
Stresemannstraße 38,2025-07-12T05:00:00Z,continuous_test,condition_b,,,,true,false,false,false,0,7,5,0.96592582628906831,-0.25881904510252063,-0.97492791218182362,-0.22252093395631459
Stresemannstraße 38,2025-07-12T06:00:00Z,continuous_test,condition_b,8,8,3.8700000000000001,false,true,true,false,-0.034115652045955708,8,5,0.86602540378443871,-0.49999999999999978,-0.97492791218182362,-0.22252093395631459
Stresemannstraße 38,2025-07-12T07:00:00Z,continuous_test,condition_b,16,16,7.0199999999999996,false,true,true,false,0.70117489602251248,9,5,0.70710678118654757,-0.70710678118654746,-0.97492791218182362,-0.22252093395631459
Stresemannstraße 38,2025-07-12T08:00:00Z,continuous_test,condition_b,18.333333333333329,,6.8799999999999999,true,false,true,true,0.83406925067667026,10,5,0.49999999999999994,-0.86602540378443871,-0.97492791218182362,-0.22252093395631459
Stresemannstraße 38,2025-07-12T09:00:00Z,continuous_test,condition_b,20.666666666666668,,6.7399999999999993,true,false,true,true,0.96696360533082804,11,5,0.25881904510252102,-0.9659258262890682,-0.97492791218182362,-0.22252093395631459
Stresemannstraße 38,2025-07-12T10:00:00Z,continuous_test,condition_b,23,23,6.5999999999999996,false,true,true,false,1.0998579599849858,12,5,1.2246467991473532e-16,-1,-0.97492791218182362,-0.22252093395631459
Stresemannstraße 38,2025-07-12T11:00:00Z,continuous_test,condition_b,25,25,6.4500000000000002,false,true,true,false,1.1923983466614543,13,5,-0.25881904510252079,-0.96592582628906831,-0.97492791218182362,-0.22252093395631459
Stresemannstraße 38,2025-07-12T12:00:00Z,continuous_test,condition_b,30,30,4.8200000000000003,false,true,true,false,1.3957521656466496,14,5,-0.49999999999999972,-0.86602540378443882,-0.97492791218182362,-0.22252093395631459
Stresemannstraße 38,2025-07-12T13:00:00Z,continuous_test,condition_b,29,29,6.4649999999999999,false,true,true,false,1.3578426174655891,15,5,-0.70710678118654713,-0.70710678118654791,-0.97492791218182362,-0.22252093395631459
Stresemannstraße 38,2025-07-12T14:00:00Z,continuous_test,condition_b,29,29,6.9849999999999994,false,true,true,false,1.3578426174655891,16,5,-0.86602540378443849,-0.50000000000000044,-0.97492791218182362,-0.22252093395631459
Stresemannstraße 38,2025-07-12T15:00:00Z,continuous_test,condition_b,25,25,5.3550000000000004,false,true,true,false,1.1923983466614543,17,5,-0.96592582628906831,-0.25881904510252063,-0.97492791218182362,-0.22252093395631459
Stresemannstraße 38,2025-07-12T16:00:00Z,continuous_test,condition_b,21,21,7.3499999999999996,false,true,true,false,0.999260832452599,18,5,-1,-1.8369701987210297e-16,-0.97492791218182362,-0.22252093395631459
Stresemannstraße 38,2025-07-12T17:00:00Z,continuous_test,condition_b,18.5,18.5,14.6,false,true,true,false,0.85979827604468484,19,5,-0.96592582628906842,0.2588190451025203,-0.97492791218182362,-0.22252093395631459
Stresemannstraße 38,2025-07-12T18:00:00Z,continuous_test,condition_b,18,18,14.585000000000001,false,true,true,false,0.82976703864987811,20,5,-0.8660254037844386,0.50000000000000011,-0.97492791218182362,-0.22252093395631459
Stresemannstraße 38,2025-07-12T19:00:00Z,continuous_test,condition_b,8,8,5.9500000000000002,false,true,true,false,-0.034115652045955708,21,5,-0.70710678118654768,0.70710678118654735,-0.97492791218182362,-0.22252093395631459
Stresemannstraße 38,2025-07-12T20:00:00Z,continuous_test,condition_b,4,,2.9750000000000001,true,false,true,true,-1.3042626642575317,22,5,-0.50000000000000044,0.86602540378443837,-0.97492791218182362,-0.22252093395631459
Stresemannstraße 38,2025-07-12T21:00:00Z,continuous_test,condition_b,0,0,0,false,true,true,false,-2.5744096764691076,23,5,-0.25881904510252157,0.96592582628906809,-0.97492791218182362,-0.22252093395631459
Stresemannstraße 38,2025-07-12T22:00:00Z,continuous_test,condition_b,11,11,7.1200000000000001,false,true,true,false,0.29848441857081326,0,6,0,1,-0.78183148246802991,0.62348980185873337
Stresemannstraße 38,2025-07-12T23:00:00Z,continuous_test,condition_b,0.5,0.5,6.2149999999999999,false,true,true,false,-2.1056362056717042,1,6,0.25881904510252074,0.96592582628906831,-0.78183148246802991,0.62348980185873337
Stresemannstraße 38,2025-07-13T00:00:00Z,continuous_test,condition_b,3,3,8.5250000000000004,false,true,true,false,-0.97166259364076268,2,6,0.49999999999999994,0.86602540378443871,-0.78183148246802991,0.62348980185873337
Stresemannstraße 38,2025-07-13T01:00:00Z,continuous_test,condition_b,1.5,1.5,17.859999999999999,false,true,true,false,-1.5150514775743318,3,6,0.70710678118654757,0.70710678118654757,-0.78183148246802991,0.62348980185873337
Stresemannstraße 38,2025-07-13T02:00:00Z,continuous_test,condition_b,3,3,10.75,false,true,true,false,-0.97166259364076268,4,6,0.8660254037844386,0.50000000000000011,-0.78183148246802991,0.62348980185873337
Stresemannstraße 38,2025-07-13T03:00:00Z,continuous_test,condition_b,2,2,9.2899999999999991,false,true,true,false,-1.3042626642575317,5,6,0.96592582628906831,0.25881904510252074,-0.78183148246802991,0.62348980185873337
Stresemannstraße 38,2025-07-13T04:00:00Z,continuous_test,condition_b,,,,true,false,false,false,0,6,6,1,6.123233995736766e-17,-0.78183148246802991,0.62348980185873337
Stresemannstraße 38,2025-07-13T05:00:00Z,continuous_test,condition_b,,,,true,false,false,false,0,7,6,0.96592582628906831,-0.25881904510252063,-0.78183148246802991,0.62348980185873337
Stresemannstraße 38,2025-07-13T06:00:00Z,continuous_test,condition_b,,,,true,false,false,false,0,8,6,0.86602540378443871,-0.49999999999999978,-0.78183148246802991,0.62348980185873337
Stresemannstraße 38,2025-07-13T07:00:00Z,continuous_test,condition_b,,,,true,false,false,false,0,9,6,0.70710678118654757,-0.70710678118654746,-0.78183148246802991,0.62348980185873337
Stresemannstraße 38,2025-07-13T08:00:00Z,continuous_test,condition_b,,,,true,false,false,false,0,10,6,0.49999999999999994,-0.86602540378443871,-0.78183148246802991,0.62348980185873337
Stresemannstraße 38,2025-07-13T09:00:00Z,continuous_test,condition_b,,,,true,false,false,false,0,11,6,0.25881904510252102,-0.9659258262890682,-0.78183148246802991,0.62348980185873337
Stresemannstraße 38,2025-07-13T10:00:00Z,continuous_test,condition_b,,,,true,false,false,false,0,12,6,1.2246467991473532e-16,-1,-0.78183148246802991,0.62348980185873337
Stresemannstraße 38,2025-07-13T11:00:00Z,continuous_test,condition_b,,,,true,false,false,false,0,13,6,-0.25881904510252079,-0.96592582628906831,-0.78183148246802991,0.62348980185873337
Stresemannstraße 38,2025-07-13T12:00:00Z,continuous_test,condition_b,,,,true,false,false,false,0,14,6,-0.49999999999999972,-0.86602540378443882,-0.78183148246802991,0.62348980185873337
Stresemannstraße 38,2025-07-13T13:00:00Z,continuous_test,condition_b,,,,true,false,false,false,0,15,6,-0.70710678118654713,-0.70710678118654791,-0.78183148246802991,0.62348980185873337
Stresemannstraße 38,2025-07-13T14:00:00Z,continuous_test,condition_b,,,,true,false,false,false,0,16,6,-0.86602540378443849,-0.50000000000000044,-0.78183148246802991,0.62348980185873337
Stresemannstraße 38,2025-07-13T15:00:00Z,continuous_test,condition_b,,,,true,false,false,false,0,17,6,-0.96592582628906831,-0.25881904510252063,-0.78183148246802991,0.62348980185873337
Stresemannstraße 38,2025-07-13T16:00:00Z,continuous_test,condition_b,,,,true,false,false,false,0,18,6,-1,-1.8369701987210297e-16,-0.78183148246802991,0.62348980185873337
Stresemannstraße 38,2025-07-13T17:00:00Z,continuous_test,condition_b,,,,true,false,false,false,0,19,6,-0.96592582628906842,0.2588190451025203,-0.78183148246802991,0.62348980185873337
Stresemannstraße 38,2025-07-13T18:00:00Z,continuous_test,condition_b,,,,true,false,false,false,0,20,6,-0.8660254037844386,0.50000000000000011,-0.78183148246802991,0.62348980185873337
Stresemannstraße 38,2025-07-13T19:00:00Z,continuous_test,condition_b,,,,true,false,false,false,0,21,6,-0.70710678118654768,0.70710678118654735,-0.78183148246802991,0.62348980185873337
Stresemannstraße 38,2025-07-13T20:00:00Z,continuous_test,condition_b,,,,true,false,false,false,0,22,6,-0.50000000000000044,0.86602540378443837,-0.78183148246802991,0.62348980185873337
Stresemannstraße 38,2025-07-13T21:00:00Z,continuous_test,condition_b,0,0,0,false,true,true,false,-2.5744096764691076,23,6,-0.25881904510252157,0.96592582628906809,-0.78183148246802991,0.62348980185873337
Stresemannstraße 38,2025-07-13T22:00:00Z,continuous_test,condition_b,2.5,,8.0925000000000011,true,false,true,true,-1.5386493996562334,0,0,0,1,0,1
Stresemannstraße 38,2025-07-13T23:00:00Z,continuous_test,condition_b,5,5,16.185000000000002,false,true,true,false,-0.50288912284335929,1,0,0.25881904510252074,0.96592582628906831,0,1
Stresemannstraße 6,2025-07-08T00:00:00Z,continuous_test,condition_b,2.5,2.5,36.225000000000001,false,true,true,false,-1.4709603858626317,2,1,0.49999999999999994,0.86602540378443871,0.7818314824680298,0.62348980185873359
Stresemannstraße 6,2025-07-08T01:00:00Z,continuous_test,condition_b,1.25,,18.112500000000001,true,false,true,true,-1.9828790994975884,3,1,0.70710678118654757,0.70710678118654757,0.7818314824680298,0.62348980185873359
Stresemannstraße 6,2025-07-08T02:00:00Z,continuous_test,condition_b,0,0,0,false,true,true,false,-2.494797813132545,4,1,0.8660254037844386,0.50000000000000011,0.7818314824680298,0.62348980185873359
Stresemannstraße 6,2025-07-08T03:00:00Z,continuous_test,condition_b,5.666666666666667,,2.5883333333333334,true,false,true,true,-1.7073993829218508,5,1,0.96592582628906831,0.25881904510252074,0.7818314824680298,0.62348980185873359
Stresemannstraße 6,2025-07-08T04:00:00Z,continuous_test,condition_b,11.333333333333334,,5.1766666666666667,true,false,true,true,-0.92000095271115678,6,1,1,6.123233995736766e-17,0.7818314824680298,0.62348980185873359
Stresemannstraße 6,2025-07-08T05:00:00Z,continuous_test,condition_b,17,17,7.7650000000000006,false,true,true,false,-0.1326025225004627,7,1,0.96592582628906831,-0.25881904510252063,0.7818314824680298,0.62348980185873359
Stresemannstraße 6,2025-07-08T06:00:00Z,continuous_test,condition_b,24,24,6.1299999999999999,false,true,true,false,0.13587185552198783,8,1,0.86602540378443871,-0.49999999999999978,0.7818314824680298,0.62348980185873359
Stresemannstraße 6,2025-07-08T07:00:00Z,continuous_test,condition_b,51,51,10.359999999999999,false,true,true,false,0.73440939132975069,9,1,0.70710678118654757,-0.70710678118654746,0.7818314824680298,0.62348980185873359
Stresemannstraße 6,2025-07-08T08:00:00Z,continuous_test,condition_b,58.5,,9.7799999999999994,true,false,true,true,0.83797665707551516,10,1,0.49999999999999994,-0.86602540378443871,0.7818314824680298,0.62348980185873359
Stresemannstraße 6,2025-07-08T09:00:00Z,continuous_test,condition_b,66,66,9.1999999999999993,false,true,true,false,0.94154392282127963,11,1,0.25881904510252102,-0.9659258262890682,0.7818314824680298,0.62348980185873359
Stresemannstraße 6,2025-07-08T10:00:00Z,continuous_test,condition_b,80,80,9.0100000000000016,false,true,true,false,1.0966250098074126,12,1,1.2246467991473532e-16,-1,0.7818314824680298,0.62348980185873359
Stresemannstraße 6,2025-07-08T11:00:00Z,continuous_test,condition_b,112,112,10.380000000000001,false,true,true,false,1.3687236220761829,13,1,-0.25881904510252079,-0.96592582628906831,0.7818314824680298,0.62348980185873359
Stresemannstraße 6,2025-07-08T12:00:00Z,continuous_test,condition_b,98,98,9.9499999999999993,false,true,true,false,1.2606258413591254,14,1,-0.49999999999999972,-0.86602540378443882,0.7818314824680298,0.62348980185873359
Stresemannstraße 6,2025-07-08T13:00:00Z,continuous_test,condition_b,111,111,8.5399999999999991,false,true,true,false,1.3614590099478872,15,1,-0.70710678118654713,-0.70710678118654791,0.7818314824680298,0.62348980185873359
Stresemannstraße 6,2025-07-08T14:00:00Z,continuous_test,condition_b,,,,true,false,false,false,0,16,1,-0.86602540378443849,-0.50000000000000044,0.7818314824680298,0.62348980185873359
Stresemannstraße 6,2025-07-08T15:00:00Z,continuous_test,condition_b,,,,true,false,false,false,0,17,1,-0.96592582628906831,-0.25881904510252063,0.7818314824680298,0.62348980185873359
Stresemannstraße 6,2025-07-08T16:00:00Z,continuous_test,condition_b,,,,true,false,false,false,0,18,1,-1,-1.8369701987210297e-16,0.7818314824680298,0.62348980185873359
Stresemannstraße 6,2025-07-08T17:00:00Z,continuous_test,condition_b,,,,true,false,false,false,0,19,1,-0.96592582628906842,0.2588190451025203,0.7818314824680298,0.62348980185873359
Stresemannstraße 6,2025-07-08T18:00:00Z,continuous_test,condition_b,,,,true,false,false,false,0,20,1,-0.8660254037844386,0.50000000000000011,0.7818314824680298,0.62348980185873359
Stresemannstraße 6,2025-07-08T19:00:00Z,continuous_test,condition_b,,,,true,false,false,false,0,21,1,-0.70710678118654768,0.70710678118654735,0.7818314824680298,0.62348980185873359
Stresemannstraße 6,2025-07-08T20:00:00Z,continuous_test,condition_b,,,,true,false,false,false,0,22,1,-0.50000000000000044,0.86602540378443837,0.7818314824680298,0.62348980185873359
Stresemannstraße 6,2025-07-08T21:00:00Z,continuous_test,condition_b,,,,true,false,false,false,0,23,1,-0.25881904510252157,0.96592582628906809,0.7818314824680298,0.62348980185873359
Stresemannstraße 6,2025-07-08T22:00:00Z,continuous_test,condition_b,,,,true,false,false,false,0,0,2,0,1,0.97492791218182362,-0.22252093395631434
Stresemannstraße 6,2025-07-08T23:00:00Z,continuous_test,condition_b,,,,true,false,false,false,0,1,2,0.25881904510252074,0.96592582628906831,0.97492791218182362,-0.22252093395631434
Stresemannstraße 6,2025-07-09T00:00:00Z,continuous_test,condition_b,,,,true,false,false,false,0,2,2,0.49999999999999994,0.86602540378443871,0.97492791218182362,-0.22252093395631434
Stresemannstraße 6,2025-07-09T01:00:00Z,continuous_test,condition_b,,,,true,false,false,false,0,3,2,0.70710678118654757,0.70710678118654757,0.97492791218182362,-0.22252093395631434
Stresemannstraße 6,2025-07-09T02:00:00Z,continuous_test,condition_b,,,,true,false,false,false,0,4,2,0.8660254037844386,0.50000000000000011,0.97492791218182362,-0.22252093395631434
Stresemannstraße 6,2025-07-09T03:00:00Z,continuous_test,condition_b,,,,true,false,false,false,0,5,2,0.96592582628906831,0.25881904510252074,0.97492791218182362,-0.22252093395631434
Stresemannstraße 6,2025-07-09T04:00:00Z,continuous_test,condition_b,,,,true,false,false,false,0,6,2,1,6.123233995736766e-17,0.97492791218182362,-0.22252093395631434
Stresemannstraße 6,2025-07-09T05:00:00Z,continuous_test,condition_b,,,,true,false,false,false,0,7,2,0.96592582628906831,-0.25881904510252063,0.97492791218182362,-0.22252093395631434
Stresemannstraße 6,2025-07-09T06:00:00Z,continuous_test,condition_b,,,,true,false,false,false,0,8,2,0.86602540378443871,-0.49999999999999978,0.97492791218182362,-0.22252093395631434
Stresemannstraße 6,2025-07-09T07:00:00Z,continuous_test,condition_b,44.5,44.5,6.5600000000000005,false,true,true,false,0.62527906027545632,9,2,0.70710678118654757,-0.70710678118654746,0.97492791218182362,-0.22252093395631434
Stresemannstraße 6,2025-07-09T08:00:00Z,continuous_test,condition_b,73,73,9,false,true,true,false,1.0227574169051241,10,2,0.49999999999999994,-0.86602540378443871,0.97492791218182362,-0.22252093395631434
Stresemannstraße 6,2025-07-09T09:00:00Z,continuous_test,condition_b,76,76,11.449999999999999,false,true,true,false,1.0552357363211644,11,2,0.25881904510252102,-0.9659258262890682,0.97492791218182362,-0.22252093395631434
Stresemannstraße 6,2025-07-09T10:00:00Z,continuous_test,condition_b,51,51,11.83,false,true,true,false,0.73440939132975069,12,2,1.2246467991473532e-16,-1,0.97492791218182362,-0.22252093395631434
Stresemannstraße 6,2025-07-09T11:00:00Z,continuous_test,condition_b,83,83,11.85,false,true,true,false,1.1263469573586689,13,2,-0.25881904510252079,-0.96592582628906831,0.97492791218182362,-0.22252093395631434
Stresemannstraße 6,2025-07-09T12:00:00Z,continuous_test,condition_b,53.5,53.5,11.385,false,true,true,false,0.77278561888912878,14,2,-0.49999999999999972,-0.86602540378443882,0.97492791218182362,-0.22252093395631434
Stresemannstraße 6,2025-07-09T13:00:00Z,continuous_test,condition_b,59.25,,10.6325,true,false,true,true,0.85101981683768424,15,2,-0.70710678118654713,-0.70710678118654791,0.97492791218182362,-0.22252093395631434
Stresemannstraße 6,2025-07-09T14:00:00Z,continuous_test,condition_b,65,65,9.8800000000000008,false,true,true,false,0.9292540147862397,16,2,-0.86602540378443849,-0.50000000000000044,0.97492791218182362,-0.22252093395631434
Stresemannstraße 6,2025-07-09T15:00:00Z,continuous_test,condition_b,79,79,9.6150000000000002,false,true,true,false,1.0864725378431364,17,2,-0.96592582628906831,-0.25881904510252063,0.97492791218182362,-0.22252093395631434
Stresemannstraße 6,2025-07-09T16:00:00Z,continuous_test,condition_b,52.5,52.5,8.2249999999999996,false,true,true,false,0.75765067740513059,18,2,-1,-1.8369701987210297e-16,0.97492791218182362,-0.22252093395631434
Stresemannstraße 6,2025-07-09T17:00:00Z,continuous_test,condition_b,27,27,6.5449999999999999,false,true,true,false,0.2284912516236797,19,2,-0.96592582628906842,0.2588190451025203,0.97492791218182362,-0.22252093395631434
Stresemannstraße 6,2025-07-09T18:00:00Z,continuous_test,condition_b,23,23,7.46,false,true,true,false,0.10250953008875587,20,2,-0.8660254037844386,0.50000000000000011,0.97492791218182362,-0.22252093395631434
Stresemannstraße 6,2025-07-09T19:00:00Z,continuous_test,condition_b,11,11,1.8,false,true,true,false,-0.463974349073348,21,2,-0.70710678118654768,0.70710678118654735,0.97492791218182362,-0.22252093395631434
Stresemannstraße 6,2025-07-09T20:00:00Z,continuous_test,condition_b,4,4,5.9800000000000004,false,true,true,false,-1.1794629788052786,22,2,-0.50000000000000044,0.86602540378443837,0.97492791218182362,-0.22252093395631434
Stresemannstraße 6,2025-07-09T21:00:00Z,continuous_test,condition_b,1,1,0.80000000000000004,false,true,true,false,-1.9283139339704412,23,2,-0.25881904510252157,0.96592582628906809,0.97492791218182362,-0.22252093395631434
Stresemannstraße 6,2025-07-09T22:00:00Z,continuous_test,condition_b,,,,true,false,false,false,0,0,3,0,1,0.43388373911755823,-0.90096886790241903
Stresemannstraße 6,2025-07-09T23:00:00Z,continuous_test,condition_b,,,,true,false,false,false,0,1,3,0.25881904510252074,0.96592582628906831,0.43388373911755823,-0.90096886790241903
Stresemannstraße 6,2025-07-10T00:00:00Z,continuous_test,condition_b,,,,true,false,false,false,0,2,3,0.49999999999999994,0.86602540378443871,0.43388373911755823,-0.90096886790241903
Stresemannstraße 6,2025-07-10T01:00:00Z,continuous_test,condition_b,,,,true,false,false,false,0,3,3,0.70710678118654757,0.70710678118654757,0.43388373911755823,-0.90096886790241903
Stresemannstraße 6,2025-07-10T02:00:00Z,continuous_test,condition_b,,,,true,false,false,false,0,4,3,0.8660254037844386,0.50000000000000011,0.43388373911755823,-0.90096886790241903
Stresemannstraße 6,2025-07-10T03:00:00Z,continuous_test,condition_b,,,,true,false,false,false,0,5,3,0.96592582628906831,0.25881904510252074,0.43388373911755823,-0.90096886790241903
Stresemannstraße 6,2025-07-10T04:00:00Z,continuous_test,condition_b,,,,true,false,false,false,0,6,3,1,6.123233995736766e-17,0.43388373911755823,-0.90096886790241903
Stresemannstraße 6,2025-07-10T05:00:00Z,continuous_test,condition_b,,,,true,false,false,false,0,7,3,0.96592582628906831,-0.25881904510252063,0.43388373911755823,-0.90096886790241903
Stresemannstraße 6,2025-07-10T06:00:00Z,continuous_test,condition_b,,,,true,false,false,false,0,8,3,0.86602540378443871,-0.49999999999999978,0.43388373911755823,-0.90096886790241903
Stresemannstraße 6,2025-07-10T07:00:00Z,continuous_test,condition_b,44,44,11.6,false,true,true,false,0.61624843266469997,9,3,0.70710678118654757,-0.70710678118654746,0.43388373911755823,-0.90096886790241903
Stresemannstraße 6,2025-07-10T08:00:00Z,continuous_test,condition_b,59.5,59.5,9.6999999999999993,false,true,true,false,0.85814279374873514,10,3,0.49999999999999994,-0.86602540378443871,0.43388373911755823,-0.90096886790241903
Stresemannstraße 6,2025-07-10T09:00:00Z,continuous_test,condition_b,97,97,12.92,false,true,true,false,1.2523286788935934,11,3,0.25881904510252102,-0.9659258262890682,0.43388373911755823,-0.90096886790241903
Stresemannstraße 6,2025-07-10T10:00:00Z,continuous_test,condition_b,88.5,88.5,10.77,false,true,true,false,1.1781793001445622,12,3,1.2246467991473532e-16,-1,0.43388373911755823,-0.90096886790241903
Stresemannstraße 6,2025-07-10T11:00:00Z,continuous_test,condition_b,97.5,97.5,10.204999999999998,false,true,true,false,1.2564877895655704,13,3,-0.25881904510252079,-0.96592582628906831,0.43388373911755823,-0.90096886790241903
Stresemannstraße 6,2025-07-10T12:00:00Z,continuous_test,condition_b,68.5,68.5,9.004999999999999,false,true,true,false,0.97148366210819193,14,3,-0.49999999999999972,-0.86602540378443882,0.43388373911755823,-0.90096886790241903
Stresemannstraße 6,2025-07-10T13:00:00Z,continuous_test,condition_b,121,121,10.275,false,true,true,false,1.4313531593037103,15,3,-0.70710678118654713,-0.70710678118654791,0.43388373911755823,-0.90096886790241903
Stresemannstraße 6,2025-07-10T14:00:00Z,continuous_test,condition_b,116.5,116.5,13.119999999999999,false,true,true,false,1.4006381818815412,16,3,-0.86602540378443849,-0.50000000000000044,0.43388373911755823,-0.90096886790241903
Stresemannstraße 6,2025-07-10T15:00:00Z,continuous_test,condition_b,65,65,9.4550000000000001,false,true,true,false,0.9292540147862397,17,3,-0.96592582628906831,-0.25881904510252063,0.43388373911755823,-0.90096886790241903
Stresemannstraße 6,2025-07-10T16:00:00Z,continuous_test,condition_b,60,60,7.4699999999999998,false,true,true,false,0.86486928014160647,18,3,-1,-1.8369701987210297e-16,0.43388373911755823,-0.90096886790241903
Stresemannstraße 6,2025-07-10T17:00:00Z,continuous_test,condition_b,44,44,6.9100000000000001,false,true,true,false,0.61624843266469997,19,3,-0.96592582628906842,0.2588190451025203,0.43388373911755823,-0.90096886790241903
Stresemannstraße 6,2025-07-10T18:00:00Z,continuous_test,condition_b,23,23,7.96,false,true,true,false,0.10250953008875587,20,3,-0.8660254037844386,0.50000000000000011,0.43388373911755823,-0.90096886790241903
Stresemannstraße 6,2025-07-10T19:00:00Z,continuous_test,condition_b,18,18,3.5699999999999998,false,true,true,false,-0.08841535691759296,21,3,-0.70710678118654768,0.70710678118654735,0.43388373911755823,-0.90096886790241903
Stresemannstraße 6,2025-07-10T20:00:00Z,continuous_test,condition_b,12,12,5.415,false,true,true,false,-0.39855836699445707,22,3,-0.50000000000000044,0.86602540378443837,0.43388373911755823,-0.90096886790241903
Stresemannstraße 6,2025-07-10T21:00:00Z,continuous_test,condition_b,3,3,1.6200000000000001,false,true,true,false,-1.3618300548083375,23,3,-0.25881904510252157,0.96592582628906809,0.43388373911755823,-0.90096886790241903
Stresemannstraße 6,2025-07-10T22:00:00Z,continuous_test,condition_b,9,9,19.91,false,true,true,false,-0.61297909964317454,0,4,0,1,-0.43388373911755801,-0.90096886790241915
Stresemannstraße 6,2025-07-10T23:00:00Z,continuous_test,condition_b,3,3,23.850000000000001,false,true,true,false,-1.3618300548083375,1,4,0.25881904510252074,0.96592582628906831,-0.43388373911755801,-0.90096886790241915
Stresemannstraße 6,2025-07-11T00:00:00Z,continuous_test,condition_b,1,1,11.949999999999999,false,true,true,false,-1.9283139339704412,2,4,0.49999999999999994,0.86602540378443871,-0.43388373911755801,-0.90096886790241915
Stresemannstraße 6,2025-07-11T01:00:00Z,continuous_test,condition_b,0.5,0.5,21.760000000000002,false,true,true,false,-2.1634259865596595,3,4,0.70710678118654757,0.70710678118654757,-0.43388373911755801,-0.90096886790241915
Stresemannstraße 6,2025-07-11T02:00:00Z,continuous_test,condition_b,2,2,18.219999999999999,false,true,true,false,-1.5969421073975556,4,4,0.8660254037844386,0.50000000000000011,-0.43388373911755801,-0.90096886790241915
Stresemannstraße 6,2025-07-11T03:00:00Z,continuous_test,condition_b,3,3,0.68999999999999995,false,true,true,false,-1.3618300548083375,5,4,0.96592582628906831,0.25881904510252074,-0.43388373911755801,-0.90096886790241915
Stresemannstraße 6,2025-07-11T04:00:00Z,continuous_test,condition_b,10,10,6.585,false,true,true,false,-0.535085570110853,6,4,1,6.123233995736766e-17,-0.43388373911755801,-0.90096886790241915
Stresemannstraße 6,2025-07-11T05:00:00Z,continuous_test,condition_b,15.5,15.5,3.2149999999999999,false,true,true,false,-0.20371374353796767,7,4,0.96592582628906831,-0.25881904510252063,-0.43388373911755801,-0.90096886790241915
Stresemannstraße 6,2025-07-11T06:00:00Z,continuous_test,condition_b,43,43,5.3399999999999999,false,true,true,false,0.59788218821335437,8,4,0.86602540378443871,-0.49999999999999978,-0.43388373911755801,-0.90096886790241915
Stresemannstraße 6,2025-07-11T07:00:00Z,continuous_test,condition_b,,,,true,false,false,false,0,9,4,0.70710678118654757,-0.70710678118654746,-0.43388373911755801,-0.90096886790241915
Stresemannstraße 6,2025-07-11T08:00:00Z,continuous_test,condition_b,,,,true,false,false,false,0,10,4,0.49999999999999994,-0.86602540378443871,-0.43388373911755801,-0.90096886790241915
Stresemannstraße 6,2025-07-11T09:00:00Z,continuous_test,condition_b,,,,true,false,false,false,0,11,4,0.25881904510252102,-0.9659258262890682,-0.43388373911755801,-0.90096886790241915
Stresemannstraße 6,2025-07-11T10:00:00Z,continuous_test,condition_b,,,,true,false,false,false,0,12,4,1.2246467991473532e-16,-1,-0.43388373911755801,-0.90096886790241915
Stresemannstraße 6,2025-07-11T11:00:00Z,continuous_test,condition_b,,,,true,false,false,false,0,13,4,-0.25881904510252079,-0.96592582628906831,-0.43388373911755801,-0.90096886790241915
Stresemannstraße 6,2025-07-11T12:00:00Z,continuous_test,condition_b,,,,true,false,false,false,0,14,4,-0.49999999999999972,-0.86602540378443882,-0.43388373911755801,-0.90096886790241915
Stresemannstraße 6,2025-07-11T13:00:00Z,continuous_test,condition_b,,,,true,false,false,false,0,15,4,-0.70710678118654713,-0.70710678118654791,-0.43388373911755801,-0.90096886790241915
Stresemannstraße 6,2025-07-11T14:00:00Z,continuous_test,condition_b,,,,true,false,false,false,0,16,4,-0.86602540378443849,-0.50000000000000044,-0.43388373911755801,-0.90096886790241915
Stresemannstraße 6,2025-07-11T15:00:00Z,continuous_test,condition_b,,,,true,false,false,false,0,17,4,-0.96592582628906831,-0.25881904510252063,-0.43388373911755801,-0.90096886790241915
Stresemannstraße 6,2025-07-11T16:00:00Z,continuous_test,condition_b,,,,true,false,false,false,0,18,4,-1,-1.8369701987210297e-16,-0.43388373911755801,-0.90096886790241915
Stresemannstraße 6,2025-07-11T17:00:00Z,continuous_test,condition_b,47,47,8.1699999999999999,false,true,true,false,0.66899340925085971,19,4,-0.96592582628906842,0.2588190451025203,-0.43388373911755801,-0.90096886790241915
Stresemannstraße 6,2025-07-11T18:00:00Z,continuous_test,condition_b,35.5,,9.0199999999999996,true,false,true,true,0.40243263238642379,20,4,-0.8660254037844386,0.50000000000000011,-0.43388373911755801,-0.90096886790241915
Stresemannstraße 6,2025-07-11T19:00:00Z,continuous_test,condition_b,24,24,9.8699999999999992,false,true,true,false,0.13587185552198783,21,4,-0.70710678118654768,0.70710678118654735,-0.43388373911755801,-0.90096886790241915
Stresemannstraße 6,2025-07-11T20:00:00Z,continuous_test,condition_b,22,22,2.8399999999999999,false,true,true,false,0.067727111364745823,22,4,-0.50000000000000044,0.86602540378443837,-0.43388373911755801,-0.90096886790241915
Stresemannstraße 6,2025-07-11T21:00:00Z,continuous_test,condition_b,19,,2.8650000000000002,true,false,true,true,-0.055794447762676155,23,4,-0.25881904510252157,0.96592582628906809,-0.43388373911755801,-0.90096886790241915
Stresemannstraße 6,2025-07-11T22:00:00Z,continuous_test,condition_b,16,16,2.8900000000000001,false,true,true,false,-0.17931600689009813,0,5,0,1,-0.97492791218182362,-0.22252093395631459
Stresemannstraße 6,2025-07-11T23:00:00Z,continuous_test,condition_b,,,,true,false,false,false,0,1,5,0.25881904510252074,0.96592582628906831,-0.97492791218182362,-0.22252093395631459
Stresemannstraße 6,2025-07-12T00:00:00Z,continuous_test,condition_b,,,,true,false,false,false,0,2,5,0.49999999999999994,0.86602540378443871,-0.97492791218182362,-0.22252093395631459
Stresemannstraße 6,2025-07-12T01:00:00Z,continuous_test,condition_b,,,,true,false,false,false,0,3,5,0.70710678118654757,0.70710678118654757,-0.97492791218182362,-0.22252093395631459
Stresemannstraße 6,2025-07-12T02:00:00Z,continuous_test,condition_b,,,,true,false,false,false,0,4,5,0.8660254037844386,0.50000000000000011,-0.97492791218182362,-0.22252093395631459
Stresemannstraße 6,2025-07-12T03:00:00Z,continuous_test,condition_b,,,,true,false,false,false,0,5,5,0.96592582628906831,0.25881904510252074,-0.97492791218182362,-0.22252093395631459
Stresemannstraße 6,2025-07-12T04:00:00Z,continuous_test,condition_b,,,,true,false,false,false,0,6,5,1,6.123233995736766e-17,-0.97492791218182362,-0.22252093395631459
Stresemannstraße 6,2025-07-12T05:00:00Z,continuous_test,condition_b,,,,true,false,false,false,0,7,5,0.96592582628906831,-0.25881904510252063,-0.97492791218182362,-0.22252093395631459
Stresemannstraße 6,2025-07-12T06:00:00Z,continuous_test,condition_b,25,25,5.6399999999999997,false,true,true,false,0.16792551216764684,8,5,0.86602540378443871,-0.49999999999999978,-0.97492791218182362,-0.22252093395631459
Stresemannstraße 6,2025-07-12T07:00:00Z,continuous_test,condition_b,48,48,11.210000000000001,false,true,true,false,0.68584479973148926,9,5,0.70710678118654757,-0.70710678118654746,-0.97492791218182362,-0.22252093395631459
Stresemannstraße 6,2025-07-12T08:00:00Z,continuous_test,condition_b,69.333333333333329,,11.803333333333336,true,false,true,true,0.91347107384638715,10,5,0.49999999999999994,-0.86602540378443871,-0.97492791218182362,-0.22252093395631459
Stresemannstraße 6,2025-07-12T09:00:00Z,continuous_test,condition_b,90.666666666666657,,12.396666666666668,true,false,true,true,1.1410973479612849,11,5,0.25881904510252102,-0.9659258262890682,-0.97492791218182362,-0.22252093395631459
Stresemannstraße 6,2025-07-12T10:00:00Z,continuous_test,condition_b,112,112,12.99,false,true,true,false,1.3687236220761829,12,5,1.2246467991473532e-16,-1,-0.97492791218182362,-0.22252093395631459
Stresemannstraße 6,2025-07-12T11:00:00Z,continuous_test,condition_b,169,169,10.494999999999999,false,true,true,false,1.7025027065992724,13,5,-0.25881904510252079,-0.96592582628906831,-0.97492791218182362,-0.22252093395631459
Stresemannstraße 6,2025-07-12T12:00:00Z,continuous_test,condition_b,112.5,112.5,12.81,false,true,true,false,1.3723318552362045,14,5,-0.49999999999999972,-0.86602540378443882,-0.97492791218182362,-0.22252093395631459
Stresemannstraße 6,2025-07-12T13:00:00Z,continuous_test,condition_b,107,107,13.195,false,true,true,false,1.3317370623966307,15,5,-0.70710678118654713,-0.70710678118654791,-0.97492791218182362,-0.22252093395631459
Stresemannstraße 6,2025-07-12T14:00:00Z,continuous_test,condition_b,116.5,116.5,9.0150000000000006,false,true,true,false,1.4006381818815412,16,5,-0.86602540378443849,-0.50000000000000044,-0.97492791218182362,-0.22252093395631459
Stresemannstraße 6,2025-07-12T15:00:00Z,continuous_test,condition_b,88,88,9.1099999999999994,false,true,true,false,1.1736007812610196,17,5,-0.96592582628906831,-0.25881904510252063,-0.97492791218182362,-0.22252093395631459
Stresemannstraße 6,2025-07-12T16:00:00Z,continuous_test,condition_b,54.5,54.5,10.645,false,true,true,false,0.78764536431590526,18,5,-1,-1.8369701987210297e-16,-0.97492791218182362,-0.22252093395631459
Stresemannstraße 6,2025-07-12T17:00:00Z,continuous_test,condition_b,44,44,5.8300000000000001,false,true,true,false,0.61624843266469997,19,5,-0.96592582628906842,0.2588190451025203,-0.97492791218182362,-0.22252093395631459
Stresemannstraße 6,2025-07-12T18:00:00Z,continuous_test,condition_b,15.5,15.5,10.215,false,true,true,false,-0.20371374353796767,20,5,-0.8660254037844386,0.50000000000000011,-0.97492791218182362,-0.22252093395631459
Stresemannstraße 6,2025-07-12T19:00:00Z,continuous_test,condition_b,10,10,1.6100000000000001,false,true,true,false,-0.535085570110853,21,5,-0.70710678118654768,0.70710678118654735,-0.97492791218182362,-0.22252093395631459
Stresemannstraße 6,2025-07-12T20:00:00Z,continuous_test,condition_b,2.5,2.5,1.74,false,true,true,false,-1.4709603858626317,22,5,-0.50000000000000044,0.86602540378443837,-0.97492791218182362,-0.22252093395631459
Stresemannstraße 6,2025-07-12T21:00:00Z,continuous_test,condition_b,1.5,1.5,6.125,false,true,true,false,-1.7459468579673822,23,5,-0.25881904510252157,0.96592582628906809,-0.97492791218182362,-0.22252093395631459
Stresemannstraße 6,2025-07-12T22:00:00Z,continuous_test,condition_b,11,11,13.4,false,true,true,false,-0.463974349073348,0,6,0,1,-0.78183148246802991,0.62348980185873337
Stresemannstraße 6,2025-07-12T23:00:00Z,continuous_test,condition_b,1,1,45.659999999999997,false,true,true,false,-1.9283139339704412,1,6,0.25881904510252074,0.96592582628906831,-0.78183148246802991,0.62348980185873337
Stresemannstraße 6,2025-07-13T00:00:00Z,continuous_test,condition_b,3,3,49.979999999999997,false,true,true,false,-1.3618300548083375,2,6,0.49999999999999994,0.86602540378443871,-0.78183148246802991,0.62348980185873337
Stresemannstraße 6,2025-07-13T01:00:00Z,continuous_test,condition_b,1.5,,24.989999999999998,true,false,true,true,-1.9283139339704412,3,6,0.70710678118654757,0.70710678118654757,-0.78183148246802991,0.62348980185873337
Stresemannstraße 6,2025-07-13T02:00:00Z,continuous_test,condition_b,0,0,0,false,true,true,false,-2.494797813132545,4,6,0.8660254037844386,0.50000000000000011,-0.78183148246802991,0.62348980185873337
Stresemannstraße 6,2025-07-13T03:00:00Z,continuous_test,condition_b,4,4,1.25,false,true,true,false,-1.1794629788052786,5,6,0.96592582628906831,0.25881904510252074,-0.78183148246802991,0.62348980185873337
Stresemannstraße 6,2025-07-13T04:00:00Z,continuous_test,condition_b,,,,true,false,false,false,0,6,6,1,6.123233995736766e-17,-0.78183148246802991,0.62348980185873337
Stresemannstraße 6,2025-07-13T05:00:00Z,continuous_test,condition_b,,,,true,false,false,false,0,7,6,0.96592582628906831,-0.25881904510252063,-0.78183148246802991,0.62348980185873337
Stresemannstraße 6,2025-07-13T06:00:00Z,continuous_test,condition_b,,,,true,false,false,false,0,8,6,0.86602540378443871,-0.49999999999999978,-0.78183148246802991,0.62348980185873337
Stresemannstraße 6,2025-07-13T07:00:00Z,continuous_test,condition_b,,,,true,false,false,false,0,9,6,0.70710678118654757,-0.70710678118654746,-0.78183148246802991,0.62348980185873337
Stresemannstraße 6,2025-07-13T08:00:00Z,continuous_test,condition_b,,,,true,false,false,false,0,10,6,0.49999999999999994,-0.86602540378443871,-0.78183148246802991,0.62348980185873337
Stresemannstraße 6,2025-07-13T09:00:00Z,continuous_test,condition_b,,,,true,false,false,false,0,11,6,0.25881904510252102,-0.9659258262890682,-0.78183148246802991,0.62348980185873337
Stresemannstraße 6,2025-07-13T10:00:00Z,continuous_test,condition_b,,,,true,false,false,false,0,12,6,1.2246467991473532e-16,-1,-0.78183148246802991,0.62348980185873337
Stresemannstraße 6,2025-07-13T11:00:00Z,continuous_test,condition_b,,,,true,false,false,false,0,13,6,-0.25881904510252079,-0.96592582628906831,-0.78183148246802991,0.62348980185873337
Stresemannstraße 6,2025-07-13T12:00:00Z,continuous_test,condition_b,,,,true,false,false,false,0,14,6,-0.49999999999999972,-0.86602540378443882,-0.78183148246802991,0.62348980185873337
Stresemannstraße 6,2025-07-13T13:00:00Z,continuous_test,condition_b,,,,true,false,false,false,0,15,6,-0.70710678118654713,-0.70710678118654791,-0.78183148246802991,0.62348980185873337
Stresemannstraße 6,2025-07-13T14:00:00Z,continuous_test,condition_b,,,,true,false,false,false,0,16,6,-0.86602540378443849,-0.50000000000000044,-0.78183148246802991,0.62348980185873337
Stresemannstraße 6,2025-07-13T15:00:00Z,continuous_test,condition_b,,,,true,false,false,false,0,17,6,-0.96592582628906831,-0.25881904510252063,-0.78183148246802991,0.62348980185873337
Stresemannstraße 6,2025-07-13T16:00:00Z,continuous_test,condition_b,,,,true,false,false,false,0,18,6,-1,-1.8369701987210297e-16,-0.78183148246802991,0.62348980185873337
Stresemannstraße 6,2025-07-13T17:00:00Z,continuous_test,condition_b,,,,true,false,false,false,0,19,6,-0.96592582628906842,0.2588190451025203,-0.78183148246802991,0.62348980185873337
Stresemannstraße 6,2025-07-13T18:00:00Z,continuous_test,condition_b,,,,true,false,false,false,0,20,6,-0.8660254037844386,0.50000000000000011,-0.78183148246802991,0.62348980185873337
Stresemannstraße 6,2025-07-13T19:00:00Z,continuous_test,condition_b,,,,true,false,false,false,0,21,6,-0.70710678118654768,0.70710678118654735,-0.78183148246802991,0.62348980185873337
Stresemannstraße 6,2025-07-13T20:00:00Z,continuous_test,condition_b,,,,true,false,false,false,0,22,6,-0.50000000000000044,0.86602540378443837,-0.78183148246802991,0.62348980185873337
Stresemannstraße 6,2025-07-13T21:00:00Z,continuous_test,condition_b,0.5,0.5,0.035000000000000003,false,true,true,false,-2.1634259865596595,23,6,-0.25881904510252157,0.96592582628906809,-0.78183148246802991,0.62348980185873337
Stresemannstraße 6,2025-07-13T22:00:00Z,continuous_test,condition_b,3.25,,9.1225000000000005,true,false,true,true,-1.5339512466300937,0,0,0,1,0,1
Stresemannstraße 6,2025-07-13T23:00:00Z,continuous_test,condition_b,6,6,18.210000000000001,false,true,true,false,-0.90447650670052793,1,0,0.25881904510252074,0.96592582628906831,0,1
Trafohaus Zanderstraße,2025-07-08T00:00:00Z,continuous_test,condition_b,2,2,8.25,false,true,true,false,-1.6977429013967427,2,1,0.49999999999999994,0.86602540378443871,0.7818314824680298,0.62348980185873359
Trafohaus Zanderstraße,2025-07-08T01:00:00Z,continuous_test,condition_b,1,1,0.02,false,true,true,false,-2.0252999164841849,3,1,0.70710678118654757,0.70710678118654757,0.7818314824680298,0.62348980185873359
Trafohaus Zanderstraße,2025-07-08T02:00:00Z,continuous_test,condition_b,2,2,1.6200000000000001,false,true,true,false,-1.6977429013967427,4,1,0.8660254037844386,0.50000000000000011,0.7818314824680298,0.62348980185873359
Trafohaus Zanderstraße,2025-07-08T03:00:00Z,continuous_test,condition_b,8,8,3.8199999999999998,false,true,true,false,-0.81022347045593957,5,1,0.96592582628906831,0.25881904510252074,0.7818314824680298,0.62348980185873359
Trafohaus Zanderstraße,2025-07-08T04:00:00Z,continuous_test,condition_b,17.75,,5.6299999999999999,true,false,true,true,-0.34462451745410622,6,1,1,6.123233995736766e-17,0.7818314824680298,0.62348980185873359
Trafohaus Zanderstraße,2025-07-08T05:00:00Z,continuous_test,condition_b,27.5,27.5,7.4399999999999986,false,true,true,false,0.12097443554772715,7,1,0.96592582628906831,-0.25881904510252063,0.7818314824680298,0.62348980185873359
Trafohaus Zanderstraße,2025-07-08T06:00:00Z,continuous_test,condition_b,23,23,8.0299999999999994,false,true,true,false,-0.017855653836659564,8,1,0.86602540378443871,-0.49999999999999978,0.7818314824680298,0.62348980185873359
Trafohaus Zanderstraße,2025-07-08T07:00:00Z,continuous_test,condition_b,45.5,45.5,6.9249999999999998,false,true,true,false,0.51645841732593845,9,1,0.70710678118654757,-0.70710678118654746,0.7818314824680298,0.62348980185873359
Trafohaus Zanderstraße,2025-07-08T08:00:00Z,continuous_test,condition_b,42.75,,8.3375000000000004,true,false,true,true,0.46561192427717607,10,1,0.49999999999999994,-0.86602540378443871,0.7818314824680298,0.62348980185873359
Trafohaus Zanderstraße,2025-07-08T09:00:00Z,continuous_test,condition_b,40,40,9.75,false,true,true,false,0.41476543122841369,11,1,0.25881904510252102,-0.9659258262890682,0.7818314824680298,0.62348980185873359
Trafohaus Zanderstraße,2025-07-08T10:00:00Z,continuous_test,condition_b,45,45,8.2599999999999998,false,true,true,false,0.50772476469185557,12,1,1.2246467991473532e-16,-1,0.7818314824680298,0.62348980185873359
Trafohaus Zanderstraße,2025-07-08T11:00:00Z,continuous_test,condition_b,34.5,34.5,9.8100000000000005,false,true,true,false,0.29840250573418303,13,1,-0.25881904510252079,-0.96592582628906831,0.7818314824680298,0.62348980185873359
Trafohaus Zanderstraße,2025-07-08T12:00:00Z,continuous_test,condition_b,47,47,11.380000000000001,false,true,true,false,0.5421067620167016,14,1,-0.49999999999999972,-0.86602540378443882,0.7818314824680298,0.62348980185873359
Trafohaus Zanderstraße,2025-07-08T13:00:00Z,continuous_test,condition_b,59,59,8.2400000000000002,false,true,true,false,0.72237439576089868,15,1,-0.70710678118654713,-0.70710678118654791,0.7818314824680298,0.62348980185873359
Trafohaus Zanderstraße,2025-07-08T14:00:00Z,continuous_test,condition_b,,,,true,false,false,false,0,16,1,-0.86602540378443849,-0.50000000000000044,0.7818314824680298,0.62348980185873359
Trafohaus Zanderstraße,2025-07-08T15:00:00Z,continuous_test,condition_b,,,,true,false,false,false,0,17,1,-0.96592582628906831,-0.25881904510252063,0.7818314824680298,0.62348980185873359
Trafohaus Zanderstraße,2025-07-08T16:00:00Z,continuous_test,condition_b,,,,true,false,false,false,0,18,1,-1,-1.8369701987210297e-16,0.7818314824680298,0.62348980185873359
Trafohaus Zanderstraße,2025-07-08T17:00:00Z,continuous_test,condition_b,,,,true,false,false,false,0,19,1,-0.96592582628906842,0.2588190451025203,0.7818314824680298,0.62348980185873359
Trafohaus Zanderstraße,2025-07-08T18:00:00Z,continuous_test,condition_b,,,,true,false,false,false,0,20,1,-0.8660254037844386,0.50000000000000011,0.7818314824680298,0.62348980185873359
Trafohaus Zanderstraße,2025-07-08T19:00:00Z,continuous_test,condition_b,,,,true,false,false,false,0,21,1,-0.70710678118654768,0.70710678118654735,0.7818314824680298,0.62348980185873359
Trafohaus Zanderstraße,2025-07-08T20:00:00Z,continuous_test,condition_b,,,,true,false,false,false,0,22,1,-0.50000000000000044,0.86602540378443837,0.7818314824680298,0.62348980185873359
Trafohaus Zanderstraße,2025-07-08T21:00:00Z,continuous_test,condition_b,,,,true,false,false,false,0,23,1,-0.25881904510252157,0.96592582628906809,0.7818314824680298,0.62348980185873359
Trafohaus Zanderstraße,2025-07-08T22:00:00Z,continuous_test,condition_b,,,,true,false,false,false,0,0,2,0,1,0.97492791218182362,-0.22252093395631434
Trafohaus Zanderstraße,2025-07-08T23:00:00Z,continuous_test,condition_b,,,,true,false,false,false,0,1,2,0.25881904510252074,0.96592582628906831,0.97492791218182362,-0.22252093395631434
Trafohaus Zanderstraße,2025-07-09T00:00:00Z,continuous_test,condition_b,,,,true,false,false,false,0,2,2,0.49999999999999994,0.86602540378443871,0.97492791218182362,-0.22252093395631434
Trafohaus Zanderstraße,2025-07-09T01:00:00Z,continuous_test,condition_b,,,,true,false,false,false,0,3,2,0.70710678118654757,0.70710678118654757,0.97492791218182362,-0.22252093395631434
Trafohaus Zanderstraße,2025-07-09T02:00:00Z,continuous_test,condition_b,,,,true,false,false,false,0,4,2,0.8660254037844386,0.50000000000000011,0.97492791218182362,-0.22252093395631434
Trafohaus Zanderstraße,2025-07-09T03:00:00Z,continuous_test,condition_b,,,,true,false,false,false,0,5,2,0.96592582628906831,0.25881904510252074,0.97492791218182362,-0.22252093395631434
Trafohaus Zanderstraße,2025-07-09T04:00:00Z,continuous_test,condition_b,,,,true,false,false,false,0,6,2,1,6.123233995736766e-17,0.97492791218182362,-0.22252093395631434
Trafohaus Zanderstraße,2025-07-09T05:00:00Z,continuous_test,condition_b,,,,true,false,false,false,0,7,2,0.96592582628906831,-0.25881904510252063,0.97492791218182362,-0.22252093395631434
Trafohaus Zanderstraße,2025-07-09T06:00:00Z,continuous_test,condition_b,,,,true,false,false,false,0,8,2,0.86602540378443871,-0.49999999999999978,0.97492791218182362,-0.22252093395631434
Trafohaus Zanderstraße,2025-07-09T07:00:00Z,continuous_test,condition_b,36,36,5.0549999999999997,false,true,true,false,0.33183575955546329,9,2,0.70710678118654757,-0.70710678118654746,0.97492791218182362,-0.22252093395631434
Trafohaus Zanderstraße,2025-07-09T08:00:00Z,continuous_test,condition_b,48,48,7.0999999999999996,false,true,true,false,0.55876415628885423,10,2,0.49999999999999994,-0.86602540378443871,0.97492791218182362,-0.22252093395631434
Trafohaus Zanderstraße,2025-07-09T09:00:00Z,continuous_test,condition_b,46,46,8.9299999999999997,false,true,true,false,0.52509866012001039,11,2,0.25881904510252102,-0.9659258262890682,0.97492791218182362,-0.22252093395631434
Trafohaus Zanderstraße,2025-07-09T10:00:00Z,continuous_test,condition_b,44,44,6.75,false,true,true,false,0.48996899499497981,12,2,1.2246467991473532e-16,-1,0.97492791218182362,-0.22252093395631434
Trafohaus Zanderstraße,2025-07-09T11:00:00Z,continuous_test,condition_b,30,30,7.3200000000000003,false,true,true,false,0.1889014022384965,13,2,-0.25881904510252079,-0.96592582628906831,0.97492791218182362,-0.22252093395631434
Trafohaus Zanderstraße,2025-07-09T12:00:00Z,continuous_test,condition_b,57,57,12.805,false,true,true,false,0.69498685771716529,14,2,-0.49999999999999972,-0.86602540378443882,0.97492791218182362,-0.22252093395631434
Trafohaus Zanderstraße,2025-07-09T13:00:00Z,continuous_test,condition_b,63,,10.842499999999999,true,false,true,true,0.77094632549855024,15,2,-0.70710678118654713,-0.70710678118654791,0.97492791218182362,-0.22252093395631434
Trafohaus Zanderstraße,2025-07-09T14:00:00Z,continuous_test,condition_b,69,69,8.8800000000000008,false,true,true,false,0.8469057932799352,16,2,-0.86602540378443849,-0.50000000000000044,0.97492791218182362,-0.22252093395631434
Trafohaus Zanderstraße,2025-07-09T15:00:00Z,continuous_test,condition_b,53,53,6.9100000000000001,false,true,true,false,0.63725837633822469,17,2,-0.96592582628906831,-0.25881904510252063,0.97492791218182362,-0.22252093395631434
Trafohaus Zanderstraße,2025-07-09T16:00:00Z,continuous_test,condition_b,29.5,29.5,10.645,false,true,true,false,0.17576525914253729,18,2,-1,-1.8369701987210297e-16,0.97492791218182362,-0.22252093395631434
Trafohaus Zanderstraße,2025-07-09T17:00:00Z,continuous_test,condition_b,26,26,8.6699999999999999,false,true,true,false,0.077295960484863466,19,2,-0.96592582628906842,0.2588190451025203,0.97492791218182362,-0.22252093395631434
Trafohaus Zanderstraße,2025-07-09T18:00:00Z,continuous_test,condition_b,22.5,22.5,20.574999999999999,false,true,true,false,-0.034863755733350432,20,2,-0.8660254037844386,0.50000000000000011,0.97492791218182362,-0.22252093395631434
Trafohaus Zanderstraße,2025-07-09T19:00:00Z,continuous_test,condition_b,15,15,8.0199999999999996,false,true,true,false,-0.34541266892410183,21,2,-0.70710678118654768,0.70710678118654735,0.97492791218182362,-0.22252093395631434
Trafohaus Zanderstraße,2025-07-09T20:00:00Z,continuous_test,condition_b,6.5,6.5,2.7050000000000001,false,true,true,false,-0.95751285179918444,22,2,-0.50000000000000044,0.86602540378443837,0.97492791218182362,-0.22252093395631434
Trafohaus Zanderstraße,2025-07-09T21:00:00Z,continuous_test,condition_b,1,1,0.94999999999999996,false,true,true,false,-2.0252999164841849,23,2,-0.25881904510252157,0.96592582628906809,0.97492791218182362,-0.22252093395631434
Trafohaus Zanderstraße,2025-07-09T22:00:00Z,continuous_test,condition_b,,,,true,false,false,false,0,0,3,0,1,0.43388373911755823,-0.90096886790241903
Trafohaus Zanderstraße,2025-07-09T23:00:00Z,continuous_test,condition_b,,,,true,false,false,false,0,1,3,0.25881904510252074,0.96592582628906831,0.43388373911755823,-0.90096886790241903
Trafohaus Zanderstraße,2025-07-10T00:00:00Z,continuous_test,condition_b,,,,true,false,false,false,0,2,3,0.49999999999999994,0.86602540378443871,0.43388373911755823,-0.90096886790241903
Trafohaus Zanderstraße,2025-07-10T01:00:00Z,continuous_test,condition_b,,,,true,false,false,false,0,3,3,0.70710678118654757,0.70710678118654757,0.43388373911755823,-0.90096886790241903
Trafohaus Zanderstraße,2025-07-10T02:00:00Z,continuous_test,condition_b,,,,true,false,false,false,0,4,3,0.8660254037844386,0.50000000000000011,0.43388373911755823,-0.90096886790241903
Trafohaus Zanderstraße,2025-07-10T03:00:00Z,continuous_test,condition_b,,,,true,false,false,false,0,5,3,0.96592582628906831,0.25881904510252074,0.43388373911755823,-0.90096886790241903
Trafohaus Zanderstraße,2025-07-10T04:00:00Z,continuous_test,condition_b,,,,true,false,false,false,0,6,3,1,6.123233995736766e-17,0.43388373911755823,-0.90096886790241903
Trafohaus Zanderstraße,2025-07-10T05:00:00Z,continuous_test,condition_b,,,,true,false,false,false,0,7,3,0.96592582628906831,-0.25881904510252063,0.43388373911755823,-0.90096886790241903
Trafohaus Zanderstraße,2025-07-10T06:00:00Z,continuous_test,condition_b,,,,true,false,false,false,0,8,3,0.86602540378443871,-0.49999999999999978,0.43388373911755823,-0.90096886790241903
Trafohaus Zanderstraße,2025-07-10T07:00:00Z,continuous_test,condition_b,40,40,8.2300000000000004,false,true,true,false,0.41476543122841369,9,3,0.70710678118654757,-0.70710678118654746,0.43388373911755823,-0.90096886790241903
Trafohaus Zanderstraße,2025-07-10T08:00:00Z,continuous_test,condition_b,42.5,42.5,8.0150000000000006,false,true,true,false,0.46258145695124636,10,3,0.49999999999999994,-0.86602540378443871,0.43388373911755823,-0.90096886790241903
Trafohaus Zanderstraße,2025-07-10T09:00:00Z,continuous_test,condition_b,53.5,53.5,6.5950000000000006,false,true,true,false,0.64470409725203004,11,3,0.25881904510252102,-0.9659258262890682,0.43388373911755823,-0.90096886790241903
Trafohaus Zanderstraße,2025-07-10T10:00:00Z,continuous_test,condition_b,54.5,54.5,7.5999999999999996,false,true,true,false,0.65939277464290524,12,3,1.2246467991473532e-16,-1,0.43388373911755823,-0.90096886790241903
Trafohaus Zanderstraße,2025-07-10T11:00:00Z,continuous_test,condition_b,50.5,50.5,10.85,false,true,true,false,0.59896424061538023,13,3,-0.25881904510252079,-0.96592582628906831,0.43388373911755823,-0.90096886790241903
Trafohaus Zanderstraße,2025-07-10T12:00:00Z,continuous_test,condition_b,52,52,6.3100000000000005,false,true,true,false,0.62215784321554524,14,3,-0.49999999999999972,-0.86602540378443882,0.43388373911755823,-0.90096886790241903
Trafohaus Zanderstraße,2025-07-10T13:00:00Z,continuous_test,condition_b,90.5,90.5,9.0250000000000004,false,true,true,false,1.0632846900833408,15,3,-0.70710678118654713,-0.70710678118654791,0.43388373911755823,-0.90096886790241903
Trafohaus Zanderstraße,2025-07-10T14:00:00Z,continuous_test,condition_b,42,42,14.955,false,true,true,false,0.45324198876538641,16,3,-0.86602540378443849,-0.50000000000000044,0.43388373911755823,-0.90096886790241903
Trafohaus Zanderstraße,2025-07-10T15:00:00Z,continuous_test,condition_b,77,77,7.1100000000000003,false,true,true,false,0.93432667874663466,17,3,-0.96592582628906831,-0.25881904510252063,0.43388373911755823,-0.90096886790241903
Trafohaus Zanderstraße,2025-07-10T16:00:00Z,continuous_test,condition_b,46,46,11.875,false,true,true,false,0.52509866012001039,18,3,-1,-1.8369701987210297e-16,0.43388373911755823,-0.90096886790241903
Trafohaus Zanderstraße,2025-07-10T17:00:00Z,continuous_test,condition_b,54,54,7,false,true,true,false,0.65208181976501811,19,3,-0.96592582628906842,0.2588190451025203,0.43388373911755823,-0.90096886790241903
Trafohaus Zanderstraße,2025-07-10T18:00:00Z,continuous_test,condition_b,22,22,9.7300000000000004,false,true,true,false,-0.052237651161505569,20,3,-0.8660254037844386,0.50000000000000011,0.43388373911755823,-0.90096886790241903
Trafohaus Zanderstraße,2025-07-10T19:00:00Z,continuous_test,condition_b,20,20,12.579999999999998,false,true,true,false,-0.1257296570835427,21,3,-0.70710678118654768,0.70710678118654735,0.43388373911755823,-0.90096886790241903
Trafohaus Zanderstraße,2025-07-10T20:00:00Z,continuous_test,condition_b,10,,6.2899999999999991,true,false,true,true,-1.3554959947105443,22,3,-0.50000000000000044,0.86602540378443837,0.43388373911755823,-0.90096886790241903
Trafohaus Zanderstraße,2025-07-10T21:00:00Z,continuous_test,condition_b,0,0,0,false,true,true,false,-2.5852623323375461,23,3,-0.25881904510252157,0.96592582628906809,0.43388373911755823,-0.90096886790241903
Trafohaus Zanderstraße,2025-07-10T22:00:00Z,continuous_test,condition_b,4,4,2.9900000000000002,false,true,true,false,-1.2850698668866265,0,4,0,1,-0.43388373911755801,-0.90096886790241915
Trafohaus Zanderstraße,2025-07-10T23:00:00Z,continuous_test,condition_b,2,,1.4950000000000001,true,false,true,true,-1.9351660996120863,1,4,0.25881904510252074,0.96592582628906831,-0.43388373911755801,-0.90096886790241915
Trafohaus Zanderstraße,2025-07-11T00:00:00Z,continuous_test,condition_b,0,0,0,false,true,true,false,-2.5852623323375461,2,4,0.49999999999999994,0.86602540378443871,-0.43388373911755801,-0.90096886790241915
Trafohaus Zanderstraße,2025-07-11T01:00:00Z,continuous_test,condition_b,1,1,35.674999999999997,false,true,true,false,-2.0252999164841849,3,4,0.70710678118654757,0.70710678118654757,-0.43388373911755801,-0.90096886790241915
Trafohaus Zanderstraße,2025-07-11T02:00:00Z,continuous_test,condition_b,3,3,4.6500000000000004,false,true,true,false,-1.465337500630824,4,4,0.8660254037844386,0.50000000000000011,-0.43388373911755801,-0.90096886790241915
Trafohaus Zanderstraße,2025-07-11T03:00:00Z,continuous_test,condition_b,6,6,5.3150000000000004,false,true,true,false,-1.0132490880243459,5,4,0.96592582628906831,0.25881904510252074,-0.43388373911755801,-0.90096886790241915
Trafohaus Zanderstraße,2025-07-11T04:00:00Z,continuous_test,condition_b,27,27,8.2149999999999999,false,true,true,false,0.10667574368237619,6,4,1,6.123233995736766e-17,-0.43388373911755801,-0.90096886790241915
Trafohaus Zanderstraße,2025-07-11T05:00:00Z,continuous_test,condition_b,23.5,23.5,8.9250000000000007,false,true,true,false,-0.0011982595645066033,7,4,0.96592582628906831,-0.25881904510252063,-0.43388373911755801,-0.90096886790241915
Trafohaus Zanderstraße,2025-07-11T06:00:00Z,continuous_test,condition_b,35,35,4.3600000000000003,false,true,true,false,0.30970136125078235,8,4,0.86602540378443871,-0.49999999999999978,-0.43388373911755801,-0.90096886790241915
Trafohaus Zanderstraße,2025-07-11T07:00:00Z,continuous_test,condition_b,,,,true,false,false,false,0,9,4,0.70710678118654757,-0.70710678118654746,-0.43388373911755801,-0.90096886790241915
Trafohaus Zanderstraße,2025-07-11T08:00:00Z,continuous_test,condition_b,,,,true,false,false,false,0,10,4,0.49999999999999994,-0.86602540378443871,-0.43388373911755801,-0.90096886790241915
Trafohaus Zanderstraße,2025-07-11T09:00:00Z,continuous_test,condition_b,,,,true,false,false,false,0,11,4,0.25881904510252102,-0.9659258262890682,-0.43388373911755801,-0.90096886790241915
Trafohaus Zanderstraße,2025-07-11T10:00:00Z,continuous_test,condition_b,,,,true,false,false,false,0,12,4,1.2246467991473532e-16,-1,-0.43388373911755801,-0.90096886790241915
Trafohaus Zanderstraße,2025-07-11T11:00:00Z,continuous_test,condition_b,,,,true,false,false,false,0,13,4,-0.25881904510252079,-0.96592582628906831,-0.43388373911755801,-0.90096886790241915
Trafohaus Zanderstraße,2025-07-11T12:00:00Z,continuous_test,condition_b,,,,true,false,false,false,0,14,4,-0.49999999999999972,-0.86602540378443882,-0.43388373911755801,-0.90096886790241915
Trafohaus Zanderstraße,2025-07-11T13:00:00Z,continuous_test,condition_b,,,,true,false,false,false,0,15,4,-0.70710678118654713,-0.70710678118654791,-0.43388373911755801,-0.90096886790241915
Trafohaus Zanderstraße,2025-07-11T14:00:00Z,continuous_test,condition_b,,,,true,false,false,false,0,16,4,-0.86602540378443849,-0.50000000000000044,-0.43388373911755801,-0.90096886790241915
Trafohaus Zanderstraße,2025-07-11T15:00:00Z,continuous_test,condition_b,,,,true,false,false,false,0,17,4,-0.96592582628906831,-0.25881904510252063,-0.43388373911755801,-0.90096886790241915
Trafohaus Zanderstraße,2025-07-11T16:00:00Z,continuous_test,condition_b,,,,true,false,false,false,0,18,4,-1,-1.8369701987210297e-16,-0.43388373911755801,-0.90096886790241915
Trafohaus Zanderstraße,2025-07-11T17:00:00Z,continuous_test,condition_b,31,31,14.74,false,true,true,false,0.21454974692925932,19,4,-0.96592582628906842,0.2588190451025203,-0.43388373911755801,-0.90096886790241915
Trafohaus Zanderstraße,2025-07-11T18:00:00Z,continuous_test,condition_b,29.5,,12.914999999999999,true,false,true,true,0.17478709439653189,20,4,-0.8660254037844386,0.50000000000000011,-0.43388373911755801,-0.90096886790241915
Trafohaus Zanderstraße,2025-07-11T19:00:00Z,continuous_test,condition_b,28,28,11.09,false,true,true,false,0.13502444186380444,21,4,-0.70710678118654768,0.70710678118654735,-0.43388373911755801,-0.90096886790241915
Trafohaus Zanderstraße,2025-07-11T20:00:00Z,continuous_test,condition_b,13,13,7.9299999999999997,false,true,true,false,-0.45328667217098501,22,4,-0.50000000000000044,0.86602540378443837,-0.43388373911755801,-0.90096886790241915
Trafohaus Zanderstraße,2025-07-11T21:00:00Z,continuous_test,condition_b,12,,7.1833333333333336,true,false,true,true,-0.5182279966759572,23,4,-0.25881904510252157,0.96592582628906809,-0.43388373911755801,-0.90096886790241915
Trafohaus Zanderstraße,2025-07-11T22:00:00Z,continuous_test,condition_b,11,,6.4366666666666665,true,false,true,true,-0.58316932118092946,0,5,0,1,-0.97492791218182362,-0.22252093395631459
Trafohaus Zanderstraße,2025-07-11T23:00:00Z,continuous_test,condition_b,10,10,5.6900000000000004,false,true,true,false,-0.64811064568590171,1,5,0.25881904510252074,0.96592582628906831,-0.97492791218182362,-0.22252093395631459
Trafohaus Zanderstraße,2025-07-12T00:00:00Z,continuous_test,condition_b,,,,true,false,false,false,0,2,5,0.49999999999999994,0.86602540378443871,-0.97492791218182362,-0.22252093395631459
Trafohaus Zanderstraße,2025-07-12T01:00:00Z,continuous_test,condition_b,,,,true,false,false,false,0,3,5,0.70710678118654757,0.70710678118654757,-0.97492791218182362,-0.22252093395631459
Trafohaus Zanderstraße,2025-07-12T02:00:00Z,continuous_test,condition_b,,,,true,false,false,false,0,4,5,0.8660254037844386,0.50000000000000011,-0.97492791218182362,-0.22252093395631459
Trafohaus Zanderstraße,2025-07-12T03:00:00Z,continuous_test,condition_b,,,,true,false,false,false,0,5,5,0.96592582628906831,0.25881904510252074,-0.97492791218182362,-0.22252093395631459
Trafohaus Zanderstraße,2025-07-12T04:00:00Z,continuous_test,condition_b,,,,true,false,false,false,0,6,5,1,6.123233995736766e-17,-0.97492791218182362,-0.22252093395631459
Trafohaus Zanderstraße,2025-07-12T05:00:00Z,continuous_test,condition_b,,,,true,false,false,false,0,7,5,0.96592582628906831,-0.25881904510252063,-0.97492791218182362,-0.22252093395631459
Trafohaus Zanderstraße,2025-07-12T06:00:00Z,continuous_test,condition_b,25,25,7.5,false,true,true,false,0.046807247805831585,8,5,0.86602540378443871,-0.49999999999999978,-0.97492791218182362,-0.22252093395631459
Trafohaus Zanderstraße,2025-07-12T07:00:00Z,continuous_test,condition_b,55,55,9.0999999999999996,false,true,true,false,0.66663815953573768,9,5,0.70710678118654757,-0.70710678118654746,-0.97492791218182362,-0.22252093395631459
Trafohaus Zanderstraße,2025-07-12T08:00:00Z,continuous_test,condition_b,59.333333333333336,,10.16,true,false,true,true,0.72285269961692444,10,5,0.49999999999999994,-0.86602540378443871,-0.97492791218182362,-0.22252093395631459
Trafohaus Zanderstraße,2025-07-12T09:00:00Z,continuous_test,condition_b,63.666666666666657,,11.220000000000001,true,false,true,true,0.77906723969811109,11,5,0.25881904510252102,-0.9659258262890682,-0.97492791218182362,-0.22252093395631459
Trafohaus Zanderstraße,2025-07-12T10:00:00Z,continuous_test,condition_b,68,68,12.279999999999999,false,true,true,false,0.83528177977929785,12,5,1.2246467991473532e-16,-1,-0.97492791218182362,-0.22252093395631459
Trafohaus Zanderstraße,2025-07-12T11:00:00Z,continuous_test,condition_b,79,79,9.9900000000000002,false,true,true,false,0.95477979652681755,13,5,-0.25881904510252079,-0.96592582628906831,-0.97492791218182362,-0.22252093395631459
Trafohaus Zanderstraße,2025-07-12T12:00:00Z,continuous_test,condition_b,86.5,86.5,12.734999999999999,false,true,true,false,1.0271734270241326,14,5,-0.49999999999999972,-0.86602540378443882,-0.97492791218182362,-0.22252093395631459
Trafohaus Zanderstraße,2025-07-12T13:00:00Z,continuous_test,condition_b,73,73,10.44,false,true,true,false,0.89179817540882489,15,5,-0.70710678118654713,-0.70710678118654791,-0.97492791218182362,-0.22252093395631459
Trafohaus Zanderstraße,2025-07-12T14:00:00Z,continuous_test,condition_b,75,75,14.52,false,true,true,false,0.91334225216700715,16,5,-0.86602540378443849,-0.50000000000000044,-0.97492791218182362,-0.22252093395631459
Trafohaus Zanderstraße,2025-07-12T15:00:00Z,continuous_test,condition_b,57.5,57.5,13,false,true,true,false,0.7019212779807158,17,5,-0.96592582628906831,-0.25881904510252063,-0.97492791218182362,-0.22252093395631459
Trafohaus Zanderstraße,2025-07-12T16:00:00Z,continuous_test,condition_b,66.5,66.5,7.9749999999999996,false,true,true,false,0.81752601008242209,18,5,-1,-1.8369701987210297e-16,-0.97492791218182362,-0.22252093395631459
Trafohaus Zanderstraße,2025-07-12T17:00:00Z,continuous_test,condition_b,29.5,29.5,13.585000000000001,false,true,true,false,0.17576525914253729,19,5,-0.96592582628906842,0.2588190451025203,-0.97492791218182362,-0.22252093395631459
Trafohaus Zanderstraße,2025-07-12T18:00:00Z,continuous_test,condition_b,18,18,6.9000000000000004,false,true,true,false,-0.20658257953971512,20,5,-0.8660254037844386,0.50000000000000011,-0.97492791218182362,-0.22252093395631459
Trafohaus Zanderstraße,2025-07-12T19:00:00Z,continuous_test,condition_b,16,16,2.77,false,true,true,false,-0.29643676504016264,21,5,-0.70710678118654768,0.70710678118654735,-0.97492791218182362,-0.22252093395631459
Trafohaus Zanderstraße,2025-07-12T20:00:00Z,continuous_test,condition_b,2,2,18.57,false,true,true,false,-1.6977429013967427,22,5,-0.50000000000000044,0.86602540378443837,-0.97492791218182362,-0.22252093395631459
Trafohaus Zanderstraße,2025-07-12T21:00:00Z,continuous_test,condition_b,4.5,4.5,2.1200000000000001,false,true,true,false,-1.208073061539263,23,5,-0.25881904510252157,0.96592582628906809,-0.97492791218182362,-0.22252093395631459
Trafohaus Zanderstraße,2025-07-12T22:00:00Z,continuous_test,condition_b,14,14,11.535,false,true,true,false,-0.39755043594582329,0,6,0,1,-0.78183148246802991,0.62348980185873337
Trafohaus Zanderstraße,2025-07-12T23:00:00Z,continuous_test,condition_b,7,,5.7675000000000001,true,false,true,true,-1.4914063841416847,1,6,0.25881904510252074,0.96592582628906831,-0.78183148246802991,0.62348980185873337
Trafohaus Zanderstraße,2025-07-13T00:00:00Z,continuous_test,condition_b,0,0,0,false,true,true,false,-2.5852623323375461,2,6,0.49999999999999994,0.86602540378443871,-0.78183148246802991,0.62348980185873337
Trafohaus Zanderstraße,2025-07-13T01:00:00Z,continuous_test,condition_b,3,3,17.82,false,true,true,false,-1.465337500630824,3,6,0.70710678118654757,0.70710678118654757,-0.78183148246802991,0.62348980185873337
Trafohaus Zanderstraße,2025-07-13T02:00:00Z,continuous_test,condition_b,2,2,6.7199999999999998,false,true,true,false,-1.6977429013967427,4,6,0.8660254037844386,0.50000000000000011,-0.78183148246802991,0.62348980185873337
Trafohaus Zanderstraße,2025-07-13T03:00:00Z,continuous_test,condition_b,2,2,4.3499999999999996,false,true,true,false,-1.6977429013967427,5,6,0.96592582628906831,0.25881904510252074,-0.78183148246802991,0.62348980185873337
Trafohaus Zanderstraße,2025-07-13T04:00:00Z,continuous_test,condition_b,1,1,4.3200000000000003,false,true,true,false,-2.0252999164841849,6,6,1,6.123233995736766e-17,-0.78183148246802991,0.62348980185873337
Trafohaus Zanderstraße,2025-07-13T05:00:00Z,continuous_test,condition_b,,,,true,false,false,false,0,7,6,0.96592582628906831,-0.25881904510252063,-0.78183148246802991,0.62348980185873337
Trafohaus Zanderstraße,2025-07-13T06:00:00Z,continuous_test,condition_b,,,,true,false,false,false,0,8,6,0.86602540378443871,-0.49999999999999978,-0.78183148246802991,0.62348980185873337
Trafohaus Zanderstraße,2025-07-13T07:00:00Z,continuous_test,condition_b,,,,true,false,false,false,0,9,6,0.70710678118654757,-0.70710678118654746,-0.78183148246802991,0.62348980185873337
Trafohaus Zanderstraße,2025-07-13T08:00:00Z,continuous_test,condition_b,,,,true,false,false,false,0,10,6,0.49999999999999994,-0.86602540378443871,-0.78183148246802991,0.62348980185873337
Trafohaus Zanderstraße,2025-07-13T09:00:00Z,continuous_test,condition_b,,,,true,false,false,false,0,11,6,0.25881904510252102,-0.9659258262890682,-0.78183148246802991,0.62348980185873337
Trafohaus Zanderstraße,2025-07-13T10:00:00Z,continuous_test,condition_b,,,,true,false,false,false,0,12,6,1.2246467991473532e-16,-1,-0.78183148246802991,0.62348980185873337
Trafohaus Zanderstraße,2025-07-13T11:00:00Z,continuous_test,condition_b,,,,true,false,false,false,0,13,6,-0.25881904510252079,-0.96592582628906831,-0.78183148246802991,0.62348980185873337
Trafohaus Zanderstraße,2025-07-13T12:00:00Z,continuous_test,condition_b,,,,true,false,false,false,0,14,6,-0.49999999999999972,-0.86602540378443882,-0.78183148246802991,0.62348980185873337
Trafohaus Zanderstraße,2025-07-13T13:00:00Z,continuous_test,condition_b,,,,true,false,false,false,0,15,6,-0.70710678118654713,-0.70710678118654791,-0.78183148246802991,0.62348980185873337
Trafohaus Zanderstraße,2025-07-13T14:00:00Z,continuous_test,condition_b,,,,true,false,false,false,0,16,6,-0.86602540378443849,-0.50000000000000044,-0.78183148246802991,0.62348980185873337
Trafohaus Zanderstraße,2025-07-13T15:00:00Z,continuous_test,condition_b,,,,true,false,false,false,0,17,6,-0.96592582628906831,-0.25881904510252063,-0.78183148246802991,0.62348980185873337
Trafohaus Zanderstraße,2025-07-13T16:00:00Z,continuous_test,condition_b,,,,true,false,false,false,0,18,6,-1,-1.8369701987210297e-16,-0.78183148246802991,0.62348980185873337
Trafohaus Zanderstraße,2025-07-13T17:00:00Z,continuous_test,condition_b,,,,true,false,false,false,0,19,6,-0.96592582628906842,0.2588190451025203,-0.78183148246802991,0.62348980185873337
Trafohaus Zanderstraße,2025-07-13T18:00:00Z,continuous_test,condition_b,,,,true,false,false,false,0,20,6,-0.8660254037844386,0.50000000000000011,-0.78183148246802991,0.62348980185873337
Trafohaus Zanderstraße,2025-07-13T19:00:00Z,continuous_test,condition_b,,,,true,false,false,false,0,21,6,-0.70710678118654768,0.70710678118654735,-0.78183148246802991,0.62348980185873337
Trafohaus Zanderstraße,2025-07-13T20:00:00Z,continuous_test,condition_b,,,,true,false,false,false,0,22,6,-0.50000000000000044,0.86602540378443837,-0.78183148246802991,0.62348980185873337
Trafohaus Zanderstraße,2025-07-13T21:00:00Z,continuous_test,condition_b,1,1,2.3300000000000001,false,true,true,false,-2.0252999164841849,23,6,-0.25881904510252157,0.96592582628906809,-0.78183148246802991,0.62348980185873337
Trafohaus Zanderstraße,2025-07-13T22:00:00Z,continuous_test,condition_b,1,,6.125,true,false,true,true,-2.0252999164841849,0,0,0,1,0,1
Trafohaus Zanderstraße,2025-07-13T23:00:00Z,continuous_test,condition_b,1,1,9.9199999999999999,false,true,true,false,-2.0252999164841849,1,0,0.25881904510252074,0.96592582628906831,0,1
